{
  "fio version" : "fio-3.23",
  "timestamp" : 1756950038,
  "timestamp_ms" : 1756950038106,
  "time" : "Thu Sep  4 01:40:38 2025",
  "jobs" : [
    {
      "jobname" : "RandW-2M-16-64",
      "groupid" : 0,
      "error" : 0,
      "eta" : 0,
      "elapsed" : 61,
      "job options" : {
        "name" : "RandW-2M-16-64",
        "numjobs" : "16",
        "runtime" : "60",
        "directory" : "/tmp/e2sar/rgeorge-fio_test-p1r2_RandW-2M-16-64",
        "direct" : "1",
        "buffered" : "0",
        "rw" : "randwrite",
        "unified_rw_reporting" : "0",
        "randrepeat" : "0",
        "bs" : "2M",
        "size" : "128M",
        "ioengine" : "pvsync",
        "iodepth" : "64",
        "lat_percentiles" : "1"
      },
      "read" : {
        "io_bytes" : 0,
        "io_kbytes" : 0,
        "bw_bytes" : 0,
        "bw" : 0,
        "iops" : 0.000000,
        "runtime" : 0,
        "total_ios" : 0,
        "short_ios" : 0,
        "drop_ios" : 0,
        "slat_ns" : {
          "min" : 0,
          "max" : 0,
          "mean" : 0.000000,
          "stddev" : 0.000000,
          "N" : 0
        },
        "clat_ns" : {
          "min" : 0,
          "max" : 0,
          "mean" : 0.000000,
          "stddev" : 0.000000,
          "N" : 0
        },
        "lat_ns" : {
          "min" : 0,
          "max" : 0,
          "mean" : 0.000000,
          "stddev" : 0.000000,
          "N" : 0
        },
        "bw_min" : 0,
        "bw_max" : 0,
        "bw_agg" : 0.000000,
        "bw_mean" : 0.000000,
        "bw_dev" : 0.000000,
        "bw_samples" : 0,
        "iops_min" : 0,
        "iops_max" : 0,
        "iops_mean" : 0.000000,
        "iops_stddev" : 0.000000,
        "iops_samples" : 0
      },
      "write" : {
        "io_bytes" : 605374382080,
        "io_kbytes" : 591185920,
        "bw_bytes" : 10088900441,
        "bw" : 9852441,
        "iops" : 4810.762616,
        "runtime" : 60004,
        "total_ios" : 288665,
        "short_ios" : 0,
        "drop_ios" : 0,
        "slat_ns" : {
          "min" : 0,
          "max" : 0,
          "mean" : 0.000000,
          "stddev" : 0.000000,
          "N" : 0
        },
        "clat_ns" : {
          "min" : 1563988,
          "max" : 515332216,
          "mean" : 2829949.930043,
          "stddev" : 6818148.413791,
          "N" : 288665,
          "percentile" : {
            "1.000000" : 1859584,
            "5.000000" : 1974272,
            "10.000000" : 2039808,
            "20.000000" : 2113536,
            "30.000000" : 2179072,
            "40.000000" : 2244608,
            "50.000000" : 2277376,
            "60.000000" : 2342912,
            "70.000000" : 2441216,
            "80.000000" : 2506752,
            "90.000000" : 2670592,
            "95.000000" : 2867200,
            "99.000000" : 9240576,
            "99.500000" : 35389440,
            "99.900000" : 109576192,
            "99.950000" : 139460608,
            "99.990000" : 240123904
          }
        },
        "lat_ns" : {
          "min" : 1564085,
          "max" : 515332717,
          "mean" : 2830109.452074,
          "stddev" : 6818162.437636,
          "N" : 288665,
          "percentile" : {
            "1.000000" : 1859584,
            "5.000000" : 1974272,
            "10.000000" : 2039808,
            "20.000000" : 2113536,
            "30.000000" : 2179072,
            "40.000000" : 2244608,
            "50.000000" : 2277376,
            "60.000000" : 2342912,
            "70.000000" : 2441216,
            "80.000000" : 2506752,
            "90.000000" : 2670592,
            "95.000000" : 2867200,
            "99.000000" : 9240576,
            "99.500000" : 35389440,
            "99.900000" : 109576192,
            "99.950000" : 139460608,
            "99.990000" : 242221056
          }
        },
        "bw_min" : 413696,
        "bw_max" : 12443648,
        "bw_agg" : 99.968497,
        "bw_mean" : 9849338.613445,
        "bw_dev" : 212399.410439,
        "bw_samples" : 1904,
        "iops_min" : 202,
        "iops_max" : 6076,
        "iops_mean" : 4807.453782,
        "iops_stddev" : 103.756053,
        "iops_samples" : 1904
      },
      "trim" : {
        "io_bytes" : 0,
        "io_kbytes" : 0,
        "bw_bytes" : 0,
        "bw" : 0,
        "iops" : 0.000000,
        "runtime" : 0,
        "total_ios" : 0,
        "short_ios" : 0,
        "drop_ios" : 0,
        "slat_ns" : {
          "min" : 0,
          "max" : 0,
          "mean" : 0.000000,
          "stddev" : 0.000000,
          "N" : 0
        },
        "clat_ns" : {
          "min" : 0,
          "max" : 0,
          "mean" : 0.000000,
          "stddev" : 0.000000,
          "N" : 0
        },
        "lat_ns" : {
          "min" : 0,
          "max" : 0,
          "mean" : 0.000000,
          "stddev" : 0.000000,
          "N" : 0
        },
        "bw_min" : 0,
        "bw_max" : 0,
        "bw_agg" : 0.000000,
        "bw_mean" : 0.000000,
        "bw_dev" : 0.000000,
        "bw_samples" : 0,
        "iops_min" : 0,
        "iops_max" : 0,
        "iops_mean" : 0.000000,
        "iops_stddev" : 0.000000,
        "iops_samples" : 0
      },
      "sync" : {
        "total_ios" : 0,
        "lat_ns" : {
          "min" : 0,
          "max" : 0,
          "mean" : 0.000000,
          "stddev" : 0.000000,
          "N" : 0
        }
      },
      "job_runtime" : 960014,
      "usr_cpu" : 14.934678,
      "sys_cpu" : 1.016444,
      "ctx" : 577532,
      "majf" : 0,
      "minf" : 175,
      "iodepth_level" : {
        "1" : 100.000000,
        "2" : 0.000000,
        "4" : 0.000000,
        "8" : 0.000000,
        "16" : 0.000000,
        "32" : 0.000000,
        ">=64" : 0.000000
      },
      "iodepth_submit" : {
        "0" : 0.000000,
        "4" : 100.000000,
        "8" : 0.000000,
        "16" : 0.000000,
        "32" : 0.000000,
        "64" : 0.000000,
        ">=64" : 0.000000
      },
      "iodepth_complete" : {
        "0" : 0.000000,
        "4" : 100.000000,
        "8" : 0.000000,
        "16" : 0.000000,
        "32" : 0.000000,
        "64" : 0.000000,
        ">=64" : 0.000000
      },
      "latency_ns" : {
        "2" : 0.000000,
        "4" : 0.000000,
        "10" : 0.000000,
        "20" : 0.000000,
        "50" : 0.000000,
        "100" : 0.000000,
        "250" : 0.000000,
        "500" : 0.000000,
        "750" : 0.000000,
        "1000" : 0.000000
      },
      "latency_us" : {
        "2" : 0.000000,
        "4" : 0.000000,
        "10" : 0.000000,
        "20" : 0.000000,
        "50" : 0.000000,
        "100" : 0.000000,
        "250" : 0.000000,
        "500" : 0.000000,
        "750" : 0.000000,
        "1000" : 0.000000
      },
      "latency_ms" : {
        "2" : 6.965167,
        "4" : 91.684825,
        "10" : 0.389725,
        "20" : 0.258777,
        "50" : 0.325637,
        "100" : 0.253928,
        "250" : 0.113973,
        "500" : 0.010000,
        "750" : 0.010000,
        "1000" : 0.000000,
        "2000" : 0.000000,
        ">=2000" : 0.000000
      },
      "latency_depth" : 64,
      "latency_target" : 0,
      "latency_percentile" : 100.000000,
      "latency_window" : 0
    }
  ]
}
