{
  "fio version" : "fio-3.23",
  "timestamp" : 1757457178,
  "timestamp_ms" : 1757457178353,
  "time" : "Tue Sep  9 22:32:58 2025",
  "jobs" : [
    {
      "jobname" : "SeqR-2M-128-32",
      "groupid" : 0,
      "error" : 0,
      "eta" : 0,
      "elapsed" : 62,
      "job options" : {
        "name" : "SeqR-2M-128-32",
        "rw" : "read",
        "unified_rw_reporting" : "0",
        "bs" : "2M",
        "numjobs" : "128",
        "iodepth" : "32",
        "runtime" : "60",
        "directory" : "/tmp/e2sar/rgeorge-fio_test-m_SeqR-2M-128-32",
        "direct" : "1",
        "buffered" : "0",
        "randrepeat" : "0",
        "size" : "128M",
        "ioengine" : "pvsync",
        "lat_percentiles" : "1"
      },
      "read" : {
        "io_bytes" : 116922515456,
        "io_kbytes" : 114182144,
        "bw_bytes" : 1945628013,
        "bw" : 1900027,
        "iops" : 927.747733,
        "runtime" : 60095,
        "total_ios" : 55753,
        "short_ios" : 0,
        "drop_ios" : 0,
        "slat_ns" : {
          "min" : 0,
          "max" : 0,
          "mean" : 0.000000,
          "stddev" : 0.000000,
          "N" : 0
        },
        "clat_ns" : {
          "min" : 10165882,
          "max" : 261982971,
          "mean" : 137710066.674242,
          "stddev" : 8426170.487954,
          "N" : 55753,
          "percentile" : {
            "1.000000" : 132644864,
            "5.000000" : 135266304,
            "10.000000" : 135266304,
            "20.000000" : 135266304,
            "30.000000" : 135266304,
            "40.000000" : 137363456,
            "50.000000" : 137363456,
            "60.000000" : 137363456,
            "70.000000" : 137363456,
            "80.000000" : 139460608,
            "90.000000" : 139460608,
            "95.000000" : 139460608,
            "99.000000" : 177209344,
            "99.500000" : 210763776,
            "99.900000" : 235929600,
            "99.950000" : 242221056,
            "99.990000" : 254803968
          }
        },
        "lat_ns" : {
          "min" : 10167431,
          "max" : 261983041,
          "mean" : 137710200.238875,
          "stddev" : 8426169.451408,
          "N" : 55753,
          "percentile" : {
            "1.000000" : 132644864,
            "5.000000" : 135266304,
            "10.000000" : 135266304,
            "20.000000" : 135266304,
            "30.000000" : 135266304,
            "40.000000" : 137363456,
            "50.000000" : 137363456,
            "60.000000" : 137363456,
            "70.000000" : 137363456,
            "80.000000" : 139460608,
            "90.000000" : 139460608,
            "95.000000" : 139460608,
            "99.000000" : 177209344,
            "99.500000" : 210763776,
            "99.900000" : 235929600,
            "99.950000" : 242221056,
            "99.990000" : 254803968
          }
        },
        "bw_min" : 1404719,
        "bw_max" : 2097152,
        "bw_agg" : 100.000000,
        "bw_mean" : 1901609.268908,
        "bw_dev" : 2003.991469,
        "bw_samples" : 15232,
        "iops_min" : 677,
        "iops_max" : 1024,
        "iops_mean" : 928.445378,
        "iops_stddev" : 0.979823,
        "iops_samples" : 15232
      },
      "write" : {
        "io_bytes" : 0,
        "io_kbytes" : 0,
        "bw_bytes" : 0,
        "bw" : 0,
        "iops" : 0.000000,
        "runtime" : 0,
        "total_ios" : 0,
        "short_ios" : 0,
        "drop_ios" : 0,
        "slat_ns" : {
          "min" : 0,
          "max" : 0,
          "mean" : 0.000000,
          "stddev" : 0.000000,
          "N" : 0
        },
        "clat_ns" : {
          "min" : 0,
          "max" : 0,
          "mean" : 0.000000,
          "stddev" : 0.000000,
          "N" : 0
        },
        "lat_ns" : {
          "min" : 0,
          "max" : 0,
          "mean" : 0.000000,
          "stddev" : 0.000000,
          "N" : 0
        },
        "bw_min" : 0,
        "bw_max" : 0,
        "bw_agg" : 0.000000,
        "bw_mean" : 0.000000,
        "bw_dev" : 0.000000,
        "bw_samples" : 0,
        "iops_min" : 0,
        "iops_max" : 0,
        "iops_mean" : 0.000000,
        "iops_stddev" : 0.000000,
        "iops_samples" : 0
      },
      "trim" : {
        "io_bytes" : 0,
        "io_kbytes" : 0,
        "bw_bytes" : 0,
        "bw" : 0,
        "iops" : 0.000000,
        "runtime" : 0,
        "total_ios" : 0,
        "short_ios" : 0,
        "drop_ios" : 0,
        "slat_ns" : {
          "min" : 0,
          "max" : 0,
          "mean" : 0.000000,
          "stddev" : 0.000000,
          "N" : 0
        },
        "clat_ns" : {
          "min" : 0,
          "max" : 0,
          "mean" : 0.000000,
          "stddev" : 0.000000,
          "N" : 0
        },
        "lat_ns" : {
          "min" : 0,
          "max" : 0,
          "mean" : 0.000000,
          "stddev" : 0.000000,
          "N" : 0
        },
        "bw_min" : 0,
        "bw_max" : 0,
        "bw_agg" : 0.000000,
        "bw_mean" : 0.000000,
        "bw_dev" : 0.000000,
        "bw_samples" : 0,
        "iops_min" : 0,
        "iops_max" : 0,
        "iops_mean" : 0.000000,
        "iops_stddev" : 0.000000,
        "iops_samples" : 0
      },
      "sync" : {
        "total_ios" : 0,
        "lat_ns" : {
          "min" : 0,
          "max" : 0,
          "mean" : 0.000000,
          "stddev" : 0.000000,
          "N" : 0
        }
      },
      "job_runtime" : 7686627,
      "usr_cpu" : 0.004788,
      "sys_cpu" : 0.022728,
      "ctx" : 112155,
      "majf" : 0,
      "minf" : 1579,
      "iodepth_level" : {
        "1" : 100.000000,
        "2" : 0.000000,
        "4" : 0.000000,
        "8" : 0.000000,
        "16" : 0.000000,
        "32" : 0.000000,
        ">=64" : 0.000000
      },
      "iodepth_submit" : {
        "0" : 0.000000,
        "4" : 100.000000,
        "8" : 0.000000,
        "16" : 0.000000,
        "32" : 0.000000,
        "64" : 0.000000,
        ">=64" : 0.000000
      },
      "iodepth_complete" : {
        "0" : 0.000000,
        "4" : 100.000000,
        "8" : 0.000000,
        "16" : 0.000000,
        "32" : 0.000000,
        "64" : 0.000000,
        ">=64" : 0.000000
      },
      "latency_ns" : {
        "2" : 0.000000,
        "4" : 0.000000,
        "10" : 0.000000,
        "20" : 0.000000,
        "50" : 0.000000,
        "100" : 0.000000,
        "250" : 0.000000,
        "500" : 0.000000,
        "750" : 0.000000,
        "1000" : 0.000000
      },
      "latency_us" : {
        "2" : 0.000000,
        "4" : 0.000000,
        "10" : 0.000000,
        "20" : 0.000000,
        "50" : 0.000000,
        "100" : 0.000000,
        "250" : 0.000000,
        "500" : 0.000000,
        "750" : 0.000000,
        "1000" : 0.000000
      },
      "latency_ms" : {
        "2" : 0.000000,
        "4" : 0.000000,
        "10" : 0.000000,
        "20" : 0.010000,
        "50" : 0.010000,
        "100" : 0.041253,
        "250" : 99.930049,
        "500" : 0.017936,
        "750" : 0.000000,
        "1000" : 0.000000,
        "2000" : 0.000000,
        ">=2000" : 0.000000
      },
      "latency_depth" : 32,
      "latency_target" : 0,
      "latency_percentile" : 100.000000,
      "latency_window" : 0
    }
  ]
}
