{
  "fio version" : "fio-3.23",
  "timestamp" : 1756957804,
  "timestamp_ms" : 1756957804814,
  "time" : "Thu Sep  4 03:50:04 2025",
  "jobs" : [
    {
      "jobname" : "SeqW-1M-16-1",
      "groupid" : 0,
      "error" : 0,
      "eta" : 0,
      "elapsed" : 61,
      "job options" : {
        "name" : "SeqW-1M-16-1",
        "numjobs" : "16",
        "runtime" : "60",
        "directory" : "/tmp/e2sar/rgeorge-fio_test-p1s_SeqW-1M-16-1",
        "direct" : "1",
        "buffered" : "0",
        "rw" : "write",
        "unified_rw_reporting" : "0",
        "randrepeat" : "0",
        "bs" : "1M",
        "size" : "128M",
        "ioengine" : "pvsync",
        "iodepth" : "1",
        "lat_percentiles" : "1"
      },
      "read" : {
        "io_bytes" : 0,
        "io_kbytes" : 0,
        "bw_bytes" : 0,
        "bw" : 0,
        "iops" : 0.000000,
        "runtime" : 0,
        "total_ios" : 0,
        "short_ios" : 0,
        "drop_ios" : 0,
        "slat_ns" : {
          "min" : 0,
          "max" : 0,
          "mean" : 0.000000,
          "stddev" : 0.000000,
          "N" : 0
        },
        "clat_ns" : {
          "min" : 0,
          "max" : 0,
          "mean" : 0.000000,
          "stddev" : 0.000000,
          "N" : 0
        },
        "lat_ns" : {
          "min" : 0,
          "max" : 0,
          "mean" : 0.000000,
          "stddev" : 0.000000,
          "N" : 0
        },
        "bw_min" : 0,
        "bw_max" : 0,
        "bw_agg" : 0.000000,
        "bw_mean" : 0.000000,
        "bw_dev" : 0.000000,
        "bw_samples" : 0,
        "iops_min" : 0,
        "iops_max" : 0,
        "iops_mean" : 0.000000,
        "iops_stddev" : 0.000000,
        "iops_samples" : 0
      },
      "write" : {
        "io_bytes" : 639897698304,
        "io_kbytes" : 624900096,
        "bw_bytes" : 10664606151,
        "bw" : 10414654,
        "iops" : 10170.560981,
        "runtime" : 60002,
        "total_ios" : 610254,
        "short_ios" : 0,
        "drop_ios" : 0,
        "slat_ns" : {
          "min" : 0,
          "max" : 0,
          "mean" : 0.000000,
          "stddev" : 0.000000,
          "N" : 0
        },
        "clat_ns" : {
          "min" : 698296,
          "max" : 911563493,
          "mean" : 1358867.806123,
          "stddev" : 5388023.388348,
          "N" : 610254,
          "percentile" : {
            "1.000000" : 856064,
            "5.000000" : 921600,
            "10.000000" : 962560,
            "20.000000" : 1019904,
            "30.000000" : 1056768,
            "40.000000" : 1089536,
            "50.000000" : 1138688,
            "60.000000" : 1171456,
            "70.000000" : 1220608,
            "80.000000" : 1269760,
            "90.000000" : 1368064,
            "95.000000" : 1466368,
            "99.000000" : 2146304,
            "99.500000" : 5668864,
            "99.900000" : 64749568,
            "99.950000" : 89653248,
            "99.990000" : 204472320
          }
        },
        "lat_ns" : {
          "min" : 698331,
          "max" : 911563550,
          "mean" : 1358949.603557,
          "stddev" : 5388030.058521,
          "N" : 610254,
          "percentile" : {
            "1.000000" : 856064,
            "5.000000" : 921600,
            "10.000000" : 962560,
            "20.000000" : 1019904,
            "30.000000" : 1056768,
            "40.000000" : 1089536,
            "50.000000" : 1138688,
            "60.000000" : 1171456,
            "70.000000" : 1220608,
            "80.000000" : 1269760,
            "90.000000" : 1368064,
            "95.000000" : 1466368,
            "99.000000" : 2146304,
            "99.500000" : 5668864,
            "99.900000" : 64749568,
            "99.950000" : 89653248,
            "99.990000" : 204472320
          }
        },
        "bw_min" : 352256,
        "bw_max" : 12648448,
        "bw_agg" : 100.000000,
        "bw_mean" : 10430846.851446,
        "bw_dev" : 212860.898740,
        "bw_samples" : 1902,
        "iops_min" : 344,
        "iops_max" : 12352,
        "iops_mean" : 10186.357072,
        "iops_stddev" : 207.871494,
        "iops_samples" : 1902
      },
      "trim" : {
        "io_bytes" : 0,
        "io_kbytes" : 0,
        "bw_bytes" : 0,
        "bw" : 0,
        "iops" : 0.000000,
        "runtime" : 0,
        "total_ios" : 0,
        "short_ios" : 0,
        "drop_ios" : 0,
        "slat_ns" : {
          "min" : 0,
          "max" : 0,
          "mean" : 0.000000,
          "stddev" : 0.000000,
          "N" : 0
        },
        "clat_ns" : {
          "min" : 0,
          "max" : 0,
          "mean" : 0.000000,
          "stddev" : 0.000000,
          "N" : 0
        },
        "lat_ns" : {
          "min" : 0,
          "max" : 0,
          "mean" : 0.000000,
          "stddev" : 0.000000,
          "N" : 0
        },
        "bw_min" : 0,
        "bw_max" : 0,
        "bw_agg" : 0.000000,
        "bw_mean" : 0.000000,
        "bw_dev" : 0.000000,
        "bw_samples" : 0,
        "iops_min" : 0,
        "iops_max" : 0,
        "iops_mean" : 0.000000,
        "iops_stddev" : 0.000000,
        "iops_samples" : 0
      },
      "sync" : {
        "total_ios" : 0,
        "lat_ns" : {
          "min" : 0,
          "max" : 0,
          "mean" : 0.000000,
          "stddev" : 0.000000,
          "N" : 0
        }
      },
      "job_runtime" : 960003,
      "usr_cpu" : 13.617041,
      "sys_cpu" : 1.003226,
      "ctx" : 610430,
      "majf" : 0,
      "minf" : 216,
      "iodepth_level" : {
        "1" : 100.000000,
        "2" : 0.000000,
        "4" : 0.000000,
        "8" : 0.000000,
        "16" : 0.000000,
        "32" : 0.000000,
        ">=64" : 0.000000
      },
      "iodepth_submit" : {
        "0" : 0.000000,
        "4" : 100.000000,
        "8" : 0.000000,
        "16" : 0.000000,
        "32" : 0.000000,
        "64" : 0.000000,
        ">=64" : 0.000000
      },
      "iodepth_complete" : {
        "0" : 0.000000,
        "4" : 100.000000,
        "8" : 0.000000,
        "16" : 0.000000,
        "32" : 0.000000,
        "64" : 0.000000,
        ">=64" : 0.000000
      },
      "latency_ns" : {
        "2" : 0.000000,
        "4" : 0.000000,
        "10" : 0.000000,
        "20" : 0.000000,
        "50" : 0.000000,
        "100" : 0.000000,
        "250" : 0.000000,
        "500" : 0.000000,
        "750" : 0.000000,
        "1000" : 0.000000
      },
      "latency_us" : {
        "2" : 0.000000,
        "4" : 0.000000,
        "10" : 0.000000,
        "20" : 0.000000,
        "50" : 0.000000,
        "100" : 0.000000,
        "250" : 0.000000,
        "500" : 0.000000,
        "750" : 0.010324,
        "1000" : 16.652574
      },
      "latency_ms" : {
        "2" : 82.280985,
        "4" : 0.491926,
        "10" : 0.195165,
        "20" : 0.117164,
        "50" : 0.122408,
        "100" : 0.096845,
        "250" : 0.026382,
        "500" : 0.010000,
        "750" : 0.010000,
        "1000" : 0.010000,
        "2000" : 0.000000,
        ">=2000" : 0.000000
      },
      "latency_depth" : 1,
      "latency_target" : 0,
      "latency_percentile" : 100.000000,
      "latency_window" : 0
    }
  ]
}
