{
  "fio version" : "fio-3.23",
  "timestamp" : 1757284760,
  "timestamp_ms" : 1757284760916,
  "time" : "Sun Sep  7 22:39:20 2025",
  "jobs" : [
    {
      "jobname" : "RandRH-2M-128-8",
      "groupid" : 0,
      "error" : 0,
      "eta" : 0,
      "elapsed" : 62,
      "job options" : {
        "name" : "RandRH-2M-128-8",
        "numjobs" : "128",
        "runtime" : "60",
        "directory" : "/tmp/e2sar/rgeorge-fio_test-p4r_RandRH-2M-128-8",
        "direct" : "1",
        "buffered" : "0",
        "rw" : "randrw",
        "rwmixread" : "80",
        "unified_rw_reporting" : "1",
        "randrepeat" : "0",
        "bs" : "2M",
        "size" : "128M",
        "ioengine" : "pvsync",
        "iodepth" : "8",
        "lat_percentiles" : "1"
      },
      "mixed" : {
        "io_bytes" : 116968652800,
        "io_kbytes" : 114227200,
        "bw_bytes" : 1946233823,
        "bw" : 1900618,
        "iops" : 928.036606,
        "runtime" : 60100,
        "total_ios" : 55775,
        "short_ios" : 0,
        "drop_ios" : 0,
        "slat_ns" : {
          "min" : 0,
          "max" : 0,
          "mean" : 0.000000,
          "stddev" : 0.000000,
          "N" : 0
        },
        "clat_ns" : {
          "min" : 3168919,
          "max" : 1321780683,
          "mean" : 137024483.067324,
          "stddev" : 84884816.927700,
          "N" : 55775,
          "percentile" : {
            "1.000000" : 84410368,
            "5.000000" : 99090432,
            "10.000000" : 104333312,
            "20.000000" : 109576192,
            "30.000000" : 111673344,
            "40.000000" : 113770496,
            "50.000000" : 115867648,
            "60.000000" : 117964800,
            "70.000000" : 120061952,
            "80.000000" : 124256256,
            "90.000000" : 179306496,
            "95.000000" : 250609664,
            "99.000000" : 583008256,
            "99.500000" : 641728512,
            "99.900000" : 910163968,
            "99.950000" : 1019215872,
            "99.990000" : 1149239296
          }
        },
        "lat_ns" : {
          "min" : 3169159,
          "max" : 1321780807,
          "mean" : 137024739.447459,
          "stddev" : 84884821.431887,
          "N" : 55775,
          "percentile" : {
            "1.000000" : 84410368,
            "5.000000" : 99090432,
            "10.000000" : 104333312,
            "20.000000" : 109576192,
            "30.000000" : 111673344,
            "40.000000" : 113770496,
            "50.000000" : 115867648,
            "60.000000" : 117964800,
            "70.000000" : 120061952,
            "80.000000" : 124256256,
            "90.000000" : 179306496,
            "95.000000" : 250609664,
            "99.000000" : 583008256,
            "99.500000" : 641728512,
            "99.900000" : 910163968,
            "99.950000" : 1019215872,
            "99.990000" : 1149239296
          }
        },
        "bw_min" : 1047571,
        "bw_max" : 4853661,
        "bw_agg" : 100.000000,
        "bw_mean" : 2293418.851641,
        "bw_dev" : 3982.004526,
        "bw_samples" : 22880,
        "iops_min" : 491,
        "iops_max" : 2369,
        "iops_mean" : 1119.112406,
        "iops_stddev" : 1.945256,
        "iops_samples" : 22880
      },
      "job_runtime" : 7686103,
      "usr_cpu" : 0.064571,
      "sys_cpu" : 0.033983,
      "ctx" : 112456,
      "majf" : 0,
      "minf" : 1907,
      "iodepth_level" : {
        "1" : 100.000000,
        "2" : 0.000000,
        "4" : 0.000000,
        "8" : 0.000000,
        "16" : 0.000000,
        "32" : 0.000000,
        ">=64" : 0.000000
      },
      "iodepth_submit" : {
        "0" : 0.000000,
        "4" : 100.000000,
        "8" : 0.000000,
        "16" : 0.000000,
        "32" : 0.000000,
        "64" : 0.000000,
        ">=64" : 0.000000
      },
      "iodepth_complete" : {
        "0" : 0.000000,
        "4" : 100.000000,
        "8" : 0.000000,
        "16" : 0.000000,
        "32" : 0.000000,
        "64" : 0.000000,
        ">=64" : 0.000000
      },
      "latency_ns" : {
        "2" : 0.000000,
        "4" : 0.000000,
        "10" : 0.000000,
        "20" : 0.000000,
        "50" : 0.000000,
        "100" : 0.000000,
        "250" : 0.000000,
        "500" : 0.000000,
        "750" : 0.000000,
        "1000" : 0.000000
      },
      "latency_us" : {
        "2" : 0.000000,
        "4" : 0.000000,
        "10" : 0.000000,
        "20" : 0.000000,
        "50" : 0.000000,
        "100" : 0.000000,
        "250" : 0.000000,
        "500" : 0.000000,
        "750" : 0.000000,
        "1000" : 0.000000
      },
      "latency_ms" : {
        "2" : 0.000000,
        "4" : 0.010000,
        "10" : 0.105782,
        "20" : 0.130883,
        "50" : 0.295831,
        "100" : 5.088301,
        "250" : 89.382340,
        "500" : 3.012102,
        "750" : 1.787539,
        "1000" : 0.129090,
        "2000" : 0.059166,
        ">=2000" : 0.000000
      },
      "latency_depth" : 8,
      "latency_target" : 0,
      "latency_percentile" : 100.000000,
      "latency_window" : 0
    }
  ]
}
