{
  "fio version" : "fio-3.23",
  "timestamp" : 1757025555,
  "timestamp_ms" : 1757025555906,
  "time" : "Thu Sep  4 22:39:15 2025",
  "jobs" : [
    {
      "jobname" : "SeqR-4K-32-128",
      "groupid" : 0,
      "error" : 0,
      "eta" : 0,
      "elapsed" : 61,
      "job options" : {
        "name" : "SeqR-4K-32-128",
        "numjobs" : "32",
        "runtime" : "60",
        "directory" : "/tmp/e2sar/rgeorge-fio_test-p2s_SeqR-4K-32-128",
        "direct" : "1",
        "buffered" : "0",
        "rw" : "read",
        "unified_rw_reporting" : "0",
        "randrepeat" : "0",
        "bs" : "4K",
        "size" : "128M",
        "ioengine" : "pvsync",
        "iodepth" : "128",
        "lat_percentiles" : "1"
      },
      "read" : {
        "io_bytes" : 10796392448,
        "io_kbytes" : 10543352,
        "bw_bytes" : 179933876,
        "bw" : 175716,
        "iops" : 43929.169028,
        "runtime" : 60002,
        "total_ios" : 2635838,
        "short_ios" : 0,
        "drop_ios" : 0,
        "slat_ns" : {
          "min" : 0,
          "max" : 0,
          "mean" : 0.000000,
          "stddev" : 0.000000,
          "N" : 0
        },
        "clat_ns" : {
          "min" : 123602,
          "max" : 273821121,
          "mean" : 727537.061395,
          "stddev" : 1488573.056852,
          "N" : 2635838,
          "percentile" : {
            "1.000000" : 342016,
            "5.000000" : 561152,
            "10.000000" : 610304,
            "20.000000" : 651264,
            "30.000000" : 675840,
            "40.000000" : 692224,
            "50.000000" : 700416,
            "60.000000" : 716800,
            "70.000000" : 733184,
            "80.000000" : 749568,
            "90.000000" : 774144,
            "95.000000" : 806912,
            "99.000000" : 1019904,
            "99.500000" : 1105920,
            "99.900000" : 4554752,
            "99.950000" : 13434880,
            "99.990000" : 81264640
          }
        },
        "lat_ns" : {
          "min" : 123645,
          "max" : 273821155,
          "mean" : 727591.006158,
          "stddev" : 1488572.980306,
          "N" : 2635838,
          "percentile" : {
            "1.000000" : 342016,
            "5.000000" : 561152,
            "10.000000" : 610304,
            "20.000000" : 651264,
            "30.000000" : 675840,
            "40.000000" : 692224,
            "50.000000" : 700416,
            "60.000000" : 716800,
            "70.000000" : 733184,
            "80.000000" : 749568,
            "90.000000" : 774144,
            "95.000000" : 806912,
            "99.000000" : 1019904,
            "99.500000" : 1105920,
            "99.900000" : 4554752,
            "99.950000" : 13434880,
            "99.990000" : 81264640
          }
        },
        "bw_min" : 100464,
        "bw_max" : 211512,
        "bw_agg" : 100.000000,
        "bw_mean" : 175971.882353,
        "bw_dev" : 434.325664,
        "bw_samples" : 3808,
        "iops_min" : 25116,
        "iops_max" : 52878,
        "iops_mean" : 43992.949580,
        "iops_stddev" : 108.581422,
        "iops_samples" : 3808
      },
      "write" : {
        "io_bytes" : 0,
        "io_kbytes" : 0,
        "bw_bytes" : 0,
        "bw" : 0,
        "iops" : 0.000000,
        "runtime" : 0,
        "total_ios" : 0,
        "short_ios" : 0,
        "drop_ios" : 0,
        "slat_ns" : {
          "min" : 0,
          "max" : 0,
          "mean" : 0.000000,
          "stddev" : 0.000000,
          "N" : 0
        },
        "clat_ns" : {
          "min" : 0,
          "max" : 0,
          "mean" : 0.000000,
          "stddev" : 0.000000,
          "N" : 0
        },
        "lat_ns" : {
          "min" : 0,
          "max" : 0,
          "mean" : 0.000000,
          "stddev" : 0.000000,
          "N" : 0
        },
        "bw_min" : 0,
        "bw_max" : 0,
        "bw_agg" : 0.000000,
        "bw_mean" : 0.000000,
        "bw_dev" : 0.000000,
        "bw_samples" : 0,
        "iops_min" : 0,
        "iops_max" : 0,
        "iops_mean" : 0.000000,
        "iops_stddev" : 0.000000,
        "iops_samples" : 0
      },
      "trim" : {
        "io_bytes" : 0,
        "io_kbytes" : 0,
        "bw_bytes" : 0,
        "bw" : 0,
        "iops" : 0.000000,
        "runtime" : 0,
        "total_ios" : 0,
        "short_ios" : 0,
        "drop_ios" : 0,
        "slat_ns" : {
          "min" : 0,
          "max" : 0,
          "mean" : 0.000000,
          "stddev" : 0.000000,
          "N" : 0
        },
        "clat_ns" : {
          "min" : 0,
          "max" : 0,
          "mean" : 0.000000,
          "stddev" : 0.000000,
          "N" : 0
        },
        "lat_ns" : {
          "min" : 0,
          "max" : 0,
          "mean" : 0.000000,
          "stddev" : 0.000000,
          "N" : 0
        },
        "bw_min" : 0,
        "bw_max" : 0,
        "bw_agg" : 0.000000,
        "bw_mean" : 0.000000,
        "bw_dev" : 0.000000,
        "bw_samples" : 0,
        "iops_min" : 0,
        "iops_max" : 0,
        "iops_mean" : 0.000000,
        "iops_stddev" : 0.000000,
        "iops_samples" : 0
      },
      "sync" : {
        "total_ios" : 0,
        "lat_ns" : {
          "min" : 0,
          "max" : 0,
          "mean" : 0.000000,
          "stddev" : 0.000000,
          "N" : 0
        }
      },
      "job_runtime" : 1920009,
      "usr_cpu" : 0.221822,
      "sys_cpu" : 0.727809,
      "ctx" : 2636009,
      "majf" : 0,
      "minf" : 451,
      "iodepth_level" : {
        "1" : 100.000000,
        "2" : 0.000000,
        "4" : 0.000000,
        "8" : 0.000000,
        "16" : 0.000000,
        "32" : 0.000000,
        ">=64" : 0.000000
      },
      "iodepth_submit" : {
        "0" : 0.000000,
        "4" : 100.000000,
        "8" : 0.000000,
        "16" : 0.000000,
        "32" : 0.000000,
        "64" : 0.000000,
        ">=64" : 0.000000
      },
      "iodepth_complete" : {
        "0" : 0.000000,
        "4" : 100.000000,
        "8" : 0.000000,
        "16" : 0.000000,
        "32" : 0.000000,
        "64" : 0.000000,
        ">=64" : 0.000000
      },
      "latency_ns" : {
        "2" : 0.000000,
        "4" : 0.000000,
        "10" : 0.000000,
        "20" : 0.000000,
        "50" : 0.000000,
        "100" : 0.000000,
        "250" : 0.000000,
        "500" : 0.000000,
        "750" : 0.000000,
        "1000" : 0.000000
      },
      "latency_us" : {
        "2" : 0.000000,
        "4" : 0.000000,
        "10" : 0.000000,
        "20" : 0.000000,
        "50" : 0.000000,
        "100" : 0.000000,
        "250" : 0.386063,
        "500" : 2.407090,
        "750" : 77.006933,
        "1000" : 19.009400
      },
      "latency_ms" : {
        "2" : 1.057387,
        "4" : 0.022232,
        "10" : 0.051331,
        "20" : 0.026443,
        "50" : 0.012975,
        "100" : 0.015631,
        "250" : 0.010000,
        "500" : 0.010000,
        "750" : 0.000000,
        "1000" : 0.000000,
        "2000" : 0.000000,
        ">=2000" : 0.000000
      },
      "latency_depth" : 128,
      "latency_target" : 0,
      "latency_percentile" : 100.000000,
      "latency_window" : 0
    }
  ]
}
