{
  "fio version" : "fio-3.23",
  "timestamp" : 1757511152,
  "timestamp_ms" : 1757511152839,
  "time" : "Wed Sep 10 13:32:32 2025",
  "jobs" : [
    {
      "jobname" : "RandRH-4M-64-128",
      "groupid" : 0,
      "error" : 0,
      "eta" : 0,
      "elapsed" : 62,
      "job options" : {
        "name" : "RandRH-4M-64-128",
        "rw" : "randrw",
        "rwmixread" : "80",
        "unified_rw_reporting" : "1",
        "bs" : "4M",
        "numjobs" : "64",
        "iodepth" : "128",
        "runtime" : "60",
        "directory" : "/tmp/e2sar/rgeorge-fio_test-m_RandRH-4M-64-128",
        "direct" : "1",
        "buffered" : "0",
        "randrepeat" : "0",
        "size" : "128M",
        "ioengine" : "pvsync",
        "lat_percentiles" : "1"
      },
      "mixed" : {
        "io_bytes" : 143352922112,
        "io_kbytes" : 139993088,
        "bw_bytes" : 2384922508,
        "bw" : 2329025,
        "iops" : 568.609836,
        "runtime" : 60108,
        "total_ios" : 34178,
        "short_ios" : 0,
        "drop_ios" : 0,
        "slat_ns" : {
          "min" : 0,
          "max" : 0,
          "mean" : 0.000000,
          "stddev" : 0.000000,
          "N" : 0
        },
        "clat_ns" : {
          "min" : 3918005,
          "max" : 288561562,
          "mean" : 112171062.714231,
          "stddev" : 14745176.171102,
          "N" : 34178,
          "percentile" : {
            "1.000000" : 68681728,
            "5.000000" : 99090432,
            "10.000000" : 102236160,
            "20.000000" : 106430464,
            "30.000000" : 108527616,
            "40.000000" : 110624768,
            "50.000000" : 111673344,
            "60.000000" : 113770496,
            "70.000000" : 115867648,
            "80.000000" : 116916224,
            "90.000000" : 120061952,
            "95.000000" : 123207680,
            "99.000000" : 179306496,
            "99.500000" : 191889408,
            "99.900000" : 221249536,
            "99.950000" : 229638144,
            "99.990000" : 256901120
          }
        },
        "lat_ns" : {
          "min" : 3918098,
          "max" : 288561630,
          "mean" : 112171261.781760,
          "stddev" : 14745159.918655,
          "N" : 34178,
          "percentile" : {
            "1.000000" : 68681728,
            "5.000000" : 99090432,
            "10.000000" : 102236160,
            "20.000000" : 106430464,
            "30.000000" : 108527616,
            "40.000000" : 110624768,
            "50.000000" : 111673344,
            "60.000000" : 113770496,
            "70.000000" : 115867648,
            "80.000000" : 116916224,
            "90.000000" : 120061952,
            "95.000000" : 123207680,
            "99.000000" : 179306496,
            "99.500000" : 191889408,
            "99.900000" : 221249536,
            "99.950000" : 229638144,
            "99.990000" : 256901120
          }
        },
        "bw_min" : 1093483,
        "bw_max" : 5263965,
        "bw_agg" : 100.000000,
        "bw_mean" : 2607751.251237,
        "bw_dev" : 7455.303690,
        "bw_samples" : 12395,
        "iops_min" : 239,
        "iops_max" : 1284,
        "iops_mean" : 635.338974,
        "iops_stddev" : 1.822625,
        "iops_samples" : 12395
      },
      "job_runtime" : 3841900,
      "usr_cpu" : 0.145345,
      "sys_cpu" : 0.062365,
      "ctx" : 137140,
      "majf" : 0,
      "minf" : 871,
      "iodepth_level" : {
        "1" : 100.000000,
        "2" : 0.000000,
        "4" : 0.000000,
        "8" : 0.000000,
        "16" : 0.000000,
        "32" : 0.000000,
        ">=64" : 0.000000
      },
      "iodepth_submit" : {
        "0" : 0.000000,
        "4" : 100.000000,
        "8" : 0.000000,
        "16" : 0.000000,
        "32" : 0.000000,
        "64" : 0.000000,
        ">=64" : 0.000000
      },
      "iodepth_complete" : {
        "0" : 0.000000,
        "4" : 100.000000,
        "8" : 0.000000,
        "16" : 0.000000,
        "32" : 0.000000,
        "64" : 0.000000,
        ">=64" : 0.000000
      },
      "latency_ns" : {
        "2" : 0.000000,
        "4" : 0.000000,
        "10" : 0.000000,
        "20" : 0.000000,
        "50" : 0.000000,
        "100" : 0.000000,
        "250" : 0.000000,
        "500" : 0.000000,
        "750" : 0.000000,
        "1000" : 0.000000
      },
      "latency_us" : {
        "2" : 0.000000,
        "4" : 0.000000,
        "10" : 0.000000,
        "20" : 0.000000,
        "50" : 0.000000,
        "100" : 0.000000,
        "250" : 0.000000,
        "500" : 0.000000,
        "750" : 0.000000,
        "1000" : 0.000000
      },
      "latency_ms" : {
        "2" : 0.000000,
        "4" : 0.010000,
        "10" : 0.114108,
        "20" : 0.172626,
        "50" : 0.424250,
        "100" : 5.044180,
        "250" : 94.224355,
        "500" : 0.014629,
        "750" : 0.000000,
        "1000" : 0.000000,
        "2000" : 0.000000,
        ">=2000" : 0.000000
      },
      "latency_depth" : 128,
      "latency_target" : 0,
      "latency_percentile" : 100.000000,
      "latency_window" : 0
    }
  ]
}
