{
  "fio version" : "fio-3.23",
  "timestamp" : 1757276872,
  "timestamp_ms" : 1757276872143,
  "time" : "Sun Sep  7 20:27:52 2025",
  "jobs" : [
    {
      "jobname" : "RandWH-2M-128-1",
      "groupid" : 0,
      "error" : 0,
      "eta" : 0,
      "elapsed" : 61,
      "job options" : {
        "name" : "RandWH-2M-128-1",
        "numjobs" : "128",
        "runtime" : "60",
        "directory" : "/tmp/e2sar/rgeorge-fio_test-p4r_RandWH-2M-128-1",
        "direct" : "1",
        "buffered" : "0",
        "rw" : "randrw",
        "rwmixread" : "20",
        "unified_rw_reporting" : "1",
        "randrepeat" : "0",
        "bs" : "2M",
        "size" : "128M",
        "ioengine" : "pvsync",
        "iodepth" : "1",
        "lat_percentiles" : "1"
      },
      "mixed" : {
        "io_bytes" : 342429270016,
        "io_kbytes" : 334403584,
        "bw_bytes" : 5702497460,
        "bw" : 5568845,
        "iops" : 2719.162684,
        "runtime" : 60049,
        "total_ios" : 163283,
        "short_ios" : 0,
        "drop_ios" : 0,
        "slat_ns" : {
          "min" : 0,
          "max" : 0,
          "mean" : 0.000000,
          "stddev" : 0.000000,
          "N" : 0
        },
        "clat_ns" : {
          "min" : 1189281,
          "max" : 2147544745,
          "mean" : 46365119.617260,
          "stddev" : 67796657.358114,
          "N" : 163283,
          "percentile" : {
            "1.000000" : 18743296,
            "5.000000" : 23461888,
            "10.000000" : 25821184,
            "20.000000" : 28180480,
            "30.000000" : 29491200,
            "40.000000" : 30801920,
            "50.000000" : 31850496,
            "60.000000" : 33161216,
            "70.000000" : 34340864,
            "80.000000" : 36962304,
            "90.000000" : 58982400,
            "95.000000" : 117964800,
            "99.000000" : 396361728,
            "99.500000" : 526385152,
            "99.900000" : 775946240,
            "99.950000" : 943718400,
            "99.990000" : 1333788672
          }
        },
        "lat_ns" : {
          "min" : 1189393,
          "max" : 2147544925,
          "mean" : 46365488.742294,
          "stddev" : 67796667.121979,
          "N" : 163283,
          "percentile" : {
            "1.000000" : 18743296,
            "5.000000" : 23461888,
            "10.000000" : 25821184,
            "20.000000" : 28180480,
            "30.000000" : 29491200,
            "40.000000" : 30801920,
            "50.000000" : 31850496,
            "60.000000" : 33161216,
            "70.000000" : 34340864,
            "80.000000" : 36962304,
            "90.000000" : 58982400,
            "95.000000" : 117964800,
            "99.000000" : 396361728,
            "99.500000" : 526385152,
            "99.900000" : 775946240,
            "99.950000" : 943718400,
            "99.990000" : 1333788672
          }
        },
        "bw_min" : 1046848,
        "bw_max" : 14249303,
        "bw_agg" : 100.000000,
        "bw_mean" : 5982817.618710,
        "bw_dev" : 13869.052279,
        "bw_samples" : 26980,
        "iops_min" : 320,
        "iops_max" : 6952,
        "iops_mean" : 2906.221516,
        "iops_stddev" : 6.788633,
        "iops_samples" : 26980
      },
      "job_runtime" : 7681944,
      "usr_cpu" : 0.921147,
      "sys_cpu" : 0.167132,
      "ctx" : 331915,
      "majf" : 0,
      "minf" : 2250,
      "iodepth_level" : {
        "1" : 100.000000,
        "2" : 0.000000,
        "4" : 0.000000,
        "8" : 0.000000,
        "16" : 0.000000,
        "32" : 0.000000,
        ">=64" : 0.000000
      },
      "iodepth_submit" : {
        "0" : 0.000000,
        "4" : 100.000000,
        "8" : 0.000000,
        "16" : 0.000000,
        "32" : 0.000000,
        "64" : 0.000000,
        ">=64" : 0.000000
      },
      "iodepth_complete" : {
        "0" : 0.000000,
        "4" : 100.000000,
        "8" : 0.000000,
        "16" : 0.000000,
        "32" : 0.000000,
        "64" : 0.000000,
        ">=64" : 0.000000
      },
      "latency_ns" : {
        "2" : 0.000000,
        "4" : 0.000000,
        "10" : 0.000000,
        "20" : 0.000000,
        "50" : 0.000000,
        "100" : 0.000000,
        "250" : 0.000000,
        "500" : 0.000000,
        "750" : 0.000000,
        "1000" : 0.000000
      },
      "latency_us" : {
        "2" : 0.000000,
        "4" : 0.000000,
        "10" : 0.000000,
        "20" : 0.000000,
        "50" : 0.000000,
        "100" : 0.000000,
        "250" : 0.000000,
        "500" : 0.000000,
        "750" : 0.000000,
        "1000" : 0.000000
      },
      "latency_ms" : {
        "2" : 0.015311,
        "4" : 0.175156,
        "10" : 0.266409,
        "20" : 0.967033,
        "50" : 86.686305,
        "100" : 5.831593,
        "250" : 4.149238,
        "500" : 1.299584,
        "750" : 0.494846,
        "1000" : 0.079616,
        "2000" : 0.034296,
        ">=2000" : 0.010000
      },
      "latency_depth" : 1,
      "latency_target" : 0,
      "latency_percentile" : 100.000000,
      "latency_window" : 0
    }
  ]
}
