{
  "fio version" : "fio-3.23",
  "timestamp" : 1757518841,
  "timestamp_ms" : 1757518841709,
  "time" : "Wed Sep 10 15:40:41 2025",
  "jobs" : [
    {
      "jobname" : "RandWH-2M-128-32",
      "groupid" : 0,
      "error" : 0,
      "eta" : 0,
      "elapsed" : 62,
      "job options" : {
        "name" : "RandWH-2M-128-32",
        "rw" : "randrw",
        "rwmixread" : "20",
        "unified_rw_reporting" : "1",
        "bs" : "2M",
        "numjobs" : "128",
        "iodepth" : "32",
        "runtime" : "60",
        "directory" : "/tmp/e2sar/rgeorge-fio_test-m_RandWH-2M-128-32",
        "direct" : "1",
        "buffered" : "0",
        "randrepeat" : "0",
        "size" : "128M",
        "ioengine" : "pvsync",
        "lat_percentiles" : "1"
      },
      "mixed" : {
        "io_bytes" : 404630798336,
        "io_kbytes" : 395147264,
        "bw_bytes" : 6737558251,
        "bw" : 6579646,
        "iops" : 3212.718130,
        "runtime" : 60056,
        "total_ios" : 192943,
        "short_ios" : 0,
        "drop_ios" : 0,
        "slat_ns" : {
          "min" : 0,
          "max" : 0,
          "mean" : 0.000000,
          "stddev" : 0.000000,
          "N" : 0
        },
        "clat_ns" : {
          "min" : 1947734,
          "max" : 665565541,
          "mean" : 39254779.489689,
          "stddev" : 18978408.512929,
          "N" : 192943,
          "percentile" : {
            "1.000000" : 23986176,
            "5.000000" : 28704768,
            "10.000000" : 30539776,
            "20.000000" : 32374784,
            "30.000000" : 33816576,
            "40.000000" : 34865152,
            "50.000000" : 35913728,
            "60.000000" : 37486592,
            "70.000000" : 38535168,
            "80.000000" : 40632320,
            "90.000000" : 44302336,
            "95.000000" : 58458112,
            "99.000000" : 126353408,
            "99.500000" : 185597952,
            "99.900000" : 242221056,
            "99.950000" : 258998272,
            "99.990000" : 325058560
          }
        },
        "lat_ns" : {
          "min" : 1947791,
          "max" : 665565679,
          "mean" : 39255160.241973,
          "stddev" : 18978400.109299,
          "N" : 192943,
          "percentile" : {
            "1.000000" : 23986176,
            "5.000000" : 28704768,
            "10.000000" : 30539776,
            "20.000000" : 32374784,
            "30.000000" : 33816576,
            "40.000000" : 34865152,
            "50.000000" : 35913728,
            "60.000000" : 37486592,
            "70.000000" : 38535168,
            "80.000000" : 40632320,
            "90.000000" : 44302336,
            "95.000000" : 58458112,
            "99.000000" : 126353408,
            "99.500000" : 185597952,
            "99.900000" : 242221056,
            "99.950000" : 258998272,
            "99.990000" : 325058560
          }
        },
        "bw_min" : 2316239,
        "bw_max" : 12376113,
        "bw_agg" : 100.000000,
        "bw_mean" : 6668022.913316,
        "bw_dev" : 7647.571693,
        "bw_samples" : 29528,
        "iops_min" : 981,
        "iops_max" : 6024,
        "iops_mean" : 3228.113921,
        "iops_stddev" : 3.760107,
        "iops_samples" : 29528
      },
      "job_runtime" : 7681388,
      "usr_cpu" : 1.094854,
      "sys_cpu" : 0.078098,
      "ctx" : 396679,
      "majf" : 0,
      "minf" : 1985,
      "iodepth_level" : {
        "1" : 100.000000,
        "2" : 0.000000,
        "4" : 0.000000,
        "8" : 0.000000,
        "16" : 0.000000,
        "32" : 0.000000,
        ">=64" : 0.000000
      },
      "iodepth_submit" : {
        "0" : 0.000000,
        "4" : 100.000000,
        "8" : 0.000000,
        "16" : 0.000000,
        "32" : 0.000000,
        "64" : 0.000000,
        ">=64" : 0.000000
      },
      "iodepth_complete" : {
        "0" : 0.000000,
        "4" : 100.000000,
        "8" : 0.000000,
        "16" : 0.000000,
        "32" : 0.000000,
        "64" : 0.000000,
        ">=64" : 0.000000
      },
      "latency_ns" : {
        "2" : 0.000000,
        "4" : 0.000000,
        "10" : 0.000000,
        "20" : 0.000000,
        "50" : 0.000000,
        "100" : 0.000000,
        "250" : 0.000000,
        "500" : 0.000000,
        "750" : 0.000000,
        "1000" : 0.000000
      },
      "latency_us" : {
        "2" : 0.000000,
        "4" : 0.000000,
        "10" : 0.000000,
        "20" : 0.000000,
        "50" : 0.000000,
        "100" : 0.000000,
        "250" : 0.000000,
        "500" : 0.000000,
        "750" : 0.000000,
        "1000" : 0.000000
      },
      "latency_ms" : {
        "2" : 0.010000,
        "4" : 0.044054,
        "10" : 0.165852,
        "20" : 0.373685,
        "50" : 92.682295,
        "100" : 5.146598,
        "250" : 1.510809,
        "500" : 0.073079,
        "750" : 0.010000,
        "1000" : 0.000000,
        "2000" : 0.000000,
        ">=2000" : 0.000000
      },
      "latency_depth" : 32,
      "latency_target" : 0,
      "latency_percentile" : 100.000000,
      "latency_window" : 0
    }
  ]
}
