{
  "fio version" : "fio-3.23",
  "timestamp" : 1757360444,
  "timestamp_ms" : 1757360444381,
  "time" : "Mon Sep  8 19:40:44 2025",
  "jobs" : [
    {
      "jobname" : "22",
      "groupid" : 0,
      "error" : 0,
      "eta" : 0,
      "elapsed" : 61,
      "job options" : {
        "name" : "22",
        "rw" : "rw",
        "rwmixread" : "20",
        "unified_rw_reporting" : "1",
        "bs" : "4K",
        "numjobs" : "32",
        "iodepth" : "4",
        "runtime" : "60",
        "directory" : "/tmp/e2sar/rgeorge-fio_test-m_22",
        "direct" : "1",
        "buffered" : "0",
        "randrepeat" : "0",
        "size" : "128M",
        "ioengine" : "pvsync",
        "lat_percentiles" : "1"
      },
      "mixed" : {
        "io_bytes" : 16350343168,
        "io_kbytes" : 15967132,
        "bw_bytes" : 272496636,
        "bw" : 266109,
        "iops" : 66527.499083,
        "runtime" : 60002,
        "total_ios" : 3991783,
        "short_ios" : 0,
        "drop_ios" : 0,
        "slat_ns" : {
          "min" : 0,
          "max" : 0,
          "mean" : 0.000000,
          "stddev" : 0.000000,
          "N" : 0
        },
        "clat_ns" : {
          "min" : 116925,
          "max" : 445619915,
          "mean" : 478810.962833,
          "stddev" : 1645852.634072,
          "N" : 3991783,
          "percentile" : {
            "1.000000" : 179200,
            "5.000000" : 280576,
            "10.000000" : 317440,
            "20.000000" : 350208,
            "30.000000" : 374784,
            "40.000000" : 391168,
            "50.000000" : 411648,
            "60.000000" : 432128,
            "70.000000" : 456704,
            "80.000000" : 489472,
            "90.000000" : 569344,
            "95.000000" : 716800,
            "99.000000" : 897024,
            "99.500000" : 978944,
            "99.900000" : 12648448,
            "99.950000" : 39583744,
            "99.990000" : 77070336
          }
        },
        "lat_ns" : {
          "min" : 116964,
          "max" : 445619958,
          "mean" : 478875.656798,
          "stddev" : 1645852.721758,
          "N" : 3991783,
          "percentile" : {
            "1.000000" : 179200,
            "5.000000" : 280576,
            "10.000000" : 317440,
            "20.000000" : 350208,
            "30.000000" : 374784,
            "40.000000" : 391168,
            "50.000000" : 411648,
            "60.000000" : 432128,
            "70.000000" : 456704,
            "80.000000" : 489472,
            "90.000000" : 569344,
            "95.000000" : 716800,
            "99.000000" : 897024,
            "99.500000" : 978944,
            "99.900000" : 12648448,
            "99.950000" : 39583744,
            "99.990000" : 77070336
          }
        },
        "bw_min" : 164088,
        "bw_max" : 330192,
        "bw_agg" : 100.000000,
        "bw_mean" : 266398.336134,
        "bw_dev" : 516.875078,
        "bw_samples" : 7616,
        "iops_min" : 41022,
        "iops_max" : 82548,
        "iops_mean" : 66599.579832,
        "iops_stddev" : 129.218236,
        "iops_samples" : 7616
      },
      "job_runtime" : 1920001,
      "usr_cpu" : 0.642812,
      "sys_cpu" : 1.061197,
      "ctx" : 3992062,
      "majf" : 0,
      "minf" : 682,
      "iodepth_level" : {
        "1" : 100.000000,
        "2" : 0.000000,
        "4" : 0.000000,
        "8" : 0.000000,
        "16" : 0.000000,
        "32" : 0.000000,
        ">=64" : 0.000000
      },
      "iodepth_submit" : {
        "0" : 0.000000,
        "4" : 100.000000,
        "8" : 0.000000,
        "16" : 0.000000,
        "32" : 0.000000,
        "64" : 0.000000,
        ">=64" : 0.000000
      },
      "iodepth_complete" : {
        "0" : 0.000000,
        "4" : 100.000000,
        "8" : 0.000000,
        "16" : 0.000000,
        "32" : 0.000000,
        "64" : 0.000000,
        ">=64" : 0.000000
      },
      "latency_ns" : {
        "2" : 0.000000,
        "4" : 0.000000,
        "10" : 0.000000,
        "20" : 0.000000,
        "50" : 0.000000,
        "100" : 0.000000,
        "250" : 0.000000,
        "500" : 0.000000,
        "750" : 0.000000,
        "1000" : 0.000000
      },
      "latency_us" : {
        "2" : 0.000000,
        "4" : 0.000000,
        "10" : 0.000000,
        "20" : 0.000000,
        "50" : 0.000000,
        "100" : 0.000000,
        "250" : 3.178730,
        "500" : 78.772994,
        "750" : 13.977588,
        "1000" : 3.628003
      },
      "latency_ms" : {
        "2" : 0.291023,
        "4" : 0.022797,
        "10" : 0.020467,
        "20" : 0.028183,
        "50" : 0.044316,
        "100" : 0.034596,
        "250" : 0.010000,
        "500" : 0.010000,
        "750" : 0.000000,
        "1000" : 0.000000,
        "2000" : 0.000000,
        ">=2000" : 0.000000
      },
      "latency_depth" : 4,
      "latency_target" : 0,
      "latency_percentile" : 100.000000,
      "latency_window" : 0
    }
  ]
}
