{
  "fio version" : "fio-3.23",
  "timestamp" : 1757000888,
  "timestamp_ms" : 1757000888699,
  "time" : "Thu Sep  4 15:48:08 2025",
  "jobs" : [
    {
      "jobname" : "RandR-2M-32-64",
      "groupid" : 0,
      "error" : 0,
      "eta" : 0,
      "elapsed" : 61,
      "job options" : {
        "name" : "RandR-2M-32-64",
        "numjobs" : "32",
        "runtime" : "60",
        "directory" : "/tmp/e2sar/rgeorge-fio_test-p2r_RandR-2M-32-64",
        "direct" : "1",
        "buffered" : "0",
        "rw" : "randread",
        "unified_rw_reporting" : "0",
        "randrepeat" : "0",
        "bs" : "2M",
        "size" : "128M",
        "ioengine" : "pvsync",
        "iodepth" : "64",
        "lat_percentiles" : "1"
      },
      "read" : {
        "io_bytes" : 213045477376,
        "io_kbytes" : 208052224,
        "bw_bytes" : 3549870488,
        "bw" : 3466670,
        "iops" : 1692.710156,
        "runtime" : 60015,
        "total_ios" : 101588,
        "short_ios" : 0,
        "drop_ios" : 0,
        "slat_ns" : {
          "min" : 0,
          "max" : 0,
          "mean" : 0.000000,
          "stddev" : 0.000000,
          "N" : 0
        },
        "clat_ns" : {
          "min" : 1094306,
          "max" : 488170770,
          "mean" : 18892950.766311,
          "stddev" : 11304505.437078,
          "N" : 101588,
          "percentile" : {
            "1.000000" : 6127616,
            "5.000000" : 16580608,
            "10.000000" : 16908288,
            "20.000000" : 17432576,
            "30.000000" : 17694720,
            "40.000000" : 17956864,
            "50.000000" : 17956864,
            "60.000000" : 18219008,
            "70.000000" : 18219008,
            "80.000000" : 18481152,
            "90.000000" : 19005440,
            "95.000000" : 19267584,
            "99.000000" : 57933824,
            "99.500000" : 90701824,
            "99.900000" : 185597952,
            "99.950000" : 252706816,
            "99.990000" : 304087040
          }
        },
        "lat_ns" : {
          "min" : 1094346,
          "max" : 488170814,
          "mean" : 18893021.274964,
          "stddev" : 11304508.212747,
          "N" : 101588,
          "percentile" : {
            "1.000000" : 6127616,
            "5.000000" : 16580608,
            "10.000000" : 16908288,
            "20.000000" : 17432576,
            "30.000000" : 17694720,
            "40.000000" : 17956864,
            "50.000000" : 17956864,
            "60.000000" : 18219008,
            "70.000000" : 18219008,
            "80.000000" : 18481152,
            "90.000000" : 19005440,
            "95.000000" : 19267584,
            "99.000000" : 57933824,
            "99.500000" : 90701824,
            "99.900000" : 185597952,
            "99.950000" : 252706816,
            "99.990000" : 304087040
          }
        },
        "bw_min" : 1048576,
        "bw_max" : 4239360,
        "bw_agg" : 100.000000,
        "bw_mean" : 3469412.084034,
        "bw_dev" : 15592.900379,
        "bw_samples" : 3808,
        "iops_min" : 512,
        "iops_max" : 2070,
        "iops_mean" : 1694.033613,
        "iops_stddev" : 7.614178,
        "iops_samples" : 3808
      },
      "write" : {
        "io_bytes" : 0,
        "io_kbytes" : 0,
        "bw_bytes" : 0,
        "bw" : 0,
        "iops" : 0.000000,
        "runtime" : 0,
        "total_ios" : 0,
        "short_ios" : 0,
        "drop_ios" : 0,
        "slat_ns" : {
          "min" : 0,
          "max" : 0,
          "mean" : 0.000000,
          "stddev" : 0.000000,
          "N" : 0
        },
        "clat_ns" : {
          "min" : 0,
          "max" : 0,
          "mean" : 0.000000,
          "stddev" : 0.000000,
          "N" : 0
        },
        "lat_ns" : {
          "min" : 0,
          "max" : 0,
          "mean" : 0.000000,
          "stddev" : 0.000000,
          "N" : 0
        },
        "bw_min" : 0,
        "bw_max" : 0,
        "bw_agg" : 0.000000,
        "bw_mean" : 0.000000,
        "bw_dev" : 0.000000,
        "bw_samples" : 0,
        "iops_min" : 0,
        "iops_max" : 0,
        "iops_mean" : 0.000000,
        "iops_stddev" : 0.000000,
        "iops_samples" : 0
      },
      "trim" : {
        "io_bytes" : 0,
        "io_kbytes" : 0,
        "bw_bytes" : 0,
        "bw" : 0,
        "iops" : 0.000000,
        "runtime" : 0,
        "total_ios" : 0,
        "short_ios" : 0,
        "drop_ios" : 0,
        "slat_ns" : {
          "min" : 0,
          "max" : 0,
          "mean" : 0.000000,
          "stddev" : 0.000000,
          "N" : 0
        },
        "clat_ns" : {
          "min" : 0,
          "max" : 0,
          "mean" : 0.000000,
          "stddev" : 0.000000,
          "N" : 0
        },
        "lat_ns" : {
          "min" : 0,
          "max" : 0,
          "mean" : 0.000000,
          "stddev" : 0.000000,
          "N" : 0
        },
        "bw_min" : 0,
        "bw_max" : 0,
        "bw_agg" : 0.000000,
        "bw_mean" : 0.000000,
        "bw_dev" : 0.000000,
        "bw_samples" : 0,
        "iops_min" : 0,
        "iops_max" : 0,
        "iops_mean" : 0.000000,
        "iops_stddev" : 0.000000,
        "iops_samples" : 0
      },
      "sync" : {
        "total_ios" : 0,
        "lat_ns" : {
          "min" : 0,
          "max" : 0,
          "mean" : 0.000000,
          "stddev" : 0.000000,
          "N" : 0
        }
      },
      "job_runtime" : 1920270,
      "usr_cpu" : 0.007968,
      "sys_cpu" : 0.158155,
      "ctx" : 203339,
      "majf" : 0,
      "minf" : 15885,
      "iodepth_level" : {
        "1" : 100.000000,
        "2" : 0.000000,
        "4" : 0.000000,
        "8" : 0.000000,
        "16" : 0.000000,
        "32" : 0.000000,
        ">=64" : 0.000000
      },
      "iodepth_submit" : {
        "0" : 0.000000,
        "4" : 100.000000,
        "8" : 0.000000,
        "16" : 0.000000,
        "32" : 0.000000,
        "64" : 0.000000,
        ">=64" : 0.000000
      },
      "iodepth_complete" : {
        "0" : 0.000000,
        "4" : 100.000000,
        "8" : 0.000000,
        "16" : 0.000000,
        "32" : 0.000000,
        "64" : 0.000000,
        ">=64" : 0.000000
      },
      "latency_ns" : {
        "2" : 0.000000,
        "4" : 0.000000,
        "10" : 0.000000,
        "20" : 0.000000,
        "50" : 0.000000,
        "100" : 0.000000,
        "250" : 0.000000,
        "500" : 0.000000,
        "750" : 0.000000,
        "1000" : 0.000000
      },
      "latency_us" : {
        "2" : 0.000000,
        "4" : 0.000000,
        "10" : 0.000000,
        "20" : 0.000000,
        "50" : 0.000000,
        "100" : 0.000000,
        "250" : 0.000000,
        "500" : 0.000000,
        "750" : 0.000000,
        "1000" : 0.000000
      },
      "latency_ms" : {
        "2" : 0.344529,
        "4" : 0.339607,
        "10" : 0.879041,
        "20" : 95.417766,
        "50" : 1.871284,
        "100" : 0.744182,
        "250" : 0.350435,
        "500" : 0.053156,
        "750" : 0.000000,
        "1000" : 0.000000,
        "2000" : 0.000000,
        ">=2000" : 0.000000
      },
      "latency_depth" : 64,
      "latency_target" : 0,
      "latency_percentile" : 100.000000,
      "latency_window" : 0
    }
  ]
}
