{
  "fio version" : "fio-3.23",
  "timestamp" : 1757391351,
  "timestamp_ms" : 1757391351156,
  "time" : "Tue Sep  9 04:15:51 2025",
  "jobs" : [
    {
      "jobname" : "RandBal-4K-64-64",
      "groupid" : 0,
      "error" : 0,
      "eta" : 0,
      "elapsed" : 61,
      "job options" : {
        "name" : "RandBal-4K-64-64",
        "rw" : "randrw",
        "unified_rw_reporting" : "1",
        "bs" : "4K",
        "numjobs" : "64",
        "iodepth" : "64",
        "runtime" : "60",
        "directory" : "/tmp/e2sar/rgeorge-fio_test-m_RandBal-4K-64-64",
        "direct" : "1",
        "buffered" : "0",
        "randrepeat" : "0",
        "size" : "128M",
        "ioengine" : "pvsync",
        "lat_percentiles" : "1"
      },
      "mixed" : {
        "io_bytes" : 13085827072,
        "io_kbytes" : 12779128,
        "bw_bytes" : 218086213,
        "bw" : 212974,
        "iops" : 53243.704481,
        "runtime" : 60003,
        "total_ios" : 3194782,
        "short_ios" : 0,
        "drop_ios" : 0,
        "slat_ns" : {
          "min" : 0,
          "max" : 0,
          "mean" : 0.000000,
          "stddev" : 0.000000,
          "N" : 0
        },
        "clat_ns" : {
          "min" : 153739,
          "max" : 372020922,
          "mean" : 1197360.857808,
          "stddev" : 1634326.874934,
          "N" : 3194782,
          "percentile" : {
            "1.000000" : 301056,
            "5.000000" : 716800,
            "10.000000" : 823296,
            "20.000000" : 929792,
            "30.000000" : 995328,
            "40.000000" : 1056768,
            "50.000000" : 1122304,
            "60.000000" : 1171456,
            "70.000000" : 1236992,
            "80.000000" : 1318912,
            "90.000000" : 1499136,
            "95.000000" : 1679360,
            "99.000000" : 1908736,
            "99.500000" : 1990656,
            "99.900000" : 26345472,
            "99.950000" : 40632320,
            "99.990000" : 65798144
          }
        },
        "lat_ns" : {
          "min" : 153781,
          "max" : 372020971,
          "mean" : 1197432.700074,
          "stddev" : 1634326.011952,
          "N" : 3194782,
          "percentile" : {
            "1.000000" : 301056,
            "5.000000" : 716800,
            "10.000000" : 823296,
            "20.000000" : 929792,
            "30.000000" : 995328,
            "40.000000" : 1056768,
            "50.000000" : 1122304,
            "60.000000" : 1171456,
            "70.000000" : 1236992,
            "80.000000" : 1318912,
            "90.000000" : 1499136,
            "95.000000" : 1679360,
            "99.000000" : 1908736,
            "99.500000" : 1990656,
            "99.900000" : 26345472,
            "99.950000" : 40632320,
            "99.990000" : 65798144
          }
        },
        "bw_min" : 130516,
        "bw_max" : 283906,
        "bw_agg" : 100.000000,
        "bw_mean" : 213380.361345,
        "bw_dev" : 152.913289,
        "bw_samples" : 15232,
        "iops_min" : 32628,
        "iops_max" : 70978,
        "iops_mean" : 53345.075630,
        "iops_stddev" : 38.228616,
        "iops_samples" : 15232
      },
      "job_runtime" : 3840029,
      "usr_cpu" : 0.199009,
      "sys_cpu" : 0.481272,
      "ctx" : 3195270,
      "majf" : 0,
      "minf" : 1174,
      "iodepth_level" : {
        "1" : 100.000000,
        "2" : 0.000000,
        "4" : 0.000000,
        "8" : 0.000000,
        "16" : 0.000000,
        "32" : 0.000000,
        ">=64" : 0.000000
      },
      "iodepth_submit" : {
        "0" : 0.000000,
        "4" : 100.000000,
        "8" : 0.000000,
        "16" : 0.000000,
        "32" : 0.000000,
        "64" : 0.000000,
        ">=64" : 0.000000
      },
      "iodepth_complete" : {
        "0" : 0.000000,
        "4" : 100.000000,
        "8" : 0.000000,
        "16" : 0.000000,
        "32" : 0.000000,
        "64" : 0.000000,
        ">=64" : 0.000000
      },
      "latency_ns" : {
        "2" : 0.000000,
        "4" : 0.000000,
        "10" : 0.000000,
        "20" : 0.000000,
        "50" : 0.000000,
        "100" : 0.000000,
        "250" : 0.000000,
        "500" : 0.000000,
        "750" : 0.000000,
        "1000" : 0.000000
      },
      "latency_us" : {
        "2" : 0.000000,
        "4" : 0.000000,
        "10" : 0.000000,
        "20" : 0.000000,
        "50" : 0.000000,
        "100" : 0.000000,
        "250" : 0.337550,
        "500" : 2.281752,
        "750" : 3.450783,
        "1000" : 24.071376
      },
      "latency_ms" : {
        "2" : 69.375907,
        "4" : 0.171655,
        "10" : 0.083636,
        "20" : 0.093183,
        "50" : 0.104514,
        "100" : 0.029204,
        "250" : 0.010000,
        "500" : 0.010000,
        "750" : 0.000000,
        "1000" : 0.000000,
        "2000" : 0.000000,
        ">=2000" : 0.000000
      },
      "latency_depth" : 64,
      "latency_target" : 0,
      "latency_percentile" : 100.000000,
      "latency_window" : 0
    }
  ]
}
