{
  "fio version" : "fio-3.23",
  "timestamp" : 1756962393,
  "timestamp_ms" : 1756962393023,
  "time" : "Thu Sep  4 05:06:33 2025",
  "jobs" : [
    {
      "jobname" : "SeqR-2M-16-16",
      "groupid" : 0,
      "error" : 0,
      "eta" : 0,
      "elapsed" : 61,
      "job options" : {
        "name" : "SeqR-2M-16-16",
        "numjobs" : "16",
        "runtime" : "60",
        "directory" : "/tmp/e2sar/rgeorge-fio_test-p1s_SeqR-2M-16-16",
        "direct" : "1",
        "buffered" : "0",
        "rw" : "read",
        "unified_rw_reporting" : "0",
        "randrepeat" : "0",
        "bs" : "2M",
        "size" : "128M",
        "ioengine" : "pvsync",
        "iodepth" : "16",
        "lat_percentiles" : "1"
      },
      "read" : {
        "io_bytes" : 270438236160,
        "io_kbytes" : 264099840,
        "bw_bytes" : 4506853250,
        "bw" : 4401223,
        "iops" : 2149.035096,
        "runtime" : 60006,
        "total_ios" : 128955,
        "short_ios" : 0,
        "drop_ios" : 0,
        "slat_ns" : {
          "min" : 0,
          "max" : 0,
          "mean" : 0.000000,
          "stddev" : 0.000000,
          "N" : 0
        },
        "clat_ns" : {
          "min" : 975084,
          "max" : 1126158932,
          "mean" : 7442201.323027,
          "stddev" : 10131162.368790,
          "N" : 128955,
          "percentile" : {
            "1.000000" : 3227648,
            "5.000000" : 6062080,
            "10.000000" : 6324224,
            "20.000000" : 6651904,
            "30.000000" : 6782976,
            "40.000000" : 6914048,
            "50.000000" : 6979584,
            "60.000000" : 7045120,
            "70.000000" : 7110656,
            "80.000000" : 7241728,
            "90.000000" : 7438336,
            "95.000000" : 7700480,
            "99.000000" : 15269888,
            "99.500000" : 37486592,
            "99.900000" : 126353408,
            "99.950000" : 168820736,
            "99.990000" : 299892736
          }
        },
        "lat_ns" : {
          "min" : 975112,
          "max" : 1126159125,
          "mean" : 7442270.802047,
          "stddev" : 10131166.274083,
          "N" : 128955,
          "percentile" : {
            "1.000000" : 3227648,
            "5.000000" : 6062080,
            "10.000000" : 6324224,
            "20.000000" : 6651904,
            "30.000000" : 6782976,
            "40.000000" : 6914048,
            "50.000000" : 6979584,
            "60.000000" : 7045120,
            "70.000000" : 7110656,
            "80.000000" : 7241728,
            "90.000000" : 7438336,
            "95.000000" : 7700480,
            "99.000000" : 15269888,
            "99.500000" : 37486592,
            "99.900000" : 126353408,
            "99.950000" : 168820736,
            "99.990000" : 299892736
          }
        },
        "bw_min" : 561152,
        "bw_max" : 7405568,
        "bw_agg" : 100.000000,
        "bw_mean" : 4424304.295769,
        "bw_dev" : 56519.157265,
        "bw_samples" : 1895,
        "iops_min" : 274,
        "iops_max" : 3616,
        "iops_mean" : 2160.228649,
        "iops_stddev" : 27.599213,
        "iops_samples" : 1895
      },
      "write" : {
        "io_bytes" : 0,
        "io_kbytes" : 0,
        "bw_bytes" : 0,
        "bw" : 0,
        "iops" : 0.000000,
        "runtime" : 0,
        "total_ios" : 0,
        "short_ios" : 0,
        "drop_ios" : 0,
        "slat_ns" : {
          "min" : 0,
          "max" : 0,
          "mean" : 0.000000,
          "stddev" : 0.000000,
          "N" : 0
        },
        "clat_ns" : {
          "min" : 0,
          "max" : 0,
          "mean" : 0.000000,
          "stddev" : 0.000000,
          "N" : 0
        },
        "lat_ns" : {
          "min" : 0,
          "max" : 0,
          "mean" : 0.000000,
          "stddev" : 0.000000,
          "N" : 0
        },
        "bw_min" : 0,
        "bw_max" : 0,
        "bw_agg" : 0.000000,
        "bw_mean" : 0.000000,
        "bw_dev" : 0.000000,
        "bw_samples" : 0,
        "iops_min" : 0,
        "iops_max" : 0,
        "iops_mean" : 0.000000,
        "iops_stddev" : 0.000000,
        "iops_samples" : 0
      },
      "trim" : {
        "io_bytes" : 0,
        "io_kbytes" : 0,
        "bw_bytes" : 0,
        "bw" : 0,
        "iops" : 0.000000,
        "runtime" : 0,
        "total_ios" : 0,
        "short_ios" : 0,
        "drop_ios" : 0,
        "slat_ns" : {
          "min" : 0,
          "max" : 0,
          "mean" : 0.000000,
          "stddev" : 0.000000,
          "N" : 0
        },
        "clat_ns" : {
          "min" : 0,
          "max" : 0,
          "mean" : 0.000000,
          "stddev" : 0.000000,
          "N" : 0
        },
        "lat_ns" : {
          "min" : 0,
          "max" : 0,
          "mean" : 0.000000,
          "stddev" : 0.000000,
          "N" : 0
        },
        "bw_min" : 0,
        "bw_max" : 0,
        "bw_agg" : 0.000000,
        "bw_mean" : 0.000000,
        "bw_dev" : 0.000000,
        "bw_samples" : 0,
        "iops_min" : 0,
        "iops_max" : 0,
        "iops_mean" : 0.000000,
        "iops_stddev" : 0.000000,
        "iops_samples" : 0
      },
      "sync" : {
        "total_ios" : 0,
        "lat_ns" : {
          "min" : 0,
          "max" : 0,
          "mean" : 0.000000,
          "stddev" : 0.000000,
          "N" : 0
        }
      },
      "job_runtime" : 960055,
      "usr_cpu" : 0.026040,
      "sys_cpu" : 0.382582,
      "ctx" : 257990,
      "majf" : 0,
      "minf" : 4302,
      "iodepth_level" : {
        "1" : 100.000000,
        "2" : 0.000000,
        "4" : 0.000000,
        "8" : 0.000000,
        "16" : 0.000000,
        "32" : 0.000000,
        ">=64" : 0.000000
      },
      "iodepth_submit" : {
        "0" : 0.000000,
        "4" : 100.000000,
        "8" : 0.000000,
        "16" : 0.000000,
        "32" : 0.000000,
        "64" : 0.000000,
        ">=64" : 0.000000
      },
      "iodepth_complete" : {
        "0" : 0.000000,
        "4" : 100.000000,
        "8" : 0.000000,
        "16" : 0.000000,
        "32" : 0.000000,
        "64" : 0.000000,
        ">=64" : 0.000000
      },
      "latency_ns" : {
        "2" : 0.000000,
        "4" : 0.000000,
        "10" : 0.000000,
        "20" : 0.000000,
        "50" : 0.000000,
        "100" : 0.000000,
        "250" : 0.000000,
        "500" : 0.000000,
        "750" : 0.000000,
        "1000" : 0.000000
      },
      "latency_us" : {
        "2" : 0.000000,
        "4" : 0.000000,
        "10" : 0.000000,
        "20" : 0.000000,
        "50" : 0.000000,
        "100" : 0.000000,
        "250" : 0.000000,
        "500" : 0.000000,
        "750" : 0.000000,
        "1000" : 0.010000
      },
      "latency_ms" : {
        "2" : 0.554457,
        "4" : 1.561010,
        "10" : 96.489473,
        "20" : 0.573844,
        "50" : 0.398589,
        "100" : 0.262107,
        "250" : 0.134155,
        "500" : 0.013958,
        "750" : 0.010000,
        "1000" : 0.010000,
        "2000" : 0.010000,
        ">=2000" : 0.000000
      },
      "latency_depth" : 16,
      "latency_target" : 0,
      "latency_percentile" : 100.000000,
      "latency_window" : 0
    }
  ]
}
