{
  "fio version" : "fio-3.23",
  "timestamp" : 1756990342,
  "timestamp_ms" : 1756990342083,
  "time" : "Thu Sep  4 12:52:22 2025",
  "jobs" : [
    {
      "jobname" : "RandW-16K-32-8",
      "groupid" : 0,
      "error" : 0,
      "eta" : 0,
      "elapsed" : 61,
      "job options" : {
        "name" : "RandW-16K-32-8",
        "numjobs" : "32",
        "runtime" : "60",
        "directory" : "/tmp/e2sar/rgeorge-fio_test-p2r_RandW-16K-32-8",
        "direct" : "1",
        "buffered" : "0",
        "rw" : "randwrite",
        "unified_rw_reporting" : "0",
        "randrepeat" : "0",
        "bs" : "16K",
        "size" : "128M",
        "ioengine" : "pvsync",
        "iodepth" : "8",
        "lat_percentiles" : "1"
      },
      "read" : {
        "io_bytes" : 0,
        "io_kbytes" : 0,
        "bw_bytes" : 0,
        "bw" : 0,
        "iops" : 0.000000,
        "runtime" : 0,
        "total_ios" : 0,
        "short_ios" : 0,
        "drop_ios" : 0,
        "slat_ns" : {
          "min" : 0,
          "max" : 0,
          "mean" : 0.000000,
          "stddev" : 0.000000,
          "N" : 0
        },
        "clat_ns" : {
          "min" : 0,
          "max" : 0,
          "mean" : 0.000000,
          "stddev" : 0.000000,
          "N" : 0
        },
        "lat_ns" : {
          "min" : 0,
          "max" : 0,
          "mean" : 0.000000,
          "stddev" : 0.000000,
          "N" : 0
        },
        "bw_min" : 0,
        "bw_max" : 0,
        "bw_agg" : 0.000000,
        "bw_mean" : 0.000000,
        "bw_dev" : 0.000000,
        "bw_samples" : 0,
        "iops_min" : 0,
        "iops_max" : 0,
        "iops_mean" : 0.000000,
        "iops_stddev" : 0.000000,
        "iops_samples" : 0
      },
      "write" : {
        "io_bytes" : 78925692928,
        "io_kbytes" : 77075872,
        "bw_bytes" : 1315384369,
        "bw" : 1284555,
        "iops" : 80284.690510,
        "runtime" : 60002,
        "total_ios" : 4817242,
        "short_ios" : 0,
        "drop_ios" : 0,
        "slat_ns" : {
          "min" : 0,
          "max" : 0,
          "mean" : 0.000000,
          "stddev" : 0.000000,
          "N" : 0
        },
        "clat_ns" : {
          "min" : 153715,
          "max" : 781614198,
          "mean" : 393780.840089,
          "stddev" : 1744919.954980,
          "N" : 4817242,
          "percentile" : {
            "1.000000" : 236544,
            "5.000000" : 301056,
            "10.000000" : 321536,
            "20.000000" : 329728,
            "30.000000" : 337920,
            "40.000000" : 346112,
            "50.000000" : 350208,
            "60.000000" : 358400,
            "70.000000" : 366592,
            "80.000000" : 374784,
            "90.000000" : 399360,
            "95.000000" : 423936,
            "99.000000" : 489472,
            "99.500000" : 528384,
            "99.900000" : 7569408,
            "99.950000" : 20578304,
            "99.990000" : 82313216
          }
        },
        "lat_ns" : {
          "min" : 153764,
          "max" : 781614259,
          "mean" : 393850.701686,
          "stddev" : 1744919.843835,
          "N" : 4817242,
          "percentile" : {
            "1.000000" : 236544,
            "5.000000" : 305152,
            "10.000000" : 321536,
            "20.000000" : 329728,
            "30.000000" : 337920,
            "40.000000" : 346112,
            "50.000000" : 350208,
            "60.000000" : 358400,
            "70.000000" : 366592,
            "80.000000" : 374784,
            "90.000000" : 399360,
            "95.000000" : 423936,
            "99.000000" : 489472,
            "99.500000" : 528384,
            "99.900000" : 7569408,
            "99.950000" : 20578304,
            "99.990000" : 82313216
          }
        },
        "bw_min" : 70752,
        "bw_max" : 1539744,
        "bw_agg" : 100.000000,
        "bw_mean" : 1288034.790343,
        "bw_dev" : 10440.842111,
        "bw_samples" : 3805,
        "iops_min" : 4422,
        "iops_max" : 96234,
        "iops_mean" : 80502.180174,
        "iops_stddev" : 652.552798,
        "iops_samples" : 3805
      },
      "trim" : {
        "io_bytes" : 0,
        "io_kbytes" : 0,
        "bw_bytes" : 0,
        "bw" : 0,
        "iops" : 0.000000,
        "runtime" : 0,
        "total_ios" : 0,
        "short_ios" : 0,
        "drop_ios" : 0,
        "slat_ns" : {
          "min" : 0,
          "max" : 0,
          "mean" : 0.000000,
          "stddev" : 0.000000,
          "N" : 0
        },
        "clat_ns" : {
          "min" : 0,
          "max" : 0,
          "mean" : 0.000000,
          "stddev" : 0.000000,
          "N" : 0
        },
        "lat_ns" : {
          "min" : 0,
          "max" : 0,
          "mean" : 0.000000,
          "stddev" : 0.000000,
          "N" : 0
        },
        "bw_min" : 0,
        "bw_max" : 0,
        "bw_agg" : 0.000000,
        "bw_mean" : 0.000000,
        "bw_dev" : 0.000000,
        "bw_samples" : 0,
        "iops_min" : 0,
        "iops_max" : 0,
        "iops_mean" : 0.000000,
        "iops_stddev" : 0.000000,
        "iops_samples" : 0
      },
      "sync" : {
        "total_ios" : 0,
        "lat_ns" : {
          "min" : 0,
          "max" : 0,
          "mean" : 0.000000,
          "stddev" : 0.000000,
          "N" : 0
        }
      },
      "job_runtime" : 1920004,
      "usr_cpu" : 1.498018,
      "sys_cpu" : 1.337341,
      "ctx" : 4817866,
      "majf" : 0,
      "minf" : 410,
      "iodepth_level" : {
        "1" : 100.000000,
        "2" : 0.000000,
        "4" : 0.000000,
        "8" : 0.000000,
        "16" : 0.000000,
        "32" : 0.000000,
        ">=64" : 0.000000
      },
      "iodepth_submit" : {
        "0" : 0.000000,
        "4" : 100.000000,
        "8" : 0.000000,
        "16" : 0.000000,
        "32" : 0.000000,
        "64" : 0.000000,
        ">=64" : 0.000000
      },
      "iodepth_complete" : {
        "0" : 0.000000,
        "4" : 100.000000,
        "8" : 0.000000,
        "16" : 0.000000,
        "32" : 0.000000,
        "64" : 0.000000,
        ">=64" : 0.000000
      },
      "latency_ns" : {
        "2" : 0.000000,
        "4" : 0.000000,
        "10" : 0.000000,
        "20" : 0.000000,
        "50" : 0.000000,
        "100" : 0.000000,
        "250" : 0.000000,
        "500" : 0.000000,
        "750" : 0.000000,
        "1000" : 0.000000
      },
      "latency_us" : {
        "2" : 0.000000,
        "4" : 0.000000,
        "10" : 0.000000,
        "20" : 0.000000,
        "50" : 0.000000,
        "100" : 0.000000,
        "250" : 1.637535,
        "500" : 97.597256,
        "750" : 0.533687,
        "1000" : 0.018185
      },
      "latency_ms" : {
        "2" : 0.033235,
        "4" : 0.038009,
        "10" : 0.061404,
        "20" : 0.029851,
        "50" : 0.027215,
        "100" : 0.019077,
        "250" : 0.010000,
        "500" : 0.010000,
        "750" : 0.010000,
        "1000" : 0.010000,
        "2000" : 0.000000,
        ">=2000" : 0.000000
      },
      "latency_depth" : 8,
      "latency_target" : 0,
      "latency_percentile" : 100.000000,
      "latency_window" : 0
    }
  ]
}
