{
  "fio version" : "fio-3.23",
  "timestamp" : 1756987538,
  "timestamp_ms" : 1756987538256,
  "time" : "Thu Sep  4 12:05:38 2025",
  "jobs" : [
    {
      "jobname" : "RandR-2M-32-1",
      "groupid" : 0,
      "error" : 0,
      "eta" : 0,
      "elapsed" : 61,
      "job options" : {
        "name" : "RandR-2M-32-1",
        "numjobs" : "32",
        "runtime" : "60",
        "directory" : "/tmp/e2sar/rgeorge-fio_test-p2r_RandR-2M-32-1",
        "direct" : "1",
        "buffered" : "0",
        "rw" : "randread",
        "unified_rw_reporting" : "0",
        "randrepeat" : "0",
        "bs" : "2M",
        "size" : "128M",
        "ioengine" : "pvsync",
        "iodepth" : "1",
        "lat_percentiles" : "1"
      },
      "read" : {
        "io_bytes" : 168850096128,
        "io_kbytes" : 164892672,
        "bw_bytes" : 2813418023,
        "bw" : 2747478,
        "iops" : 1341.542255,
        "runtime" : 60016,
        "total_ios" : 80514,
        "short_ios" : 0,
        "drop_ios" : 0,
        "slat_ns" : {
          "min" : 0,
          "max" : 0,
          "mean" : 0.000000,
          "stddev" : 0.000000,
          "N" : 0
        },
        "clat_ns" : {
          "min" : 1254361,
          "max" : 598348798,
          "mean" : 23840180.922995,
          "stddev" : 15144676.452986,
          "N" : 80514,
          "percentile" : {
            "1.000000" : 2670592,
            "5.000000" : 19005440,
            "10.000000" : 20840448,
            "20.000000" : 21626880,
            "30.000000" : 21889024,
            "40.000000" : 22151168,
            "50.000000" : 22413312,
            "60.000000" : 22413312,
            "70.000000" : 22675456,
            "80.000000" : 22937600,
            "90.000000" : 23724032,
            "95.000000" : 25296896,
            "99.000000" : 89653248,
            "99.500000" : 120061952,
            "99.900000" : 233832448,
            "99.950000" : 270532608,
            "99.990000" : 367001600
          }
        },
        "lat_ns" : {
          "min" : 1254395,
          "max" : 598348868,
          "mean" : 23840238.039099,
          "stddev" : 15144680.792844,
          "N" : 80514,
          "percentile" : {
            "1.000000" : 2670592,
            "5.000000" : 19005440,
            "10.000000" : 20840448,
            "20.000000" : 21626880,
            "30.000000" : 21889024,
            "40.000000" : 22151168,
            "50.000000" : 22413312,
            "60.000000" : 22413312,
            "70.000000" : 22675456,
            "80.000000" : 22937600,
            "90.000000" : 23724032,
            "95.000000" : 25296896,
            "99.000000" : 89653248,
            "99.500000" : 120061952,
            "99.900000" : 233832448,
            "99.950000" : 270532608,
            "99.990000" : 367001600
          }
        },
        "bw_min" : 741376,
        "bw_max" : 3387392,
        "bw_agg" : 100.000000,
        "bw_mean" : 2749137.722689,
        "bw_dev" : 14778.137342,
        "bw_samples" : 3808,
        "iops_min" : 362,
        "iops_max" : 1654,
        "iops_mean" : 1342.344538,
        "iops_stddev" : 7.216238,
        "iops_samples" : 3808
      },
      "write" : {
        "io_bytes" : 0,
        "io_kbytes" : 0,
        "bw_bytes" : 0,
        "bw" : 0,
        "iops" : 0.000000,
        "runtime" : 0,
        "total_ios" : 0,
        "short_ios" : 0,
        "drop_ios" : 0,
        "slat_ns" : {
          "min" : 0,
          "max" : 0,
          "mean" : 0.000000,
          "stddev" : 0.000000,
          "N" : 0
        },
        "clat_ns" : {
          "min" : 0,
          "max" : 0,
          "mean" : 0.000000,
          "stddev" : 0.000000,
          "N" : 0
        },
        "lat_ns" : {
          "min" : 0,
          "max" : 0,
          "mean" : 0.000000,
          "stddev" : 0.000000,
          "N" : 0
        },
        "bw_min" : 0,
        "bw_max" : 0,
        "bw_agg" : 0.000000,
        "bw_mean" : 0.000000,
        "bw_dev" : 0.000000,
        "bw_samples" : 0,
        "iops_min" : 0,
        "iops_max" : 0,
        "iops_mean" : 0.000000,
        "iops_stddev" : 0.000000,
        "iops_samples" : 0
      },
      "trim" : {
        "io_bytes" : 0,
        "io_kbytes" : 0,
        "bw_bytes" : 0,
        "bw" : 0,
        "iops" : 0.000000,
        "runtime" : 0,
        "total_ios" : 0,
        "short_ios" : 0,
        "drop_ios" : 0,
        "slat_ns" : {
          "min" : 0,
          "max" : 0,
          "mean" : 0.000000,
          "stddev" : 0.000000,
          "N" : 0
        },
        "clat_ns" : {
          "min" : 0,
          "max" : 0,
          "mean" : 0.000000,
          "stddev" : 0.000000,
          "N" : 0
        },
        "lat_ns" : {
          "min" : 0,
          "max" : 0,
          "mean" : 0.000000,
          "stddev" : 0.000000,
          "N" : 0
        },
        "bw_min" : 0,
        "bw_max" : 0,
        "bw_agg" : 0.000000,
        "bw_mean" : 0.000000,
        "bw_dev" : 0.000000,
        "bw_samples" : 0,
        "iops_min" : 0,
        "iops_max" : 0,
        "iops_mean" : 0.000000,
        "iops_stddev" : 0.000000,
        "iops_samples" : 0
      },
      "sync" : {
        "total_ios" : 0,
        "lat_ns" : {
          "min" : 0,
          "max" : 0,
          "mean" : 0.000000,
          "stddev" : 0.000000,
          "N" : 0
        }
      },
      "job_runtime" : 1920311,
      "usr_cpu" : 0.005989,
      "sys_cpu" : 0.160547,
      "ctx" : 161193,
      "majf" : 0,
      "minf" : 16799,
      "iodepth_level" : {
        "1" : 100.000000,
        "2" : 0.000000,
        "4" : 0.000000,
        "8" : 0.000000,
        "16" : 0.000000,
        "32" : 0.000000,
        ">=64" : 0.000000
      },
      "iodepth_submit" : {
        "0" : 0.000000,
        "4" : 100.000000,
        "8" : 0.000000,
        "16" : 0.000000,
        "32" : 0.000000,
        "64" : 0.000000,
        ">=64" : 0.000000
      },
      "iodepth_complete" : {
        "0" : 0.000000,
        "4" : 100.000000,
        "8" : 0.000000,
        "16" : 0.000000,
        "32" : 0.000000,
        "64" : 0.000000,
        ">=64" : 0.000000
      },
      "latency_ns" : {
        "2" : 0.000000,
        "4" : 0.000000,
        "10" : 0.000000,
        "20" : 0.000000,
        "50" : 0.000000,
        "100" : 0.000000,
        "250" : 0.000000,
        "500" : 0.000000,
        "750" : 0.000000,
        "1000" : 0.000000
      },
      "latency_us" : {
        "2" : 0.000000,
        "4" : 0.000000,
        "10" : 0.000000,
        "20" : 0.000000,
        "50" : 0.000000,
        "100" : 0.000000,
        "250" : 0.000000,
        "500" : 0.000000,
        "750" : 0.000000,
        "1000" : 0.000000
      },
      "latency_ms" : {
        "2" : 0.639640,
        "4" : 0.793651,
        "10" : 1.097946,
        "20" : 3.074000,
        "50" : 91.873463,
        "100" : 1.763668,
        "250" : 0.678143,
        "500" : 0.073279,
        "750" : 0.010000,
        "1000" : 0.000000,
        "2000" : 0.000000,
        ">=2000" : 0.000000
      },
      "latency_depth" : 1,
      "latency_target" : 0,
      "latency_percentile" : 100.000000,
      "latency_window" : 0
    }
  ]
}
