{
  "fio version" : "fio-3.23",
  "timestamp" : 1757512982,
  "timestamp_ms" : 1757512982158,
  "time" : "Wed Sep 10 14:03:02 2025",
  "jobs" : [
    {
      "jobname" : "RandWH-4M-32-4",
      "groupid" : 0,
      "error" : 0,
      "eta" : 0,
      "elapsed" : 61,
      "job options" : {
        "name" : "RandWH-4M-32-4",
        "rw" : "randrw",
        "rwmixread" : "20",
        "unified_rw_reporting" : "1",
        "bs" : "4M",
        "numjobs" : "32",
        "iodepth" : "4",
        "runtime" : "60",
        "directory" : "/tmp/e2sar/rgeorge-fio_test-m_RandWH-4M-32-4",
        "direct" : "1",
        "buffered" : "0",
        "randrepeat" : "0",
        "size" : "128M",
        "ioengine" : "pvsync",
        "lat_percentiles" : "1"
      },
      "mixed" : {
        "io_bytes" : 427726733312,
        "io_kbytes" : 417701888,
        "bw_bytes" : 7126284688,
        "bw" : 6959262,
        "iops" : 1699.038670,
        "runtime" : 60021,
        "total_ios" : 101978,
        "short_ios" : 0,
        "drop_ios" : 0,
        "slat_ns" : {
          "min" : 0,
          "max" : 0,
          "mean" : 0.000000,
          "stddev" : 0.000000,
          "N" : 0
        },
        "clat_ns" : {
          "min" : 3042209,
          "max" : 182090995,
          "mean" : 18024100.665310,
          "stddev" : 9883826.675032,
          "N" : 101978,
          "percentile" : {
            "1.000000" : 9371648,
            "5.000000" : 11075584,
            "10.000000" : 12124160,
            "20.000000" : 13303808,
            "30.000000" : 14221312,
            "40.000000" : 15007744,
            "50.000000" : 15794176,
            "60.000000" : 16711680,
            "70.000000" : 17694720,
            "80.000000" : 19005440,
            "90.000000" : 22675456,
            "95.000000" : 34865152,
            "99.000000" : 66322432,
            "99.500000" : 79167488,
            "99.900000" : 103284736,
            "99.950000" : 113770496,
            "99.990000" : 137363456
          }
        },
        "lat_ns" : {
          "min" : 3042279,
          "max" : 182091066,
          "mean" : 18024328.792857,
          "stddev" : 9883798.756243,
          "N" : 101978,
          "percentile" : {
            "1.000000" : 9371648,
            "5.000000" : 11075584,
            "10.000000" : 12124160,
            "20.000000" : 13303808,
            "30.000000" : 14221312,
            "40.000000" : 15007744,
            "50.000000" : 15794176,
            "60.000000" : 16711680,
            "70.000000" : 17694720,
            "80.000000" : 19005440,
            "90.000000" : 22675456,
            "95.000000" : 34865152,
            "99.000000" : 66322432,
            "99.500000" : 79167488,
            "99.900000" : 103284736,
            "99.950000" : 113770496,
            "99.990000" : 137363456
          }
        },
        "bw_min" : 3375104,
        "bw_max" : 10715136,
        "bw_agg" : 100.000000,
        "bw_mean" : 6971647.771970,
        "bw_dev" : 24121.624022,
        "bw_samples" : 7611,
        "iops_min" : 824,
        "iops_max" : 2616,
        "iops_mean" : 1701.903717,
        "iops_stddev" : 5.888660,
        "iops_samples" : 7611
      },
      "job_runtime" : 1920222,
      "usr_cpu" : 4.200348,
      "sys_cpu" : 0.335065,
      "ctx" : 408526,
      "majf" : 0,
      "minf" : 503,
      "iodepth_level" : {
        "1" : 100.000000,
        "2" : 0.000000,
        "4" : 0.000000,
        "8" : 0.000000,
        "16" : 0.000000,
        "32" : 0.000000,
        ">=64" : 0.000000
      },
      "iodepth_submit" : {
        "0" : 0.000000,
        "4" : 100.000000,
        "8" : 0.000000,
        "16" : 0.000000,
        "32" : 0.000000,
        "64" : 0.000000,
        ">=64" : 0.000000
      },
      "iodepth_complete" : {
        "0" : 0.000000,
        "4" : 100.000000,
        "8" : 0.000000,
        "16" : 0.000000,
        "32" : 0.000000,
        "64" : 0.000000,
        ">=64" : 0.000000
      },
      "latency_ns" : {
        "2" : 0.000000,
        "4" : 0.000000,
        "10" : 0.000000,
        "20" : 0.000000,
        "50" : 0.000000,
        "100" : 0.000000,
        "250" : 0.000000,
        "500" : 0.000000,
        "750" : 0.000000,
        "1000" : 0.000000
      },
      "latency_us" : {
        "2" : 0.000000,
        "4" : 0.000000,
        "10" : 0.000000,
        "20" : 0.000000,
        "50" : 0.000000,
        "100" : 0.000000,
        "250" : 0.000000,
        "500" : 0.000000,
        "750" : 0.000000,
        "1000" : 0.000000
      },
      "latency_ms" : {
        "2" : 0.000000,
        "4" : 0.010000,
        "10" : 1.870011,
        "20" : 82.478574,
        "50" : 13.380337,
        "100" : 2.140658,
        "250" : 0.121595,
        "500" : 0.000000,
        "750" : 0.000000,
        "1000" : 0.000000,
        "2000" : 0.000000,
        ">=2000" : 0.000000
      },
      "latency_depth" : 4,
      "latency_target" : 0,
      "latency_percentile" : 100.000000,
      "latency_window" : 0
    }
  ]
}
