{
  "fio version" : "fio-3.23",
  "timestamp" : 1757185789,
  "timestamp_ms" : 1757185789769,
  "time" : "Sat Sep  6 19:09:49 2025",
  "jobs" : [
    {
      "jobname" : "SeqRH-4K-128-8",
      "groupid" : 0,
      "error" : 0,
      "eta" : 0,
      "elapsed" : 62,
      "job options" : {
        "name" : "SeqRH-4K-128-8",
        "numjobs" : "128",
        "runtime" : "60",
        "directory" : "/tmp/e2sar/rgeorge-fio_test-p4s_SeqRH-4K-128-8",
        "direct" : "1",
        "buffered" : "0",
        "rw" : "rw",
        "rwmixread" : "80",
        "unified_rw_reporting" : "1",
        "randrepeat" : "0",
        "bs" : "4K",
        "size" : "128M",
        "ioengine" : "pvsync",
        "iodepth" : "8",
        "lat_percentiles" : "1"
      },
      "mixed" : {
        "io_bytes" : 10711060480,
        "io_kbytes" : 10460020,
        "bw_bytes" : 178499824,
        "bw" : 174316,
        "iops" : 43579.058761,
        "runtime" : 60006,
        "total_ios" : 2615005,
        "short_ios" : 0,
        "drop_ios" : 0,
        "slat_ns" : {
          "min" : 0,
          "max" : 0,
          "mean" : 0.000000,
          "stddev" : 0.000000,
          "N" : 0
        },
        "clat_ns" : {
          "min" : 139412,
          "max" : 618037935,
          "mean" : 2919961.814750,
          "stddev" : 9924537.594454,
          "N" : 2615005,
          "percentile" : {
            "1.000000" : 1515520,
            "5.000000" : 1843200,
            "10.000000" : 2056192,
            "20.000000" : 2310144,
            "30.000000" : 2506752,
            "40.000000" : 2605056,
            "50.000000" : 2670592,
            "60.000000" : 2736128,
            "70.000000" : 2768896,
            "80.000000" : 2801664,
            "90.000000" : 2867200,
            "95.000000" : 2932736,
            "99.000000" : 4620288,
            "99.500000" : 9240576,
            "99.900000" : 77070336,
            "99.950000" : 283115520,
            "99.990000" : 484442112
          }
        },
        "lat_ns" : {
          "min" : 139449,
          "max" : 618037991,
          "mean" : 2920030.160882,
          "stddev" : 9924538.147428,
          "N" : 2615005,
          "percentile" : {
            "1.000000" : 1515520,
            "5.000000" : 1843200,
            "10.000000" : 2056192,
            "20.000000" : 2310144,
            "30.000000" : 2506752,
            "40.000000" : 2605056,
            "50.000000" : 2670592,
            "60.000000" : 2736128,
            "70.000000" : 2768896,
            "80.000000" : 2801664,
            "90.000000" : 2867200,
            "95.000000" : 2932736,
            "99.000000" : 4620288,
            "99.500000" : 9240576,
            "99.900000" : 77070336,
            "99.950000" : 283115520,
            "99.990000" : 484442112
          }
        },
        "bw_min" : 4983,
        "bw_max" : 321734,
        "bw_agg" : 100.000000,
        "bw_mean" : 176703.072552,
        "bw_dev" : 269.485363,
        "bw_samples" : 29752,
        "iops_min" : 1245,
        "iops_max" : 80433,
        "iops_mean" : 44175.724933,
        "iops_stddev" : 67.371471,
        "iops_samples" : 29752
      },
      "job_runtime" : 7680158,
      "usr_cpu" : 0.076691,
      "sys_cpu" : 0.191298,
      "ctx" : 2615944,
      "majf" : 0,
      "minf" : 2423,
      "iodepth_level" : {
        "1" : 100.000000,
        "2" : 0.000000,
        "4" : 0.000000,
        "8" : 0.000000,
        "16" : 0.000000,
        "32" : 0.000000,
        ">=64" : 0.000000
      },
      "iodepth_submit" : {
        "0" : 0.000000,
        "4" : 100.000000,
        "8" : 0.000000,
        "16" : 0.000000,
        "32" : 0.000000,
        "64" : 0.000000,
        ">=64" : 0.000000
      },
      "iodepth_complete" : {
        "0" : 0.000000,
        "4" : 100.000000,
        "8" : 0.000000,
        "16" : 0.000000,
        "32" : 0.000000,
        "64" : 0.000000,
        ">=64" : 0.000000
      },
      "latency_ns" : {
        "2" : 0.000000,
        "4" : 0.000000,
        "10" : 0.000000,
        "20" : 0.000000,
        "50" : 0.000000,
        "100" : 0.000000,
        "250" : 0.000000,
        "500" : 0.000000,
        "750" : 0.000000,
        "1000" : 0.000000
      },
      "latency_us" : {
        "2" : 0.000000,
        "4" : 0.000000,
        "10" : 0.000000,
        "20" : 0.000000,
        "50" : 0.000000,
        "100" : 0.000000,
        "250" : 0.022600,
        "500" : 0.072772,
        "750" : 0.085315,
        "1000" : 0.097476
      },
      "latency_ms" : {
        "2" : 8.140711,
        "4" : 90.451185,
        "10" : 0.680152,
        "20" : 0.213613,
        "50" : 0.104206,
        "100" : 0.056023,
        "250" : 0.024130,
        "500" : 0.049216,
        "750" : 0.010000,
        "1000" : 0.000000,
        "2000" : 0.000000,
        ">=2000" : 0.000000
      },
      "latency_depth" : 8,
      "latency_target" : 0,
      "latency_percentile" : 100.000000,
      "latency_window" : 0
    }
  ]
}
