{
  "fio version" : "fio-3.23",
  "timestamp" : 1757447484,
  "timestamp_ms" : 1757447484614,
  "time" : "Tue Sep  9 19:51:24 2025",
  "jobs" : [
    {
      "jobname" : "RandW-16K-16-4",
      "groupid" : 0,
      "error" : 0,
      "eta" : 0,
      "elapsed" : 61,
      "job options" : {
        "name" : "RandW-16K-16-4",
        "rw" : "randwrite",
        "unified_rw_reporting" : "0",
        "bs" : "16K",
        "numjobs" : "16",
        "iodepth" : "4",
        "runtime" : "60",
        "directory" : "/tmp/e2sar/rgeorge-fio_test-m_RandW-16K-16-4",
        "direct" : "1",
        "buffered" : "0",
        "randrepeat" : "0",
        "size" : "128M",
        "ioengine" : "pvsync",
        "lat_percentiles" : "1"
      },
      "read" : {
        "io_bytes" : 0,
        "io_kbytes" : 0,
        "bw_bytes" : 0,
        "bw" : 0,
        "iops" : 0.000000,
        "runtime" : 0,
        "total_ios" : 0,
        "short_ios" : 0,
        "drop_ios" : 0,
        "slat_ns" : {
          "min" : 0,
          "max" : 0,
          "mean" : 0.000000,
          "stddev" : 0.000000,
          "N" : 0
        },
        "clat_ns" : {
          "min" : 0,
          "max" : 0,
          "mean" : 0.000000,
          "stddev" : 0.000000,
          "N" : 0
        },
        "lat_ns" : {
          "min" : 0,
          "max" : 0,
          "mean" : 0.000000,
          "stddev" : 0.000000,
          "N" : 0
        },
        "bw_min" : 0,
        "bw_max" : 0,
        "bw_agg" : 0.000000,
        "bw_mean" : 0.000000,
        "bw_dev" : 0.000000,
        "bw_samples" : 0,
        "iops_min" : 0,
        "iops_max" : 0,
        "iops_mean" : 0.000000,
        "iops_stddev" : 0.000000,
        "iops_samples" : 0
      },
      "write" : {
        "io_bytes" : 59201830912,
        "io_kbytes" : 57814288,
        "bw_bytes" : 986680737,
        "bw" : 963555,
        "iops" : 60222.212963,
        "runtime" : 60001,
        "total_ios" : 3613393,
        "short_ios" : 0,
        "drop_ios" : 0,
        "slat_ns" : {
          "min" : 0,
          "max" : 0,
          "mean" : 0.000000,
          "stddev" : 0.000000,
          "N" : 0
        },
        "clat_ns" : {
          "min" : 147158,
          "max" : 40603029,
          "mean" : 261525.291796,
          "stddev" : 148910.163130,
          "N" : 3613393,
          "percentile" : {
            "1.000000" : 195584,
            "5.000000" : 211968,
            "10.000000" : 220160,
            "20.000000" : 232448,
            "30.000000" : 242688,
            "40.000000" : 250880,
            "50.000000" : 259072,
            "60.000000" : 268288,
            "70.000000" : 276480,
            "80.000000" : 284672,
            "90.000000" : 301056,
            "95.000000" : 313344,
            "99.000000" : 346112,
            "99.500000" : 362496,
            "99.900000" : 436224,
            "99.950000" : 501760,
            "99.990000" : 2441216
          }
        },
        "lat_ns" : {
          "min" : 147211,
          "max" : 40603069,
          "mean" : 261595.033735,
          "stddev" : 148910.807044,
          "N" : 3613393,
          "percentile" : {
            "1.000000" : 195584,
            "5.000000" : 211968,
            "10.000000" : 220160,
            "20.000000" : 232448,
            "30.000000" : 242688,
            "40.000000" : 250880,
            "50.000000" : 259072,
            "60.000000" : 268288,
            "70.000000" : 276480,
            "80.000000" : 284672,
            "90.000000" : 301056,
            "95.000000" : 313344,
            "99.000000" : 346112,
            "99.500000" : 362496,
            "99.900000" : 436224,
            "99.950000" : 501760,
            "99.990000" : 2441216
          }
        },
        "bw_min" : 830744,
        "bw_max" : 1011040,
        "bw_agg" : 100.000000,
        "bw_mean" : 964832.126050,
        "bw_dev" : 2191.321753,
        "bw_samples" : 1904,
        "iops_min" : 51921,
        "iops_max" : 63190,
        "iops_mean" : 60302.000000,
        "iops_stddev" : 136.959493,
        "iops_samples" : 1904
      },
      "trim" : {
        "io_bytes" : 0,
        "io_kbytes" : 0,
        "bw_bytes" : 0,
        "bw" : 0,
        "iops" : 0.000000,
        "runtime" : 0,
        "total_ios" : 0,
        "short_ios" : 0,
        "drop_ios" : 0,
        "slat_ns" : {
          "min" : 0,
          "max" : 0,
          "mean" : 0.000000,
          "stddev" : 0.000000,
          "N" : 0
        },
        "clat_ns" : {
          "min" : 0,
          "max" : 0,
          "mean" : 0.000000,
          "stddev" : 0.000000,
          "N" : 0
        },
        "lat_ns" : {
          "min" : 0,
          "max" : 0,
          "mean" : 0.000000,
          "stddev" : 0.000000,
          "N" : 0
        },
        "bw_min" : 0,
        "bw_max" : 0,
        "bw_agg" : 0.000000,
        "bw_mean" : 0.000000,
        "bw_dev" : 0.000000,
        "bw_samples" : 0,
        "iops_min" : 0,
        "iops_max" : 0,
        "iops_mean" : 0.000000,
        "iops_stddev" : 0.000000,
        "iops_samples" : 0
      },
      "sync" : {
        "total_ios" : 0,
        "lat_ns" : {
          "min" : 0,
          "max" : 0,
          "mean" : 0.000000,
          "stddev" : 0.000000,
          "N" : 0
        }
      },
      "job_runtime" : 960000,
      "usr_cpu" : 1.894583,
      "sys_cpu" : 1.672292,
      "ctx" : 3613519,
      "majf" : 0,
      "minf" : 210,
      "iodepth_level" : {
        "1" : 100.000000,
        "2" : 0.000000,
        "4" : 0.000000,
        "8" : 0.000000,
        "16" : 0.000000,
        "32" : 0.000000,
        ">=64" : 0.000000
      },
      "iodepth_submit" : {
        "0" : 0.000000,
        "4" : 100.000000,
        "8" : 0.000000,
        "16" : 0.000000,
        "32" : 0.000000,
        "64" : 0.000000,
        ">=64" : 0.000000
      },
      "iodepth_complete" : {
        "0" : 0.000000,
        "4" : 100.000000,
        "8" : 0.000000,
        "16" : 0.000000,
        "32" : 0.000000,
        "64" : 0.000000,
        ">=64" : 0.000000
      },
      "latency_ns" : {
        "2" : 0.000000,
        "4" : 0.000000,
        "10" : 0.000000,
        "20" : 0.000000,
        "50" : 0.000000,
        "100" : 0.000000,
        "250" : 0.000000,
        "500" : 0.000000,
        "750" : 0.000000,
        "1000" : 0.000000
      },
      "latency_us" : {
        "2" : 0.000000,
        "4" : 0.000000,
        "10" : 0.000000,
        "20" : 0.000000,
        "50" : 0.000000,
        "100" : 0.000000,
        "250" : 39.300679,
        "500" : 60.649035,
        "750" : 0.021199,
        "1000" : 0.010000
      },
      "latency_ms" : {
        "2" : 0.012232,
        "4" : 0.010000,
        "10" : 0.010000,
        "20" : 0.010000,
        "50" : 0.010000,
        "100" : 0.000000,
        "250" : 0.000000,
        "500" : 0.000000,
        "750" : 0.000000,
        "1000" : 0.000000,
        "2000" : 0.000000,
        ">=2000" : 0.000000
      },
      "latency_depth" : 4,
      "latency_target" : 0,
      "latency_percentile" : 100.000000,
      "latency_window" : 0
    }
  ]
}
