{
  "fio version" : "fio-3.23",
  "timestamp" : 1757464669,
  "timestamp_ms" : 1757464669726,
  "time" : "Wed Sep 10 00:37:49 2025",
  "jobs" : [
    {
      "jobname" : "RandR-2M-128-128",
      "groupid" : 0,
      "error" : 0,
      "eta" : 0,
      "elapsed" : 62,
      "job options" : {
        "name" : "RandR-2M-128-128",
        "rw" : "randread",
        "unified_rw_reporting" : "0",
        "bs" : "2M",
        "numjobs" : "128",
        "iodepth" : "128",
        "runtime" : "60",
        "directory" : "/tmp/e2sar/rgeorge-fio_test-m_RandR-2M-128-128",
        "direct" : "1",
        "buffered" : "0",
        "randrepeat" : "0",
        "size" : "128M",
        "ioengine" : "pvsync",
        "lat_percentiles" : "1"
      },
      "read" : {
        "io_bytes" : 122236698624,
        "io_kbytes" : 119371776,
        "bw_bytes" : 2033888496,
        "bw" : 1986219,
        "iops" : 969.833611,
        "runtime" : 60100,
        "total_ios" : 58287,
        "short_ios" : 0,
        "drop_ios" : 0,
        "slat_ns" : {
          "min" : 0,
          "max" : 0,
          "mean" : 0.000000,
          "stddev" : 0.000000,
          "N" : 0
        },
        "clat_ns" : {
          "min" : 46191733,
          "max" : 254008990,
          "mean" : 131754650.975895,
          "stddev" : 7835550.290556,
          "N" : 58287,
          "percentile" : {
            "1.000000" : 126353408,
            "5.000000" : 128450560,
            "10.000000" : 128450560,
            "20.000000" : 129499136,
            "30.000000" : 129499136,
            "40.000000" : 130547712,
            "50.000000" : 130547712,
            "60.000000" : 131596288,
            "70.000000" : 131596288,
            "80.000000" : 132644864,
            "90.000000" : 133693440,
            "95.000000" : 135266304,
            "99.000000" : 166723584,
            "99.500000" : 198180864,
            "99.900000" : 227540992,
            "99.950000" : 233832448,
            "99.990000" : 240123904
          }
        },
        "lat_ns" : {
          "min" : 46192595,
          "max" : 254009055,
          "mean" : 131754852.470294,
          "stddev" : 7835550.168255,
          "N" : 58287,
          "percentile" : {
            "1.000000" : 126353408,
            "5.000000" : 128450560,
            "10.000000" : 128450560,
            "20.000000" : 129499136,
            "30.000000" : 129499136,
            "40.000000" : 130547712,
            "50.000000" : 130547712,
            "60.000000" : 131596288,
            "70.000000" : 131596288,
            "80.000000" : 132644864,
            "90.000000" : 133693440,
            "95.000000" : 135266304,
            "99.000000" : 166723584,
            "99.500000" : 198180864,
            "99.900000" : 227540992,
            "99.950000" : 233832448,
            "99.990000" : 240123904
          }
        },
        "bw_min" : 1564497,
        "bw_max" : 2097152,
        "bw_agg" : 100.000000,
        "bw_mean" : 1988451.638655,
        "bw_dev" : 1661.775011,
        "bw_samples" : 15232,
        "iops_min" : 757,
        "iops_max" : 1024,
        "iops_mean" : 970.865546,
        "iops_stddev" : 0.812577,
        "iops_samples" : 15232
      },
      "write" : {
        "io_bytes" : 0,
        "io_kbytes" : 0,
        "bw_bytes" : 0,
        "bw" : 0,
        "iops" : 0.000000,
        "runtime" : 0,
        "total_ios" : 0,
        "short_ios" : 0,
        "drop_ios" : 0,
        "slat_ns" : {
          "min" : 0,
          "max" : 0,
          "mean" : 0.000000,
          "stddev" : 0.000000,
          "N" : 0
        },
        "clat_ns" : {
          "min" : 0,
          "max" : 0,
          "mean" : 0.000000,
          "stddev" : 0.000000,
          "N" : 0
        },
        "lat_ns" : {
          "min" : 0,
          "max" : 0,
          "mean" : 0.000000,
          "stddev" : 0.000000,
          "N" : 0
        },
        "bw_min" : 0,
        "bw_max" : 0,
        "bw_agg" : 0.000000,
        "bw_mean" : 0.000000,
        "bw_dev" : 0.000000,
        "bw_samples" : 0,
        "iops_min" : 0,
        "iops_max" : 0,
        "iops_mean" : 0.000000,
        "iops_stddev" : 0.000000,
        "iops_samples" : 0
      },
      "trim" : {
        "io_bytes" : 0,
        "io_kbytes" : 0,
        "bw_bytes" : 0,
        "bw" : 0,
        "iops" : 0.000000,
        "runtime" : 0,
        "total_ios" : 0,
        "short_ios" : 0,
        "drop_ios" : 0,
        "slat_ns" : {
          "min" : 0,
          "max" : 0,
          "mean" : 0.000000,
          "stddev" : 0.000000,
          "N" : 0
        },
        "clat_ns" : {
          "min" : 0,
          "max" : 0,
          "mean" : 0.000000,
          "stddev" : 0.000000,
          "N" : 0
        },
        "lat_ns" : {
          "min" : 0,
          "max" : 0,
          "mean" : 0.000000,
          "stddev" : 0.000000,
          "N" : 0
        },
        "bw_min" : 0,
        "bw_max" : 0,
        "bw_agg" : 0.000000,
        "bw_mean" : 0.000000,
        "bw_dev" : 0.000000,
        "bw_samples" : 0,
        "iops_min" : 0,
        "iops_max" : 0,
        "iops_mean" : 0.000000,
        "iops_stddev" : 0.000000,
        "iops_samples" : 0
      },
      "sync" : {
        "total_ios" : 0,
        "lat_ns" : {
          "min" : 0,
          "max" : 0,
          "mean" : 0.000000,
          "stddev" : 0.000000,
          "N" : 0
        }
      },
      "job_runtime" : 7687474,
      "usr_cpu" : 0.006127,
      "sys_cpu" : 0.043369,
      "ctx" : 117268,
      "majf" : 1,
      "minf" : 63094,
      "iodepth_level" : {
        "1" : 100.000000,
        "2" : 0.000000,
        "4" : 0.000000,
        "8" : 0.000000,
        "16" : 0.000000,
        "32" : 0.000000,
        ">=64" : 0.000000
      },
      "iodepth_submit" : {
        "0" : 0.000000,
        "4" : 100.000000,
        "8" : 0.000000,
        "16" : 0.000000,
        "32" : 0.000000,
        "64" : 0.000000,
        ">=64" : 0.000000
      },
      "iodepth_complete" : {
        "0" : 0.000000,
        "4" : 100.000000,
        "8" : 0.000000,
        "16" : 0.000000,
        "32" : 0.000000,
        "64" : 0.000000,
        ">=64" : 0.000000
      },
      "latency_ns" : {
        "2" : 0.000000,
        "4" : 0.000000,
        "10" : 0.000000,
        "20" : 0.000000,
        "50" : 0.000000,
        "100" : 0.000000,
        "250" : 0.000000,
        "500" : 0.000000,
        "750" : 0.000000,
        "1000" : 0.000000
      },
      "latency_us" : {
        "2" : 0.000000,
        "4" : 0.000000,
        "10" : 0.000000,
        "20" : 0.000000,
        "50" : 0.000000,
        "100" : 0.000000,
        "250" : 0.000000,
        "500" : 0.000000,
        "750" : 0.000000,
        "1000" : 0.000000
      },
      "latency_ms" : {
        "2" : 0.000000,
        "4" : 0.000000,
        "10" : 0.000000,
        "20" : 0.000000,
        "50" : 0.010000,
        "100" : 0.027450,
        "250" : 99.969118,
        "500" : 0.010000,
        "750" : 0.000000,
        "1000" : 0.000000,
        "2000" : 0.000000,
        ">=2000" : 0.000000
      },
      "latency_depth" : 128,
      "latency_target" : 0,
      "latency_percentile" : 100.000000,
      "latency_window" : 0
    }
  ]
}
