{
  "fio version" : "fio-3.23",
  "timestamp" : 1757285296,
  "timestamp_ms" : 1757285296870,
  "time" : "Sun Sep  7 22:48:16 2025",
  "jobs" : [
    {
      "jobname" : "RandRH-4M-128-8",
      "groupid" : 0,
      "error" : 0,
      "eta" : 0,
      "elapsed" : 66,
      "job options" : {
        "name" : "RandRH-4M-128-8",
        "numjobs" : "128",
        "runtime" : "60",
        "directory" : "/tmp/e2sar/rgeorge-fio_test-p4r_RandRH-4M-128-8",
        "direct" : "1",
        "buffered" : "0",
        "rw" : "randrw",
        "rwmixread" : "80",
        "unified_rw_reporting" : "1",
        "randrepeat" : "0",
        "bs" : "4M",
        "size" : "128M",
        "ioengine" : "pvsync",
        "iodepth" : "8",
        "lat_percentiles" : "1"
      },
      "mixed" : {
        "io_bytes" : 150835560448,
        "io_kbytes" : 147300352,
        "bw_bytes" : 2501667835,
        "bw" : 2443034,
        "iops" : 596.444091,
        "runtime" : 60294,
        "total_ios" : 35962,
        "short_ios" : 0,
        "drop_ios" : 0,
        "slat_ns" : {
          "min" : 0,
          "max" : 0,
          "mean" : 0.000000,
          "stddev" : 0.000000,
          "N" : 0
        },
        "clat_ns" : {
          "min" : 13169517,
          "max" : 1816295721,
          "mean" : 212897782.714727,
          "stddev" : 128811658.638669,
          "N" : 35962,
          "percentile" : {
            "1.000000" : 125304832,
            "5.000000" : 156237824,
            "10.000000" : 162529280,
            "20.000000" : 168820736,
            "30.000000" : 170917888,
            "40.000000" : 173015040,
            "50.000000" : 175112192,
            "60.000000" : 177209344,
            "70.000000" : 181403648,
            "80.000000" : 202375168,
            "90.000000" : 291504128,
            "95.000000" : 417333248,
            "99.000000" : 859832320,
            "99.500000" : 1002438656,
            "99.900000" : 1333788672,
            "99.950000" : 1434451968,
            "99.990000" : 1602224128
          }
        },
        "lat_ns" : {
          "min" : 13169732,
          "max" : 1816295861,
          "mean" : 212897977.654441,
          "stddev" : 128811672.902202,
          "N" : 35962,
          "percentile" : {
            "1.000000" : 125304832,
            "5.000000" : 156237824,
            "10.000000" : 162529280,
            "20.000000" : 168820736,
            "30.000000" : 170917888,
            "40.000000" : 173015040,
            "50.000000" : 175112192,
            "60.000000" : 177209344,
            "70.000000" : 181403648,
            "80.000000" : 202375168,
            "90.000000" : 291504128,
            "95.000000" : 417333248,
            "99.000000" : 859832320,
            "99.500000" : 1002438656,
            "99.900000" : 1333788672,
            "99.950000" : 1434451968,
            "99.990000" : 1602224128
          }
        },
        "bw_min" : 2089887,
        "bw_max" : 6660096,
        "bw_agg" : 100.000000,
        "bw_mean" : 3412247.463293,
        "bw_dev" : 5754.501694,
        "bw_samples" : 19918,
        "iops_min" : 481,
        "iops_max" : 1626,
        "iops_mean" : 832.175627,
        "iops_stddev" : 1.406794,
        "iops_samples" : 19918
      },
      "job_runtime" : 7691543,
      "usr_cpu" : 0.073691,
      "sys_cpu" : 0.035520,
      "ctx" : 144757,
      "majf" : 0,
      "minf" : 1783,
      "iodepth_level" : {
        "1" : 100.000000,
        "2" : 0.000000,
        "4" : 0.000000,
        "8" : 0.000000,
        "16" : 0.000000,
        "32" : 0.000000,
        ">=64" : 0.000000
      },
      "iodepth_submit" : {
        "0" : 0.000000,
        "4" : 100.000000,
        "8" : 0.000000,
        "16" : 0.000000,
        "32" : 0.000000,
        "64" : 0.000000,
        ">=64" : 0.000000
      },
      "iodepth_complete" : {
        "0" : 0.000000,
        "4" : 100.000000,
        "8" : 0.000000,
        "16" : 0.000000,
        "32" : 0.000000,
        "64" : 0.000000,
        ">=64" : 0.000000
      },
      "latency_ns" : {
        "2" : 0.000000,
        "4" : 0.000000,
        "10" : 0.000000,
        "20" : 0.000000,
        "50" : 0.000000,
        "100" : 0.000000,
        "250" : 0.000000,
        "500" : 0.000000,
        "750" : 0.000000,
        "1000" : 0.000000
      },
      "latency_us" : {
        "2" : 0.000000,
        "4" : 0.000000,
        "10" : 0.000000,
        "20" : 0.000000,
        "50" : 0.000000,
        "100" : 0.000000,
        "250" : 0.000000,
        "500" : 0.000000,
        "750" : 0.000000,
        "1000" : 0.000000
      },
      "latency_ms" : {
        "2" : 0.000000,
        "4" : 0.000000,
        "10" : 0.000000,
        "20" : 0.061176,
        "50" : 0.308659,
        "100" : 0.378177,
        "250" : 84.981369,
        "500" : 10.711306,
        "750" : 1.929815,
        "1000" : 1.126189,
        "2000" : 0.503309,
        ">=2000" : 0.000000
      },
      "latency_depth" : 8,
      "latency_target" : 0,
      "latency_percentile" : 100.000000,
      "latency_window" : 0
    }
  ]
}
