{
  "fio version" : "fio-3.23",
  "timestamp" : 1757437115,
  "timestamp_ms" : 1757437115486,
  "time" : "Tue Sep  9 16:58:35 2025",
  "jobs" : [
    {
      "jobname" : "RandBal-16K-128-32",
      "groupid" : 0,
      "error" : 0,
      "eta" : 0,
      "elapsed" : 62,
      "job options" : {
        "name" : "RandBal-16K-128-32",
        "rw" : "randrw",
        "unified_rw_reporting" : "1",
        "bs" : "16K",
        "numjobs" : "128",
        "iodepth" : "32",
        "runtime" : "60",
        "directory" : "/tmp/e2sar/rgeorge-fio_test-m_RandBal-16K-128-32",
        "direct" : "1",
        "buffered" : "0",
        "randrepeat" : "0",
        "size" : "128M",
        "ioengine" : "pvsync",
        "lat_percentiles" : "1"
      },
      "mixed" : {
        "io_bytes" : 47562915840,
        "io_kbytes" : 46448160,
        "bw_bytes" : 791936526,
        "bw" : 773375,
        "iops" : 48335.969630,
        "runtime" : 60059,
        "total_ios" : 2903010,
        "short_ios" : 0,
        "drop_ios" : 0,
        "slat_ns" : {
          "min" : 0,
          "max" : 0,
          "mean" : 0.000000,
          "stddev" : 0.000000,
          "N" : 0
        },
        "clat_ns" : {
          "min" : 182022,
          "max" : 304443067,
          "mean" : 2627453.113531,
          "stddev" : 2647933.463119,
          "N" : 2903010,
          "percentile" : {
            "1.000000" : 1302528,
            "5.000000" : 1777664,
            "10.000000" : 1908736,
            "20.000000" : 2088960,
            "30.000000" : 2244608,
            "40.000000" : 2375680,
            "50.000000" : 2473984,
            "60.000000" : 2572288,
            "70.000000" : 2703360,
            "80.000000" : 2801664,
            "90.000000" : 2965504,
            "95.000000" : 3162112,
            "99.000000" : 4816896,
            "99.500000" : 12124160,
            "99.900000" : 47448064,
            "99.950000" : 61079552,
            "99.990000" : 84410368
          }
        },
        "lat_ns" : {
          "min" : 182070,
          "max" : 304443116,
          "mean" : 2627534.108019,
          "stddev" : 2647932.257880,
          "N" : 2903010,
          "percentile" : {
            "1.000000" : 1302528,
            "5.000000" : 1777664,
            "10.000000" : 1908736,
            "20.000000" : 2088960,
            "30.000000" : 2244608,
            "40.000000" : 2375680,
            "50.000000" : 2473984,
            "60.000000" : 2572288,
            "70.000000" : 2703360,
            "80.000000" : 2801664,
            "90.000000" : 2965504,
            "95.000000" : 3162112,
            "99.000000" : 4816896,
            "99.500000" : 12124160,
            "99.900000" : 47448064,
            "99.950000" : 61079552,
            "99.990000" : 84410368
          }
        },
        "bw_min" : 395190,
        "bw_max" : 1358350,
        "bw_agg" : 100.000000,
        "bw_mean" : 776602.446802,
        "bw_dev" : 489.850753,
        "bw_samples" : 30389,
        "iops_min" : 24696,
        "iops_max" : 84896,
        "iops_mean" : 48537.622988,
        "iops_stddev" : 30.616040,
        "iops_samples" : 30389
      },
      "job_runtime" : 7680149,
      "usr_cpu" : 0.151885,
      "sys_cpu" : 0.247782,
      "ctx" : 2903969,
      "majf" : 0,
      "minf" : 2178,
      "iodepth_level" : {
        "1" : 100.000000,
        "2" : 0.000000,
        "4" : 0.000000,
        "8" : 0.000000,
        "16" : 0.000000,
        "32" : 0.000000,
        ">=64" : 0.000000
      },
      "iodepth_submit" : {
        "0" : 0.000000,
        "4" : 100.000000,
        "8" : 0.000000,
        "16" : 0.000000,
        "32" : 0.000000,
        "64" : 0.000000,
        ">=64" : 0.000000
      },
      "iodepth_complete" : {
        "0" : 0.000000,
        "4" : 100.000000,
        "8" : 0.000000,
        "16" : 0.000000,
        "32" : 0.000000,
        "64" : 0.000000,
        ">=64" : 0.000000
      },
      "latency_ns" : {
        "2" : 0.000000,
        "4" : 0.000000,
        "10" : 0.000000,
        "20" : 0.000000,
        "50" : 0.000000,
        "100" : 0.000000,
        "250" : 0.000000,
        "500" : 0.000000,
        "750" : 0.000000,
        "1000" : 0.000000
      },
      "latency_us" : {
        "2" : 0.000000,
        "4" : 0.000000,
        "10" : 0.000000,
        "20" : 0.000000,
        "50" : 0.000000,
        "100" : 0.000000,
        "250" : 0.024285,
        "500" : 0.287770,
        "750" : 0.200792,
        "1000" : 0.165587
      },
      "latency_ms" : {
        "2" : 14.004809,
        "4" : 83.856480,
        "10" : 0.905922,
        "20" : 0.214088,
        "50" : 0.251566,
        "100" : 0.087082,
        "250" : 0.010000,
        "500" : 0.010000,
        "750" : 0.000000,
        "1000" : 0.000000,
        "2000" : 0.000000,
        ">=2000" : 0.000000
      },
      "latency_depth" : 32,
      "latency_target" : 0,
      "latency_percentile" : 100.000000,
      "latency_window" : 0
    }
  ]
}
