{
  "fio version" : "fio-3.23",
  "timestamp" : 1756940607,
  "timestamp_ms" : 1756940607529,
  "time" : "Wed Sep  3 23:03:27 2025",
  "jobs" : [
    {
      "jobname" : "RandRH-4K-16-8",
      "groupid" : 0,
      "error" : 0,
      "eta" : 0,
      "elapsed" : 61,
      "job options" : {
        "name" : "RandRH-4K-16-8",
        "numjobs" : "16",
        "runtime" : "60",
        "directory" : "/tmp/e2sar/rgeorge-fio_test-p1r1_RandRH-4K-16-8",
        "direct" : "1",
        "buffered" : "0",
        "rw" : "randrw",
        "rwmixread" : "80",
        "unified_rw_reporting" : "1",
        "randrepeat" : "0",
        "bs" : "4K",
        "size" : "128M",
        "ioengine" : "pvsync",
        "iodepth" : "8",
        "lat_percentiles" : "1"
      },
      "mixed" : {
        "io_bytes" : 9430966272,
        "io_kbytes" : 9209928,
        "bw_bytes" : 156559143,
        "bw" : 152889,
        "iops" : 38222.447252,
        "runtime" : 60239,
        "total_ios" : 2302482,
        "short_ios" : 0,
        "drop_ios" : 0,
        "slat_ns" : {
          "min" : 0,
          "max" : 0,
          "mean" : 0.000000,
          "stddev" : 0.000000,
          "N" : 0
        },
        "clat_ns" : {
          "min" : 152746,
          "max" : 848968187,
          "mean" : 416314.305914,
          "stddev" : 1866438.404038,
          "N" : 2302482,
          "percentile" : {
            "1.000000" : 240640,
            "5.000000" : 284672,
            "10.000000" : 317440,
            "20.000000" : 342016,
            "30.000000" : 354304,
            "40.000000" : 362496,
            "50.000000" : 366592,
            "60.000000" : 374784,
            "70.000000" : 382976,
            "80.000000" : 391168,
            "90.000000" : 407552,
            "95.000000" : 428032,
            "99.000000" : 536576,
            "99.500000" : 561152,
            "99.900000" : 12517376,
            "99.950000" : 24248320,
            "99.990000" : 84410368
          }
        },
        "lat_ns" : {
          "min" : 152783,
          "max" : 848968218,
          "mean" : 416368.119200,
          "stddev" : 1866438.572641,
          "N" : 2302482,
          "percentile" : {
            "1.000000" : 240640,
            "5.000000" : 284672,
            "10.000000" : 317440,
            "20.000000" : 342016,
            "30.000000" : 354304,
            "40.000000" : 362496,
            "50.000000" : 366592,
            "60.000000" : 374784,
            "70.000000" : 382976,
            "80.000000" : 391168,
            "90.000000" : 407552,
            "95.000000" : 428032,
            "99.000000" : 536576,
            "99.500000" : 561152,
            "99.900000" : 12517376,
            "99.950000" : 24248320,
            "99.990000" : 84410368
          }
        },
        "bw_min" : 11672,
        "bw_max" : 183832,
        "bw_agg" : 100.000000,
        "bw_mean" : 153662.957983,
        "bw_dev" : 1305.881500,
        "bw_samples" : 3808,
        "iops_min" : 2918,
        "iops_max" : 45958,
        "iops_mean" : 38415.731092,
        "iops_stddev" : 326.470371,
        "iops_samples" : 3808
      },
      "job_runtime" : 960718,
      "usr_cpu" : 0.393248,
      "sys_cpu" : 1.237512,
      "ctx" : 2302599,
      "majf" : 0,
      "minf" : 305,
      "iodepth_level" : {
        "1" : 100.000000,
        "2" : 0.000000,
        "4" : 0.000000,
        "8" : 0.000000,
        "16" : 0.000000,
        "32" : 0.000000,
        ">=64" : 0.000000
      },
      "iodepth_submit" : {
        "0" : 0.000000,
        "4" : 100.000000,
        "8" : 0.000000,
        "16" : 0.000000,
        "32" : 0.000000,
        "64" : 0.000000,
        ">=64" : 0.000000
      },
      "iodepth_complete" : {
        "0" : 0.000000,
        "4" : 100.000000,
        "8" : 0.000000,
        "16" : 0.000000,
        "32" : 0.000000,
        "64" : 0.000000,
        ">=64" : 0.000000
      },
      "latency_ns" : {
        "2" : 0.000000,
        "4" : 0.000000,
        "10" : 0.000000,
        "20" : 0.000000,
        "50" : 0.000000,
        "100" : 0.000000,
        "250" : 0.000000,
        "500" : 0.000000,
        "750" : 0.000000,
        "1000" : 0.000000
      },
      "latency_us" : {
        "2" : 0.000000,
        "4" : 0.000000,
        "10" : 0.000000,
        "20" : 0.000000,
        "50" : 0.000000,
        "100" : 0.000000,
        "250" : 1.565441,
        "500" : 96.178645,
        "750" : 1.938517,
        "1000" : 0.017199
      },
      "latency_ms" : {
        "2" : 0.030272,
        "4" : 0.051510,
        "10" : 0.097243,
        "20" : 0.059762,
        "50" : 0.037177,
        "100" : 0.019588,
        "250" : 0.010000,
        "500" : 0.010000,
        "750" : 0.010000,
        "1000" : 0.010000,
        "2000" : 0.000000,
        ">=2000" : 0.000000
      },
      "latency_depth" : 8,
      "latency_target" : 0,
      "latency_percentile" : 100.000000,
      "latency_window" : 0
    }
  ]
}
