{
  "fio version" : "fio-3.23",
  "timestamp" : 1757452040,
  "timestamp_ms" : 1757452040952,
  "time" : "Tue Sep  9 21:07:20 2025",
  "jobs" : [
    {
      "jobname" : "RandR-1M-64-32",
      "groupid" : 0,
      "error" : 0,
      "eta" : 0,
      "elapsed" : 61,
      "job options" : {
        "name" : "RandR-1M-64-32",
        "rw" : "randread",
        "unified_rw_reporting" : "0",
        "bs" : "1M",
        "numjobs" : "64",
        "iodepth" : "32",
        "runtime" : "60",
        "directory" : "/tmp/e2sar/rgeorge-fio_test-m_RandR-1M-64-32",
        "direct" : "1",
        "buffered" : "0",
        "randrepeat" : "0",
        "size" : "128M",
        "ioengine" : "pvsync",
        "lat_percentiles" : "1"
      },
      "read" : {
        "io_bytes" : 189126410240,
        "io_kbytes" : 184693760,
        "bw_bytes" : 3151003985,
        "bw" : 3077152,
        "iops" : 3005.031572,
        "runtime" : 60021,
        "total_ios" : 180365,
        "short_ios" : 0,
        "drop_ios" : 0,
        "slat_ns" : {
          "min" : 0,
          "max" : 0,
          "mean" : 0.000000,
          "stddev" : 0.000000,
          "N" : 0
        },
        "clat_ns" : {
          "min" : 1690254,
          "max" : 111647431,
          "mean" : 21280249.704871,
          "stddev" : 2232966.827922,
          "N" : 180365,
          "percentile" : {
            "1.000000" : 19529728,
            "5.000000" : 20054016,
            "10.000000" : 20316160,
            "20.000000" : 20578304,
            "30.000000" : 20840448,
            "40.000000" : 21102592,
            "50.000000" : 21102592,
            "60.000000" : 21364736,
            "70.000000" : 21626880,
            "80.000000" : 21889024,
            "90.000000" : 22151168,
            "95.000000" : 22413312,
            "99.000000" : 22937600,
            "99.500000" : 23461888,
            "99.900000" : 50593792,
            "99.950000" : 88604672,
            "99.990000" : 98041856
          }
        },
        "lat_ns" : {
          "min" : 1691783,
          "max" : 111647469,
          "mean" : 21280311.523921,
          "stddev" : 2232966.467333,
          "N" : 180365,
          "percentile" : {
            "1.000000" : 19529728,
            "5.000000" : 20054016,
            "10.000000" : 20316160,
            "20.000000" : 20578304,
            "30.000000" : 20840448,
            "40.000000" : 21102592,
            "50.000000" : 21102592,
            "60.000000" : 21364736,
            "70.000000" : 21626880,
            "80.000000" : 21889024,
            "90.000000" : 22151168,
            "95.000000" : 22413312,
            "99.000000" : 22937600,
            "99.500000" : 23461888,
            "99.900000" : 50593792,
            "99.950000" : 88604672,
            "99.990000" : 98041856
          }
        },
        "bw_min" : 2619310,
        "bw_max" : 3215360,
        "bw_agg" : 100.000000,
        "bw_mean" : 3080929.789916,
        "bw_dev" : 1494.526248,
        "bw_samples" : 7616,
        "iops_min" : 2557,
        "iops_max" : 3140,
        "iops_mean" : 3008.697479,
        "iops_stddev" : 1.460554,
        "iops_samples" : 7616
      },
      "write" : {
        "io_bytes" : 0,
        "io_kbytes" : 0,
        "bw_bytes" : 0,
        "bw" : 0,
        "iops" : 0.000000,
        "runtime" : 0,
        "total_ios" : 0,
        "short_ios" : 0,
        "drop_ios" : 0,
        "slat_ns" : {
          "min" : 0,
          "max" : 0,
          "mean" : 0.000000,
          "stddev" : 0.000000,
          "N" : 0
        },
        "clat_ns" : {
          "min" : 0,
          "max" : 0,
          "mean" : 0.000000,
          "stddev" : 0.000000,
          "N" : 0
        },
        "lat_ns" : {
          "min" : 0,
          "max" : 0,
          "mean" : 0.000000,
          "stddev" : 0.000000,
          "N" : 0
        },
        "bw_min" : 0,
        "bw_max" : 0,
        "bw_agg" : 0.000000,
        "bw_mean" : 0.000000,
        "bw_dev" : 0.000000,
        "bw_samples" : 0,
        "iops_min" : 0,
        "iops_max" : 0,
        "iops_mean" : 0.000000,
        "iops_stddev" : 0.000000,
        "iops_samples" : 0
      },
      "trim" : {
        "io_bytes" : 0,
        "io_kbytes" : 0,
        "bw_bytes" : 0,
        "bw" : 0,
        "iops" : 0.000000,
        "runtime" : 0,
        "total_ios" : 0,
        "short_ios" : 0,
        "drop_ios" : 0,
        "slat_ns" : {
          "min" : 0,
          "max" : 0,
          "mean" : 0.000000,
          "stddev" : 0.000000,
          "N" : 0
        },
        "clat_ns" : {
          "min" : 0,
          "max" : 0,
          "mean" : 0.000000,
          "stddev" : 0.000000,
          "N" : 0
        },
        "lat_ns" : {
          "min" : 0,
          "max" : 0,
          "mean" : 0.000000,
          "stddev" : 0.000000,
          "N" : 0
        },
        "bw_min" : 0,
        "bw_max" : 0,
        "bw_agg" : 0.000000,
        "bw_mean" : 0.000000,
        "bw_dev" : 0.000000,
        "bw_samples" : 0,
        "iops_min" : 0,
        "iops_max" : 0,
        "iops_mean" : 0.000000,
        "iops_stddev" : 0.000000,
        "iops_samples" : 0
      },
      "sync" : {
        "total_ios" : 0,
        "lat_ns" : {
          "min" : 0,
          "max" : 0,
          "mean" : 0.000000,
          "stddev" : 0.000000,
          "N" : 0
        }
      },
      "job_runtime" : 3840635,
      "usr_cpu" : 0.007186,
      "sys_cpu" : 0.072957,
      "ctx" : 180690,
      "majf" : 1,
      "minf" : 16982,
      "iodepth_level" : {
        "1" : 100.000000,
        "2" : 0.000000,
        "4" : 0.000000,
        "8" : 0.000000,
        "16" : 0.000000,
        "32" : 0.000000,
        ">=64" : 0.000000
      },
      "iodepth_submit" : {
        "0" : 0.000000,
        "4" : 100.000000,
        "8" : 0.000000,
        "16" : 0.000000,
        "32" : 0.000000,
        "64" : 0.000000,
        ">=64" : 0.000000
      },
      "iodepth_complete" : {
        "0" : 0.000000,
        "4" : 100.000000,
        "8" : 0.000000,
        "16" : 0.000000,
        "32" : 0.000000,
        "64" : 0.000000,
        ">=64" : 0.000000
      },
      "latency_ns" : {
        "2" : 0.000000,
        "4" : 0.000000,
        "10" : 0.000000,
        "20" : 0.000000,
        "50" : 0.000000,
        "100" : 0.000000,
        "250" : 0.000000,
        "500" : 0.000000,
        "750" : 0.000000,
        "1000" : 0.000000
      },
      "latency_us" : {
        "2" : 0.000000,
        "4" : 0.000000,
        "10" : 0.000000,
        "20" : 0.000000,
        "50" : 0.000000,
        "100" : 0.000000,
        "250" : 0.000000,
        "500" : 0.000000,
        "750" : 0.000000,
        "1000" : 0.000000
      },
      "latency_ms" : {
        "2" : 0.010000,
        "4" : 0.000000,
        "10" : 0.010000,
        "20" : 4.637263,
        "50" : 95.259612,
        "100" : 0.094253,
        "250" : 0.010000,
        "500" : 0.000000,
        "750" : 0.000000,
        "1000" : 0.000000,
        "2000" : 0.000000,
        ">=2000" : 0.000000
      },
      "latency_depth" : 32,
      "latency_target" : 0,
      "latency_percentile" : 100.000000,
      "latency_window" : 0
    }
  ]
}
