{
  "fio version" : "fio-3.23",
  "timestamp" : 1756961295,
  "timestamp_ms" : 1756961295618,
  "time" : "Thu Sep  4 04:48:15 2025",
  "jobs" : [
    {
      "jobname" : "SeqBal-4K-16-16",
      "groupid" : 0,
      "error" : 0,
      "eta" : 0,
      "elapsed" : 61,
      "job options" : {
        "name" : "SeqBal-4K-16-16",
        "numjobs" : "16",
        "runtime" : "60",
        "directory" : "/tmp/e2sar/rgeorge-fio_test-p1s_SeqBal-4K-16-16",
        "direct" : "1",
        "buffered" : "0",
        "rw" : "rw",
        "unified_rw_reporting" : "1",
        "randrepeat" : "0",
        "bs" : "4K",
        "size" : "128M",
        "ioengine" : "pvsync",
        "iodepth" : "16",
        "lat_percentiles" : "1"
      },
      "mixed" : {
        "io_bytes" : 14018514944,
        "io_kbytes" : 13689956,
        "bw_bytes" : 233638021,
        "bw" : 228162,
        "iops" : 57040.532658,
        "runtime" : 60001,
        "total_ios" : 3422489,
        "short_ios" : 0,
        "drop_ios" : 0,
        "slat_ns" : {
          "min" : 0,
          "max" : 0,
          "mean" : 0.000000,
          "stddev" : 0.000000,
          "N" : 0
        },
        "clat_ns" : {
          "min" : 118336,
          "max" : 974800434,
          "mean" : 279328.676658,
          "stddev" : 1208103.382441,
          "N" : 3422489,
          "percentile" : {
            "1.000000" : 150528,
            "5.000000" : 175104,
            "10.000000" : 195584,
            "20.000000" : 224256,
            "30.000000" : 240640,
            "40.000000" : 252928,
            "50.000000" : 264192,
            "60.000000" : 276480,
            "70.000000" : 284672,
            "80.000000" : 301056,
            "90.000000" : 321536,
            "95.000000" : 346112,
            "99.000000" : 403456,
            "99.500000" : 428032,
            "99.900000" : 552960,
            "99.950000" : 5406720,
            "99.990000" : 44826624
          }
        },
        "lat_ns" : {
          "min" : 118380,
          "max" : 974800480,
          "mean" : 279376.923485,
          "stddev" : 1208103.405892,
          "N" : 3422489,
          "percentile" : {
            "1.000000" : 150528,
            "5.000000" : 175104,
            "10.000000" : 195584,
            "20.000000" : 224256,
            "30.000000" : 240640,
            "40.000000" : 252928,
            "50.000000" : 264192,
            "60.000000" : 276480,
            "70.000000" : 284672,
            "80.000000" : 301056,
            "90.000000" : 321536,
            "95.000000" : 346112,
            "99.000000" : 407552,
            "99.500000" : 428032,
            "99.900000" : 552960,
            "99.950000" : 5406720,
            "99.990000" : 44826624
          }
        },
        "bw_min" : 92136,
        "bw_max" : 263528,
        "bw_agg" : 100.000000,
        "bw_mean" : 228490.382851,
        "bw_dev" : 861.398573,
        "bw_samples" : 3806,
        "iops_min" : 23034,
        "iops_max" : 65882,
        "iops_mean" : 57122.583108,
        "iops_stddev" : 215.350016,
        "iops_samples" : 3806
      },
      "job_runtime" : 960000,
      "usr_cpu" : 0.704271,
      "sys_cpu" : 1.573125,
      "ctx" : 3422610,
      "majf" : 0,
      "minf" : 338,
      "iodepth_level" : {
        "1" : 100.000000,
        "2" : 0.000000,
        "4" : 0.000000,
        "8" : 0.000000,
        "16" : 0.000000,
        "32" : 0.000000,
        ">=64" : 0.000000
      },
      "iodepth_submit" : {
        "0" : 0.000000,
        "4" : 100.000000,
        "8" : 0.000000,
        "16" : 0.000000,
        "32" : 0.000000,
        "64" : 0.000000,
        ">=64" : 0.000000
      },
      "iodepth_complete" : {
        "0" : 0.000000,
        "4" : 100.000000,
        "8" : 0.000000,
        "16" : 0.000000,
        "32" : 0.000000,
        "64" : 0.000000,
        ">=64" : 0.000000
      },
      "latency_ns" : {
        "2" : 0.000000,
        "4" : 0.000000,
        "10" : 0.000000,
        "20" : 0.000000,
        "50" : 0.000000,
        "100" : 0.000000,
        "250" : 0.000000,
        "500" : 0.000000,
        "750" : 0.000000,
        "1000" : 0.000000
      },
      "latency_us" : {
        "2" : 0.000000,
        "4" : 0.000000,
        "10" : 0.000000,
        "20" : 0.000000,
        "50" : 0.000000,
        "100" : 0.000000,
        "250" : 36.991353,
        "500" : 62.876579,
        "750" : 0.047363,
        "1000" : 0.010000
      },
      "latency_ms" : {
        "2" : 0.010000,
        "4" : 0.012067,
        "10" : 0.025625,
        "20" : 0.014113,
        "50" : 0.010000,
        "100" : 0.010000,
        "250" : 0.010000,
        "500" : 0.010000,
        "750" : 0.010000,
        "1000" : 0.010000,
        "2000" : 0.000000,
        ">=2000" : 0.000000
      },
      "latency_depth" : 16,
      "latency_target" : 0,
      "latency_percentile" : 100.000000,
      "latency_window" : 0
    }
  ]
}
