{
  "fio version" : "fio-3.23",
  "timestamp" : 1757217022,
  "timestamp_ms" : 1757217022509,
  "time" : "Sun Sep  7 03:50:22 2025",
  "jobs" : [
    {
      "jobname" : "SeqWH-2M-64-64",
      "groupid" : 0,
      "error" : 0,
      "eta" : 0,
      "elapsed" : 62,
      "job options" : {
        "name" : "SeqWH-2M-64-64",
        "numjobs" : "64",
        "runtime" : "60",
        "directory" : "/tmp/e2sar/rgeorge-fio_test-p3s_SeqWH-2M-64-64",
        "direct" : "1",
        "buffered" : "0",
        "rw" : "rw",
        "rwmixread" : "20",
        "unified_rw_reporting" : "1",
        "randrepeat" : "0",
        "bs" : "2M",
        "size" : "128M",
        "ioengine" : "pvsync",
        "iodepth" : "64",
        "lat_percentiles" : "1"
      },
      "mixed" : {
        "io_bytes" : 282142441472,
        "io_kbytes" : 275529728,
        "bw_bytes" : 4700728769,
        "bw" : 4590555,
        "iops" : 2241.482148,
        "runtime" : 60021,
        "total_ios" : 134536,
        "short_ios" : 0,
        "drop_ios" : 0,
        "slat_ns" : {
          "min" : 0,
          "max" : 0,
          "mean" : 0.000000,
          "stddev" : 0.000000,
          "N" : 0
        },
        "clat_ns" : {
          "min" : 2259784,
          "max" : 1815966863,
          "mean" : 28112233.886595,
          "stddev" : 58160087.478016,
          "N" : 134536,
          "percentile" : {
            "1.000000" : 3981312,
            "5.000000" : 8978432,
            "10.000000" : 12517376,
            "20.000000" : 15794176,
            "30.000000" : 17432576,
            "40.000000" : 18743296,
            "50.000000" : 20054016,
            "60.000000" : 21102592,
            "70.000000" : 22675456,
            "80.000000" : 24772608,
            "90.000000" : 31588352,
            "95.000000" : 42205184,
            "99.000000" : 337641472,
            "99.500000" : 471859200,
            "99.900000" : 834666496,
            "99.950000" : 935329792,
            "99.990000" : 1216348160
          }
        },
        "lat_ns" : {
          "min" : 2260078,
          "max" : 1815966886,
          "mean" : 28112488.341217,
          "stddev" : 58160089.269976,
          "N" : 134536,
          "percentile" : {
            "1.000000" : 3981312,
            "5.000000" : 8978432,
            "10.000000" : 12517376,
            "20.000000" : 15794176,
            "30.000000" : 17432576,
            "40.000000" : 18743296,
            "50.000000" : 20054016,
            "60.000000" : 21102592,
            "70.000000" : 22675456,
            "80.000000" : 24772608,
            "90.000000" : 31588352,
            "95.000000" : 42205184,
            "99.000000" : 337641472,
            "99.500000" : 471859200,
            "99.900000" : 834666496,
            "99.950000" : 935329792,
            "99.990000" : 1216348160
          }
        },
        "bw_min" : 523919,
        "bw_max" : 11300487,
        "bw_agg" : 100.000000,
        "bw_mean" : 4858026.660713,
        "bw_dev" : 21489.857607,
        "bw_samples" : 13947,
        "iops_min" : 215,
        "iops_max" : 5517,
        "iops_mean" : 2370.995083,
        "iops_stddev" : 10.504981,
        "iops_samples" : 13947
      },
      "job_runtime" : 3840305,
      "usr_cpu" : 1.439964,
      "sys_cpu" : 0.200192,
      "ctx" : 272377,
      "majf" : 0,
      "minf" : 1201,
      "iodepth_level" : {
        "1" : 100.000000,
        "2" : 0.000000,
        "4" : 0.000000,
        "8" : 0.000000,
        "16" : 0.000000,
        "32" : 0.000000,
        ">=64" : 0.000000
      },
      "iodepth_submit" : {
        "0" : 0.000000,
        "4" : 100.000000,
        "8" : 0.000000,
        "16" : 0.000000,
        "32" : 0.000000,
        "64" : 0.000000,
        ">=64" : 0.000000
      },
      "iodepth_complete" : {
        "0" : 0.000000,
        "4" : 100.000000,
        "8" : 0.000000,
        "16" : 0.000000,
        "32" : 0.000000,
        "64" : 0.000000,
        ">=64" : 0.000000
      },
      "latency_ns" : {
        "2" : 0.000000,
        "4" : 0.000000,
        "10" : 0.000000,
        "20" : 0.000000,
        "50" : 0.000000,
        "100" : 0.000000,
        "250" : 0.000000,
        "500" : 0.000000,
        "750" : 0.000000,
        "1000" : 0.000000
      },
      "latency_us" : {
        "2" : 0.000000,
        "4" : 0.000000,
        "10" : 0.000000,
        "20" : 0.000000,
        "50" : 0.000000,
        "100" : 0.000000,
        "250" : 0.000000,
        "500" : 0.000000,
        "750" : 0.000000,
        "1000" : 0.000000
      },
      "latency_ms" : {
        "2" : 0.000000,
        "4" : 1.016085,
        "10" : 5.245436,
        "20" : 44.002349,
        "50" : 45.703009,
        "100" : 1.662009,
        "250" : 1.080752,
        "500" : 0.943242,
        "750" : 0.213326,
        "1000" : 0.102575,
        "2000" : 0.031218,
        ">=2000" : 0.000000
      },
      "latency_depth" : 64,
      "latency_target" : 0,
      "latency_percentile" : 100.000000,
      "latency_window" : 0
    }
  ]
}
