{
  "fio version" : "fio-3.23",
  "timestamp" : 1757215139,
  "timestamp_ms" : 1757215139693,
  "time" : "Sun Sep  7 03:18:59 2025",
  "jobs" : [
    {
      "jobname" : "SeqW-4M-64-32",
      "groupid" : 0,
      "error" : 0,
      "eta" : 0,
      "elapsed" : 61,
      "job options" : {
        "name" : "SeqW-4M-64-32",
        "numjobs" : "64",
        "runtime" : "60",
        "directory" : "/tmp/e2sar/rgeorge-fio_test-p3s_SeqW-4M-64-32",
        "direct" : "1",
        "buffered" : "0",
        "rw" : "write",
        "unified_rw_reporting" : "0",
        "randrepeat" : "0",
        "bs" : "4M",
        "size" : "128M",
        "ioengine" : "pvsync",
        "iodepth" : "32",
        "lat_percentiles" : "1"
      },
      "read" : {
        "io_bytes" : 0,
        "io_kbytes" : 0,
        "bw_bytes" : 0,
        "bw" : 0,
        "iops" : 0.000000,
        "runtime" : 0,
        "total_ios" : 0,
        "short_ios" : 0,
        "drop_ios" : 0,
        "slat_ns" : {
          "min" : 0,
          "max" : 0,
          "mean" : 0.000000,
          "stddev" : 0.000000,
          "N" : 0
        },
        "clat_ns" : {
          "min" : 0,
          "max" : 0,
          "mean" : 0.000000,
          "stddev" : 0.000000,
          "N" : 0
        },
        "lat_ns" : {
          "min" : 0,
          "max" : 0,
          "mean" : 0.000000,
          "stddev" : 0.000000,
          "N" : 0
        },
        "bw_min" : 0,
        "bw_max" : 0,
        "bw_agg" : 0.000000,
        "bw_mean" : 0.000000,
        "bw_dev" : 0.000000,
        "bw_samples" : 0,
        "iops_min" : 0,
        "iops_max" : 0,
        "iops_mean" : 0.000000,
        "iops_stddev" : 0.000000,
        "iops_samples" : 0
      },
      "write" : {
        "io_bytes" : 570328875008,
        "io_kbytes" : 556961792,
        "bw_bytes" : 9492982156,
        "bw" : 9270490,
        "iops" : 2263.303317,
        "runtime" : 60079,
        "total_ios" : 135977,
        "short_ios" : 0,
        "drop_ios" : 0,
        "slat_ns" : {
          "min" : 0,
          "max" : 0,
          "mean" : 0.000000,
          "stddev" : 0.000000,
          "N" : 0
        },
        "clat_ns" : {
          "min" : 4305327,
          "max" : 1560097562,
          "mean" : 27026736.223236,
          "stddev" : 61690955.284951,
          "N" : 135977,
          "percentile" : {
            "1.000000" : 5406720,
            "5.000000" : 6193152,
            "10.000000" : 10289152,
            "20.000000" : 15269888,
            "30.000000" : 16711680,
            "40.000000" : 17694720,
            "50.000000" : 18481152,
            "60.000000" : 19267584,
            "70.000000" : 20054016,
            "80.000000" : 21102592,
            "90.000000" : 22675456,
            "95.000000" : 36962304,
            "99.000000" : 383778816,
            "99.500000" : 476053504,
            "99.900000" : 843055104,
            "99.950000" : 952107008,
            "99.990000" : 1115684864
          }
        },
        "lat_ns" : {
          "min" : 4305554,
          "max" : 1560098107,
          "mean" : 27027156.523243,
          "stddev" : 61690955.690278,
          "N" : 135977,
          "percentile" : {
            "1.000000" : 5406720,
            "5.000000" : 6193152,
            "10.000000" : 10289152,
            "20.000000" : 15269888,
            "30.000000" : 16711680,
            "40.000000" : 17694720,
            "50.000000" : 18481152,
            "60.000000" : 19267584,
            "70.000000" : 20054016,
            "80.000000" : 21102592,
            "90.000000" : 22675456,
            "95.000000" : 36962304,
            "99.000000" : 383778816,
            "99.500000" : 476053504,
            "99.900000" : 843055104,
            "99.950000" : 952107008,
            "99.990000" : 1115684864
          }
        },
        "bw_min" : 524186,
        "bw_max" : 20875878,
        "bw_agg" : 100.000000,
        "bw_mean" : 9540190.024725,
        "bw_dev" : 81315.242962,
        "bw_samples" : 7392,
        "iops_min" : 122,
        "iops_max" : 5091,
        "iops_mean" : 2324.755584,
        "iops_stddev" : 19.834308,
        "iops_samples" : 7392
      },
      "trim" : {
        "io_bytes" : 0,
        "io_kbytes" : 0,
        "bw_bytes" : 0,
        "bw" : 0,
        "iops" : 0.000000,
        "runtime" : 0,
        "total_ios" : 0,
        "short_ios" : 0,
        "drop_ios" : 0,
        "slat_ns" : {
          "min" : 0,
          "max" : 0,
          "mean" : 0.000000,
          "stddev" : 0.000000,
          "N" : 0
        },
        "clat_ns" : {
          "min" : 0,
          "max" : 0,
          "mean" : 0.000000,
          "stddev" : 0.000000,
          "N" : 0
        },
        "lat_ns" : {
          "min" : 0,
          "max" : 0,
          "mean" : 0.000000,
          "stddev" : 0.000000,
          "N" : 0
        },
        "bw_min" : 0,
        "bw_max" : 0,
        "bw_agg" : 0.000000,
        "bw_mean" : 0.000000,
        "bw_dev" : 0.000000,
        "bw_samples" : 0,
        "iops_min" : 0,
        "iops_max" : 0,
        "iops_mean" : 0.000000,
        "iops_stddev" : 0.000000,
        "iops_samples" : 0
      },
      "sync" : {
        "total_ios" : 0,
        "lat_ns" : {
          "min" : 0,
          "max" : 0,
          "mean" : 0.000000,
          "stddev" : 0.000000,
          "N" : 0
        }
      },
      "job_runtime" : 3840613,
      "usr_cpu" : 4.126815,
      "sys_cpu" : 0.394286,
      "ctx" : 551814,
      "majf" : 0,
      "minf" : 783,
      "iodepth_level" : {
        "1" : 100.000000,
        "2" : 0.000000,
        "4" : 0.000000,
        "8" : 0.000000,
        "16" : 0.000000,
        "32" : 0.000000,
        ">=64" : 0.000000
      },
      "iodepth_submit" : {
        "0" : 0.000000,
        "4" : 100.000000,
        "8" : 0.000000,
        "16" : 0.000000,
        "32" : 0.000000,
        "64" : 0.000000,
        ">=64" : 0.000000
      },
      "iodepth_complete" : {
        "0" : 0.000000,
        "4" : 100.000000,
        "8" : 0.000000,
        "16" : 0.000000,
        "32" : 0.000000,
        "64" : 0.000000,
        ">=64" : 0.000000
      },
      "latency_ns" : {
        "2" : 0.000000,
        "4" : 0.000000,
        "10" : 0.000000,
        "20" : 0.000000,
        "50" : 0.000000,
        "100" : 0.000000,
        "250" : 0.000000,
        "500" : 0.000000,
        "750" : 0.000000,
        "1000" : 0.000000
      },
      "latency_us" : {
        "2" : 0.000000,
        "4" : 0.000000,
        "10" : 0.000000,
        "20" : 0.000000,
        "50" : 0.000000,
        "100" : 0.000000,
        "250" : 0.000000,
        "500" : 0.000000,
        "750" : 0.000000,
        "1000" : 0.000000
      },
      "latency_ms" : {
        "2" : 0.000000,
        "4" : 0.000000,
        "10" : 9.720026,
        "20" : 59.137207,
        "50" : 26.788354,
        "100" : 1.475249,
        "250" : 1.315664,
        "500" : 1.243593,
        "750" : 0.172823,
        "1000" : 0.119873,
        "2000" : 0.027210,
        ">=2000" : 0.000000
      },
      "latency_depth" : 32,
      "latency_target" : 0,
      "latency_percentile" : 100.000000,
      "latency_window" : 0
    }
  ]
}
