{
  "fio version" : "fio-3.23",
  "timestamp" : 1757450606,
  "timestamp_ms" : 1757450606822,
  "time" : "Tue Sep  9 20:43:26 2025",
  "jobs" : [
    {
      "jobname" : "SeqWH-1M-64-4",
      "groupid" : 0,
      "error" : 0,
      "eta" : 0,
      "elapsed" : 61,
      "job options" : {
        "name" : "SeqWH-1M-64-4",
        "rw" : "rw",
        "rwmixread" : "20",
        "unified_rw_reporting" : "1",
        "bs" : "1M",
        "numjobs" : "64",
        "iodepth" : "4",
        "runtime" : "60",
        "directory" : "/tmp/e2sar/rgeorge-fio_test-m_SeqWH-1M-64-4",
        "direct" : "1",
        "buffered" : "0",
        "randrepeat" : "0",
        "size" : "128M",
        "ioengine" : "pvsync",
        "lat_percentiles" : "1"
      },
      "mixed" : {
        "io_bytes" : 393897574400,
        "io_kbytes" : 384665600,
        "bw_bytes" : 6562553303,
        "bw" : 6408743,
        "iops" : 6258.538536,
        "runtime" : 60022,
        "total_ios" : 375650,
        "short_ios" : 0,
        "drop_ios" : 0,
        "slat_ns" : {
          "min" : 0,
          "max" : 0,
          "mean" : 0.000000,
          "stddev" : 0.000000,
          "N" : 0
        },
        "clat_ns" : {
          "min" : 868307,
          "max" : 386576796,
          "mean" : 10017612.747715,
          "stddev" : 4825743.510394,
          "N" : 375650,
          "percentile" : {
            "1.000000" : 4816896,
            "5.000000" : 6127616,
            "10.000000" : 6782976,
            "20.000000" : 7569408,
            "30.000000" : 8159232,
            "40.000000" : 8716288,
            "50.000000" : 9240576,
            "60.000000" : 9764864,
            "70.000000" : 10420224,
            "80.000000" : 11468800,
            "90.000000" : 14352384,
            "95.000000" : 16908288,
            "99.000000" : 22675456,
            "99.500000" : 25296896,
            "99.900000" : 80216064,
            "99.950000" : 89653248,
            "99.990000" : 111673344
          }
        },
        "lat_ns" : {
          "min" : 868353,
          "max" : 386576891,
          "mean" : 10017732.826642,
          "stddev" : 4825738.308272,
          "N" : 375650,
          "percentile" : {
            "1.000000" : 4816896,
            "5.000000" : 6127616,
            "10.000000" : 6782976,
            "20.000000" : 7569408,
            "30.000000" : 8159232,
            "40.000000" : 8716288,
            "50.000000" : 9240576,
            "60.000000" : 9764864,
            "70.000000" : 10420224,
            "80.000000" : 11468800,
            "90.000000" : 14352384,
            "95.000000" : 16908288,
            "99.000000" : 22675456,
            "99.500000" : 25296896,
            "99.900000" : 80216064,
            "99.950000" : 89653248,
            "99.990000" : 111673344
          }
        },
        "bw_min" : 3444736,
        "bw_max" : 9887744,
        "bw_agg" : 100.000000,
        "bw_mean" : 6417604.462185,
        "bw_dev" : 8561.566549,
        "bw_samples" : 15232,
        "iops_min" : 3364,
        "iops_max" : 9656,
        "iops_mean" : 6267.176471,
        "iops_stddev" : 8.361016,
        "iops_samples" : 15232
      },
      "job_runtime" : 3840318,
      "usr_cpu" : 1.778499,
      "sys_cpu" : 0.162044,
      "ctx" : 378285,
      "majf" : 0,
      "minf" : 1291,
      "iodepth_level" : {
        "1" : 100.000000,
        "2" : 0.000000,
        "4" : 0.000000,
        "8" : 0.000000,
        "16" : 0.000000,
        "32" : 0.000000,
        ">=64" : 0.000000
      },
      "iodepth_submit" : {
        "0" : 0.000000,
        "4" : 100.000000,
        "8" : 0.000000,
        "16" : 0.000000,
        "32" : 0.000000,
        "64" : 0.000000,
        ">=64" : 0.000000
      },
      "iodepth_complete" : {
        "0" : 0.000000,
        "4" : 100.000000,
        "8" : 0.000000,
        "16" : 0.000000,
        "32" : 0.000000,
        "64" : 0.000000,
        ">=64" : 0.000000
      },
      "latency_ns" : {
        "2" : 0.000000,
        "4" : 0.000000,
        "10" : 0.000000,
        "20" : 0.000000,
        "50" : 0.000000,
        "100" : 0.000000,
        "250" : 0.000000,
        "500" : 0.000000,
        "750" : 0.000000,
        "1000" : 0.000000
      },
      "latency_us" : {
        "2" : 0.000000,
        "4" : 0.000000,
        "10" : 0.000000,
        "20" : 0.000000,
        "50" : 0.000000,
        "100" : 0.000000,
        "250" : 0.000000,
        "500" : 0.000000,
        "750" : 0.000000,
        "1000" : 0.010000
      },
      "latency_ms" : {
        "2" : 0.131239,
        "4" : 0.363370,
        "10" : 63.798216,
        "20" : 33.830693,
        "50" : 1.698922,
        "100" : 0.154133,
        "250" : 0.018634,
        "500" : 0.010000,
        "750" : 0.000000,
        "1000" : 0.000000,
        "2000" : 0.000000,
        ">=2000" : 0.000000
      },
      "latency_depth" : 4,
      "latency_target" : 0,
      "latency_percentile" : 100.000000,
      "latency_window" : 0
    }
  ]
}
