{
  "fio version" : "fio-3.23",
  "timestamp" : 1757438091,
  "timestamp_ms" : 1757438091401,
  "time" : "Tue Sep  9 17:14:51 2025",
  "jobs" : [
    {
      "jobname" : "RandWH-16K-16-4",
      "groupid" : 0,
      "error" : 0,
      "eta" : 0,
      "elapsed" : 61,
      "job options" : {
        "name" : "RandWH-16K-16-4",
        "rw" : "randrw",
        "rwmixread" : "20",
        "unified_rw_reporting" : "1",
        "bs" : "16K",
        "numjobs" : "16",
        "iodepth" : "4",
        "runtime" : "60",
        "directory" : "/tmp/e2sar/rgeorge-fio_test-m_RandWH-16K-16-4",
        "direct" : "1",
        "buffered" : "0",
        "randrepeat" : "0",
        "size" : "128M",
        "ioengine" : "pvsync",
        "lat_percentiles" : "1"
      },
      "mixed" : {
        "io_bytes" : 53394358272,
        "io_kbytes" : 52142928,
        "bw_bytes" : 889891139,
        "bw" : 869034,
        "iops" : 54314.644756,
        "runtime" : 60001,
        "total_ios" : 3258933,
        "short_ios" : 0,
        "drop_ios" : 0,
        "slat_ns" : {
          "min" : 0,
          "max" : 0,
          "mean" : 0.000000,
          "stddev" : 0.000000,
          "N" : 0
        },
        "clat_ns" : {
          "min" : 147160,
          "max" : 151622233,
          "mean" : 291070.036692,
          "stddev" : 285597.453952,
          "N" : 3258933,
          "percentile" : {
            "1.000000" : 199680,
            "5.000000" : 214016,
            "10.000000" : 224256,
            "20.000000" : 236544,
            "30.000000" : 246784,
            "40.000000" : 254976,
            "50.000000" : 264192,
            "60.000000" : 276480,
            "70.000000" : 288768,
            "80.000000" : 309248,
            "90.000000" : 382976,
            "95.000000" : 452608,
            "99.000000" : 634880,
            "99.500000" : 741376,
            "99.900000" : 978944,
            "99.950000" : 1204224,
            "99.990000" : 11862016
          }
        },
        "lat_ns" : {
          "min" : 147208,
          "max" : 151622288,
          "mean" : 291130.459491,
          "stddev" : 285596.046709,
          "N" : 3258933,
          "percentile" : {
            "1.000000" : 199680,
            "5.000000" : 214016,
            "10.000000" : 224256,
            "20.000000" : 236544,
            "30.000000" : 246784,
            "40.000000" : 254976,
            "50.000000" : 264192,
            "60.000000" : 276480,
            "70.000000" : 288768,
            "80.000000" : 309248,
            "90.000000" : 382976,
            "95.000000" : 452608,
            "99.000000" : 634880,
            "99.500000" : 741376,
            "99.900000" : 978944,
            "99.950000" : 1204224,
            "99.990000" : 11862016
          }
        },
        "bw_min" : 709440,
        "bw_max" : 953184,
        "bw_agg" : 100.000000,
        "bw_mean" : 870552.470588,
        "bw_dev" : 1397.926821,
        "bw_samples" : 3808,
        "iops_min" : 44340,
        "iops_max" : 59574,
        "iops_mean" : 54409.529412,
        "iops_stddev" : 87.370426,
        "iops_samples" : 3808
      },
      "job_runtime" : 960000,
      "usr_cpu" : 1.470938,
      "sys_cpu" : 1.471042,
      "ctx" : 3259075,
      "majf" : 0,
      "minf" : 293,
      "iodepth_level" : {
        "1" : 100.000000,
        "2" : 0.000000,
        "4" : 0.000000,
        "8" : 0.000000,
        "16" : 0.000000,
        "32" : 0.000000,
        ">=64" : 0.000000
      },
      "iodepth_submit" : {
        "0" : 0.000000,
        "4" : 100.000000,
        "8" : 0.000000,
        "16" : 0.000000,
        "32" : 0.000000,
        "64" : 0.000000,
        ">=64" : 0.000000
      },
      "iodepth_complete" : {
        "0" : 0.000000,
        "4" : 100.000000,
        "8" : 0.000000,
        "16" : 0.000000,
        "32" : 0.000000,
        "64" : 0.000000,
        ">=64" : 0.000000
      },
      "latency_ns" : {
        "2" : 0.000000,
        "4" : 0.000000,
        "10" : 0.000000,
        "20" : 0.000000,
        "50" : 0.000000,
        "100" : 0.000000,
        "250" : 0.000000,
        "500" : 0.000000,
        "750" : 0.000000,
        "1000" : 0.000000
      },
      "latency_us" : {
        "2" : 0.000000,
        "4" : 0.000000,
        "10" : 0.000000,
        "20" : 0.000000,
        "50" : 0.000000,
        "100" : 0.000000,
        "250" : 34.341762,
        "500" : 62.112784,
        "750" : 3.100309,
        "1000" : 0.358706
      },
      "latency_ms" : {
        "2" : 0.054097,
        "4" : 0.010000,
        "10" : 0.011169,
        "20" : 0.010000,
        "50" : 0.010000,
        "100" : 0.010000,
        "250" : 0.010000,
        "500" : 0.000000,
        "750" : 0.000000,
        "1000" : 0.000000,
        "2000" : 0.000000,
        ">=2000" : 0.000000
      },
      "latency_depth" : 4,
      "latency_target" : 0,
      "latency_percentile" : 100.000000,
      "latency_window" : 0
    }
  ]
}
