{
  "fio version" : "fio-3.23",
  "timestamp" : 1757422914,
  "timestamp_ms" : 1757422914053,
  "time" : "Tue Sep  9 13:01:54 2025",
  "jobs" : [
    {
      "jobname" : "SeqR-16K-128-64",
      "groupid" : 0,
      "error" : 0,
      "eta" : 0,
      "elapsed" : 61,
      "job options" : {
        "name" : "SeqR-16K-128-64",
        "rw" : "read",
        "unified_rw_reporting" : "0",
        "bs" : "16K",
        "numjobs" : "128",
        "iodepth" : "64",
        "runtime" : "60",
        "directory" : "/tmp/e2sar/rgeorge-fio_test-m_SeqR-16K-128-64",
        "direct" : "1",
        "buffered" : "0",
        "randrepeat" : "0",
        "size" : "128M",
        "ioengine" : "pvsync",
        "lat_percentiles" : "1"
      },
      "read" : {
        "io_bytes" : 44868599808,
        "io_kbytes" : 43816992,
        "bw_bytes" : 747722762,
        "bw" : 730198,
        "iops" : 45637.375640,
        "runtime" : 60007,
        "total_ios" : 2738562,
        "short_ios" : 0,
        "drop_ios" : 0,
        "slat_ns" : {
          "min" : 0,
          "max" : 0,
          "mean" : 0.000000,
          "stddev" : 0.000000,
          "N" : 0
        },
        "clat_ns" : {
          "min" : 162762,
          "max" : 44372214,
          "mean" : 2801075.564738,
          "stddev" : 400451.821049,
          "N" : 2738562,
          "percentile" : {
            "1.000000" : 2342912,
            "5.000000" : 2539520,
            "10.000000" : 2605056,
            "20.000000" : 2670592,
            "30.000000" : 2736128,
            "40.000000" : 2736128,
            "50.000000" : 2768896,
            "60.000000" : 2801664,
            "70.000000" : 2834432,
            "80.000000" : 2899968,
            "90.000000" : 2998272,
            "95.000000" : 3096576,
            "99.000000" : 3358720,
            "99.500000" : 3457024,
            "99.900000" : 5799936,
            "99.950000" : 12779520,
            "99.990000" : 17432576
          }
        },
        "lat_ns" : {
          "min" : 162802,
          "max" : 44372933,
          "mean" : 2801130.079402,
          "stddev" : 400452.280895,
          "N" : 2738562,
          "percentile" : {
            "1.000000" : 2342912,
            "5.000000" : 2539520,
            "10.000000" : 2605056,
            "20.000000" : 2670592,
            "30.000000" : 2736128,
            "40.000000" : 2736128,
            "50.000000" : 2768896,
            "60.000000" : 2801664,
            "70.000000" : 2834432,
            "80.000000" : 2899968,
            "90.000000" : 2998272,
            "95.000000" : 3096576,
            "99.000000" : 3358720,
            "99.500000" : 3457024,
            "99.900000" : 5799936,
            "99.950000" : 12779520,
            "99.990000" : 17432576
          }
        },
        "bw_min" : 554556,
        "bw_max" : 753024,
        "bw_agg" : 100.000000,
        "bw_mean" : 730896.907563,
        "bw_dev" : 160.036179,
        "bw_samples" : 15232,
        "iops_min" : 34658,
        "iops_max" : 47064,
        "iops_mean" : 45681.025210,
        "iops_stddev" : 10.003307,
        "iops_samples" : 15232
      },
      "write" : {
        "io_bytes" : 0,
        "io_kbytes" : 0,
        "bw_bytes" : 0,
        "bw" : 0,
        "iops" : 0.000000,
        "runtime" : 0,
        "total_ios" : 0,
        "short_ios" : 0,
        "drop_ios" : 0,
        "slat_ns" : {
          "min" : 0,
          "max" : 0,
          "mean" : 0.000000,
          "stddev" : 0.000000,
          "N" : 0
        },
        "clat_ns" : {
          "min" : 0,
          "max" : 0,
          "mean" : 0.000000,
          "stddev" : 0.000000,
          "N" : 0
        },
        "lat_ns" : {
          "min" : 0,
          "max" : 0,
          "mean" : 0.000000,
          "stddev" : 0.000000,
          "N" : 0
        },
        "bw_min" : 0,
        "bw_max" : 0,
        "bw_agg" : 0.000000,
        "bw_mean" : 0.000000,
        "bw_dev" : 0.000000,
        "bw_samples" : 0,
        "iops_min" : 0,
        "iops_max" : 0,
        "iops_mean" : 0.000000,
        "iops_stddev" : 0.000000,
        "iops_samples" : 0
      },
      "trim" : {
        "io_bytes" : 0,
        "io_kbytes" : 0,
        "bw_bytes" : 0,
        "bw" : 0,
        "iops" : 0.000000,
        "runtime" : 0,
        "total_ios" : 0,
        "short_ios" : 0,
        "drop_ios" : 0,
        "slat_ns" : {
          "min" : 0,
          "max" : 0,
          "mean" : 0.000000,
          "stddev" : 0.000000,
          "N" : 0
        },
        "clat_ns" : {
          "min" : 0,
          "max" : 0,
          "mean" : 0.000000,
          "stddev" : 0.000000,
          "N" : 0
        },
        "lat_ns" : {
          "min" : 0,
          "max" : 0,
          "mean" : 0.000000,
          "stddev" : 0.000000,
          "N" : 0
        },
        "bw_min" : 0,
        "bw_max" : 0,
        "bw_agg" : 0.000000,
        "bw_mean" : 0.000000,
        "bw_dev" : 0.000000,
        "bw_samples" : 0,
        "iops_min" : 0,
        "iops_max" : 0,
        "iops_mean" : 0.000000,
        "iops_stddev" : 0.000000,
        "iops_samples" : 0
      },
      "sync" : {
        "total_ios" : 0,
        "lat_ns" : {
          "min" : 0,
          "max" : 0,
          "mean" : 0.000000,
          "stddev" : 0.000000,
          "N" : 0
        }
      },
      "job_runtime" : 7680095,
      "usr_cpu" : 0.063450,
      "sys_cpu" : 0.199438,
      "ctx" : 2739281,
      "majf" : 0,
      "minf" : 1988,
      "iodepth_level" : {
        "1" : 100.000000,
        "2" : 0.000000,
        "4" : 0.000000,
        "8" : 0.000000,
        "16" : 0.000000,
        "32" : 0.000000,
        ">=64" : 0.000000
      },
      "iodepth_submit" : {
        "0" : 0.000000,
        "4" : 100.000000,
        "8" : 0.000000,
        "16" : 0.000000,
        "32" : 0.000000,
        "64" : 0.000000,
        ">=64" : 0.000000
      },
      "iodepth_complete" : {
        "0" : 0.000000,
        "4" : 100.000000,
        "8" : 0.000000,
        "16" : 0.000000,
        "32" : 0.000000,
        "64" : 0.000000,
        ">=64" : 0.000000
      },
      "latency_ns" : {
        "2" : 0.000000,
        "4" : 0.000000,
        "10" : 0.000000,
        "20" : 0.000000,
        "50" : 0.000000,
        "100" : 0.000000,
        "250" : 0.000000,
        "500" : 0.000000,
        "750" : 0.000000,
        "1000" : 0.000000
      },
      "latency_us" : {
        "2" : 0.000000,
        "4" : 0.000000,
        "10" : 0.000000,
        "20" : 0.000000,
        "50" : 0.000000,
        "100" : 0.000000,
        "250" : 0.010000,
        "500" : 0.010000,
        "750" : 0.010000,
        "1000" : 0.010000
      },
      "latency_ms" : {
        "2" : 0.010000,
        "4" : 99.824653,
        "10" : 0.100491,
        "20" : 0.057841,
        "50" : 0.010000,
        "100" : 0.000000,
        "250" : 0.000000,
        "500" : 0.000000,
        "750" : 0.000000,
        "1000" : 0.000000,
        "2000" : 0.000000,
        ">=2000" : 0.000000
      },
      "latency_depth" : 64,
      "latency_target" : 0,
      "latency_percentile" : 100.000000,
      "latency_window" : 0
    }
  ]
}
