{
  "fio version" : "fio-3.23",
  "timestamp" : 1756962183,
  "timestamp_ms" : 1756962183146,
  "time" : "Thu Sep  4 05:03:03 2025",
  "jobs" : [
    {
      "jobname" : "SeqBal-1M-16-16",
      "groupid" : 0,
      "error" : 0,
      "eta" : 0,
      "elapsed" : 61,
      "job options" : {
        "name" : "SeqBal-1M-16-16",
        "numjobs" : "16",
        "runtime" : "60",
        "directory" : "/tmp/e2sar/rgeorge-fio_test-p1s_SeqBal-1M-16-16",
        "direct" : "1",
        "buffered" : "0",
        "rw" : "rw",
        "unified_rw_reporting" : "1",
        "randrepeat" : "0",
        "bs" : "1M",
        "size" : "128M",
        "ioengine" : "pvsync",
        "iodepth" : "16",
        "lat_percentiles" : "1"
      },
      "mixed" : {
        "io_bytes" : 279822991360,
        "io_kbytes" : 273264640,
        "bw_bytes" : 4663405628,
        "bw" : 4554107,
        "iops" : 4447.370175,
        "runtime" : 60004,
        "total_ios" : 266860,
        "short_ios" : 0,
        "drop_ios" : 0,
        "slat_ns" : {
          "min" : 0,
          "max" : 0,
          "mean" : 0.000000,
          "stddev" : 0.000000,
          "N" : 0
        },
        "clat_ns" : {
          "min" : 652186,
          "max" : 517205839,
          "mean" : 3494469.341973,
          "stddev" : 5772316.925019,
          "N" : 266860,
          "percentile" : {
            "1.000000" : 1187840,
            "5.000000" : 1679360,
            "10.000000" : 2007040,
            "20.000000" : 2375680,
            "30.000000" : 2670592,
            "40.000000" : 2899968,
            "50.000000" : 3129344,
            "60.000000" : 3358720,
            "70.000000" : 3620864,
            "80.000000" : 3883008,
            "90.000000" : 4292608,
            "95.000000" : 4620288,
            "99.000000" : 7634944,
            "99.500000" : 22937600,
            "99.900000" : 89653248,
            "99.950000" : 108527616,
            "99.990000" : 217055232
          }
        },
        "lat_ns" : {
          "min" : 652465,
          "max" : 517206346,
          "mean" : 3494529.284647,
          "stddev" : 5772326.601306,
          "N" : 266860,
          "percentile" : {
            "1.000000" : 1187840,
            "5.000000" : 1679360,
            "10.000000" : 2007040,
            "20.000000" : 2375680,
            "30.000000" : 2670592,
            "40.000000" : 2899968,
            "50.000000" : 3129344,
            "60.000000" : 3358720,
            "70.000000" : 3620864,
            "80.000000" : 3883008,
            "90.000000" : 4292608,
            "95.000000" : 4620288,
            "99.000000" : 7634944,
            "99.500000" : 22937600,
            "99.900000" : 89653248,
            "99.950000" : 108527616,
            "99.990000" : 217055232
          }
        },
        "bw_min" : 243461,
        "bw_max" : 6101842,
        "bw_agg" : 100.000000,
        "bw_mean" : 4555808.861772,
        "bw_dev" : 40406.082567,
        "bw_samples" : 3807,
        "iops_min" : 223,
        "iops_max" : 5950,
        "iops_mean" : 4436.052699,
        "iops_stddev" : 39.504764,
        "iops_samples" : 3807
      },
      "job_runtime" : 960013,
      "usr_cpu" : 2.821524,
      "sys_cpu" : 0.326871,
      "ctx" : 266982,
      "majf" : 0,
      "minf" : 293,
      "iodepth_level" : {
        "1" : 100.000000,
        "2" : 0.000000,
        "4" : 0.000000,
        "8" : 0.000000,
        "16" : 0.000000,
        "32" : 0.000000,
        ">=64" : 0.000000
      },
      "iodepth_submit" : {
        "0" : 0.000000,
        "4" : 100.000000,
        "8" : 0.000000,
        "16" : 0.000000,
        "32" : 0.000000,
        "64" : 0.000000,
        ">=64" : 0.000000
      },
      "iodepth_complete" : {
        "0" : 0.000000,
        "4" : 100.000000,
        "8" : 0.000000,
        "16" : 0.000000,
        "32" : 0.000000,
        "64" : 0.000000,
        ">=64" : 0.000000
      },
      "latency_ns" : {
        "2" : 0.000000,
        "4" : 0.000000,
        "10" : 0.000000,
        "20" : 0.000000,
        "50" : 0.000000,
        "100" : 0.000000,
        "250" : 0.000000,
        "500" : 0.000000,
        "750" : 0.000000,
        "1000" : 0.000000
      },
      "latency_us" : {
        "2" : 0.000000,
        "4" : 0.000000,
        "10" : 0.000000,
        "20" : 0.000000,
        "50" : 0.000000,
        "100" : 0.000000,
        "250" : 0.000000,
        "500" : 0.000000,
        "750" : 0.010000,
        "1000" : 0.261186
      },
      "latency_ms" : {
        "2" : 9.620775,
        "4" : 73.184067,
        "10" : 16.102076,
        "20" : 0.284794,
        "50" : 0.259312,
        "100" : 0.219216,
        "250" : 0.056209,
        "500" : 0.010000,
        "750" : 0.010000,
        "1000" : 0.000000,
        "2000" : 0.000000,
        ">=2000" : 0.000000
      },
      "latency_depth" : 16,
      "latency_target" : 0,
      "latency_percentile" : 100.000000,
      "latency_window" : 0
    }
  ]
}
