{
  "fio version" : "fio-3.23",
  "timestamp" : 1756947250,
  "timestamp_ms" : 1756947250769,
  "time" : "Thu Sep  4 00:54:10 2025",
  "jobs" : [
    {
      "jobname" : "RandR-2M-16-32",
      "groupid" : 0,
      "error" : 0,
      "eta" : 0,
      "elapsed" : 61,
      "job options" : {
        "name" : "RandR-2M-16-32",
        "numjobs" : "16",
        "runtime" : "60",
        "directory" : "/tmp/e2sar/rgeorge-fio_test-p1r2_RandR-2M-16-32",
        "direct" : "1",
        "buffered" : "0",
        "rw" : "randread",
        "unified_rw_reporting" : "0",
        "randrepeat" : "0",
        "bs" : "2M",
        "size" : "128M",
        "ioengine" : "pvsync",
        "iodepth" : "32",
        "lat_percentiles" : "1"
      },
      "read" : {
        "io_bytes" : 206191984640,
        "io_kbytes" : 201359360,
        "bw_bytes" : 3436074934,
        "bw" : 3355541,
        "iops" : 1638.448207,
        "runtime" : 60008,
        "total_ios" : 98320,
        "short_ios" : 0,
        "drop_ios" : 0,
        "slat_ns" : {
          "min" : 0,
          "max" : 0,
          "mean" : 0.000000,
          "stddev" : 0.000000,
          "N" : 0
        },
        "clat_ns" : {
          "min" : 1174118,
          "max" : 934354506,
          "mean" : 9761049.708188,
          "stddev" : 11040885.427299,
          "N" : 98320,
          "percentile" : {
            "1.000000" : 5341184,
            "5.000000" : 7503872,
            "10.000000" : 7897088,
            "20.000000" : 8224768,
            "30.000000" : 8454144,
            "40.000000" : 8716288,
            "50.000000" : 8847360,
            "60.000000" : 8978432,
            "70.000000" : 9240576,
            "80.000000" : 9502720,
            "90.000000" : 10027008,
            "95.000000" : 10813440,
            "99.000000" : 27656192,
            "99.500000" : 80216064,
            "99.900000" : 158334976,
            "99.950000" : 208666624,
            "99.990000" : 371195904
          }
        },
        "lat_ns" : {
          "min" : 1174149,
          "max" : 934354538,
          "mean" : 9761086.493145,
          "stddev" : 11040892.142349,
          "N" : 98320,
          "percentile" : {
            "1.000000" : 5341184,
            "5.000000" : 7503872,
            "10.000000" : 7897088,
            "20.000000" : 8224768,
            "30.000000" : 8454144,
            "40.000000" : 8716288,
            "50.000000" : 8847360,
            "60.000000" : 8978432,
            "70.000000" : 9240576,
            "80.000000" : 9502720,
            "90.000000" : 10027008,
            "95.000000" : 10813440,
            "99.000000" : 27656192,
            "99.500000" : 80216064,
            "99.900000" : 158334976,
            "99.950000" : 208666624,
            "99.990000" : 371195904
          }
        },
        "bw_min" : 315392,
        "bw_max" : 4689920,
        "bw_agg" : 100.000000,
        "bw_mean" : 3362570.975075,
        "bw_dev" : 49844.509249,
        "bw_samples" : 1902,
        "iops_min" : 154,
        "iops_max" : 2290,
        "iops_mean" : 1641.880359,
        "iops_stddev" : 24.338139,
        "iops_samples" : 1902
      },
      "write" : {
        "io_bytes" : 0,
        "io_kbytes" : 0,
        "bw_bytes" : 0,
        "bw" : 0,
        "iops" : 0.000000,
        "runtime" : 0,
        "total_ios" : 0,
        "short_ios" : 0,
        "drop_ios" : 0,
        "slat_ns" : {
          "min" : 0,
          "max" : 0,
          "mean" : 0.000000,
          "stddev" : 0.000000,
          "N" : 0
        },
        "clat_ns" : {
          "min" : 0,
          "max" : 0,
          "mean" : 0.000000,
          "stddev" : 0.000000,
          "N" : 0
        },
        "lat_ns" : {
          "min" : 0,
          "max" : 0,
          "mean" : 0.000000,
          "stddev" : 0.000000,
          "N" : 0
        },
        "bw_min" : 0,
        "bw_max" : 0,
        "bw_agg" : 0.000000,
        "bw_mean" : 0.000000,
        "bw_dev" : 0.000000,
        "bw_samples" : 0,
        "iops_min" : 0,
        "iops_max" : 0,
        "iops_mean" : 0.000000,
        "iops_stddev" : 0.000000,
        "iops_samples" : 0
      },
      "trim" : {
        "io_bytes" : 0,
        "io_kbytes" : 0,
        "bw_bytes" : 0,
        "bw" : 0,
        "iops" : 0.000000,
        "runtime" : 0,
        "total_ios" : 0,
        "short_ios" : 0,
        "drop_ios" : 0,
        "slat_ns" : {
          "min" : 0,
          "max" : 0,
          "mean" : 0.000000,
          "stddev" : 0.000000,
          "N" : 0
        },
        "clat_ns" : {
          "min" : 0,
          "max" : 0,
          "mean" : 0.000000,
          "stddev" : 0.000000,
          "N" : 0
        },
        "lat_ns" : {
          "min" : 0,
          "max" : 0,
          "mean" : 0.000000,
          "stddev" : 0.000000,
          "N" : 0
        },
        "bw_min" : 0,
        "bw_max" : 0,
        "bw_agg" : 0.000000,
        "bw_mean" : 0.000000,
        "bw_dev" : 0.000000,
        "bw_samples" : 0,
        "iops_min" : 0,
        "iops_max" : 0,
        "iops_mean" : 0.000000,
        "iops_stddev" : 0.000000,
        "iops_samples" : 0
      },
      "sync" : {
        "total_ios" : 0,
        "lat_ns" : {
          "min" : 0,
          "max" : 0,
          "mean" : 0.000000,
          "stddev" : 0.000000,
          "N" : 0
        }
      },
      "job_runtime" : 960069,
      "usr_cpu" : 0.012499,
      "sys_cpu" : 0.283938,
      "ctx" : 196720,
      "majf" : 0,
      "minf" : 228,
      "iodepth_level" : {
        "1" : 100.000000,
        "2" : 0.000000,
        "4" : 0.000000,
        "8" : 0.000000,
        "16" : 0.000000,
        "32" : 0.000000,
        ">=64" : 0.000000
      },
      "iodepth_submit" : {
        "0" : 0.000000,
        "4" : 100.000000,
        "8" : 0.000000,
        "16" : 0.000000,
        "32" : 0.000000,
        "64" : 0.000000,
        ">=64" : 0.000000
      },
      "iodepth_complete" : {
        "0" : 0.000000,
        "4" : 100.000000,
        "8" : 0.000000,
        "16" : 0.000000,
        "32" : 0.000000,
        "64" : 0.000000,
        ">=64" : 0.000000
      },
      "latency_ns" : {
        "2" : 0.000000,
        "4" : 0.000000,
        "10" : 0.000000,
        "20" : 0.000000,
        "50" : 0.000000,
        "100" : 0.000000,
        "250" : 0.000000,
        "500" : 0.000000,
        "750" : 0.000000,
        "1000" : 0.000000
      },
      "latency_us" : {
        "2" : 0.000000,
        "4" : 0.000000,
        "10" : 0.000000,
        "20" : 0.000000,
        "50" : 0.000000,
        "100" : 0.000000,
        "250" : 0.000000,
        "500" : 0.000000,
        "750" : 0.000000,
        "1000" : 0.000000
      },
      "latency_ms" : {
        "2" : 0.272579,
        "4" : 0.330553,
        "10" : 88.583198,
        "20" : 9.509764,
        "50" : 0.572620,
        "100" : 0.409886,
        "250" : 0.290887,
        "500" : 0.026444,
        "750" : 0.010000,
        "1000" : 0.010000,
        "2000" : 0.000000,
        ">=2000" : 0.000000
      },
      "latency_depth" : 32,
      "latency_target" : 0,
      "latency_percentile" : 100.000000,
      "latency_window" : 0
    }
  ]
}
