{
  "fio version" : "fio-3.23",
  "timestamp" : 1757420851,
  "timestamp_ms" : 1757420851935,
  "time" : "Tue Sep  9 12:27:31 2025",
  "jobs" : [
    {
      "jobname" : "RandW-4K-64-64",
      "groupid" : 0,
      "error" : 0,
      "eta" : 0,
      "elapsed" : 62,
      "job options" : {
        "name" : "RandW-4K-64-64",
        "rw" : "randwrite",
        "unified_rw_reporting" : "0",
        "bs" : "4K",
        "numjobs" : "64",
        "iodepth" : "64",
        "runtime" : "60",
        "directory" : "/tmp/e2sar/rgeorge-fio_test-m_RandW-4K-64-64",
        "direct" : "1",
        "buffered" : "0",
        "randrepeat" : "0",
        "size" : "128M",
        "ioengine" : "pvsync",
        "lat_percentiles" : "1"
      },
      "read" : {
        "io_bytes" : 0,
        "io_kbytes" : 0,
        "bw_bytes" : 0,
        "bw" : 0,
        "iops" : 0.000000,
        "runtime" : 0,
        "total_ios" : 0,
        "short_ios" : 0,
        "drop_ios" : 0,
        "slat_ns" : {
          "min" : 0,
          "max" : 0,
          "mean" : 0.000000,
          "stddev" : 0.000000,
          "N" : 0
        },
        "clat_ns" : {
          "min" : 0,
          "max" : 0,
          "mean" : 0.000000,
          "stddev" : 0.000000,
          "N" : 0
        },
        "lat_ns" : {
          "min" : 0,
          "max" : 0,
          "mean" : 0.000000,
          "stddev" : 0.000000,
          "N" : 0
        },
        "bw_min" : 0,
        "bw_max" : 0,
        "bw_agg" : 0.000000,
        "bw_mean" : 0.000000,
        "bw_dev" : 0.000000,
        "bw_samples" : 0,
        "iops_min" : 0,
        "iops_max" : 0,
        "iops_mean" : 0.000000,
        "iops_stddev" : 0.000000,
        "iops_samples" : 0
      },
      "write" : {
        "io_bytes" : 15081062400,
        "io_kbytes" : 14727600,
        "bw_bytes" : 251330095,
        "bw" : 245439,
        "iops" : 61359.886676,
        "runtime" : 60005,
        "total_ios" : 3681900,
        "short_ios" : 0,
        "drop_ios" : 0,
        "slat_ns" : {
          "min" : 0,
          "max" : 0,
          "mean" : 0.000000,
          "stddev" : 0.000000,
          "N" : 0
        },
        "clat_ns" : {
          "min" : 150277,
          "max" : 92704704,
          "mean" : 1033982.572289,
          "stddev" : 1219941.237188,
          "N" : 3681900,
          "percentile" : {
            "1.000000" : 216064,
            "5.000000" : 254976,
            "10.000000" : 280576,
            "20.000000" : 313344,
            "30.000000" : 342016,
            "40.000000" : 374784,
            "50.000000" : 415744,
            "60.000000" : 1302528,
            "70.000000" : 1581056,
            "80.000000" : 1744896,
            "90.000000" : 1941504,
            "95.000000" : 2703360,
            "99.000000" : 5341184,
            "99.500000" : 6389760,
            "99.900000" : 10027008,
            "99.950000" : 12910592,
            "99.990000" : 35389440
          }
        },
        "lat_ns" : {
          "min" : 150357,
          "max" : 92704756,
          "mean" : 1034052.811035,
          "stddev" : 1219941.256623,
          "N" : 3681900,
          "percentile" : {
            "1.000000" : 216064,
            "5.000000" : 257024,
            "10.000000" : 280576,
            "20.000000" : 313344,
            "30.000000" : 342016,
            "40.000000" : 374784,
            "50.000000" : 415744,
            "60.000000" : 1302528,
            "70.000000" : 1581056,
            "80.000000" : 1744896,
            "90.000000" : 1941504,
            "95.000000" : 2703360,
            "99.000000" : 5341184,
            "99.500000" : 6389760,
            "99.900000" : 10027008,
            "99.950000" : 12910592,
            "99.990000" : 35389440
          }
        },
        "bw_min" : 128118,
        "bw_max" : 280144,
        "bw_agg" : 100.000000,
        "bw_mean" : 247027.451289,
        "bw_dev" : 291.116949,
        "bw_samples" : 7590,
        "iops_min" : 32028,
        "iops_max" : 70036,
        "iops_mean" : 61756.835494,
        "iops_stddev" : 72.782193,
        "iops_samples" : 7590
      },
      "trim" : {
        "io_bytes" : 0,
        "io_kbytes" : 0,
        "bw_bytes" : 0,
        "bw" : 0,
        "iops" : 0.000000,
        "runtime" : 0,
        "total_ios" : 0,
        "short_ios" : 0,
        "drop_ios" : 0,
        "slat_ns" : {
          "min" : 0,
          "max" : 0,
          "mean" : 0.000000,
          "stddev" : 0.000000,
          "N" : 0
        },
        "clat_ns" : {
          "min" : 0,
          "max" : 0,
          "mean" : 0.000000,
          "stddev" : 0.000000,
          "N" : 0
        },
        "lat_ns" : {
          "min" : 0,
          "max" : 0,
          "mean" : 0.000000,
          "stddev" : 0.000000,
          "N" : 0
        },
        "bw_min" : 0,
        "bw_max" : 0,
        "bw_agg" : 0.000000,
        "bw_mean" : 0.000000,
        "bw_dev" : 0.000000,
        "bw_samples" : 0,
        "iops_min" : 0,
        "iops_max" : 0,
        "iops_mean" : 0.000000,
        "iops_stddev" : 0.000000,
        "iops_samples" : 0
      },
      "sync" : {
        "total_ios" : 0,
        "lat_ns" : {
          "min" : 0,
          "max" : 0,
          "mean" : 0.000000,
          "stddev" : 0.000000,
          "N" : 0
        }
      },
      "job_runtime" : 3840051,
      "usr_cpu" : 0.286064,
      "sys_cpu" : 0.529186,
      "ctx" : 3682384,
      "majf" : 0,
      "minf" : 748,
      "iodepth_level" : {
        "1" : 100.000000,
        "2" : 0.000000,
        "4" : 0.000000,
        "8" : 0.000000,
        "16" : 0.000000,
        "32" : 0.000000,
        ">=64" : 0.000000
      },
      "iodepth_submit" : {
        "0" : 0.000000,
        "4" : 100.000000,
        "8" : 0.000000,
        "16" : 0.000000,
        "32" : 0.000000,
        "64" : 0.000000,
        ">=64" : 0.000000
      },
      "iodepth_complete" : {
        "0" : 0.000000,
        "4" : 100.000000,
        "8" : 0.000000,
        "16" : 0.000000,
        "32" : 0.000000,
        "64" : 0.000000,
        ">=64" : 0.000000
      },
      "latency_ns" : {
        "2" : 0.000000,
        "4" : 0.000000,
        "10" : 0.000000,
        "20" : 0.000000,
        "50" : 0.000000,
        "100" : 0.000000,
        "250" : 0.000000,
        "500" : 0.000000,
        "750" : 0.000000,
        "1000" : 0.000000
      },
      "latency_us" : {
        "2" : 0.000000,
        "4" : 0.000000,
        "10" : 0.000000,
        "20" : 0.000000,
        "50" : 0.000000,
        "100" : 0.000000,
        "250" : 4.155110,
        "500" : 52.974931,
        "750" : 2.230370,
        "1000" : 0.247264
      },
      "latency_ms" : {
        "2" : 32.001114,
        "4" : 6.735789,
        "10" : 1.555365,
        "20" : 0.073305,
        "50" : 0.022814,
        "100" : 0.010000,
        "250" : 0.000000,
        "500" : 0.000000,
        "750" : 0.000000,
        "1000" : 0.000000,
        "2000" : 0.000000,
        ">=2000" : 0.000000
      },
      "latency_depth" : 64,
      "latency_target" : 0,
      "latency_percentile" : 100.000000,
      "latency_window" : 0
    }
  ]
}
