{
  "fio version" : "fio-3.23",
  "timestamp" : 1757364819,
  "timestamp_ms" : 1757364819866,
  "time" : "Mon Sep  8 20:53:39 2025",
  "jobs" : [
    {
      "jobname" : "31",
      "groupid" : 0,
      "error" : 0,
      "eta" : 0,
      "elapsed" : 61,
      "job options" : {
        "name" : "31",
        "rw" : "write",
        "unified_rw_reporting" : "0",
        "bs" : "4K",
        "numjobs" : "128",
        "iodepth" : "4",
        "runtime" : "60",
        "directory" : "/tmp/e2sar/rgeorge-fio_test-m_31",
        "direct" : "1",
        "buffered" : "0",
        "randrepeat" : "0",
        "size" : "128M",
        "ioengine" : "pvsync",
        "lat_percentiles" : "1"
      },
      "read" : {
        "io_bytes" : 0,
        "io_kbytes" : 0,
        "bw_bytes" : 0,
        "bw" : 0,
        "iops" : 0.000000,
        "runtime" : 0,
        "total_ios" : 0,
        "short_ios" : 0,
        "drop_ios" : 0,
        "slat_ns" : {
          "min" : 0,
          "max" : 0,
          "mean" : 0.000000,
          "stddev" : 0.000000,
          "N" : 0
        },
        "clat_ns" : {
          "min" : 0,
          "max" : 0,
          "mean" : 0.000000,
          "stddev" : 0.000000,
          "N" : 0
        },
        "lat_ns" : {
          "min" : 0,
          "max" : 0,
          "mean" : 0.000000,
          "stddev" : 0.000000,
          "N" : 0
        },
        "bw_min" : 0,
        "bw_max" : 0,
        "bw_agg" : 0.000000,
        "bw_mean" : 0.000000,
        "bw_dev" : 0.000000,
        "bw_samples" : 0,
        "iops_min" : 0,
        "iops_max" : 0,
        "iops_mean" : 0.000000,
        "iops_stddev" : 0.000000,
        "iops_samples" : 0
      },
      "write" : {
        "io_bytes" : 17343881216,
        "io_kbytes" : 16937384,
        "bw_bytes" : 288848050,
        "bw" : 282078,
        "iops" : 70519.543676,
        "runtime" : 60045,
        "total_ios" : 4234346,
        "short_ios" : 0,
        "drop_ios" : 0,
        "slat_ns" : {
          "min" : 0,
          "max" : 0,
          "mean" : 0.000000,
          "stddev" : 0.000000,
          "N" : 0
        },
        "clat_ns" : {
          "min" : 121931,
          "max" : 100960190,
          "mean" : 1802010.793892,
          "stddev" : 634951.770983,
          "N" : 4234346,
          "percentile" : {
            "1.000000" : 1253376,
            "5.000000" : 1581056,
            "10.000000" : 1646592,
            "20.000000" : 1728512,
            "30.000000" : 1777664,
            "40.000000" : 1810432,
            "50.000000" : 1826816,
            "60.000000" : 1843200,
            "70.000000" : 1859584,
            "80.000000" : 1875968,
            "90.000000" : 1908736,
            "95.000000" : 1941504,
            "99.000000" : 2007040,
            "99.500000" : 2039808,
            "99.900000" : 2244608,
            "99.950000" : 2965504,
            "99.990000" : 29229056
          }
        },
        "lat_ns" : {
          "min" : 121958,
          "max" : 100960299,
          "mean" : 1802095.280276,
          "stddev" : 634952.755094,
          "N" : 4234346,
          "percentile" : {
            "1.000000" : 1253376,
            "5.000000" : 1581056,
            "10.000000" : 1646592,
            "20.000000" : 1728512,
            "30.000000" : 1777664,
            "40.000000" : 1810432,
            "50.000000" : 1826816,
            "60.000000" : 1843200,
            "70.000000" : 1859584,
            "80.000000" : 1875968,
            "90.000000" : 1908736,
            "95.000000" : 1941504,
            "99.000000" : 2007040,
            "99.500000" : 2039808,
            "99.900000" : 2244608,
            "99.950000" : 2965504,
            "99.990000" : 29229056
          }
        },
        "bw_min" : 196128,
        "bw_max" : 452101,
        "bw_agg" : 100.000000,
        "bw_mean" : 283119.563880,
        "bw_dev" : 232.984020,
        "bw_samples" : 15198,
        "iops_min" : 49031,
        "iops_max" : 112981,
        "iops_mean" : 70723.738784,
        "iops_stddev" : 58.220897,
        "iops_samples" : 15198
      },
      "trim" : {
        "io_bytes" : 0,
        "io_kbytes" : 0,
        "bw_bytes" : 0,
        "bw" : 0,
        "iops" : 0.000000,
        "runtime" : 0,
        "total_ios" : 0,
        "short_ios" : 0,
        "drop_ios" : 0,
        "slat_ns" : {
          "min" : 0,
          "max" : 0,
          "mean" : 0.000000,
          "stddev" : 0.000000,
          "N" : 0
        },
        "clat_ns" : {
          "min" : 0,
          "max" : 0,
          "mean" : 0.000000,
          "stddev" : 0.000000,
          "N" : 0
        },
        "lat_ns" : {
          "min" : 0,
          "max" : 0,
          "mean" : 0.000000,
          "stddev" : 0.000000,
          "N" : 0
        },
        "bw_min" : 0,
        "bw_max" : 0,
        "bw_agg" : 0.000000,
        "bw_mean" : 0.000000,
        "bw_dev" : 0.000000,
        "bw_samples" : 0,
        "iops_min" : 0,
        "iops_max" : 0,
        "iops_mean" : 0.000000,
        "iops_stddev" : 0.000000,
        "iops_samples" : 0
      },
      "sync" : {
        "total_ios" : 0,
        "lat_ns" : {
          "min" : 0,
          "max" : 0,
          "mean" : 0.000000,
          "stddev" : 0.000000,
          "N" : 0
        }
      },
      "job_runtime" : 7680128,
      "usr_cpu" : 0.177588,
      "sys_cpu" : 0.290269,
      "ctx" : 4235315,
      "majf" : 0,
      "minf" : 1749,
      "iodepth_level" : {
        "1" : 100.000000,
        "2" : 0.000000,
        "4" : 0.000000,
        "8" : 0.000000,
        "16" : 0.000000,
        "32" : 0.000000,
        ">=64" : 0.000000
      },
      "iodepth_submit" : {
        "0" : 0.000000,
        "4" : 100.000000,
        "8" : 0.000000,
        "16" : 0.000000,
        "32" : 0.000000,
        "64" : 0.000000,
        ">=64" : 0.000000
      },
      "iodepth_complete" : {
        "0" : 0.000000,
        "4" : 100.000000,
        "8" : 0.000000,
        "16" : 0.000000,
        "32" : 0.000000,
        "64" : 0.000000,
        ">=64" : 0.000000
      },
      "latency_ns" : {
        "2" : 0.000000,
        "4" : 0.000000,
        "10" : 0.000000,
        "20" : 0.000000,
        "50" : 0.000000,
        "100" : 0.000000,
        "250" : 0.000000,
        "500" : 0.000000,
        "750" : 0.000000,
        "1000" : 0.000000
      },
      "latency_us" : {
        "2" : 0.000000,
        "4" : 0.000000,
        "10" : 0.000000,
        "20" : 0.000000,
        "50" : 0.000000,
        "100" : 0.000000,
        "250" : 0.086082,
        "500" : 0.233850,
        "750" : 0.207352,
        "1000" : 0.181327
      },
      "latency_ms" : {
        "2" : 98.231699,
        "4" : 1.033973,
        "10" : 0.010000,
        "20" : 0.010000,
        "50" : 0.010000,
        "100" : 0.010000,
        "250" : 0.010000,
        "500" : 0.000000,
        "750" : 0.000000,
        "1000" : 0.000000,
        "2000" : 0.000000,
        ">=2000" : 0.000000
      },
      "latency_depth" : 4,
      "latency_target" : 0,
      "latency_percentile" : 100.000000,
      "latency_window" : 0
    }
  ]
}
