{
  "fio version" : "fio-3.23",
  "timestamp" : 1757455974,
  "timestamp_ms" : 1757455974651,
  "time" : "Tue Sep  9 22:12:54 2025",
  "jobs" : [
    {
      "jobname" : "RandW-1M-32-4",
      "groupid" : 0,
      "error" : 0,
      "eta" : 0,
      "elapsed" : 61,
      "job options" : {
        "name" : "RandW-1M-32-4",
        "rw" : "randwrite",
        "unified_rw_reporting" : "0",
        "bs" : "1M",
        "numjobs" : "32",
        "iodepth" : "4",
        "runtime" : "60",
        "directory" : "/tmp/e2sar/rgeorge-fio_test-m_RandW-1M-32-4",
        "direct" : "1",
        "buffered" : "0",
        "randrepeat" : "0",
        "size" : "128M",
        "ioengine" : "pvsync",
        "lat_percentiles" : "1"
      },
      "read" : {
        "io_bytes" : 0,
        "io_kbytes" : 0,
        "bw_bytes" : 0,
        "bw" : 0,
        "iops" : 0.000000,
        "runtime" : 0,
        "total_ios" : 0,
        "short_ios" : 0,
        "drop_ios" : 0,
        "slat_ns" : {
          "min" : 0,
          "max" : 0,
          "mean" : 0.000000,
          "stddev" : 0.000000,
          "N" : 0
        },
        "clat_ns" : {
          "min" : 0,
          "max" : 0,
          "mean" : 0.000000,
          "stddev" : 0.000000,
          "N" : 0
        },
        "lat_ns" : {
          "min" : 0,
          "max" : 0,
          "mean" : 0.000000,
          "stddev" : 0.000000,
          "N" : 0
        },
        "bw_min" : 0,
        "bw_max" : 0,
        "bw_agg" : 0.000000,
        "bw_mean" : 0.000000,
        "bw_dev" : 0.000000,
        "bw_samples" : 0,
        "iops_min" : 0,
        "iops_max" : 0,
        "iops_mean" : 0.000000,
        "iops_stddev" : 0.000000,
        "iops_samples" : 0
      },
      "write" : {
        "io_bytes" : 661660893184,
        "io_kbytes" : 646153216,
        "bw_bytes" : 11026946423,
        "bw" : 10768502,
        "iops" : 10516.115592,
        "runtime" : 60004,
        "total_ios" : 631009,
        "short_ios" : 0,
        "drop_ios" : 0,
        "slat_ns" : {
          "min" : 0,
          "max" : 0,
          "mean" : 0.000000,
          "stddev" : 0.000000,
          "N" : 0
        },
        "clat_ns" : {
          "min" : 764159,
          "max" : 381736976,
          "mean" : 2812193.665063,
          "stddev" : 1667142.071090,
          "N" : 631009,
          "percentile" : {
            "1.000000" : 1089536,
            "5.000000" : 1400832,
            "10.000000" : 1597440,
            "20.000000" : 1875968,
            "30.000000" : 2244608,
            "40.000000" : 2670592,
            "50.000000" : 3063808,
            "60.000000" : 3260416,
            "70.000000" : 3391488,
            "80.000000" : 3522560,
            "90.000000" : 3686400,
            "95.000000" : 3817472,
            "99.000000" : 4112384,
            "99.500000" : 4292608,
            "99.900000" : 5013504,
            "99.950000" : 13041664,
            "99.990000" : 62652416
          }
        },
        "lat_ns" : {
          "min" : 764210,
          "max" : 381737038,
          "mean" : 2812314.863032,
          "stddev" : 1667145.634102,
          "N" : 631009,
          "percentile" : {
            "1.000000" : 1089536,
            "5.000000" : 1400832,
            "10.000000" : 1597440,
            "20.000000" : 1875968,
            "30.000000" : 2244608,
            "40.000000" : 2670592,
            "50.000000" : 3063808,
            "60.000000" : 3260416,
            "70.000000" : 3391488,
            "80.000000" : 3522560,
            "90.000000" : 3686400,
            "95.000000" : 3817472,
            "99.000000" : 4112384,
            "99.500000" : 4292608,
            "99.900000" : 5013504,
            "99.950000" : 13041664,
            "99.990000" : 62652416
          }
        },
        "bw_min" : 8250958,
        "bw_max" : 12733765,
        "bw_agg" : 100.000000,
        "bw_mean" : 10776765.957983,
        "bw_dev" : 15477.344643,
        "bw_samples" : 3808,
        "iops_min" : 8050,
        "iops_max" : 12430,
        "iops_mean" : 10517.361345,
        "iops_stddev" : 15.123777,
        "iops_samples" : 3808
      },
      "trim" : {
        "io_bytes" : 0,
        "io_kbytes" : 0,
        "bw_bytes" : 0,
        "bw" : 0,
        "iops" : 0.000000,
        "runtime" : 0,
        "total_ios" : 0,
        "short_ios" : 0,
        "drop_ios" : 0,
        "slat_ns" : {
          "min" : 0,
          "max" : 0,
          "mean" : 0.000000,
          "stddev" : 0.000000,
          "N" : 0
        },
        "clat_ns" : {
          "min" : 0,
          "max" : 0,
          "mean" : 0.000000,
          "stddev" : 0.000000,
          "N" : 0
        },
        "lat_ns" : {
          "min" : 0,
          "max" : 0,
          "mean" : 0.000000,
          "stddev" : 0.000000,
          "N" : 0
        },
        "bw_min" : 0,
        "bw_max" : 0,
        "bw_agg" : 0.000000,
        "bw_mean" : 0.000000,
        "bw_dev" : 0.000000,
        "bw_samples" : 0,
        "iops_min" : 0,
        "iops_max" : 0,
        "iops_mean" : 0.000000,
        "iops_stddev" : 0.000000,
        "iops_samples" : 0
      },
      "sync" : {
        "total_ios" : 0,
        "lat_ns" : {
          "min" : 0,
          "max" : 0,
          "mean" : 0.000000,
          "stddev" : 0.000000,
          "N" : 0
        }
      },
      "job_runtime" : 1920025,
      "usr_cpu" : 7.517454,
      "sys_cpu" : 0.511504,
      "ctx" : 632918,
      "majf" : 0,
      "minf" : 382,
      "iodepth_level" : {
        "1" : 100.000000,
        "2" : 0.000000,
        "4" : 0.000000,
        "8" : 0.000000,
        "16" : 0.000000,
        "32" : 0.000000,
        ">=64" : 0.000000
      },
      "iodepth_submit" : {
        "0" : 0.000000,
        "4" : 100.000000,
        "8" : 0.000000,
        "16" : 0.000000,
        "32" : 0.000000,
        "64" : 0.000000,
        ">=64" : 0.000000
      },
      "iodepth_complete" : {
        "0" : 0.000000,
        "4" : 100.000000,
        "8" : 0.000000,
        "16" : 0.000000,
        "32" : 0.000000,
        "64" : 0.000000,
        ">=64" : 0.000000
      },
      "latency_ns" : {
        "2" : 0.000000,
        "4" : 0.000000,
        "10" : 0.000000,
        "20" : 0.000000,
        "50" : 0.000000,
        "100" : 0.000000,
        "250" : 0.000000,
        "500" : 0.000000,
        "750" : 0.000000,
        "1000" : 0.000000
      },
      "latency_us" : {
        "2" : 0.000000,
        "4" : 0.000000,
        "10" : 0.000000,
        "20" : 0.000000,
        "50" : 0.000000,
        "100" : 0.000000,
        "250" : 0.000000,
        "500" : 0.000000,
        "750" : 0.000000,
        "1000" : 0.342467
      },
      "latency_ms" : {
        "2" : 23.040559,
        "4" : 74.778965,
        "10" : 1.781750,
        "20" : 0.016640,
        "50" : 0.023138,
        "100" : 0.015055,
        "250" : 0.010000,
        "500" : 0.010000,
        "750" : 0.000000,
        "1000" : 0.000000,
        "2000" : 0.000000,
        ">=2000" : 0.000000
      },
      "latency_depth" : 4,
      "latency_target" : 0,
      "latency_percentile" : 100.000000,
      "latency_window" : 0
    }
  ]
}
