{
  "fio version" : "fio-3.23",
  "timestamp" : 1756988132,
  "timestamp_ms" : 1756988132238,
  "time" : "Thu Sep  4 12:15:32 2025",
  "jobs" : [
    {
      "jobname" : "RandWH-4M-32-1",
      "groupid" : 0,
      "error" : 0,
      "eta" : 0,
      "elapsed" : 62,
      "job options" : {
        "name" : "RandWH-4M-32-1",
        "numjobs" : "32",
        "runtime" : "60",
        "directory" : "/tmp/e2sar/rgeorge-fio_test-p2r_RandWH-4M-32-1",
        "direct" : "1",
        "buffered" : "0",
        "rw" : "randrw",
        "rwmixread" : "20",
        "unified_rw_reporting" : "1",
        "randrepeat" : "0",
        "bs" : "4M",
        "size" : "128M",
        "ioengine" : "pvsync",
        "iodepth" : "1",
        "lat_percentiles" : "1"
      },
      "mixed" : {
        "io_bytes" : 393987751936,
        "io_kbytes" : 384753664,
        "bw_bytes" : 6564383810,
        "bw" : 6410531,
        "iops" : 1565.071061,
        "runtime" : 60019,
        "total_ios" : 93934,
        "short_ios" : 0,
        "drop_ios" : 0,
        "slat_ns" : {
          "min" : 0,
          "max" : 0,
          "mean" : 0.000000,
          "stddev" : 0.000000,
          "N" : 0
        },
        "clat_ns" : {
          "min" : 2981449,
          "max" : 806631887,
          "mean" : 19625322.085315,
          "stddev" : 20714525.565170,
          "N" : 93934,
          "percentile" : {
            "1.000000" : 7569408,
            "5.000000" : 10551296,
            "10.000000" : 11730944,
            "20.000000" : 13172736,
            "30.000000" : 14090240,
            "40.000000" : 14876672,
            "50.000000" : 15794176,
            "60.000000" : 16580608,
            "70.000000" : 17694720,
            "80.000000" : 19267584,
            "90.000000" : 25296896,
            "95.000000" : 41156608,
            "99.000000" : 101187584,
            "99.500000" : 154140672,
            "99.900000" : 291504128,
            "99.950000" : 329252864,
            "99.990000" : 463470592
          }
        },
        "lat_ns" : {
          "min" : 2981672,
          "max" : 806632108,
          "mean" : 19625561.499148,
          "stddev" : 20714525.237369,
          "N" : 93934,
          "percentile" : {
            "1.000000" : 7569408,
            "5.000000" : 10551296,
            "10.000000" : 11730944,
            "20.000000" : 13172736,
            "30.000000" : 14090240,
            "40.000000" : 14876672,
            "50.000000" : 15794176,
            "60.000000" : 16580608,
            "70.000000" : 17694720,
            "80.000000" : 19267584,
            "90.000000" : 25296896,
            "95.000000" : 41156608,
            "99.000000" : 101187584,
            "99.500000" : 154140672,
            "99.900000" : 291504128,
            "99.950000" : 329252864,
            "99.990000" : 463470592
          }
        },
        "bw_min" : 696167,
        "bw_max" : 10900146,
        "bw_agg" : 100.000000,
        "bw_mean" : 6454399.339217,
        "bw_dev" : 34374.777945,
        "bw_samples" : 7523,
        "iops_min" : 161,
        "iops_max" : 2650,
        "iops_mean" : 1568.097245,
        "iops_stddev" : 8.369720,
        "iops_samples" : 7523
      },
      "job_runtime" : 1920225,
      "usr_cpu" : 3.906417,
      "sys_cpu" : 0.473694,
      "ctx" : 376617,
      "majf" : 0,
      "minf" : 503,
      "iodepth_level" : {
        "1" : 100.000000,
        "2" : 0.000000,
        "4" : 0.000000,
        "8" : 0.000000,
        "16" : 0.000000,
        "32" : 0.000000,
        ">=64" : 0.000000
      },
      "iodepth_submit" : {
        "0" : 0.000000,
        "4" : 100.000000,
        "8" : 0.000000,
        "16" : 0.000000,
        "32" : 0.000000,
        "64" : 0.000000,
        ">=64" : 0.000000
      },
      "iodepth_complete" : {
        "0" : 0.000000,
        "4" : 100.000000,
        "8" : 0.000000,
        "16" : 0.000000,
        "32" : 0.000000,
        "64" : 0.000000,
        ">=64" : 0.000000
      },
      "latency_ns" : {
        "2" : 0.000000,
        "4" : 0.000000,
        "10" : 0.000000,
        "20" : 0.000000,
        "50" : 0.000000,
        "100" : 0.000000,
        "250" : 0.000000,
        "500" : 0.000000,
        "750" : 0.000000,
        "1000" : 0.000000
      },
      "latency_us" : {
        "2" : 0.000000,
        "4" : 0.000000,
        "10" : 0.000000,
        "20" : 0.000000,
        "50" : 0.000000,
        "100" : 0.000000,
        "250" : 0.000000,
        "500" : 0.000000,
        "750" : 0.000000,
        "1000" : 0.000000
      },
      "latency_ms" : {
        "2" : 0.000000,
        "4" : 0.011710,
        "10" : 3.360870,
        "20" : 79.947623,
        "50" : 13.141142,
        "100" : 2.517725,
        "250" : 0.836758,
        "500" : 0.177784,
        "750" : 0.010000,
        "1000" : 0.010000,
        "2000" : 0.000000,
        ">=2000" : 0.000000
      },
      "latency_depth" : 1,
      "latency_target" : 0,
      "latency_percentile" : 100.000000,
      "latency_window" : 0
    }
  ]
}
