{
  "fio version" : "fio-3.23",
  "timestamp" : 1757040632,
  "timestamp_ms" : 1757040632122,
  "time" : "Fri Sep  5 02:50:32 2025",
  "jobs" : [
    {
      "jobname" : "RandRH-16K-64-8",
      "groupid" : 0,
      "error" : 0,
      "eta" : 0,
      "elapsed" : 61,
      "job options" : {
        "name" : "RandRH-16K-64-8",
        "numjobs" : "64",
        "runtime" : "60",
        "directory" : "/tmp/e2sar/rgeorge-fio_test-p3r_RandRH-16K-64-8",
        "direct" : "1",
        "buffered" : "0",
        "rw" : "randrw",
        "rwmixread" : "80",
        "unified_rw_reporting" : "1",
        "randrepeat" : "0",
        "bs" : "16K",
        "size" : "128M",
        "ioengine" : "pvsync",
        "iodepth" : "8",
        "lat_percentiles" : "1"
      },
      "mixed" : {
        "io_bytes" : 39847247872,
        "io_kbytes" : 38913328,
        "bw_bytes" : 664054392,
        "bw" : 648490,
        "iops" : 40530.663600,
        "runtime" : 60006,
        "total_ios" : 2432083,
        "short_ios" : 0,
        "drop_ios" : 0,
        "slat_ns" : {
          "min" : 0,
          "max" : 0,
          "mean" : 0.000000,
          "stddev" : 0.000000,
          "N" : 0
        },
        "clat_ns" : {
          "min" : 151435,
          "max" : 1245339357,
          "mean" : 1573189.946974,
          "stddev" : 11343629.069098,
          "N" : 2432083,
          "percentile" : {
            "1.000000" : 257024,
            "5.000000" : 305152,
            "10.000000" : 387072,
            "20.000000" : 782336,
            "30.000000" : 954368,
            "40.000000" : 1089536,
            "50.000000" : 1204224,
            "60.000000" : 1269760,
            "70.000000" : 1318912,
            "80.000000" : 1384448,
            "90.000000" : 1499136,
            "95.000000" : 1662976,
            "99.000000" : 2408448,
            "99.500000" : 13565952,
            "99.900000" : 95944704,
            "99.950000" : 337641472,
            "99.990000" : 476053504
          }
        },
        "lat_ns" : {
          "min" : 151480,
          "max" : 1245339400,
          "mean" : 1573252.872566,
          "stddev" : 11343628.885308,
          "N" : 2432083,
          "percentile" : {
            "1.000000" : 257024,
            "5.000000" : 305152,
            "10.000000" : 387072,
            "20.000000" : 782336,
            "30.000000" : 954368,
            "40.000000" : 1089536,
            "50.000000" : 1204224,
            "60.000000" : 1269760,
            "70.000000" : 1318912,
            "80.000000" : 1384448,
            "90.000000" : 1499136,
            "95.000000" : 1662976,
            "99.000000" : 2408448,
            "99.500000" : 13565952,
            "99.900000" : 95944704,
            "99.950000" : 337641472,
            "99.990000" : 476053504
          }
        },
        "bw_min" : 20178,
        "bw_max" : 1165500,
        "bw_agg" : 100.000000,
        "bw_mean" : 650488.191568,
        "bw_dev" : 2294.662436,
        "bw_samples" : 15172,
        "iops_min" : 1248,
        "iops_max" : 72843,
        "iops_mean" : 40654.735330,
        "iops_stddev" : 143.424240,
        "iops_samples" : 15172
      },
      "job_runtime" : 3840074,
      "usr_cpu" : 0.170413,
      "sys_cpu" : 0.341764,
      "ctx" : 2432574,
      "majf" : 0,
      "minf" : 1278,
      "iodepth_level" : {
        "1" : 100.000000,
        "2" : 0.000000,
        "4" : 0.000000,
        "8" : 0.000000,
        "16" : 0.000000,
        "32" : 0.000000,
        ">=64" : 0.000000
      },
      "iodepth_submit" : {
        "0" : 0.000000,
        "4" : 100.000000,
        "8" : 0.000000,
        "16" : 0.000000,
        "32" : 0.000000,
        "64" : 0.000000,
        ">=64" : 0.000000
      },
      "iodepth_complete" : {
        "0" : 0.000000,
        "4" : 100.000000,
        "8" : 0.000000,
        "16" : 0.000000,
        "32" : 0.000000,
        "64" : 0.000000,
        ">=64" : 0.000000
      },
      "latency_ns" : {
        "2" : 0.000000,
        "4" : 0.000000,
        "10" : 0.000000,
        "20" : 0.000000,
        "50" : 0.000000,
        "100" : 0.000000,
        "250" : 0.000000,
        "500" : 0.000000,
        "750" : 0.000000,
        "1000" : 0.000000
      },
      "latency_us" : {
        "2" : 0.000000,
        "4" : 0.000000,
        "10" : 0.000000,
        "20" : 0.000000,
        "50" : 0.000000,
        "100" : 0.000000,
        "250" : 0.657132,
        "500" : 12.658696,
        "750" : 5.557582,
        "1000" : 14.485032
      },
      "latency_ms" : {
        "2" : 65.376511,
        "4" : 0.388104,
        "10" : 0.290821,
        "20" : 0.201761,
        "50" : 0.211383,
        "100" : 0.075491,
        "250" : 0.020517,
        "500" : 0.072325,
        "750" : 0.010000,
        "1000" : 0.000000,
        "2000" : 0.010000,
        ">=2000" : 0.000000
      },
      "latency_depth" : 8,
      "latency_target" : 0,
      "latency_percentile" : 100.000000,
      "latency_window" : 0
    }
  ]
}
