{
  "fio version" : "fio-3.23",
  "timestamp" : 1756968141,
  "timestamp_ms" : 1756968141067,
  "time" : "Thu Sep  4 06:42:21 2025",
  "jobs" : [
    {
      "jobname" : "SeqW-4K-16-128",
      "groupid" : 0,
      "error" : 0,
      "eta" : 0,
      "elapsed" : 61,
      "job options" : {
        "name" : "SeqW-4K-16-128",
        "numjobs" : "16",
        "runtime" : "60",
        "directory" : "/tmp/e2sar/rgeorge-fio_test-p1s_SeqW-4K-16-128",
        "direct" : "1",
        "buffered" : "0",
        "rw" : "write",
        "unified_rw_reporting" : "0",
        "randrepeat" : "0",
        "bs" : "4K",
        "size" : "128M",
        "ioengine" : "pvsync",
        "iodepth" : "128",
        "lat_percentiles" : "1"
      },
      "read" : {
        "io_bytes" : 0,
        "io_kbytes" : 0,
        "bw_bytes" : 0,
        "bw" : 0,
        "iops" : 0.000000,
        "runtime" : 0,
        "total_ios" : 0,
        "short_ios" : 0,
        "drop_ios" : 0,
        "slat_ns" : {
          "min" : 0,
          "max" : 0,
          "mean" : 0.000000,
          "stddev" : 0.000000,
          "N" : 0
        },
        "clat_ns" : {
          "min" : 0,
          "max" : 0,
          "mean" : 0.000000,
          "stddev" : 0.000000,
          "N" : 0
        },
        "lat_ns" : {
          "min" : 0,
          "max" : 0,
          "mean" : 0.000000,
          "stddev" : 0.000000,
          "N" : 0
        },
        "bw_min" : 0,
        "bw_max" : 0,
        "bw_agg" : 0.000000,
        "bw_mean" : 0.000000,
        "bw_dev" : 0.000000,
        "bw_samples" : 0,
        "iops_min" : 0,
        "iops_max" : 0,
        "iops_mean" : 0.000000,
        "iops_stddev" : 0.000000,
        "iops_samples" : 0
      },
      "write" : {
        "io_bytes" : 15054069760,
        "io_kbytes" : 14701240,
        "bw_bytes" : 250892799,
        "bw" : 245012,
        "iops" : 61253.124896,
        "runtime" : 60002,
        "total_ios" : 3675310,
        "short_ios" : 0,
        "drop_ios" : 0,
        "slat_ns" : {
          "min" : 0,
          "max" : 0,
          "mean" : 0.000000,
          "stddev" : 0.000000,
          "N" : 0
        },
        "clat_ns" : {
          "min" : 114292,
          "max" : 322222679,
          "mean" : 259689.568705,
          "stddev" : 1119131.148992,
          "N" : 3675310,
          "percentile" : {
            "1.000000" : 142336,
            "5.000000" : 162816,
            "10.000000" : 181248,
            "20.000000" : 203776,
            "30.000000" : 222208,
            "40.000000" : 234496,
            "50.000000" : 244736,
            "60.000000" : 252928,
            "70.000000" : 264192,
            "80.000000" : 272384,
            "90.000000" : 292864,
            "95.000000" : 321536,
            "99.000000" : 403456,
            "99.500000" : 428032,
            "99.900000" : 2039808,
            "99.950000" : 4145152,
            "99.990000" : 47448064
          }
        },
        "lat_ns" : {
          "min" : 114321,
          "max" : 322222712,
          "mean" : 259762.757007,
          "stddev" : 1119131.315027,
          "N" : 3675310,
          "percentile" : {
            "1.000000" : 142336,
            "5.000000" : 162816,
            "10.000000" : 181248,
            "20.000000" : 203776,
            "30.000000" : 222208,
            "40.000000" : 234496,
            "50.000000" : 244736,
            "60.000000" : 254976,
            "70.000000" : 264192,
            "80.000000" : 272384,
            "90.000000" : 292864,
            "95.000000" : 321536,
            "99.000000" : 403456,
            "99.500000" : 428032,
            "99.900000" : 2039808,
            "99.950000" : 4145152,
            "99.990000" : 47448064
          }
        },
        "bw_min" : 93504,
        "bw_max" : 308744,
        "bw_agg" : 100.000000,
        "bw_mean" : 245366.857143,
        "bw_dev" : 2364.571344,
        "bw_samples" : 1904,
        "iops_min" : 23376,
        "iops_max" : 77186,
        "iops_mean" : 61341.714286,
        "iops_stddev" : 591.142836,
        "iops_samples" : 1904
      },
      "trim" : {
        "io_bytes" : 0,
        "io_kbytes" : 0,
        "bw_bytes" : 0,
        "bw" : 0,
        "iops" : 0.000000,
        "runtime" : 0,
        "total_ios" : 0,
        "short_ios" : 0,
        "drop_ios" : 0,
        "slat_ns" : {
          "min" : 0,
          "max" : 0,
          "mean" : 0.000000,
          "stddev" : 0.000000,
          "N" : 0
        },
        "clat_ns" : {
          "min" : 0,
          "max" : 0,
          "mean" : 0.000000,
          "stddev" : 0.000000,
          "N" : 0
        },
        "lat_ns" : {
          "min" : 0,
          "max" : 0,
          "mean" : 0.000000,
          "stddev" : 0.000000,
          "N" : 0
        },
        "bw_min" : 0,
        "bw_max" : 0,
        "bw_agg" : 0.000000,
        "bw_mean" : 0.000000,
        "bw_dev" : 0.000000,
        "bw_samples" : 0,
        "iops_min" : 0,
        "iops_max" : 0,
        "iops_mean" : 0.000000,
        "iops_stddev" : 0.000000,
        "iops_samples" : 0
      },
      "sync" : {
        "total_ios" : 0,
        "lat_ns" : {
          "min" : 0,
          "max" : 0,
          "mean" : 0.000000,
          "stddev" : 0.000000,
          "N" : 0
        }
      },
      "job_runtime" : 960001,
      "usr_cpu" : 0.905937,
      "sys_cpu" : 2.103227,
      "ctx" : 3675433,
      "majf" : 1,
      "minf" : 213,
      "iodepth_level" : {
        "1" : 100.000000,
        "2" : 0.000000,
        "4" : 0.000000,
        "8" : 0.000000,
        "16" : 0.000000,
        "32" : 0.000000,
        ">=64" : 0.000000
      },
      "iodepth_submit" : {
        "0" : 0.000000,
        "4" : 100.000000,
        "8" : 0.000000,
        "16" : 0.000000,
        "32" : 0.000000,
        "64" : 0.000000,
        ">=64" : 0.000000
      },
      "iodepth_complete" : {
        "0" : 0.000000,
        "4" : 100.000000,
        "8" : 0.000000,
        "16" : 0.000000,
        "32" : 0.000000,
        "64" : 0.000000,
        ">=64" : 0.000000
      },
      "latency_ns" : {
        "2" : 0.000000,
        "4" : 0.000000,
        "10" : 0.000000,
        "20" : 0.000000,
        "50" : 0.000000,
        "100" : 0.000000,
        "250" : 0.000000,
        "500" : 0.000000,
        "750" : 0.000000,
        "1000" : 0.000000
      },
      "latency_us" : {
        "2" : 0.000000,
        "4" : 0.000000,
        "10" : 0.000000,
        "20" : 0.000000,
        "50" : 0.000000,
        "100" : 0.000000,
        "250" : 55.644748,
        "500" : 44.135025,
        "750" : 0.069763,
        "1000" : 0.015672
      },
      "latency_ms" : {
        "2" : 0.025141,
        "4" : 0.058471,
        "10" : 0.024025,
        "20" : 0.010000,
        "50" : 0.010000,
        "100" : 0.010000,
        "250" : 0.010000,
        "500" : 0.010000,
        "750" : 0.000000,
        "1000" : 0.000000,
        "2000" : 0.000000,
        ">=2000" : 0.000000
      },
      "latency_depth" : 128,
      "latency_target" : 0,
      "latency_percentile" : 100.000000,
      "latency_window" : 0
    }
  ]
}
