{
  "fio version" : "fio-3.23",
  "timestamp" : 1757211626,
  "timestamp_ms" : 1757211626975,
  "time" : "Sun Sep  7 02:20:26 2025",
  "jobs" : [
    {
      "jobname" : "SeqBal-1M-64-16",
      "groupid" : 0,
      "error" : 0,
      "eta" : 0,
      "elapsed" : 61,
      "job options" : {
        "name" : "SeqBal-1M-64-16",
        "numjobs" : "64",
        "runtime" : "60",
        "directory" : "/tmp/e2sar/rgeorge-fio_test-p3s_SeqBal-1M-64-16",
        "direct" : "1",
        "buffered" : "0",
        "rw" : "rw",
        "unified_rw_reporting" : "1",
        "randrepeat" : "0",
        "bs" : "1M",
        "size" : "128M",
        "ioengine" : "pvsync",
        "iodepth" : "16",
        "lat_percentiles" : "1"
      },
      "mixed" : {
        "io_bytes" : 184452907008,
        "io_kbytes" : 180129792,
        "bw_bytes" : 3073241923,
        "bw" : 3001212,
        "iops" : 2930.871891,
        "runtime" : 60019,
        "total_ios" : 175908,
        "short_ios" : 0,
        "drop_ios" : 0,
        "slat_ns" : {
          "min" : 0,
          "max" : 0,
          "mean" : 0.000000,
          "stddev" : 0.000000,
          "N" : 0
        },
        "clat_ns" : {
          "min" : 1032837,
          "max" : 952635341,
          "mean" : 21674335.575585,
          "stddev" : 42319834.013208,
          "N" : 175908,
          "percentile" : {
            "1.000000" : 3260416,
            "5.000000" : 6979584,
            "10.000000" : 10027008,
            "20.000000" : 13303808,
            "30.000000" : 15007744,
            "40.000000" : 16056320,
            "50.000000" : 16908288,
            "60.000000" : 17694720,
            "70.000000" : 18481152,
            "80.000000" : 19529728,
            "90.000000" : 21102592,
            "95.000000" : 26869760,
            "99.000000" : 160432128,
            "99.500000" : 421527552,
            "99.900000" : 574619648,
            "99.950000" : 599785472,
            "99.990000" : 692060160
          }
        },
        "lat_ns" : {
          "min" : 1033108,
          "max" : 952635417,
          "mean" : 21674439.660448,
          "stddev" : 42319839.752910,
          "N" : 175908,
          "percentile" : {
            "1.000000" : 3260416,
            "5.000000" : 6979584,
            "10.000000" : 10027008,
            "20.000000" : 13303808,
            "30.000000" : 15007744,
            "40.000000" : 16056320,
            "50.000000" : 16908288,
            "60.000000" : 17694720,
            "70.000000" : 18481152,
            "80.000000" : 19529728,
            "90.000000" : 21102592,
            "95.000000" : 26869760,
            "99.000000" : 160432128,
            "99.500000" : 421527552,
            "99.900000" : 574619648,
            "99.950000" : 599785472,
            "99.990000" : 692060160
          }
        },
        "bw_min" : 276382,
        "bw_max" : 6688336,
        "bw_agg" : 100.000000,
        "bw_mean" : 3067419.310688,
        "bw_dev" : 10676.997667,
        "bw_samples" : 14903,
        "iops_min" : 252,
        "iops_max" : 6528,
        "iops_mean" : 2992.765633,
        "iops_stddev" : 10.444582,
        "iops_samples" : 14903
      },
      "job_runtime" : 3840356,
      "usr_cpu" : 0.522347,
      "sys_cpu" : 0.067494,
      "ctx" : 176507,
      "majf" : 0,
      "minf" : 1208,
      "iodepth_level" : {
        "1" : 100.000000,
        "2" : 0.000000,
        "4" : 0.000000,
        "8" : 0.000000,
        "16" : 0.000000,
        "32" : 0.000000,
        ">=64" : 0.000000
      },
      "iodepth_submit" : {
        "0" : 0.000000,
        "4" : 100.000000,
        "8" : 0.000000,
        "16" : 0.000000,
        "32" : 0.000000,
        "64" : 0.000000,
        ">=64" : 0.000000
      },
      "iodepth_complete" : {
        "0" : 0.000000,
        "4" : 100.000000,
        "8" : 0.000000,
        "16" : 0.000000,
        "32" : 0.000000,
        "64" : 0.000000,
        ">=64" : 0.000000
      },
      "latency_ns" : {
        "2" : 0.000000,
        "4" : 0.000000,
        "10" : 0.000000,
        "20" : 0.000000,
        "50" : 0.000000,
        "100" : 0.000000,
        "250" : 0.000000,
        "500" : 0.000000,
        "750" : 0.000000,
        "1000" : 0.000000
      },
      "latency_us" : {
        "2" : 0.000000,
        "4" : 0.000000,
        "10" : 0.000000,
        "20" : 0.000000,
        "50" : 0.000000,
        "100" : 0.000000,
        "250" : 0.000000,
        "500" : 0.000000,
        "750" : 0.000000,
        "1000" : 0.000000
      },
      "latency_ms" : {
        "2" : 0.256384,
        "4" : 1.495100,
        "10" : 8.276485,
        "20" : 73.782887,
        "50" : 12.905610,
        "100" : 1.756600,
        "250" : 0.673079,
        "500" : 0.656593,
        "750" : 0.195557,
        "1000" : 0.010000,
        "2000" : 0.000000,
        ">=2000" : 0.000000
      },
      "latency_depth" : 16,
      "latency_target" : 0,
      "latency_percentile" : 100.000000,
      "latency_window" : 0
    }
  ]
}
