{
  "fio version" : "fio-3.23",
  "timestamp" : 1757276757,
  "timestamp_ms" : 1757276757768,
  "time" : "Sun Sep  7 20:25:57 2025",
  "jobs" : [
    {
      "jobname" : "RandBal-2M-128-1",
      "groupid" : 0,
      "error" : 0,
      "eta" : 0,
      "elapsed" : 62,
      "job options" : {
        "name" : "RandBal-2M-128-1",
        "numjobs" : "128",
        "runtime" : "60",
        "directory" : "/tmp/e2sar/rgeorge-fio_test-p4r_RandBal-2M-128-1",
        "direct" : "1",
        "buffered" : "0",
        "rw" : "randrw",
        "unified_rw_reporting" : "1",
        "randrepeat" : "0",
        "bs" : "2M",
        "size" : "128M",
        "ioengine" : "pvsync",
        "iodepth" : "1",
        "lat_percentiles" : "1"
      },
      "mixed" : {
        "io_bytes" : 159549227008,
        "io_kbytes" : 155809792,
        "bw_bytes" : 2655436172,
        "bw" : 2593199,
        "iops" : 1266.210638,
        "runtime" : 60084,
        "total_ios" : 76079,
        "short_ios" : 0,
        "drop_ios" : 0,
        "slat_ns" : {
          "min" : 0,
          "max" : 0,
          "mean" : 0.000000,
          "stddev" : 0.000000,
          "N" : 0
        },
        "clat_ns" : {
          "min" : 1774854,
          "max" : 1511880781,
          "mean" : 100236933.275372,
          "stddev" : 78141369.739248,
          "N" : 76079,
          "percentile" : {
            "1.000000" : 56360960,
            "5.000000" : 66322432,
            "10.000000" : 69730304,
            "20.000000" : 73924608,
            "30.000000" : 76021760,
            "40.000000" : 79167488,
            "50.000000" : 81264640,
            "60.000000" : 83361792,
            "70.000000" : 85458944,
            "80.000000" : 90701824,
            "90.000000" : 137363456,
            "95.000000" : 212860928,
            "99.000000" : 526385152,
            "99.500000" : 608174080,
            "99.900000" : 817889280,
            "99.950000" : 968884224,
            "99.990000" : 1199570944
          }
        },
        "lat_ns" : {
          "min" : 1774888,
          "max" : 1511880988,
          "mean" : 100237240.681095,
          "stddev" : 78141384.222718,
          "N" : 76079,
          "percentile" : {
            "1.000000" : 56360960,
            "5.000000" : 66322432,
            "10.000000" : 69730304,
            "20.000000" : 73924608,
            "30.000000" : 76021760,
            "40.000000" : 79167488,
            "50.000000" : 81264640,
            "60.000000" : 83361792,
            "70.000000" : 85458944,
            "80.000000" : 90701824,
            "90.000000" : 137363456,
            "95.000000" : 212860928,
            "99.000000" : 526385152,
            "99.500000" : 608174080,
            "99.900000" : 817889280,
            "99.950000" : 968884224,
            "99.990000" : 1199570944
          }
        },
        "bw_min" : 1048531,
        "bw_max" : 6803258,
        "bw_agg" : 100.000000,
        "bw_mean" : 2841449.296915,
        "bw_dev" : 5286.123487,
        "bw_samples" : 27788,
        "iops_min" : 507,
        "iops_max" : 3319,
        "iops_mean" : 1387.254270,
        "iops_stddev" : 2.580681,
        "iops_samples" : 27788
      },
      "job_runtime" : 7684917,
      "usr_cpu" : 0.259834,
      "sys_cpu" : 0.061510,
      "ctx" : 153421,
      "majf" : 0,
      "minf" : 2022,
      "iodepth_level" : {
        "1" : 100.000000,
        "2" : 0.000000,
        "4" : 0.000000,
        "8" : 0.000000,
        "16" : 0.000000,
        "32" : 0.000000,
        ">=64" : 0.000000
      },
      "iodepth_submit" : {
        "0" : 0.000000,
        "4" : 100.000000,
        "8" : 0.000000,
        "16" : 0.000000,
        "32" : 0.000000,
        "64" : 0.000000,
        ">=64" : 0.000000
      },
      "iodepth_complete" : {
        "0" : 0.000000,
        "4" : 100.000000,
        "8" : 0.000000,
        "16" : 0.000000,
        "32" : 0.000000,
        "64" : 0.000000,
        ">=64" : 0.000000
      },
      "latency_ns" : {
        "2" : 0.000000,
        "4" : 0.000000,
        "10" : 0.000000,
        "20" : 0.000000,
        "50" : 0.000000,
        "100" : 0.000000,
        "250" : 0.000000,
        "500" : 0.000000,
        "750" : 0.000000,
        "1000" : 0.000000
      },
      "latency_us" : {
        "2" : 0.000000,
        "4" : 0.000000,
        "10" : 0.000000,
        "20" : 0.000000,
        "50" : 0.000000,
        "100" : 0.000000,
        "250" : 0.000000,
        "500" : 0.000000,
        "750" : 0.000000,
        "1000" : 0.000000
      },
      "latency_ms" : {
        "2" : 0.010000,
        "4" : 0.057835,
        "10" : 0.095953,
        "20" : 0.148530,
        "50" : 0.416672,
        "100" : 84.204577,
        "250" : 11.389477,
        "500" : 2.481631,
        "750" : 1.072569,
        "1000" : 0.084123,
        "2000" : 0.043376,
        ">=2000" : 0.000000
      },
      "latency_depth" : 1,
      "latency_target" : 0,
      "latency_percentile" : 100.000000,
      "latency_window" : 0
    }
  ]
}
