{
  "fio version" : "fio-3.23",
  "timestamp" : 1756945093,
  "timestamp_ms" : 1756945093722,
  "time" : "Thu Sep  4 00:18:13 2025",
  "jobs" : [
    {
      "jobname" : "RandW-4M-16-16",
      "groupid" : 0,
      "error" : 0,
      "eta" : 0,
      "elapsed" : 61,
      "job options" : {
        "name" : "RandW-4M-16-16",
        "numjobs" : "16",
        "runtime" : "60",
        "directory" : "/tmp/e2sar/rgeorge-fio_test-p1r1_RandW-4M-16-16",
        "direct" : "1",
        "buffered" : "0",
        "rw" : "randwrite",
        "unified_rw_reporting" : "0",
        "randrepeat" : "0",
        "bs" : "4M",
        "size" : "128M",
        "ioengine" : "pvsync",
        "iodepth" : "16",
        "lat_percentiles" : "1"
      },
      "read" : {
        "io_bytes" : 0,
        "io_kbytes" : 0,
        "bw_bytes" : 0,
        "bw" : 0,
        "iops" : 0.000000,
        "runtime" : 0,
        "total_ios" : 0,
        "short_ios" : 0,
        "drop_ios" : 0,
        "slat_ns" : {
          "min" : 0,
          "max" : 0,
          "mean" : 0.000000,
          "stddev" : 0.000000,
          "N" : 0
        },
        "clat_ns" : {
          "min" : 0,
          "max" : 0,
          "mean" : 0.000000,
          "stddev" : 0.000000,
          "N" : 0
        },
        "lat_ns" : {
          "min" : 0,
          "max" : 0,
          "mean" : 0.000000,
          "stddev" : 0.000000,
          "N" : 0
        },
        "bw_min" : 0,
        "bw_max" : 0,
        "bw_agg" : 0.000000,
        "bw_mean" : 0.000000,
        "bw_dev" : 0.000000,
        "bw_samples" : 0,
        "iops_min" : 0,
        "iops_max" : 0,
        "iops_mean" : 0.000000,
        "iops_stddev" : 0.000000,
        "iops_samples" : 0
      },
      "write" : {
        "io_bytes" : 618949246976,
        "io_kbytes" : 604442624,
        "bw_bytes" : 10314961202,
        "bw" : 10073204,
        "iops" : 2459.278393,
        "runtime" : 60005,
        "total_ios" : 147569,
        "short_ios" : 0,
        "drop_ios" : 0,
        "slat_ns" : {
          "min" : 0,
          "max" : 0,
          "mean" : 0.000000,
          "stddev" : 0.000000,
          "N" : 0
        },
        "clat_ns" : {
          "min" : 3402167,
          "max" : 519252671,
          "mean" : 5536622.315303,
          "stddev" : 10424820.138856,
          "N" : 147569,
          "percentile" : {
            "1.000000" : 3948544,
            "5.000000" : 4145152,
            "10.000000" : 4227072,
            "20.000000" : 4423680,
            "30.000000" : 4489216,
            "40.000000" : 4620288,
            "50.000000" : 4685824,
            "60.000000" : 4816896,
            "70.000000" : 4882432,
            "80.000000" : 5079040,
            "90.000000" : 5275648,
            "95.000000" : 5603328,
            "99.000000" : 19267584,
            "99.500000" : 54263808,
            "99.900000" : 181403648,
            "99.950000" : 240123904,
            "99.990000" : 308281344
          }
        },
        "lat_ns" : {
          "min" : 3402372,
          "max" : 519252950,
          "mean" : 5536820.431161,
          "stddev" : 10424835.891207,
          "N" : 147569,
          "percentile" : {
            "1.000000" : 3948544,
            "5.000000" : 4145152,
            "10.000000" : 4227072,
            "20.000000" : 4423680,
            "30.000000" : 4489216,
            "40.000000" : 4620288,
            "50.000000" : 4685824,
            "60.000000" : 4816896,
            "70.000000" : 4882432,
            "80.000000" : 5079040,
            "90.000000" : 5275648,
            "95.000000" : 5603328,
            "99.000000" : 19267584,
            "99.500000" : 54263808,
            "99.900000" : 181403648,
            "99.950000" : 240123904,
            "99.990000" : 308281344
          }
        },
        "bw_min" : 302607,
        "bw_max" : 12382568,
        "bw_agg" : 100.000000,
        "bw_mean" : 10086605.747899,
        "bw_dev" : 182081.533517,
        "bw_samples" : 1904,
        "iops_min" : 61,
        "iops_max" : 3015,
        "iops_mean" : 2457.361345,
        "iops_stddev" : 44.464065,
        "iops_samples" : 1904
      },
      "trim" : {
        "io_bytes" : 0,
        "io_kbytes" : 0,
        "bw_bytes" : 0,
        "bw" : 0,
        "iops" : 0.000000,
        "runtime" : 0,
        "total_ios" : 0,
        "short_ios" : 0,
        "drop_ios" : 0,
        "slat_ns" : {
          "min" : 0,
          "max" : 0,
          "mean" : 0.000000,
          "stddev" : 0.000000,
          "N" : 0
        },
        "clat_ns" : {
          "min" : 0,
          "max" : 0,
          "mean" : 0.000000,
          "stddev" : 0.000000,
          "N" : 0
        },
        "lat_ns" : {
          "min" : 0,
          "max" : 0,
          "mean" : 0.000000,
          "stddev" : 0.000000,
          "N" : 0
        },
        "bw_min" : 0,
        "bw_max" : 0,
        "bw_agg" : 0.000000,
        "bw_mean" : 0.000000,
        "bw_dev" : 0.000000,
        "bw_samples" : 0,
        "iops_min" : 0,
        "iops_max" : 0,
        "iops_mean" : 0.000000,
        "iops_stddev" : 0.000000,
        "iops_samples" : 0
      },
      "sync" : {
        "total_ios" : 0,
        "lat_ns" : {
          "min" : 0,
          "max" : 0,
          "mean" : 0.000000,
          "stddev" : 0.000000,
          "N" : 0
        }
      },
      "job_runtime" : 960037,
      "usr_cpu" : 14.948278,
      "sys_cpu" : 0.519355,
      "ctx" : 590443,
      "majf" : 0,
      "minf" : 182,
      "iodepth_level" : {
        "1" : 100.000000,
        "2" : 0.000000,
        "4" : 0.000000,
        "8" : 0.000000,
        "16" : 0.000000,
        "32" : 0.000000,
        ">=64" : 0.000000
      },
      "iodepth_submit" : {
        "0" : 0.000000,
        "4" : 100.000000,
        "8" : 0.000000,
        "16" : 0.000000,
        "32" : 0.000000,
        "64" : 0.000000,
        ">=64" : 0.000000
      },
      "iodepth_complete" : {
        "0" : 0.000000,
        "4" : 100.000000,
        "8" : 0.000000,
        "16" : 0.000000,
        "32" : 0.000000,
        "64" : 0.000000,
        ">=64" : 0.000000
      },
      "latency_ns" : {
        "2" : 0.000000,
        "4" : 0.000000,
        "10" : 0.000000,
        "20" : 0.000000,
        "50" : 0.000000,
        "100" : 0.000000,
        "250" : 0.000000,
        "500" : 0.000000,
        "750" : 0.000000,
        "1000" : 0.000000
      },
      "latency_us" : {
        "2" : 0.000000,
        "4" : 0.000000,
        "10" : 0.000000,
        "20" : 0.000000,
        "50" : 0.000000,
        "100" : 0.000000,
        "250" : 0.000000,
        "500" : 0.000000,
        "750" : 0.000000,
        "1000" : 0.000000
      },
      "latency_ms" : {
        "2" : 0.000000,
        "4" : 1.449491,
        "10" : 97.268396,
        "20" : 0.300876,
        "50" : 0.451992,
        "100" : 0.250730,
        "250" : 0.231756,
        "500" : 0.046080,
        "750" : 0.010000,
        "1000" : 0.000000,
        "2000" : 0.000000,
        ">=2000" : 0.000000
      },
      "latency_depth" : 16,
      "latency_target" : 0,
      "latency_percentile" : 100.000000,
      "latency_window" : 0
    }
  ]
}
