{
  "fio version" : "fio-3.23",
  "timestamp" : 1757022006,
  "timestamp_ms" : 1757022006136,
  "time" : "Thu Sep  4 21:40:06 2025",
  "jobs" : [
    {
      "jobname" : "SeqR-1M-32-64",
      "groupid" : 0,
      "error" : 0,
      "eta" : 0,
      "elapsed" : 64,
      "job options" : {
        "name" : "SeqR-1M-32-64",
        "numjobs" : "32",
        "runtime" : "60",
        "directory" : "/tmp/e2sar/rgeorge-fio_test-p2s_SeqR-1M-32-64",
        "direct" : "1",
        "buffered" : "0",
        "rw" : "read",
        "unified_rw_reporting" : "0",
        "randrepeat" : "0",
        "bs" : "1M",
        "size" : "128M",
        "ioengine" : "pvsync",
        "iodepth" : "64",
        "lat_percentiles" : "1"
      },
      "read" : {
        "io_bytes" : 213735440384,
        "io_kbytes" : 208726016,
        "bw_bytes" : 3561782435,
        "bw" : 3478303,
        "iops" : 3396.780429,
        "runtime" : 60008,
        "total_ios" : 203834,
        "short_ios" : 0,
        "drop_ios" : 0,
        "slat_ns" : {
          "min" : 0,
          "max" : 0,
          "mean" : 0.000000,
          "stddev" : 0.000000,
          "N" : 0
        },
        "clat_ns" : {
          "min" : 518176,
          "max" : 410872374,
          "mean" : 9415331.535774,
          "stddev" : 8186385.760747,
          "N" : 203834,
          "percentile" : {
            "1.000000" : 962560,
            "5.000000" : 7110656,
            "10.000000" : 7634944,
            "20.000000" : 8159232,
            "30.000000" : 8585216,
            "40.000000" : 8716288,
            "50.000000" : 8847360,
            "60.000000" : 8847360,
            "70.000000" : 9109504,
            "80.000000" : 9240576,
            "90.000000" : 9764864,
            "95.000000" : 10158080,
            "99.000000" : 41156608,
            "99.500000" : 66322432,
            "99.900000" : 102236160,
            "99.950000" : 156237824,
            "99.990000" : 252706816
          }
        },
        "lat_ns" : {
          "min" : 518214,
          "max" : 410872411,
          "mean" : 9415369.005691,
          "stddev" : 8186388.427894,
          "N" : 203834,
          "percentile" : {
            "1.000000" : 962560,
            "5.000000" : 7110656,
            "10.000000" : 7634944,
            "20.000000" : 8159232,
            "30.000000" : 8585216,
            "40.000000" : 8716288,
            "50.000000" : 8847360,
            "60.000000" : 8847360,
            "70.000000" : 9109504,
            "80.000000" : 9240576,
            "90.000000" : 9764864,
            "95.000000" : 10158080,
            "99.000000" : 41156608,
            "99.500000" : 66322432,
            "99.900000" : 102236160,
            "99.950000" : 156237824,
            "99.990000" : 252706816
          }
        },
        "bw_min" : 1157120,
        "bw_max" : 4110336,
        "bw_agg" : 100.000000,
        "bw_mean" : 3480890.915966,
        "bw_dev" : 18366.152123,
        "bw_samples" : 3808,
        "iops_min" : 1130,
        "iops_max" : 4014,
        "iops_mean" : 3399.285714,
        "iops_stddev" : 17.937186,
        "iops_samples" : 3808
      },
      "write" : {
        "io_bytes" : 0,
        "io_kbytes" : 0,
        "bw_bytes" : 0,
        "bw" : 0,
        "iops" : 0.000000,
        "runtime" : 0,
        "total_ios" : 0,
        "short_ios" : 0,
        "drop_ios" : 0,
        "slat_ns" : {
          "min" : 0,
          "max" : 0,
          "mean" : 0.000000,
          "stddev" : 0.000000,
          "N" : 0
        },
        "clat_ns" : {
          "min" : 0,
          "max" : 0,
          "mean" : 0.000000,
          "stddev" : 0.000000,
          "N" : 0
        },
        "lat_ns" : {
          "min" : 0,
          "max" : 0,
          "mean" : 0.000000,
          "stddev" : 0.000000,
          "N" : 0
        },
        "bw_min" : 0,
        "bw_max" : 0,
        "bw_agg" : 0.000000,
        "bw_mean" : 0.000000,
        "bw_dev" : 0.000000,
        "bw_samples" : 0,
        "iops_min" : 0,
        "iops_max" : 0,
        "iops_mean" : 0.000000,
        "iops_stddev" : 0.000000,
        "iops_samples" : 0
      },
      "trim" : {
        "io_bytes" : 0,
        "io_kbytes" : 0,
        "bw_bytes" : 0,
        "bw" : 0,
        "iops" : 0.000000,
        "runtime" : 0,
        "total_ios" : 0,
        "short_ios" : 0,
        "drop_ios" : 0,
        "slat_ns" : {
          "min" : 0,
          "max" : 0,
          "mean" : 0.000000,
          "stddev" : 0.000000,
          "N" : 0
        },
        "clat_ns" : {
          "min" : 0,
          "max" : 0,
          "mean" : 0.000000,
          "stddev" : 0.000000,
          "N" : 0
        },
        "lat_ns" : {
          "min" : 0,
          "max" : 0,
          "mean" : 0.000000,
          "stddev" : 0.000000,
          "N" : 0
        },
        "bw_min" : 0,
        "bw_max" : 0,
        "bw_agg" : 0.000000,
        "bw_mean" : 0.000000,
        "bw_dev" : 0.000000,
        "bw_samples" : 0,
        "iops_min" : 0,
        "iops_max" : 0,
        "iops_mean" : 0.000000,
        "iops_stddev" : 0.000000,
        "iops_samples" : 0
      },
      "sync" : {
        "total_ios" : 0,
        "lat_ns" : {
          "min" : 0,
          "max" : 0,
          "mean" : 0.000000,
          "stddev" : 0.000000,
          "N" : 0
        }
      },
      "job_runtime" : 1920115,
      "usr_cpu" : 0.012083,
      "sys_cpu" : 0.148793,
      "ctx" : 203995,
      "majf" : 0,
      "minf" : 432,
      "iodepth_level" : {
        "1" : 100.000000,
        "2" : 0.000000,
        "4" : 0.000000,
        "8" : 0.000000,
        "16" : 0.000000,
        "32" : 0.000000,
        ">=64" : 0.000000
      },
      "iodepth_submit" : {
        "0" : 0.000000,
        "4" : 100.000000,
        "8" : 0.000000,
        "16" : 0.000000,
        "32" : 0.000000,
        "64" : 0.000000,
        ">=64" : 0.000000
      },
      "iodepth_complete" : {
        "0" : 0.000000,
        "4" : 100.000000,
        "8" : 0.000000,
        "16" : 0.000000,
        "32" : 0.000000,
        "64" : 0.000000,
        ">=64" : 0.000000
      },
      "latency_ns" : {
        "2" : 0.000000,
        "4" : 0.000000,
        "10" : 0.000000,
        "20" : 0.000000,
        "50" : 0.000000,
        "100" : 0.000000,
        "250" : 0.000000,
        "500" : 0.000000,
        "750" : 0.000000,
        "1000" : 0.000000
      },
      "latency_us" : {
        "2" : 0.000000,
        "4" : 0.000000,
        "10" : 0.000000,
        "20" : 0.000000,
        "50" : 0.000000,
        "100" : 0.000000,
        "250" : 0.000000,
        "500" : 0.000000,
        "750" : 0.370890,
        "1000" : 0.699098
      },
      "latency_ms" : {
        "2" : 0.891412,
        "4" : 0.966473,
        "10" : 90.754241,
        "20" : 4.626804,
        "50" : 0.890921,
        "100" : 0.694192,
        "250" : 0.095175,
        "500" : 0.010793,
        "750" : 0.000000,
        "1000" : 0.000000,
        "2000" : 0.000000,
        ">=2000" : 0.000000
      },
      "latency_depth" : 64,
      "latency_target" : 0,
      "latency_percentile" : 100.000000,
      "latency_window" : 0
    }
  ]
}
