{
  "fio version" : "fio-3.23",
  "timestamp" : 1756962254,
  "timestamp_ms" : 1756962254470,
  "time" : "Thu Sep  4 05:04:14 2025",
  "jobs" : [
    {
      "jobname" : "SeqWH-1M-16-16",
      "groupid" : 0,
      "error" : 0,
      "eta" : 0,
      "elapsed" : 61,
      "job options" : {
        "name" : "SeqWH-1M-16-16",
        "numjobs" : "16",
        "runtime" : "60",
        "directory" : "/tmp/e2sar/rgeorge-fio_test-p1s_SeqWH-1M-16-16",
        "direct" : "1",
        "buffered" : "0",
        "rw" : "rw",
        "rwmixread" : "20",
        "unified_rw_reporting" : "1",
        "randrepeat" : "0",
        "bs" : "1M",
        "size" : "128M",
        "ioengine" : "pvsync",
        "iodepth" : "16",
        "lat_percentiles" : "1"
      },
      "mixed" : {
        "io_bytes" : 385059127296,
        "io_kbytes" : 376034304,
        "bw_bytes" : 6417331255,
        "bw" : 6266925,
        "iops" : 6120.043998,
        "runtime" : 60003,
        "total_ios" : 367221,
        "short_ios" : 0,
        "drop_ios" : 0,
        "slat_ns" : {
          "min" : 0,
          "max" : 0,
          "mean" : 0.000000,
          "stddev" : 0.000000,
          "N" : 0
        },
        "clat_ns" : {
          "min" : 740118,
          "max" : 472870343,
          "mean" : 2450427.364358,
          "stddev" : 5312309.091052,
          "N" : 367221,
          "percentile" : {
            "1.000000" : 1019904,
            "5.000000" : 1187840,
            "10.000000" : 1302528,
            "20.000000" : 1482752,
            "30.000000" : 1630208,
            "40.000000" : 1761280,
            "50.000000" : 1925120,
            "60.000000" : 2088960,
            "70.000000" : 2310144,
            "80.000000" : 2670592,
            "90.000000" : 3391488,
            "95.000000" : 4112384,
            "99.000000" : 6520832,
            "99.500000" : 17170432,
            "99.900000" : 81264640,
            "99.950000" : 104333312,
            "99.990000" : 229638144
          }
        },
        "lat_ns" : {
          "min" : 740167,
          "max" : 472870373,
          "mean" : 2450498.864948,
          "stddev" : 5312315.709023,
          "N" : 367221,
          "percentile" : {
            "1.000000" : 1019904,
            "5.000000" : 1187840,
            "10.000000" : 1302528,
            "20.000000" : 1482752,
            "30.000000" : 1630208,
            "40.000000" : 1761280,
            "50.000000" : 1925120,
            "60.000000" : 2088960,
            "70.000000" : 2310144,
            "80.000000" : 2670592,
            "90.000000" : 3391488,
            "95.000000" : 4112384,
            "99.000000" : 6520832,
            "99.500000" : 17170432,
            "99.900000" : 81264640,
            "99.950000" : 104333312,
            "99.990000" : 229638144
          }
        },
        "bw_min" : 421709,
        "bw_max" : 8509440,
        "bw_agg" : 100.000000,
        "bw_mean" : 6278732.144907,
        "bw_dev" : 61248.272399,
        "bw_samples" : 3805,
        "iops_min" : 405,
        "iops_max" : 8310,
        "iops_mean" : 6131.212513,
        "iops_stddev" : 59.823941,
        "iops_samples" : 3805
      },
      "job_runtime" : 960007,
      "usr_cpu" : 6.249538,
      "sys_cpu" : 0.567288,
      "ctx" : 367395,
      "majf" : 0,
      "minf" : 294,
      "iodepth_level" : {
        "1" : 100.000000,
        "2" : 0.000000,
        "4" : 0.000000,
        "8" : 0.000000,
        "16" : 0.000000,
        "32" : 0.000000,
        ">=64" : 0.000000
      },
      "iodepth_submit" : {
        "0" : 0.000000,
        "4" : 100.000000,
        "8" : 0.000000,
        "16" : 0.000000,
        "32" : 0.000000,
        "64" : 0.000000,
        ">=64" : 0.000000
      },
      "iodepth_complete" : {
        "0" : 0.000000,
        "4" : 100.000000,
        "8" : 0.000000,
        "16" : 0.000000,
        "32" : 0.000000,
        "64" : 0.000000,
        ">=64" : 0.000000
      },
      "latency_ns" : {
        "2" : 0.000000,
        "4" : 0.000000,
        "10" : 0.000000,
        "20" : 0.000000,
        "50" : 0.000000,
        "100" : 0.000000,
        "250" : 0.000000,
        "500" : 0.000000,
        "750" : 0.000000,
        "1000" : 0.000000
      },
      "latency_us" : {
        "2" : 0.000000,
        "4" : 0.000000,
        "10" : 0.000000,
        "20" : 0.000000,
        "50" : 0.000000,
        "100" : 0.000000,
        "250" : 0.000000,
        "500" : 0.000000,
        "750" : 0.010000,
        "1000" : 0.813679
      },
      "latency_ms" : {
        "2" : 54.002631,
        "4" : 39.631720,
        "10" : 4.854025,
        "20" : 0.252981,
        "50" : 0.230924,
        "100" : 0.157671,
        "250" : 0.049834,
        "500" : 0.010000,
        "750" : 0.000000,
        "1000" : 0.000000,
        "2000" : 0.000000,
        ">=2000" : 0.000000
      },
      "latency_depth" : 16,
      "latency_target" : 0,
      "latency_percentile" : 100.000000,
      "latency_window" : 0
    }
  ]
}
