{
  "fio version" : "fio-3.23",
  "timestamp" : 1756961809,
  "timestamp_ms" : 1756961809081,
  "time" : "Thu Sep  4 04:56:49 2025",
  "jobs" : [
    {
      "jobname" : "SeqBal-16K-16-16",
      "groupid" : 0,
      "error" : 0,
      "eta" : 0,
      "elapsed" : 61,
      "job options" : {
        "name" : "SeqBal-16K-16-16",
        "numjobs" : "16",
        "runtime" : "60",
        "directory" : "/tmp/e2sar/rgeorge-fio_test-p1s_SeqBal-16K-16-16",
        "direct" : "1",
        "buffered" : "0",
        "rw" : "rw",
        "unified_rw_reporting" : "1",
        "randrepeat" : "0",
        "bs" : "16K",
        "size" : "128M",
        "ioengine" : "pvsync",
        "iodepth" : "16",
        "lat_percentiles" : "1"
      },
      "mixed" : {
        "io_bytes" : 44474482688,
        "io_kbytes" : 43432112,
        "bw_bytes" : 741229024,
        "bw" : 723856,
        "iops" : 45241.029316,
        "runtime" : 60001,
        "total_ios" : 2714507,
        "short_ios" : 0,
        "drop_ios" : 0,
        "slat_ns" : {
          "min" : 0,
          "max" : 0,
          "mean" : 0.000000,
          "stddev" : 0.000000,
          "N" : 0
        },
        "clat_ns" : {
          "min" : 130533,
          "max" : 2060007416,
          "mean" : 351118.410483,
          "stddev" : 3525302.182487,
          "N" : 2714507,
          "percentile" : {
            "1.000000" : 175104,
            "5.000000" : 205824,
            "10.000000" : 228352,
            "20.000000" : 254976,
            "30.000000" : 276480,
            "40.000000" : 292864,
            "50.000000" : 305152,
            "60.000000" : 321536,
            "70.000000" : 337920,
            "80.000000" : 362496,
            "90.000000" : 403456,
            "95.000000" : 440320,
            "99.000000" : 497664,
            "99.500000" : 528384,
            "99.900000" : 6324224,
            "99.950000" : 16318464,
            "99.990000" : 77070336
          }
        },
        "lat_ns" : {
          "min" : 130564,
          "max" : 2060007451,
          "mean" : 351190.209766,
          "stddev" : 3525301.875184,
          "N" : 2714507,
          "percentile" : {
            "1.000000" : 175104,
            "5.000000" : 205824,
            "10.000000" : 228352,
            "20.000000" : 254976,
            "30.000000" : 276480,
            "40.000000" : 292864,
            "50.000000" : 305152,
            "60.000000" : 321536,
            "70.000000" : 337920,
            "80.000000" : 362496,
            "90.000000" : 403456,
            "95.000000" : 440320,
            "99.000000" : 497664,
            "99.500000" : 528384,
            "99.900000" : 6324224,
            "99.950000" : 16318464,
            "99.990000" : 77070336
          }
        },
        "bw_min" : 94720,
        "bw_max" : 999840,
        "bw_agg" : 100.000000,
        "bw_mean" : 731474.665921,
        "bw_dev" : 4760.008394,
        "bw_samples" : 3769,
        "iops_min" : 5920,
        "iops_max" : 62490,
        "iops_mean" : 45717.149813,
        "iops_stddev" : 297.501156,
        "iops_samples" : 3769
      },
      "job_runtime" : 960000,
      "usr_cpu" : 0.980833,
      "sys_cpu" : 1.606354,
      "ctx" : 2714624,
      "majf" : 0,
      "minf" : 338,
      "iodepth_level" : {
        "1" : 100.000000,
        "2" : 0.000000,
        "4" : 0.000000,
        "8" : 0.000000,
        "16" : 0.000000,
        "32" : 0.000000,
        ">=64" : 0.000000
      },
      "iodepth_submit" : {
        "0" : 0.000000,
        "4" : 100.000000,
        "8" : 0.000000,
        "16" : 0.000000,
        "32" : 0.000000,
        "64" : 0.000000,
        ">=64" : 0.000000
      },
      "iodepth_complete" : {
        "0" : 0.000000,
        "4" : 100.000000,
        "8" : 0.000000,
        "16" : 0.000000,
        "32" : 0.000000,
        "64" : 0.000000,
        ">=64" : 0.000000
      },
      "latency_ns" : {
        "2" : 0.000000,
        "4" : 0.000000,
        "10" : 0.000000,
        "20" : 0.000000,
        "50" : 0.000000,
        "100" : 0.000000,
        "250" : 0.000000,
        "500" : 0.000000,
        "750" : 0.000000,
        "1000" : 0.000000
      },
      "latency_us" : {
        "2" : 0.000000,
        "4" : 0.000000,
        "10" : 0.000000,
        "20" : 0.000000,
        "50" : 0.000000,
        "100" : 0.000000,
        "250" : 17.756668,
        "500" : 81.252176,
        "750" : 0.826964,
        "1000" : 0.010000
      },
      "latency_ms" : {
        "2" : 0.012967,
        "4" : 0.021072,
        "10" : 0.051059,
        "20" : 0.029508,
        "50" : 0.021072,
        "100" : 0.016283,
        "250" : 0.010000,
        "500" : 0.010000,
        "750" : 0.010000,
        "1000" : 0.010000,
        "2000" : 0.010000,
        ">=2000" : 0.010000
      },
      "latency_depth" : 16,
      "latency_target" : 0,
      "latency_percentile" : 100.000000,
      "latency_window" : 0
    }
  ]
}
