{
  "fio version" : "fio-3.23",
  "timestamp" : 1756966947,
  "timestamp_ms" : 1756966947223,
  "time" : "Thu Sep  4 06:22:27 2025",
  "jobs" : [
    {
      "jobname" : "SeqBal-2M-16-64",
      "groupid" : 0,
      "error" : 0,
      "eta" : 0,
      "elapsed" : 63,
      "job options" : {
        "name" : "SeqBal-2M-16-64",
        "numjobs" : "16",
        "runtime" : "60",
        "directory" : "/tmp/e2sar/rgeorge-fio_test-p1s_SeqBal-2M-16-64",
        "direct" : "1",
        "buffered" : "0",
        "rw" : "rw",
        "unified_rw_reporting" : "1",
        "randrepeat" : "0",
        "bs" : "2M",
        "size" : "128M",
        "ioengine" : "pvsync",
        "iodepth" : "64",
        "lat_percentiles" : "1"
      },
      "mixed" : {
        "io_bytes" : 281544753152,
        "io_kbytes" : 274946048,
        "bw_bytes" : 4688427389,
        "bw" : 4578542,
        "iops" : 2235.616393,
        "runtime" : 60051,
        "total_ios" : 134251,
        "short_ios" : 0,
        "drop_ios" : 0,
        "slat_ns" : {
          "min" : 0,
          "max" : 0,
          "mean" : 0.000000,
          "stddev" : 0.000000,
          "N" : 0
        },
        "clat_ns" : {
          "min" : 1291393,
          "max" : 1340429531,
          "mean" : 6950929.730810,
          "stddev" : 12139707.703594,
          "N" : 134251,
          "percentile" : {
            "1.000000" : 2179072,
            "5.000000" : 3227648,
            "10.000000" : 3948544,
            "20.000000" : 4751360,
            "30.000000" : 5210112,
            "40.000000" : 5668864,
            "50.000000" : 6062080,
            "60.000000" : 6389760,
            "70.000000" : 6782976,
            "80.000000" : 7307264,
            "90.000000" : 7962624,
            "95.000000" : 8585216,
            "99.000000" : 38010880,
            "99.500000" : 71827456,
            "99.900000" : 139460608,
            "99.950000" : 193986560,
            "99.990000" : 375390208
          }
        },
        "lat_ns" : {
          "min" : 1291472,
          "max" : 1340429671,
          "mean" : 6951018.988991,
          "stddev" : 12139719.638557,
          "N" : 134251,
          "percentile" : {
            "1.000000" : 2179072,
            "5.000000" : 3227648,
            "10.000000" : 3948544,
            "20.000000" : 4751360,
            "30.000000" : 5210112,
            "40.000000" : 5668864,
            "50.000000" : 6062080,
            "60.000000" : 6389760,
            "70.000000" : 6782976,
            "80.000000" : 7307264,
            "90.000000" : 7962624,
            "95.000000" : 8585216,
            "99.000000" : 38535168,
            "99.500000" : 71827456,
            "99.900000" : 139460608,
            "99.950000" : 193986560,
            "99.990000" : 375390208
          }
        },
        "bw_min" : 380627,
        "bw_max" : 8581484,
        "bw_agg" : 100.000000,
        "bw_mean" : 4606850.222604,
        "bw_dev" : 46490.940102,
        "bw_samples" : 3794,
        "iops_min" : 174,
        "iops_max" : 4184,
        "iops_mean" : 2235.931549,
        "iops_stddev" : 22.696281,
        "iops_samples" : 3794
      },
      "job_runtime" : 960255,
      "usr_cpu" : 2.823521,
      "sys_cpu" : 0.437488,
      "ctx" : 268631,
      "majf" : 0,
      "minf" : 286,
      "iodepth_level" : {
        "1" : 100.000000,
        "2" : 0.000000,
        "4" : 0.000000,
        "8" : 0.000000,
        "16" : 0.000000,
        "32" : 0.000000,
        ">=64" : 0.000000
      },
      "iodepth_submit" : {
        "0" : 0.000000,
        "4" : 100.000000,
        "8" : 0.000000,
        "16" : 0.000000,
        "32" : 0.000000,
        "64" : 0.000000,
        ">=64" : 0.000000
      },
      "iodepth_complete" : {
        "0" : 0.000000,
        "4" : 100.000000,
        "8" : 0.000000,
        "16" : 0.000000,
        "32" : 0.000000,
        "64" : 0.000000,
        ">=64" : 0.000000
      },
      "latency_ns" : {
        "2" : 0.000000,
        "4" : 0.000000,
        "10" : 0.000000,
        "20" : 0.000000,
        "50" : 0.000000,
        "100" : 0.000000,
        "250" : 0.000000,
        "500" : 0.000000,
        "750" : 0.000000,
        "1000" : 0.000000
      },
      "latency_us" : {
        "2" : 0.000000,
        "4" : 0.000000,
        "10" : 0.000000,
        "20" : 0.000000,
        "50" : 0.000000,
        "100" : 0.000000,
        "250" : 0.000000,
        "500" : 0.000000,
        "750" : 0.000000,
        "1000" : 0.000000
      },
      "latency_ms" : {
        "2" : 0.502045,
        "4" : 9.920969,
        "10" : 87.224676,
        "20" : 0.736680,
        "50" : 0.828299,
        "100" : 0.548972,
        "250" : 0.211544,
        "500" : 0.020112,
        "750" : 0.010000,
        "1000" : 0.010000,
        "2000" : 0.010000,
        ">=2000" : 0.000000
      },
      "latency_depth" : 64,
      "latency_target" : 0,
      "latency_percentile" : 100.000000,
      "latency_window" : 0
    }
  ]
}
