{
  "fio version" : "fio-3.23",
  "timestamp" : 1757000007,
  "timestamp_ms" : 1757000007989,
  "time" : "Thu Sep  4 15:33:27 2025",
  "jobs" : [
    {
      "jobname" : "RandBal-16K-32-64",
      "groupid" : 0,
      "error" : 0,
      "eta" : 0,
      "elapsed" : 61,
      "job options" : {
        "name" : "RandBal-16K-32-64",
        "numjobs" : "32",
        "runtime" : "60",
        "directory" : "/tmp/e2sar/rgeorge-fio_test-p2r_RandBal-16K-32-64",
        "direct" : "1",
        "buffered" : "0",
        "rw" : "randrw",
        "unified_rw_reporting" : "1",
        "randrepeat" : "0",
        "bs" : "16K",
        "size" : "128M",
        "ioengine" : "pvsync",
        "iodepth" : "64",
        "lat_percentiles" : "1"
      },
      "mixed" : {
        "io_bytes" : 53701591040,
        "io_kbytes" : 52442960,
        "bw_bytes" : 895011600,
        "bw" : 874034,
        "iops" : 54627.172880,
        "runtime" : 60001,
        "total_ios" : 3277685,
        "short_ios" : 0,
        "drop_ios" : 0,
        "slat_ns" : {
          "min" : 0,
          "max" : 0,
          "mean" : 0.000000,
          "stddev" : 0.000000,
          "N" : 0
        },
        "clat_ns" : {
          "min" : 154503,
          "max" : 1185646304,
          "mean" : 582583.495814,
          "stddev" : 2793154.003742,
          "N" : 3277685,
          "percentile" : {
            "1.000000" : 261120,
            "5.000000" : 301056,
            "10.000000" : 333824,
            "20.000000" : 403456,
            "30.000000" : 452608,
            "40.000000" : 485376,
            "50.000000" : 514048,
            "60.000000" : 536576,
            "70.000000" : 569344,
            "80.000000" : 602112,
            "90.000000" : 651264,
            "95.000000" : 708608,
            "99.000000" : 872448,
            "99.500000" : 1056768,
            "99.900000" : 19791872,
            "99.950000" : 42729472,
            "99.990000" : 95944704
          }
        },
        "lat_ns" : {
          "min" : 154549,
          "max" : 1185646352,
          "mean" : 582648.687406,
          "stddev" : 2793153.743230,
          "N" : 3277685,
          "percentile" : {
            "1.000000" : 261120,
            "5.000000" : 301056,
            "10.000000" : 333824,
            "20.000000" : 403456,
            "30.000000" : 452608,
            "40.000000" : 485376,
            "50.000000" : 514048,
            "60.000000" : 536576,
            "70.000000" : 569344,
            "80.000000" : 602112,
            "90.000000" : 651264,
            "95.000000" : 708608,
            "99.000000" : 872448,
            "99.500000" : 1056768,
            "99.900000" : 19791872,
            "99.950000" : 42729472,
            "99.990000" : 95944704
          }
        },
        "bw_min" : 62624,
        "bw_max" : 1230784,
        "bw_agg" : 100.000000,
        "bw_mean" : 877918.397949,
        "bw_dev" : 3562.687898,
        "bw_samples" : 7604,
        "iops_min" : 3914,
        "iops_max" : 76924,
        "iops_mean" : 54869.899872,
        "iops_stddev" : 222.667994,
        "iops_samples" : 7604
      },
      "job_runtime" : 1920000,
      "usr_cpu" : 0.650208,
      "sys_cpu" : 0.873906,
      "ctx" : 3277938,
      "majf" : 0,
      "minf" : 607,
      "iodepth_level" : {
        "1" : 100.000000,
        "2" : 0.000000,
        "4" : 0.000000,
        "8" : 0.000000,
        "16" : 0.000000,
        "32" : 0.000000,
        ">=64" : 0.000000
      },
      "iodepth_submit" : {
        "0" : 0.000000,
        "4" : 100.000000,
        "8" : 0.000000,
        "16" : 0.000000,
        "32" : 0.000000,
        "64" : 0.000000,
        ">=64" : 0.000000
      },
      "iodepth_complete" : {
        "0" : 0.000000,
        "4" : 100.000000,
        "8" : 0.000000,
        "16" : 0.000000,
        "32" : 0.000000,
        "64" : 0.000000,
        ">=64" : 0.000000
      },
      "latency_ns" : {
        "2" : 0.000000,
        "4" : 0.000000,
        "10" : 0.000000,
        "20" : 0.000000,
        "50" : 0.000000,
        "100" : 0.000000,
        "250" : 0.000000,
        "500" : 0.000000,
        "750" : 0.000000,
        "1000" : 0.000000
      },
      "latency_us" : {
        "2" : 0.000000,
        "4" : 0.000000,
        "10" : 0.000000,
        "20" : 0.000000,
        "50" : 0.000000,
        "100" : 0.000000,
        "250" : 0.571745,
        "500" : 44.719398,
        "750" : 51.760831,
        "1000" : 2.361697
      },
      "latency_ms" : {
        "2" : 0.250146,
        "4" : 0.063612,
        "10" : 0.108156,
        "20" : 0.065931,
        "50" : 0.056930,
        "100" : 0.033286,
        "250" : 0.010000,
        "500" : 0.010000,
        "750" : 0.010000,
        "1000" : 0.010000,
        "2000" : 0.010000,
        ">=2000" : 0.000000
      },
      "latency_depth" : 64,
      "latency_target" : 0,
      "latency_percentile" : 100.000000,
      "latency_window" : 0
    }
  ]
}
