{
  "fio version" : "fio-3.23",
  "timestamp" : 1756960810,
  "timestamp_ms" : 1756960810790,
  "time" : "Thu Sep  4 04:40:10 2025",
  "jobs" : [
    {
      "jobname" : "SeqW-4M-16-8",
      "groupid" : 0,
      "error" : 0,
      "eta" : 0,
      "elapsed" : 61,
      "job options" : {
        "name" : "SeqW-4M-16-8",
        "numjobs" : "16",
        "runtime" : "60",
        "directory" : "/tmp/e2sar/rgeorge-fio_test-p1s_SeqW-4M-16-8",
        "direct" : "1",
        "buffered" : "0",
        "rw" : "write",
        "unified_rw_reporting" : "0",
        "randrepeat" : "0",
        "bs" : "4M",
        "size" : "128M",
        "ioengine" : "pvsync",
        "iodepth" : "8",
        "lat_percentiles" : "1"
      },
      "read" : {
        "io_bytes" : 0,
        "io_kbytes" : 0,
        "bw_bytes" : 0,
        "bw" : 0,
        "iops" : 0.000000,
        "runtime" : 0,
        "total_ios" : 0,
        "short_ios" : 0,
        "drop_ios" : 0,
        "slat_ns" : {
          "min" : 0,
          "max" : 0,
          "mean" : 0.000000,
          "stddev" : 0.000000,
          "N" : 0
        },
        "clat_ns" : {
          "min" : 0,
          "max" : 0,
          "mean" : 0.000000,
          "stddev" : 0.000000,
          "N" : 0
        },
        "lat_ns" : {
          "min" : 0,
          "max" : 0,
          "mean" : 0.000000,
          "stddev" : 0.000000,
          "N" : 0
        },
        "bw_min" : 0,
        "bw_max" : 0,
        "bw_agg" : 0.000000,
        "bw_mean" : 0.000000,
        "bw_dev" : 0.000000,
        "bw_samples" : 0,
        "iops_min" : 0,
        "iops_max" : 0,
        "iops_mean" : 0.000000,
        "iops_stddev" : 0.000000,
        "iops_samples" : 0
      },
      "write" : {
        "io_bytes" : 640340197376,
        "io_kbytes" : 625332224,
        "bw_bytes" : 10671269495,
        "bw" : 10421161,
        "iops" : 2544.228910,
        "runtime" : 60006,
        "total_ios" : 152669,
        "short_ios" : 0,
        "drop_ios" : 0,
        "slat_ns" : {
          "min" : 0,
          "max" : 0,
          "mean" : 0.000000,
          "stddev" : 0.000000,
          "N" : 0
        },
        "clat_ns" : {
          "min" : 3508019,
          "max" : 1134312478,
          "mean" : 5379442.012485,
          "stddev" : 11947665.842730,
          "N" : 152669,
          "percentile" : {
            "1.000000" : 4014080,
            "5.000000" : 4227072,
            "10.000000" : 4292608,
            "20.000000" : 4423680,
            "30.000000" : 4554752,
            "40.000000" : 4620288,
            "50.000000" : 4685824,
            "60.000000" : 4816896,
            "70.000000" : 4882432,
            "80.000000" : 5013504,
            "90.000000" : 5210112,
            "95.000000" : 5406720,
            "99.000000" : 8093696,
            "99.500000" : 30015488,
            "99.900000" : 166723584,
            "99.950000" : 248512512,
            "99.990000" : 455081984
          }
        },
        "lat_ns" : {
          "min" : 3508334,
          "max" : 1134313005,
          "mean" : 5379614.765755,
          "stddev" : 11947675.005297,
          "N" : 152669,
          "percentile" : {
            "1.000000" : 4014080,
            "5.000000" : 4227072,
            "10.000000" : 4292608,
            "20.000000" : 4423680,
            "30.000000" : 4554752,
            "40.000000" : 4620288,
            "50.000000" : 4685824,
            "60.000000" : 4816896,
            "70.000000" : 4882432,
            "80.000000" : 5013504,
            "90.000000" : 5210112,
            "95.000000" : 5406720,
            "99.000000" : 8093696,
            "99.500000" : 30015488,
            "99.900000" : 166723584,
            "99.950000" : 248512512,
            "99.990000" : 455081984
          }
        },
        "bw_min" : 384841,
        "bw_max" : 12337152,
        "bw_agg" : 100.000000,
        "bw_mean" : 10477601.635949,
        "bw_dev" : 174146.567323,
        "bw_samples" : 1895,
        "iops_min" : 90,
        "iops_max" : 3012,
        "iops_mean" : 2555.940108,
        "iops_stddev" : 42.534050,
        "iops_samples" : 1895
      },
      "trim" : {
        "io_bytes" : 0,
        "io_kbytes" : 0,
        "bw_bytes" : 0,
        "bw" : 0,
        "iops" : 0.000000,
        "runtime" : 0,
        "total_ios" : 0,
        "short_ios" : 0,
        "drop_ios" : 0,
        "slat_ns" : {
          "min" : 0,
          "max" : 0,
          "mean" : 0.000000,
          "stddev" : 0.000000,
          "N" : 0
        },
        "clat_ns" : {
          "min" : 0,
          "max" : 0,
          "mean" : 0.000000,
          "stddev" : 0.000000,
          "N" : 0
        },
        "lat_ns" : {
          "min" : 0,
          "max" : 0,
          "mean" : 0.000000,
          "stddev" : 0.000000,
          "N" : 0
        },
        "bw_min" : 0,
        "bw_max" : 0,
        "bw_agg" : 0.000000,
        "bw_mean" : 0.000000,
        "bw_dev" : 0.000000,
        "bw_samples" : 0,
        "iops_min" : 0,
        "iops_max" : 0,
        "iops_mean" : 0.000000,
        "iops_stddev" : 0.000000,
        "iops_samples" : 0
      },
      "sync" : {
        "total_ios" : 0,
        "lat_ns" : {
          "min" : 0,
          "max" : 0,
          "mean" : 0.000000,
          "stddev" : 0.000000,
          "N" : 0
        }
      },
      "job_runtime" : 960037,
      "usr_cpu" : 14.484963,
      "sys_cpu" : 0.832155,
      "ctx" : 610842,
      "majf" : 0,
      "minf" : 189,
      "iodepth_level" : {
        "1" : 100.000000,
        "2" : 0.000000,
        "4" : 0.000000,
        "8" : 0.000000,
        "16" : 0.000000,
        "32" : 0.000000,
        ">=64" : 0.000000
      },
      "iodepth_submit" : {
        "0" : 0.000000,
        "4" : 100.000000,
        "8" : 0.000000,
        "16" : 0.000000,
        "32" : 0.000000,
        "64" : 0.000000,
        ">=64" : 0.000000
      },
      "iodepth_complete" : {
        "0" : 0.000000,
        "4" : 100.000000,
        "8" : 0.000000,
        "16" : 0.000000,
        "32" : 0.000000,
        "64" : 0.000000,
        ">=64" : 0.000000
      },
      "latency_ns" : {
        "2" : 0.000000,
        "4" : 0.000000,
        "10" : 0.000000,
        "20" : 0.000000,
        "50" : 0.000000,
        "100" : 0.000000,
        "250" : 0.000000,
        "500" : 0.000000,
        "750" : 0.000000,
        "1000" : 0.000000
      },
      "latency_us" : {
        "2" : 0.000000,
        "4" : 0.000000,
        "10" : 0.000000,
        "20" : 0.000000,
        "50" : 0.000000,
        "100" : 0.000000,
        "250" : 0.000000,
        "500" : 0.000000,
        "750" : 0.000000,
        "1000" : 0.000000
      },
      "latency_ms" : {
        "2" : 0.000000,
        "4" : 0.725753,
        "10" : 98.372296,
        "20" : 0.279690,
        "50" : 0.266590,
        "100" : 0.133622,
        "250" : 0.172268,
        "500" : 0.040611,
        "750" : 0.010000,
        "1000" : 0.010000,
        "2000" : 0.010000,
        ">=2000" : 0.000000
      },
      "latency_depth" : 8,
      "latency_target" : 0,
      "latency_percentile" : 100.000000,
      "latency_window" : 0
    }
  ]
}
