{
  "fio version" : "fio-3.23",
  "timestamp" : 1757429658,
  "timestamp_ms" : 1757429658716,
  "time" : "Tue Sep  9 14:54:18 2025",
  "jobs" : [
    {
      "jobname" : "RandR-16K-64-32",
      "groupid" : 0,
      "error" : 0,
      "eta" : 0,
      "elapsed" : 61,
      "job options" : {
        "name" : "RandR-16K-64-32",
        "rw" : "randread",
        "unified_rw_reporting" : "0",
        "bs" : "16K",
        "numjobs" : "64",
        "iodepth" : "32",
        "runtime" : "60",
        "directory" : "/tmp/e2sar/rgeorge-fio_test-m_RandR-16K-64-32",
        "direct" : "1",
        "buffered" : "0",
        "randrepeat" : "0",
        "size" : "128M",
        "ioengine" : "pvsync",
        "lat_percentiles" : "1"
      },
      "read" : {
        "io_bytes" : 46023114752,
        "io_kbytes" : 44944448,
        "bw_bytes" : 767013561,
        "bw" : 749036,
        "iops" : 46814.792594,
        "runtime" : 60003,
        "total_ios" : 2809028,
        "short_ios" : 0,
        "drop_ios" : 0,
        "slat_ns" : {
          "min" : 0,
          "max" : 0,
          "mean" : 0.000000,
          "stddev" : 0.000000,
          "N" : 0
        },
        "clat_ns" : {
          "min" : 174463,
          "max" : 30906028,
          "mean" : 1365531.724041,
          "stddev" : 359685.513056,
          "N" : 2809028,
          "percentile" : {
            "1.000000" : 905216,
            "5.000000" : 1073152,
            "10.000000" : 1187840,
            "20.000000" : 1253376,
            "30.000000" : 1286144,
            "40.000000" : 1318912,
            "50.000000" : 1351680,
            "60.000000" : 1368064,
            "70.000000" : 1400832,
            "80.000000" : 1433600,
            "90.000000" : 1531904,
            "95.000000" : 1712128,
            "99.000000" : 1974272,
            "99.500000" : 2039808,
            "99.900000" : 4751360,
            "99.950000" : 9502720,
            "99.990000" : 15794176
          }
        },
        "lat_ns" : {
          "min" : 174508,
          "max" : 30906304,
          "mean" : 1365591.501566,
          "stddev" : 359685.307737,
          "N" : 2809028,
          "percentile" : {
            "1.000000" : 905216,
            "5.000000" : 1073152,
            "10.000000" : 1187840,
            "20.000000" : 1253376,
            "30.000000" : 1286144,
            "40.000000" : 1318912,
            "50.000000" : 1351680,
            "60.000000" : 1368064,
            "70.000000" : 1400832,
            "80.000000" : 1433600,
            "90.000000" : 1531904,
            "95.000000" : 1712128,
            "99.000000" : 1974272,
            "99.500000" : 2039808,
            "99.900000" : 4751360,
            "99.950000" : 9502720,
            "99.990000" : 15794176
          }
        },
        "bw_min" : 603808,
        "bw_max" : 787200,
        "bw_agg" : 100.000000,
        "bw_mean" : 750071.394958,
        "bw_dev" : 430.645557,
        "bw_samples" : 7616,
        "iops_min" : 37734,
        "iops_max" : 49200,
        "iops_mean" : 46879.428571,
        "iops_stddev" : 26.918123,
        "iops_samples" : 7616
      },
      "write" : {
        "io_bytes" : 0,
        "io_kbytes" : 0,
        "bw_bytes" : 0,
        "bw" : 0,
        "iops" : 0.000000,
        "runtime" : 0,
        "total_ios" : 0,
        "short_ios" : 0,
        "drop_ios" : 0,
        "slat_ns" : {
          "min" : 0,
          "max" : 0,
          "mean" : 0.000000,
          "stddev" : 0.000000,
          "N" : 0
        },
        "clat_ns" : {
          "min" : 0,
          "max" : 0,
          "mean" : 0.000000,
          "stddev" : 0.000000,
          "N" : 0
        },
        "lat_ns" : {
          "min" : 0,
          "max" : 0,
          "mean" : 0.000000,
          "stddev" : 0.000000,
          "N" : 0
        },
        "bw_min" : 0,
        "bw_max" : 0,
        "bw_agg" : 0.000000,
        "bw_mean" : 0.000000,
        "bw_dev" : 0.000000,
        "bw_samples" : 0,
        "iops_min" : 0,
        "iops_max" : 0,
        "iops_mean" : 0.000000,
        "iops_stddev" : 0.000000,
        "iops_samples" : 0
      },
      "trim" : {
        "io_bytes" : 0,
        "io_kbytes" : 0,
        "bw_bytes" : 0,
        "bw" : 0,
        "iops" : 0.000000,
        "runtime" : 0,
        "total_ios" : 0,
        "short_ios" : 0,
        "drop_ios" : 0,
        "slat_ns" : {
          "min" : 0,
          "max" : 0,
          "mean" : 0.000000,
          "stddev" : 0.000000,
          "N" : 0
        },
        "clat_ns" : {
          "min" : 0,
          "max" : 0,
          "mean" : 0.000000,
          "stddev" : 0.000000,
          "N" : 0
        },
        "lat_ns" : {
          "min" : 0,
          "max" : 0,
          "mean" : 0.000000,
          "stddev" : 0.000000,
          "N" : 0
        },
        "bw_min" : 0,
        "bw_max" : 0,
        "bw_agg" : 0.000000,
        "bw_mean" : 0.000000,
        "bw_dev" : 0.000000,
        "bw_samples" : 0,
        "iops_min" : 0,
        "iops_max" : 0,
        "iops_mean" : 0.000000,
        "iops_stddev" : 0.000000,
        "iops_samples" : 0
      },
      "sync" : {
        "total_ios" : 0,
        "lat_ns" : {
          "min" : 0,
          "max" : 0,
          "mean" : 0.000000,
          "stddev" : 0.000000,
          "N" : 0
        }
      },
      "job_runtime" : 3840017,
      "usr_cpu" : 0.126614,
      "sys_cpu" : 0.391691,
      "ctx" : 2809377,
      "majf" : 0,
      "minf" : 928,
      "iodepth_level" : {
        "1" : 100.000000,
        "2" : 0.000000,
        "4" : 0.000000,
        "8" : 0.000000,
        "16" : 0.000000,
        "32" : 0.000000,
        ">=64" : 0.000000
      },
      "iodepth_submit" : {
        "0" : 0.000000,
        "4" : 100.000000,
        "8" : 0.000000,
        "16" : 0.000000,
        "32" : 0.000000,
        "64" : 0.000000,
        ">=64" : 0.000000
      },
      "iodepth_complete" : {
        "0" : 0.000000,
        "4" : 100.000000,
        "8" : 0.000000,
        "16" : 0.000000,
        "32" : 0.000000,
        "64" : 0.000000,
        ">=64" : 0.000000
      },
      "latency_ns" : {
        "2" : 0.000000,
        "4" : 0.000000,
        "10" : 0.000000,
        "20" : 0.000000,
        "50" : 0.000000,
        "100" : 0.000000,
        "250" : 0.000000,
        "500" : 0.000000,
        "750" : 0.000000,
        "1000" : 0.000000
      },
      "latency_us" : {
        "2" : 0.000000,
        "4" : 0.000000,
        "10" : 0.000000,
        "20" : 0.000000,
        "50" : 0.000000,
        "100" : 0.000000,
        "250" : 0.010000,
        "500" : 0.046813,
        "750" : 0.068422,
        "1000" : 2.981458
      },
      "latency_ms" : {
        "2" : 96.146033,
        "4" : 0.642429,
        "10" : 0.068707,
        "20" : 0.040655,
        "50" : 0.010000,
        "100" : 0.000000,
        "250" : 0.000000,
        "500" : 0.000000,
        "750" : 0.000000,
        "1000" : 0.000000,
        "2000" : 0.000000,
        ">=2000" : 0.000000
      },
      "latency_depth" : 32,
      "latency_target" : 0,
      "latency_percentile" : 100.000000,
      "latency_window" : 0
    }
  ]
}
