{
  "fio version" : "fio-3.23",
  "timestamp" : 1757454495,
  "timestamp_ms" : 1757454495880,
  "time" : "Tue Sep  9 21:48:15 2025",
  "jobs" : [
    {
      "jobname" : "RandBal-1M-128-16",
      "groupid" : 0,
      "error" : 0,
      "eta" : 0,
      "elapsed" : 62,
      "job options" : {
        "name" : "RandBal-1M-128-16",
        "rw" : "randrw",
        "unified_rw_reporting" : "1",
        "bs" : "1M",
        "numjobs" : "128",
        "iodepth" : "16",
        "runtime" : "60",
        "directory" : "/tmp/e2sar/rgeorge-fio_test-m_RandBal-1M-128-16",
        "direct" : "1",
        "buffered" : "0",
        "randrepeat" : "0",
        "size" : "128M",
        "ioengine" : "pvsync",
        "lat_percentiles" : "1"
      },
      "mixed" : {
        "io_bytes" : 186416889856,
        "io_kbytes" : 182047744,
        "bw_bytes" : 3104257807,
        "bw" : 3031501,
        "iops" : 2960.450943,
        "runtime" : 60052,
        "total_ios" : 177781,
        "short_ios" : 0,
        "drop_ios" : 0,
        "slat_ns" : {
          "min" : 0,
          "max" : 0,
          "mean" : 0.000000,
          "stddev" : 0.000000,
          "N" : 0
        },
        "clat_ns" : {
          "min" : 883473,
          "max" : 587653289,
          "mean" : 42867568.978541,
          "stddev" : 14361702.024916,
          "N" : 177781,
          "percentile" : {
            "1.000000" : 28966912,
            "5.000000" : 34340864,
            "10.000000" : 35913728,
            "20.000000" : 38010880,
            "30.000000" : 39059456,
            "40.000000" : 40108032,
            "50.000000" : 41156608,
            "60.000000" : 42205184,
            "70.000000" : 43253760,
            "80.000000" : 44826624,
            "90.000000" : 46399488,
            "95.000000" : 49020928,
            "99.000000" : 114819072,
            "99.500000" : 145752064,
            "99.900000" : 208666624,
            "99.950000" : 221249536,
            "99.990000" : 263192576
          }
        },
        "lat_ns" : {
          "min" : 883515,
          "max" : 587653542,
          "mean" : 42867722.370968,
          "stddev" : 14361705.645306,
          "N" : 177781,
          "percentile" : {
            "1.000000" : 28966912,
            "5.000000" : 34340864,
            "10.000000" : 35913728,
            "20.000000" : 38010880,
            "30.000000" : 39059456,
            "40.000000" : 40108032,
            "50.000000" : 41156608,
            "60.000000" : 42205184,
            "70.000000" : 43253760,
            "80.000000" : 44826624,
            "90.000000" : 46399488,
            "95.000000" : 49020928,
            "99.000000" : 114819072,
            "99.500000" : 145752064,
            "99.900000" : 208666624,
            "99.950000" : 221249536,
            "99.990000" : 263192576
          }
        },
        "bw_min" : 776010,
        "bw_max" : 6233640,
        "bw_agg" : 100.000000,
        "bw_mean" : 3044000.815237,
        "bw_dev" : 3857.500928,
        "bw_samples" : 30384,
        "iops_min" : 736,
        "iops_max" : 6081,
        "iops_mean" : 2962.296988,
        "iops_stddev" : 3.766694,
        "iops_samples" : 30384
      },
      "job_runtime" : 7681877,
      "usr_cpu" : 0.291986,
      "sys_cpu" : 0.055820,
      "ctx" : 178990,
      "majf" : 0,
      "minf" : 1856,
      "iodepth_level" : {
        "1" : 100.000000,
        "2" : 0.000000,
        "4" : 0.000000,
        "8" : 0.000000,
        "16" : 0.000000,
        "32" : 0.000000,
        ">=64" : 0.000000
      },
      "iodepth_submit" : {
        "0" : 0.000000,
        "4" : 100.000000,
        "8" : 0.000000,
        "16" : 0.000000,
        "32" : 0.000000,
        "64" : 0.000000,
        ">=64" : 0.000000
      },
      "iodepth_complete" : {
        "0" : 0.000000,
        "4" : 100.000000,
        "8" : 0.000000,
        "16" : 0.000000,
        "32" : 0.000000,
        "64" : 0.000000,
        ">=64" : 0.000000
      },
      "latency_ns" : {
        "2" : 0.000000,
        "4" : 0.000000,
        "10" : 0.000000,
        "20" : 0.000000,
        "50" : 0.000000,
        "100" : 0.000000,
        "250" : 0.000000,
        "500" : 0.000000,
        "750" : 0.000000,
        "1000" : 0.000000
      },
      "latency_us" : {
        "2" : 0.000000,
        "4" : 0.000000,
        "10" : 0.000000,
        "20" : 0.000000,
        "50" : 0.000000,
        "100" : 0.000000,
        "250" : 0.000000,
        "500" : 0.000000,
        "750" : 0.000000,
        "1000" : 0.010000
      },
      "latency_ms" : {
        "2" : 0.041062,
        "4" : 0.066374,
        "10" : 0.212059,
        "20" : 0.300370,
        "50" : 95.395458,
        "100" : 2.634702,
        "250" : 1.334226,
        "500" : 0.012937,
        "750" : 0.010000,
        "1000" : 0.000000,
        "2000" : 0.000000,
        ">=2000" : 0.000000
      },
      "latency_depth" : 16,
      "latency_target" : 0,
      "latency_percentile" : 100.000000,
      "latency_window" : 0
    }
  ]
}
