{
  "fio version" : "fio-3.23",
  "timestamp" : 1757026303,
  "timestamp_ms" : 1757026303825,
  "time" : "Thu Sep  4 22:51:43 2025",
  "jobs" : [
    {
      "jobname" : "SeqWH-4K-32-128",
      "groupid" : 0,
      "error" : 0,
      "eta" : 0,
      "elapsed" : 61,
      "job options" : {
        "name" : "SeqWH-4K-32-128",
        "numjobs" : "32",
        "runtime" : "60",
        "directory" : "/tmp/e2sar/rgeorge-fio_test-p2s_SeqWH-4K-32-128",
        "direct" : "1",
        "buffered" : "0",
        "rw" : "rw",
        "rwmixread" : "20",
        "unified_rw_reporting" : "1",
        "randrepeat" : "0",
        "bs" : "4K",
        "size" : "128M",
        "ioengine" : "pvsync",
        "iodepth" : "128",
        "lat_percentiles" : "1"
      },
      "mixed" : {
        "io_bytes" : 15814828032,
        "io_kbytes" : 15444168,
        "bw_bytes" : 263387316,
        "bw" : 257214,
        "iops" : 64303.544068,
        "runtime" : 60044,
        "total_ios" : 3861042,
        "short_ios" : 0,
        "drop_ios" : 0,
        "slat_ns" : {
          "min" : 0,
          "max" : 0,
          "mean" : 0.000000,
          "stddev" : 0.000000,
          "N" : 0
        },
        "clat_ns" : {
          "min" : 118544,
          "max" : 630310438,
          "mean" : 495283.822084,
          "stddev" : 1567634.541926,
          "N" : 3861042,
          "percentile" : {
            "1.000000" : 209920,
            "5.000000" : 305152,
            "10.000000" : 358400,
            "20.000000" : 395264,
            "30.000000" : 415744,
            "40.000000" : 432128,
            "50.000000" : 448512,
            "60.000000" : 464896,
            "70.000000" : 485376,
            "80.000000" : 514048,
            "90.000000" : 569344,
            "95.000000" : 626688,
            "99.000000" : 937984,
            "99.500000" : 995328,
            "99.900000" : 5734400,
            "99.950000" : 16908288,
            "99.990000" : 79167488
          }
        },
        "lat_ns" : {
          "min" : 118581,
          "max" : 630310479,
          "mean" : 495362.578336,
          "stddev" : 1567634.026116,
          "N" : 3861042,
          "percentile" : {
            "1.000000" : 209920,
            "5.000000" : 305152,
            "10.000000" : 358400,
            "20.000000" : 395264,
            "30.000000" : 415744,
            "40.000000" : 432128,
            "50.000000" : 448512,
            "60.000000" : 464896,
            "70.000000" : 485376,
            "80.000000" : 514048,
            "90.000000" : 569344,
            "95.000000" : 626688,
            "99.000000" : 937984,
            "99.500000" : 1003520,
            "99.900000" : 5734400,
            "99.950000" : 16908288,
            "99.990000" : 79167488
          }
        },
        "bw_min" : 121168,
        "bw_max" : 314824,
        "bw_agg" : 100.000000,
        "bw_mean" : 257758.030480,
        "bw_dev" : 535.537478,
        "bw_samples" : 7614,
        "iops_min" : 30292,
        "iops_max" : 78706,
        "iops_mean" : 64439.507620,
        "iops_stddev" : 133.884369,
        "iops_samples" : 7614
      },
      "job_runtime" : 1920066,
      "usr_cpu" : 0.494254,
      "sys_cpu" : 1.211469,
      "ctx" : 3861318,
      "majf" : 0,
      "minf" : 675,
      "iodepth_level" : {
        "1" : 100.000000,
        "2" : 0.000000,
        "4" : 0.000000,
        "8" : 0.000000,
        "16" : 0.000000,
        "32" : 0.000000,
        ">=64" : 0.000000
      },
      "iodepth_submit" : {
        "0" : 0.000000,
        "4" : 100.000000,
        "8" : 0.000000,
        "16" : 0.000000,
        "32" : 0.000000,
        "64" : 0.000000,
        ">=64" : 0.000000
      },
      "iodepth_complete" : {
        "0" : 0.000000,
        "4" : 100.000000,
        "8" : 0.000000,
        "16" : 0.000000,
        "32" : 0.000000,
        "64" : 0.000000,
        ">=64" : 0.000000
      },
      "latency_ns" : {
        "2" : 0.000000,
        "4" : 0.000000,
        "10" : 0.000000,
        "20" : 0.000000,
        "50" : 0.000000,
        "100" : 0.000000,
        "250" : 0.000000,
        "500" : 0.000000,
        "750" : 0.000000,
        "1000" : 0.000000
      },
      "latency_us" : {
        "2" : 0.000000,
        "4" : 0.000000,
        "10" : 0.000000,
        "20" : 0.000000,
        "50" : 0.000000,
        "100" : 0.000000,
        "250" : 2.240172,
        "500" : 74.040790,
        "750" : 20.423761,
        "1000" : 2.798778
      },
      "latency_ms" : {
        "2" : 0.322970,
        "4" : 0.054778,
        "10" : 0.049494,
        "20" : 0.023206,
        "50" : 0.025408,
        "100" : 0.016395,
        "250" : 0.010000,
        "500" : 0.010000,
        "750" : 0.010000,
        "1000" : 0.000000,
        "2000" : 0.000000,
        ">=2000" : 0.000000
      },
      "latency_depth" : 128,
      "latency_target" : 0,
      "latency_percentile" : 100.000000,
      "latency_window" : 0
    }
  ]
}
