{
  "fio version" : "fio-3.23",
  "timestamp" : 1757522706,
  "timestamp_ms" : 1757522706463,
  "time" : "Wed Sep 10 16:45:06 2025",
  "jobs" : [
    {
      "jobname" : "RandW-4K-16-1",
      "groupid" : 0,
      "error" : 0,
      "eta" : 0,
      "elapsed" : 61,
      "job options" : {
        "name" : "RandW-4K-16-1",
        "rw" : "randwrite",
        "unified_rw_reporting" : "0",
        "bs" : "4K",
        "numjobs" : "16",
        "iodepth" : "1",
        "runtime" : "60",
        "directory" : "/tmp/e2sar/rgeorge-fio_test-m_RandW-4K-16-1",
        "direct" : "1",
        "buffered" : "0",
        "randrepeat" : "0",
        "size" : "128M",
        "ioengine" : "pvsync",
        "lat_percentiles" : "1"
      },
      "read" : {
        "io_bytes" : 0,
        "io_kbytes" : 0,
        "bw_bytes" : 0,
        "bw" : 0,
        "iops" : 0.000000,
        "runtime" : 0,
        "total_ios" : 0,
        "short_ios" : 0,
        "drop_ios" : 0,
        "slat_ns" : {
          "min" : 0,
          "max" : 0,
          "mean" : 0.000000,
          "stddev" : 0.000000,
          "N" : 0
        },
        "clat_ns" : {
          "min" : 0,
          "max" : 0,
          "mean" : 0.000000,
          "stddev" : 0.000000,
          "N" : 0
        },
        "lat_ns" : {
          "min" : 0,
          "max" : 0,
          "mean" : 0.000000,
          "stddev" : 0.000000,
          "N" : 0
        },
        "bw_min" : 0,
        "bw_max" : 0,
        "bw_agg" : 0.000000,
        "bw_mean" : 0.000000,
        "bw_dev" : 0.000000,
        "bw_samples" : 0,
        "iops_min" : 0,
        "iops_max" : 0,
        "iops_mean" : 0.000000,
        "iops_stddev" : 0.000000,
        "iops_samples" : 0
      },
      "write" : {
        "io_bytes" : 14705360896,
        "io_kbytes" : 14360704,
        "bw_bytes" : 245077094,
        "bw" : 239333,
        "iops" : 59833.275003,
        "runtime" : 60003,
        "total_ios" : 3590176,
        "short_ios" : 0,
        "drop_ios" : 0,
        "slat_ns" : {
          "min" : 0,
          "max" : 0,
          "mean" : 0.000000,
          "stddev" : 0.000000,
          "N" : 0
        },
        "clat_ns" : {
          "min" : 131468,
          "max" : 66767016,
          "mean" : 265975.950489,
          "stddev" : 162375.505109,
          "N" : 3590176,
          "percentile" : {
            "1.000000" : 189440,
            "5.000000" : 207872,
            "10.000000" : 220160,
            "20.000000" : 236544,
            "30.000000" : 248832,
            "40.000000" : 257024,
            "50.000000" : 264192,
            "60.000000" : 272384,
            "70.000000" : 280576,
            "80.000000" : 288768,
            "90.000000" : 301056,
            "95.000000" : 313344,
            "99.000000" : 346112,
            "99.500000" : 366592,
            "99.900000" : 456704,
            "99.950000" : 552960,
            "99.990000" : 5668864
          }
        },
        "lat_ns" : {
          "min" : 131497,
          "max" : 66767052,
          "mean" : 266045.196577,
          "stddev" : 162375.567778,
          "N" : 3590176,
          "percentile" : {
            "1.000000" : 189440,
            "5.000000" : 207872,
            "10.000000" : 220160,
            "20.000000" : 236544,
            "30.000000" : 248832,
            "40.000000" : 257024,
            "50.000000" : 264192,
            "60.000000" : 272384,
            "70.000000" : 280576,
            "80.000000" : 288768,
            "90.000000" : 301056,
            "95.000000" : 313344,
            "99.000000" : 346112,
            "99.500000" : 366592,
            "99.900000" : 456704,
            "99.950000" : 552960,
            "99.990000" : 5668864
          }
        },
        "bw_min" : 197344,
        "bw_max" : 251192,
        "bw_agg" : 100.000000,
        "bw_mean" : 239588.168067,
        "bw_dev" : 481.206007,
        "bw_samples" : 1904,
        "iops_min" : 49336,
        "iops_max" : 62798,
        "iops_mean" : 59897.025210,
        "iops_stddev" : 120.303931,
        "iops_samples" : 1904
      },
      "trim" : {
        "io_bytes" : 0,
        "io_kbytes" : 0,
        "bw_bytes" : 0,
        "bw" : 0,
        "iops" : 0.000000,
        "runtime" : 0,
        "total_ios" : 0,
        "short_ios" : 0,
        "drop_ios" : 0,
        "slat_ns" : {
          "min" : 0,
          "max" : 0,
          "mean" : 0.000000,
          "stddev" : 0.000000,
          "N" : 0
        },
        "clat_ns" : {
          "min" : 0,
          "max" : 0,
          "mean" : 0.000000,
          "stddev" : 0.000000,
          "N" : 0
        },
        "lat_ns" : {
          "min" : 0,
          "max" : 0,
          "mean" : 0.000000,
          "stddev" : 0.000000,
          "N" : 0
        },
        "bw_min" : 0,
        "bw_max" : 0,
        "bw_agg" : 0.000000,
        "bw_mean" : 0.000000,
        "bw_dev" : 0.000000,
        "bw_samples" : 0,
        "iops_min" : 0,
        "iops_max" : 0,
        "iops_mean" : 0.000000,
        "iops_stddev" : 0.000000,
        "iops_samples" : 0
      },
      "sync" : {
        "total_ios" : 0,
        "lat_ns" : {
          "min" : 0,
          "max" : 0,
          "mean" : 0.000000,
          "stddev" : 0.000000,
          "N" : 0
        }
      },
      "job_runtime" : 960005,
      "usr_cpu" : 0.874370,
      "sys_cpu" : 2.020510,
      "ctx" : 3590299,
      "majf" : 0,
      "minf" : 193,
      "iodepth_level" : {
        "1" : 100.000000,
        "2" : 0.000000,
        "4" : 0.000000,
        "8" : 0.000000,
        "16" : 0.000000,
        "32" : 0.000000,
        ">=64" : 0.000000
      },
      "iodepth_submit" : {
        "0" : 0.000000,
        "4" : 100.000000,
        "8" : 0.000000,
        "16" : 0.000000,
        "32" : 0.000000,
        "64" : 0.000000,
        ">=64" : 0.000000
      },
      "iodepth_complete" : {
        "0" : 0.000000,
        "4" : 100.000000,
        "8" : 0.000000,
        "16" : 0.000000,
        "32" : 0.000000,
        "64" : 0.000000,
        ">=64" : 0.000000
      },
      "latency_ns" : {
        "2" : 0.000000,
        "4" : 0.000000,
        "10" : 0.000000,
        "20" : 0.000000,
        "50" : 0.000000,
        "100" : 0.000000,
        "250" : 0.000000,
        "500" : 0.000000,
        "750" : 0.000000,
        "1000" : 0.000000
      },
      "latency_us" : {
        "2" : 0.000000,
        "4" : 0.000000,
        "10" : 0.000000,
        "20" : 0.000000,
        "50" : 0.000000,
        "100" : 0.000000,
        "250" : 31.385147,
        "500" : 68.542851,
        "750" : 0.035486,
        "1000" : 0.010000
      },
      "latency_ms" : {
        "2" : 0.013788,
        "4" : 0.010000,
        "10" : 0.010000,
        "20" : 0.010000,
        "50" : 0.010000,
        "100" : 0.010000,
        "250" : 0.000000,
        "500" : 0.000000,
        "750" : 0.000000,
        "1000" : 0.000000,
        "2000" : 0.000000,
        ">=2000" : 0.000000
      },
      "latency_depth" : 1,
      "latency_target" : 0,
      "latency_percentile" : 100.000000,
      "latency_window" : 0
    }
  ]
}
