{
  "fio version" : "fio-3.23",
  "timestamp" : 1756948514,
  "timestamp_ms" : 1756948514337,
  "time" : "Thu Sep  4 01:15:14 2025",
  "jobs" : [
    {
      "jobname" : "RandBal-4K-16-64",
      "groupid" : 0,
      "error" : 0,
      "eta" : 0,
      "elapsed" : 61,
      "job options" : {
        "name" : "RandBal-4K-16-64",
        "numjobs" : "16",
        "runtime" : "60",
        "directory" : "/tmp/e2sar/rgeorge-fio_test-p1r2_RandBal-4K-16-64",
        "direct" : "1",
        "buffered" : "0",
        "rw" : "randrw",
        "unified_rw_reporting" : "1",
        "randrepeat" : "0",
        "bs" : "4K",
        "size" : "128M",
        "ioengine" : "pvsync",
        "iodepth" : "64",
        "lat_percentiles" : "1"
      },
      "mixed" : {
        "io_bytes" : 12270407680,
        "io_kbytes" : 11982820,
        "bw_bytes" : 204499978,
        "bw" : 199707,
        "iops" : 49926.752442,
        "runtime" : 60002,
        "total_ios" : 2995705,
        "short_ios" : 0,
        "drop_ios" : 0,
        "slat_ns" : {
          "min" : 0,
          "max" : 0,
          "mean" : 0.000000,
          "stddev" : 0.000000,
          "N" : 0
        },
        "clat_ns" : {
          "min" : 130498,
          "max" : 1188138602,
          "mean" : 319263.375990,
          "stddev" : 1946959.795716,
          "N" : 2995705,
          "percentile" : {
            "1.000000" : 189440,
            "5.000000" : 205824,
            "10.000000" : 218112,
            "20.000000" : 234496,
            "30.000000" : 246784,
            "40.000000" : 259072,
            "50.000000" : 268288,
            "60.000000" : 280576,
            "70.000000" : 292864,
            "80.000000" : 309248,
            "90.000000" : 337920,
            "95.000000" : 366592,
            "99.000000" : 440320,
            "99.500000" : 497664,
            "99.900000" : 11730944,
            "99.950000" : 21626880,
            "99.990000" : 77070336
          }
        },
        "lat_ns" : {
          "min" : 130541,
          "max" : 1188138637,
          "mean" : 319315.172493,
          "stddev" : 1946959.809388,
          "N" : 2995705,
          "percentile" : {
            "1.000000" : 189440,
            "5.000000" : 205824,
            "10.000000" : 218112,
            "20.000000" : 234496,
            "30.000000" : 246784,
            "40.000000" : 259072,
            "50.000000" : 268288,
            "60.000000" : 280576,
            "70.000000" : 292864,
            "80.000000" : 309248,
            "90.000000" : 337920,
            "95.000000" : 366592,
            "99.000000" : 440320,
            "99.500000" : 497664,
            "99.900000" : 11730944,
            "99.950000" : 21626880,
            "99.990000" : 77070336
          }
        },
        "bw_min" : 12488,
        "bw_max" : 249464,
        "bw_agg" : 100.000000,
        "bw_mean" : 200039.717277,
        "bw_dev" : 1643.093477,
        "bw_samples" : 3802,
        "iops_min" : 3122,
        "iops_max" : 62366,
        "iops_mean" : 50009.897593,
        "iops_stddev" : 410.773322,
        "iops_samples" : 3802
      },
      "job_runtime" : 960001,
      "usr_cpu" : 0.626874,
      "sys_cpu" : 1.343853,
      "ctx" : 2995821,
      "majf" : 0,
      "minf" : 305,
      "iodepth_level" : {
        "1" : 100.000000,
        "2" : 0.000000,
        "4" : 0.000000,
        "8" : 0.000000,
        "16" : 0.000000,
        "32" : 0.000000,
        ">=64" : 0.000000
      },
      "iodepth_submit" : {
        "0" : 0.000000,
        "4" : 100.000000,
        "8" : 0.000000,
        "16" : 0.000000,
        "32" : 0.000000,
        "64" : 0.000000,
        ">=64" : 0.000000
      },
      "iodepth_complete" : {
        "0" : 0.000000,
        "4" : 100.000000,
        "8" : 0.000000,
        "16" : 0.000000,
        "32" : 0.000000,
        "64" : 0.000000,
        ">=64" : 0.000000
      },
      "latency_ns" : {
        "2" : 0.000000,
        "4" : 0.000000,
        "10" : 0.000000,
        "20" : 0.000000,
        "50" : 0.000000,
        "100" : 0.000000,
        "250" : 0.000000,
        "500" : 0.000000,
        "750" : 0.000000,
        "1000" : 0.000000
      },
      "latency_us" : {
        "2" : 0.000000,
        "4" : 0.000000,
        "10" : 0.000000,
        "20" : 0.000000,
        "50" : 0.000000,
        "100" : 0.000000,
        "250" : 32.350682,
        "500" : 67.151572,
        "750" : 0.217712,
        "1000" : 0.016290
      },
      "latency_ms" : {
        "2" : 0.027172,
        "4" : 0.040024,
        "10" : 0.083620,
        "20" : 0.057549,
        "50" : 0.035184,
        "100" : 0.016290,
        "250" : 0.010000,
        "500" : 0.010000,
        "750" : 0.010000,
        "1000" : 0.000000,
        "2000" : 0.010000,
        ">=2000" : 0.000000
      },
      "latency_depth" : 64,
      "latency_target" : 0,
      "latency_percentile" : 100.000000,
      "latency_window" : 0
    }
  ]
}
