{
  "fio version" : "fio-3.23",
  "timestamp" : 1756950557,
  "timestamp_ms" : 1756950557102,
  "time" : "Thu Sep  4 01:49:17 2025",
  "jobs" : [
    {
      "jobname" : "RandR-4K-16-128",
      "groupid" : 0,
      "error" : 0,
      "eta" : 0,
      "elapsed" : 61,
      "job options" : {
        "name" : "RandR-4K-16-128",
        "numjobs" : "16",
        "runtime" : "60",
        "directory" : "/tmp/e2sar/rgeorge-fio_test-p1r2_RandR-4K-16-128",
        "direct" : "1",
        "buffered" : "0",
        "rw" : "randread",
        "unified_rw_reporting" : "0",
        "randrepeat" : "0",
        "bs" : "4K",
        "size" : "128M",
        "ioengine" : "pvsync",
        "iodepth" : "128",
        "lat_percentiles" : "1"
      },
      "read" : {
        "io_bytes" : 11356876800,
        "io_kbytes" : 11090700,
        "bw_bytes" : 189278125,
        "bw" : 184841,
        "iops" : 46210.479825,
        "runtime" : 60001,
        "total_ios" : 2772675,
        "short_ios" : 0,
        "drop_ios" : 0,
        "slat_ns" : {
          "min" : 0,
          "max" : 0,
          "mean" : 0.000000,
          "stddev" : 0.000000,
          "N" : 0
        },
        "clat_ns" : {
          "min" : 131770,
          "max" : 375341558,
          "mean" : 345657.567227,
          "stddev" : 1449704.880708,
          "N" : 2772675,
          "percentile" : {
            "1.000000" : 199680,
            "5.000000" : 234496,
            "10.000000" : 261120,
            "20.000000" : 284672,
            "30.000000" : 296960,
            "40.000000" : 305152,
            "50.000000" : 313344,
            "60.000000" : 321536,
            "70.000000" : 329728,
            "80.000000" : 342016,
            "90.000000" : 358400,
            "95.000000" : 374784,
            "99.000000" : 419840,
            "99.500000" : 444416,
            "99.900000" : 5931008,
            "99.950000" : 15925248,
            "99.990000" : 81264640
          }
        },
        "lat_ns" : {
          "min" : 131808,
          "max" : 375341591,
          "mean" : 345704.780528,
          "stddev" : 1449705.067204,
          "N" : 2772675,
          "percentile" : {
            "1.000000" : 199680,
            "5.000000" : 234496,
            "10.000000" : 261120,
            "20.000000" : 284672,
            "30.000000" : 296960,
            "40.000000" : 305152,
            "50.000000" : 313344,
            "60.000000" : 321536,
            "70.000000" : 329728,
            "80.000000" : 342016,
            "90.000000" : 358400,
            "95.000000" : 374784,
            "99.000000" : 419840,
            "99.500000" : 444416,
            "99.900000" : 5931008,
            "99.950000" : 15925248,
            "99.990000" : 81264640
          }
        },
        "bw_min" : 19616,
        "bw_max" : 209760,
        "bw_agg" : 100.000000,
        "bw_mean" : 184908.705882,
        "bw_dev" : 2876.494146,
        "bw_samples" : 1904,
        "iops_min" : 4904,
        "iops_max" : 52440,
        "iops_mean" : 46227.176471,
        "iops_stddev" : 719.123536,
        "iops_samples" : 1904
      },
      "write" : {
        "io_bytes" : 0,
        "io_kbytes" : 0,
        "bw_bytes" : 0,
        "bw" : 0,
        "iops" : 0.000000,
        "runtime" : 0,
        "total_ios" : 0,
        "short_ios" : 0,
        "drop_ios" : 0,
        "slat_ns" : {
          "min" : 0,
          "max" : 0,
          "mean" : 0.000000,
          "stddev" : 0.000000,
          "N" : 0
        },
        "clat_ns" : {
          "min" : 0,
          "max" : 0,
          "mean" : 0.000000,
          "stddev" : 0.000000,
          "N" : 0
        },
        "lat_ns" : {
          "min" : 0,
          "max" : 0,
          "mean" : 0.000000,
          "stddev" : 0.000000,
          "N" : 0
        },
        "bw_min" : 0,
        "bw_max" : 0,
        "bw_agg" : 0.000000,
        "bw_mean" : 0.000000,
        "bw_dev" : 0.000000,
        "bw_samples" : 0,
        "iops_min" : 0,
        "iops_max" : 0,
        "iops_mean" : 0.000000,
        "iops_stddev" : 0.000000,
        "iops_samples" : 0
      },
      "trim" : {
        "io_bytes" : 0,
        "io_kbytes" : 0,
        "bw_bytes" : 0,
        "bw" : 0,
        "iops" : 0.000000,
        "runtime" : 0,
        "total_ios" : 0,
        "short_ios" : 0,
        "drop_ios" : 0,
        "slat_ns" : {
          "min" : 0,
          "max" : 0,
          "mean" : 0.000000,
          "stddev" : 0.000000,
          "N" : 0
        },
        "clat_ns" : {
          "min" : 0,
          "max" : 0,
          "mean" : 0.000000,
          "stddev" : 0.000000,
          "N" : 0
        },
        "lat_ns" : {
          "min" : 0,
          "max" : 0,
          "mean" : 0.000000,
          "stddev" : 0.000000,
          "N" : 0
        },
        "bw_min" : 0,
        "bw_max" : 0,
        "bw_agg" : 0.000000,
        "bw_mean" : 0.000000,
        "bw_dev" : 0.000000,
        "bw_samples" : 0,
        "iops_min" : 0,
        "iops_max" : 0,
        "iops_mean" : 0.000000,
        "iops_stddev" : 0.000000,
        "iops_samples" : 0
      },
      "sync" : {
        "total_ios" : 0,
        "lat_ns" : {
          "min" : 0,
          "max" : 0,
          "mean" : 0.000000,
          "stddev" : 0.000000,
          "N" : 0
        }
      },
      "job_runtime" : 960000,
      "usr_cpu" : 0.395833,
      "sys_cpu" : 1.262812,
      "ctx" : 2772760,
      "majf" : 0,
      "minf" : 211,
      "iodepth_level" : {
        "1" : 100.000000,
        "2" : 0.000000,
        "4" : 0.000000,
        "8" : 0.000000,
        "16" : 0.000000,
        "32" : 0.000000,
        ">=64" : 0.000000
      },
      "iodepth_submit" : {
        "0" : 0.000000,
        "4" : 100.000000,
        "8" : 0.000000,
        "16" : 0.000000,
        "32" : 0.000000,
        "64" : 0.000000,
        ">=64" : 0.000000
      },
      "iodepth_complete" : {
        "0" : 0.000000,
        "4" : 100.000000,
        "8" : 0.000000,
        "16" : 0.000000,
        "32" : 0.000000,
        "64" : 0.000000,
        ">=64" : 0.000000
      },
      "latency_ns" : {
        "2" : 0.000000,
        "4" : 0.000000,
        "10" : 0.000000,
        "20" : 0.000000,
        "50" : 0.000000,
        "100" : 0.000000,
        "250" : 0.000000,
        "500" : 0.000000,
        "750" : 0.000000,
        "1000" : 0.000000
      },
      "latency_us" : {
        "2" : 0.000000,
        "4" : 0.000000,
        "10" : 0.000000,
        "20" : 0.000000,
        "50" : 0.000000,
        "100" : 0.000000,
        "250" : 7.719008,
        "500" : 92.057995,
        "750" : 0.030656,
        "1000" : 0.011144
      },
      "latency_ms" : {
        "2" : 0.021640,
        "4" : 0.035922,
        "10" : 0.056660,
        "20" : 0.023046,
        "50" : 0.021171,
        "100" : 0.019909,
        "250" : 0.010000,
        "500" : 0.010000,
        "750" : 0.000000,
        "1000" : 0.000000,
        "2000" : 0.000000,
        ">=2000" : 0.000000
      },
      "latency_depth" : 128,
      "latency_target" : 0,
      "latency_percentile" : 100.000000,
      "latency_window" : 0
    }
  ]
}
