{
  "fio version" : "fio-3.23",
  "timestamp" : 1756941982,
  "timestamp_ms" : 1756941982327,
  "time" : "Wed Sep  3 23:26:22 2025",
  "jobs" : [
    {
      "jobname" : "RandWH-1M-16-8",
      "groupid" : 0,
      "error" : 0,
      "eta" : 0,
      "elapsed" : 61,
      "job options" : {
        "name" : "RandWH-1M-16-8",
        "numjobs" : "16",
        "runtime" : "60",
        "directory" : "/tmp/e2sar/rgeorge-fio_test-p1r1_RandWH-1M-16-8",
        "direct" : "1",
        "buffered" : "0",
        "rw" : "randrw",
        "rwmixread" : "20",
        "unified_rw_reporting" : "1",
        "randrepeat" : "0",
        "bs" : "1M",
        "size" : "128M",
        "ioengine" : "pvsync",
        "iodepth" : "8",
        "lat_percentiles" : "1"
      },
      "mixed" : {
        "io_bytes" : 358050955264,
        "io_kbytes" : 349659136,
        "bw_bytes" : 5965626805,
        "bw" : 5825807,
        "iops" : 5689.265066,
        "runtime" : 60019,
        "total_ios" : 341464,
        "short_ios" : 0,
        "drop_ios" : 0,
        "slat_ns" : {
          "min" : 0,
          "max" : 0,
          "mean" : 0.000000,
          "stddev" : 0.000000,
          "N" : 0
        },
        "clat_ns" : {
          "min" : 648394,
          "max" : 524034909,
          "mean" : 2647462.064622,
          "stddev" : 5537617.816781,
          "N" : 341464,
          "percentile" : {
            "1.000000" : 1073152,
            "5.000000" : 1269760,
            "10.000000" : 1400832,
            "20.000000" : 1581056,
            "30.000000" : 1728512,
            "40.000000" : 1875968,
            "50.000000" : 2023424,
            "60.000000" : 2179072,
            "70.000000" : 2408448,
            "80.000000" : 2703360,
            "90.000000" : 3325952,
            "95.000000" : 4816896,
            "99.000000" : 11730944,
            "99.500000" : 18481152,
            "99.900000" : 83361792,
            "99.950000" : 100139008,
            "99.990000" : 223346688
          }
        },
        "lat_ns" : {
          "min" : 648783,
          "max" : 524035468,
          "mean" : 2647546.675330,
          "stddev" : 5537625.656240,
          "N" : 341464,
          "percentile" : {
            "1.000000" : 1073152,
            "5.000000" : 1269760,
            "10.000000" : 1400832,
            "20.000000" : 1581056,
            "30.000000" : 1728512,
            "40.000000" : 1875968,
            "50.000000" : 2023424,
            "60.000000" : 2179072,
            "70.000000" : 2408448,
            "80.000000" : 2703360,
            "90.000000" : 3325952,
            "95.000000" : 4816896,
            "99.000000" : 11730944,
            "99.500000" : 18481152,
            "99.900000" : 83361792,
            "99.950000" : 100139008,
            "99.990000" : 223346688
          }
        },
        "bw_min" : 356352,
        "bw_max" : 8212267,
        "bw_agg" : 100.000000,
        "bw_mean" : 5840680.312135,
        "bw_dev" : 62743.946502,
        "bw_samples" : 3807,
        "iops_min" : 348,
        "iops_max" : 8019,
        "iops_mean" : 5703.608247,
        "iops_stddev" : 61.273233,
        "iops_samples" : 3807
      },
      "job_runtime" : 960044,
      "usr_cpu" : 5.851503,
      "sys_cpu" : 0.473624,
      "ctx" : 341628,
      "majf" : 0,
      "minf" : 277,
      "iodepth_level" : {
        "1" : 100.000000,
        "2" : 0.000000,
        "4" : 0.000000,
        "8" : 0.000000,
        "16" : 0.000000,
        "32" : 0.000000,
        ">=64" : 0.000000
      },
      "iodepth_submit" : {
        "0" : 0.000000,
        "4" : 100.000000,
        "8" : 0.000000,
        "16" : 0.000000,
        "32" : 0.000000,
        "64" : 0.000000,
        ">=64" : 0.000000
      },
      "iodepth_complete" : {
        "0" : 0.000000,
        "4" : 100.000000,
        "8" : 0.000000,
        "16" : 0.000000,
        "32" : 0.000000,
        "64" : 0.000000,
        ">=64" : 0.000000
      },
      "latency_ns" : {
        "2" : 0.000000,
        "4" : 0.000000,
        "10" : 0.000000,
        "20" : 0.000000,
        "50" : 0.000000,
        "100" : 0.000000,
        "250" : 0.000000,
        "500" : 0.000000,
        "750" : 0.000000,
        "1000" : 0.000000
      },
      "latency_us" : {
        "2" : 0.000000,
        "4" : 0.000000,
        "10" : 0.000000,
        "20" : 0.000000,
        "50" : 0.000000,
        "100" : 0.000000,
        "250" : 0.000000,
        "500" : 0.000000,
        "750" : 0.010000,
        "1000" : 0.346742
      },
      "latency_ms" : {
        "2" : 47.752911,
        "4" : 45.080008,
        "10" : 5.507169,
        "20" : 0.844891,
        "50" : 0.243071,
        "100" : 0.174835,
        "250" : 0.043050,
        "500" : 0.010000,
        "750" : 0.010000,
        "1000" : 0.000000,
        "2000" : 0.000000,
        ">=2000" : 0.000000
      },
      "latency_depth" : 8,
      "latency_target" : 0,
      "latency_percentile" : 100.000000,
      "latency_window" : 0
    }
  ]
}
