{
  "fio version" : "fio-3.23",
  "timestamp" : 1756942680,
  "timestamp_ms" : 1756942680883,
  "time" : "Wed Sep  3 23:38:00 2025",
  "jobs" : [
    {
      "jobname" : "RandWH-4M-16-8",
      "groupid" : 0,
      "error" : 0,
      "eta" : 0,
      "elapsed" : 61,
      "job options" : {
        "name" : "RandWH-4M-16-8",
        "numjobs" : "16",
        "runtime" : "60",
        "directory" : "/tmp/e2sar/rgeorge-fio_test-p1r1_RandWH-4M-16-8",
        "direct" : "1",
        "buffered" : "0",
        "rw" : "randrw",
        "rwmixread" : "20",
        "unified_rw_reporting" : "1",
        "randrepeat" : "0",
        "bs" : "4M",
        "size" : "128M",
        "ioengine" : "pvsync",
        "iodepth" : "8",
        "lat_percentiles" : "1"
      },
      "mixed" : {
        "io_bytes" : 339331776512,
        "io_kbytes" : 331378688,
        "bw_bytes" : 5654775638,
        "bw" : 5522241,
        "iops" : 1348.203573,
        "runtime" : 60008,
        "total_ios" : 80903,
        "short_ios" : 0,
        "drop_ios" : 0,
        "slat_ns" : {
          "min" : 0,
          "max" : 0,
          "mean" : 0.000000,
          "stddev" : 0.000000,
          "N" : 0
        },
        "clat_ns" : {
          "min" : 3635923,
          "max" : 1029023937,
          "mean" : 11174932.481292,
          "stddev" : 17442184.606584,
          "N" : 80903,
          "percentile" : {
            "1.000000" : 4882432,
            "5.000000" : 5537792,
            "10.000000" : 6062080,
            "20.000000" : 6782976,
            "30.000000" : 7307264,
            "40.000000" : 7831552,
            "50.000000" : 8454144,
            "60.000000" : 8978432,
            "70.000000" : 9764864,
            "80.000000" : 10944512,
            "90.000000" : 14090240,
            "95.000000" : 22675456,
            "99.000000" : 63176704,
            "99.500000" : 111673344,
            "99.900000" : 250609664,
            "99.950000" : 299892736,
            "99.990000" : 641728512
          }
        },
        "lat_ns" : {
          "min" : 3635949,
          "max" : 1029024545,
          "mean" : 11175107.276739,
          "stddev" : 17442194.374571,
          "N" : 80903,
          "percentile" : {
            "1.000000" : 4882432,
            "5.000000" : 5603328,
            "10.000000" : 6062080,
            "20.000000" : 6782976,
            "30.000000" : 7307264,
            "40.000000" : 7831552,
            "50.000000" : 8454144,
            "60.000000" : 8978432,
            "70.000000" : 9764864,
            "80.000000" : 10944512,
            "90.000000" : 14090240,
            "95.000000" : 22675456,
            "99.000000" : 63176704,
            "99.500000" : 111673344,
            "99.900000" : 250609664,
            "99.950000" : 299892736,
            "99.990000" : 641728512
          }
        },
        "bw_min" : 384721,
        "bw_max" : 9089341,
        "bw_agg" : 100.000000,
        "bw_mean" : 5575826.600718,
        "bw_dev" : 66926.213648,
        "bw_samples" : 3757,
        "iops_min" : 80,
        "iops_max" : 2215,
        "iops_mean" : 1349.844363,
        "iops_stddev" : 16.351152,
        "iops_samples" : 3757
      },
      "job_runtime" : 960066,
      "usr_cpu" : 5.806580,
      "sys_cpu" : 0.425075,
      "ctx" : 323753,
      "majf" : 0,
      "minf" : 273,
      "iodepth_level" : {
        "1" : 100.000000,
        "2" : 0.000000,
        "4" : 0.000000,
        "8" : 0.000000,
        "16" : 0.000000,
        "32" : 0.000000,
        ">=64" : 0.000000
      },
      "iodepth_submit" : {
        "0" : 0.000000,
        "4" : 100.000000,
        "8" : 0.000000,
        "16" : 0.000000,
        "32" : 0.000000,
        "64" : 0.000000,
        ">=64" : 0.000000
      },
      "iodepth_complete" : {
        "0" : 0.000000,
        "4" : 100.000000,
        "8" : 0.000000,
        "16" : 0.000000,
        "32" : 0.000000,
        "64" : 0.000000,
        ">=64" : 0.000000
      },
      "latency_ns" : {
        "2" : 0.000000,
        "4" : 0.000000,
        "10" : 0.000000,
        "20" : 0.000000,
        "50" : 0.000000,
        "100" : 0.000000,
        "250" : 0.000000,
        "500" : 0.000000,
        "750" : 0.000000,
        "1000" : 0.000000
      },
      "latency_us" : {
        "2" : 0.000000,
        "4" : 0.000000,
        "10" : 0.000000,
        "20" : 0.000000,
        "50" : 0.000000,
        "100" : 0.000000,
        "250" : 0.000000,
        "500" : 0.000000,
        "750" : 0.000000,
        "1000" : 0.000000
      },
      "latency_ms" : {
        "2" : 0.000000,
        "4" : 0.010000,
        "10" : 72.059133,
        "20" : 21.894120,
        "50" : 4.661137,
        "100" : 0.794779,
        "250" : 0.485767,
        "500" : 0.085287,
        "750" : 0.011124,
        "1000" : 0.010000,
        "2000" : 0.010000,
        ">=2000" : 0.000000
      },
      "latency_depth" : 8,
      "latency_target" : 0,
      "latency_percentile" : 100.000000,
      "latency_window" : 0
    }
  ]
}
