{
  "fio version" : "fio-3.23",
  "timestamp" : 1757026038,
  "timestamp_ms" : 1757026038675,
  "time" : "Thu Sep  4 22:47:18 2025",
  "jobs" : [
    {
      "jobname" : "SeqBal-4K-32-128",
      "groupid" : 0,
      "error" : 0,
      "eta" : 0,
      "elapsed" : 61,
      "job options" : {
        "name" : "SeqBal-4K-32-128",
        "numjobs" : "32",
        "runtime" : "60",
        "directory" : "/tmp/e2sar/rgeorge-fio_test-p2s_SeqBal-4K-32-128",
        "direct" : "1",
        "buffered" : "0",
        "rw" : "rw",
        "unified_rw_reporting" : "1",
        "randrepeat" : "0",
        "bs" : "4K",
        "size" : "128M",
        "ioengine" : "pvsync",
        "iodepth" : "128",
        "lat_percentiles" : "1"
      },
      "mixed" : {
        "io_bytes" : 13554053120,
        "io_kbytes" : 13236380,
        "bw_bytes" : 225889590,
        "bw" : 220595,
        "iops" : 55148.825892,
        "runtime" : 60003,
        "total_ios" : 3309095,
        "short_ios" : 0,
        "drop_ios" : 0,
        "slat_ns" : {
          "min" : 0,
          "max" : 0,
          "mean" : 0.000000,
          "stddev" : 0.000000,
          "N" : 0
        },
        "clat_ns" : {
          "min" : 120483,
          "max" : 431339675,
          "mean" : 578433.476849,
          "stddev" : 1527867.225844,
          "N" : 3309095,
          "percentile" : {
            "1.000000" : 238592,
            "5.000000" : 370688,
            "10.000000" : 432128,
            "20.000000" : 477184,
            "30.000000" : 505856,
            "40.000000" : 528384,
            "50.000000" : 552960,
            "60.000000" : 569344,
            "70.000000" : 593920,
            "80.000000" : 618496,
            "90.000000" : 651264,
            "95.000000" : 692224,
            "99.000000" : 1019904,
            "99.500000" : 1089536,
            "99.900000" : 5537792,
            "99.950000" : 13172736,
            "99.990000" : 74973184
          }
        },
        "lat_ns" : {
          "min" : 120507,
          "max" : 431339720,
          "mean" : 578496.246562,
          "stddev" : 1527866.952874,
          "N" : 3309095,
          "percentile" : {
            "1.000000" : 238592,
            "5.000000" : 370688,
            "10.000000" : 432128,
            "20.000000" : 477184,
            "30.000000" : 505856,
            "40.000000" : 528384,
            "50.000000" : 552960,
            "60.000000" : 569344,
            "70.000000" : 593920,
            "80.000000" : 618496,
            "90.000000" : 651264,
            "95.000000" : 692224,
            "99.000000" : 1019904,
            "99.500000" : 1089536,
            "99.900000" : 5537792,
            "99.950000" : 13172736,
            "99.990000" : 74973184
          }
        },
        "bw_min" : 105568,
        "bw_max" : 309920,
        "bw_agg" : 100.000000,
        "bw_mean" : 220877.033613,
        "bw_dev" : 390.808056,
        "bw_samples" : 7616,
        "iops_min" : 26392,
        "iops_max" : 77480,
        "iops_mean" : 55219.252101,
        "iops_stddev" : 97.701845,
        "iops_samples" : 7616
      },
      "job_runtime" : 1920005,
      "usr_cpu" : 0.372030,
      "sys_cpu" : 0.980466,
      "ctx" : 3309336,
      "majf" : 0,
      "minf" : 675,
      "iodepth_level" : {
        "1" : 100.000000,
        "2" : 0.000000,
        "4" : 0.000000,
        "8" : 0.000000,
        "16" : 0.000000,
        "32" : 0.000000,
        ">=64" : 0.000000
      },
      "iodepth_submit" : {
        "0" : 0.000000,
        "4" : 100.000000,
        "8" : 0.000000,
        "16" : 0.000000,
        "32" : 0.000000,
        "64" : 0.000000,
        ">=64" : 0.000000
      },
      "iodepth_complete" : {
        "0" : 0.000000,
        "4" : 100.000000,
        "8" : 0.000000,
        "16" : 0.000000,
        "32" : 0.000000,
        "64" : 0.000000,
        ">=64" : 0.000000
      },
      "latency_ns" : {
        "2" : 0.000000,
        "4" : 0.000000,
        "10" : 0.000000,
        "20" : 0.000000,
        "50" : 0.000000,
        "100" : 0.000000,
        "250" : 0.000000,
        "500" : 0.000000,
        "750" : 0.000000,
        "1000" : 0.000000
      },
      "latency_us" : {
        "2" : 0.000000,
        "4" : 0.000000,
        "10" : 0.000000,
        "20" : 0.000000,
        "50" : 0.000000,
        "100" : 0.000000,
        "250" : 1.213081,
        "500" : 26.867799,
        "750" : 69.049090,
        "1000" : 1.714336
      },
      "latency_ms" : {
        "2" : 0.998763,
        "4" : 0.034027,
        "10" : 0.062555,
        "20" : 0.027228,
        "50" : 0.018646,
        "100" : 0.010000,
        "250" : 0.010000,
        "500" : 0.010000,
        "750" : 0.000000,
        "1000" : 0.000000,
        "2000" : 0.000000,
        ">=2000" : 0.000000
      },
      "latency_depth" : 128,
      "latency_target" : 0,
      "latency_percentile" : 100.000000,
      "latency_window" : 0
    }
  ]
}
