{
  "fio version" : "fio-3.23",
  "timestamp" : 1757466561,
  "timestamp_ms" : 1757466561399,
  "time" : "Wed Sep 10 01:09:21 2025",
  "jobs" : [
    {
      "jobname" : "RandBal-2M-128-32",
      "groupid" : 0,
      "error" : 0,
      "eta" : 0,
      "elapsed" : 62,
      "job options" : {
        "name" : "RandBal-2M-128-32",
        "rw" : "randrw",
        "unified_rw_reporting" : "1",
        "bs" : "2M",
        "numjobs" : "128",
        "iodepth" : "32",
        "runtime" : "60",
        "directory" : "/tmp/e2sar/rgeorge-fio_test-m_RandBal-2M-128-32",
        "direct" : "1",
        "buffered" : "0",
        "randrepeat" : "0",
        "size" : "128M",
        "ioengine" : "pvsync",
        "lat_percentiles" : "1"
      },
      "mixed" : {
        "io_bytes" : 199906820096,
        "io_kbytes" : 195221504,
        "bw_bytes" : 3326679426,
        "bw" : 3248710,
        "iops" : 1586.284364,
        "runtime" : 60092,
        "total_ios" : 95323,
        "short_ios" : 0,
        "drop_ios" : 0,
        "slat_ns" : {
          "min" : 0,
          "max" : 0,
          "mean" : 0.000000,
          "stddev" : 0.000000,
          "N" : 0
        },
        "clat_ns" : {
          "min" : 1440475,
          "max" : 541173788,
          "mean" : 80039749.841277,
          "stddev" : 22218202.296229,
          "N" : 95323,
          "percentile" : {
            "1.000000" : 58458112,
            "5.000000" : 66322432,
            "10.000000" : 68681728,
            "20.000000" : 71827456,
            "30.000000" : 72876032,
            "40.000000" : 74973184,
            "50.000000" : 77070336,
            "60.000000" : 78118912,
            "70.000000" : 80216064,
            "80.000000" : 82313216,
            "90.000000" : 86507520,
            "95.000000" : 95944704,
            "99.000000" : 200278016,
            "99.500000" : 235929600,
            "99.900000" : 274726912,
            "99.950000" : 287309824,
            "99.990000" : 320864256
          }
        },
        "lat_ns" : {
          "min" : 1440626,
          "max" : 541174118,
          "mean" : 80040046.249226,
          "stddev" : 22218195.928314,
          "N" : 95323,
          "percentile" : {
            "1.000000" : 58458112,
            "5.000000" : 66322432,
            "10.000000" : 68681728,
            "20.000000" : 71827456,
            "30.000000" : 72876032,
            "40.000000" : 74973184,
            "50.000000" : 77070336,
            "60.000000" : 78118912,
            "70.000000" : 80216064,
            "80.000000" : 82313216,
            "90.000000" : 86507520,
            "95.000000" : 95944704,
            "99.000000" : 200278016,
            "99.500000" : 235929600,
            "99.900000" : 274726912,
            "99.950000" : 287309824,
            "99.990000" : 320864256
          }
        },
        "bw_min" : 1048567,
        "bw_max" : 7151459,
        "bw_agg" : 100.000000,
        "bw_mean" : 3309865.975970,
        "bw_dev" : 5236.727041,
        "bw_samples" : 29953,
        "iops_min" : 511,
        "iops_max" : 3490,
        "iops_mean" : 1616.079139,
        "iops_stddev" : 2.556836,
        "iops_samples" : 29953
      },
      "job_runtime" : 7682782,
      "usr_cpu" : 0.317971,
      "sys_cpu" : 0.034935,
      "ctx" : 191906,
      "majf" : 0,
      "minf" : 1797,
      "iodepth_level" : {
        "1" : 100.000000,
        "2" : 0.000000,
        "4" : 0.000000,
        "8" : 0.000000,
        "16" : 0.000000,
        "32" : 0.000000,
        ">=64" : 0.000000
      },
      "iodepth_submit" : {
        "0" : 0.000000,
        "4" : 100.000000,
        "8" : 0.000000,
        "16" : 0.000000,
        "32" : 0.000000,
        "64" : 0.000000,
        ">=64" : 0.000000
      },
      "iodepth_complete" : {
        "0" : 0.000000,
        "4" : 100.000000,
        "8" : 0.000000,
        "16" : 0.000000,
        "32" : 0.000000,
        "64" : 0.000000,
        ">=64" : 0.000000
      },
      "latency_ns" : {
        "2" : 0.000000,
        "4" : 0.000000,
        "10" : 0.000000,
        "20" : 0.000000,
        "50" : 0.000000,
        "100" : 0.000000,
        "250" : 0.000000,
        "500" : 0.000000,
        "750" : 0.000000,
        "1000" : 0.000000
      },
      "latency_us" : {
        "2" : 0.000000,
        "4" : 0.000000,
        "10" : 0.000000,
        "20" : 0.000000,
        "50" : 0.000000,
        "100" : 0.000000,
        "250" : 0.000000,
        "500" : 0.000000,
        "750" : 0.000000,
        "1000" : 0.000000
      },
      "latency_ms" : {
        "2" : 0.010000,
        "4" : 0.020981,
        "10" : 0.098612,
        "20" : 0.174145,
        "50" : 0.485717,
        "100" : 94.404289,
        "250" : 4.516224,
        "500" : 0.296885,
        "750" : 0.010000,
        "1000" : 0.000000,
        "2000" : 0.000000,
        ">=2000" : 0.000000
      },
      "latency_depth" : 32,
      "latency_target" : 0,
      "latency_percentile" : 100.000000,
      "latency_window" : 0
    }
  ]
}
