{
  "fio version" : "fio-3.23",
  "timestamp" : 1756952902,
  "timestamp_ms" : 1756952902407,
  "time" : "Thu Sep  4 02:28:22 2025",
  "jobs" : [
    {
      "jobname" : "RandRH-4M-16-128",
      "groupid" : 0,
      "error" : 0,
      "eta" : 0,
      "elapsed" : 61,
      "job options" : {
        "name" : "RandRH-4M-16-128",
        "numjobs" : "16",
        "runtime" : "60",
        "directory" : "/tmp/e2sar/rgeorge-fio_test-p1r2_RandRH-4M-16-128",
        "direct" : "1",
        "buffered" : "0",
        "rw" : "randrw",
        "rwmixread" : "80",
        "unified_rw_reporting" : "1",
        "randrepeat" : "0",
        "bs" : "4M",
        "size" : "128M",
        "ioengine" : "pvsync",
        "iodepth" : "128",
        "lat_percentiles" : "1"
      },
      "mixed" : {
        "io_bytes" : 180887748608,
        "io_kbytes" : 176648192,
        "bw_bytes" : 3008778253,
        "bw" : 2938260,
        "iops" : 717.348636,
        "runtime" : 60120,
        "total_ios" : 43127,
        "short_ios" : 0,
        "drop_ios" : 0,
        "slat_ns" : {
          "min" : 0,
          "max" : 0,
          "mean" : 0.000000,
          "stddev" : 0.000000,
          "N" : 0
        },
        "clat_ns" : {
          "min" : 2722368,
          "max" : 1055001157,
          "mean" : 22118933.760684,
          "stddev" : 20632835.448214,
          "N" : 43127,
          "percentile" : {
            "1.000000" : 9109504,
            "5.000000" : 14614528,
            "10.000000" : 16318464,
            "20.000000" : 17956864,
            "30.000000" : 19005440,
            "40.000000" : 19791872,
            "50.000000" : 20578304,
            "60.000000" : 21102592,
            "70.000000" : 21626880,
            "80.000000" : 22413312,
            "90.000000" : 23461888,
            "95.000000" : 25034752,
            "99.000000" : 89653248,
            "99.500000" : 164626432,
            "99.900000" : 295698432,
            "99.950000" : 316669952,
            "99.990000" : 641728512
          }
        },
        "lat_ns" : {
          "min" : 2722467,
          "max" : 1055001456,
          "mean" : 22119016.597584,
          "stddev" : 20632847.003628,
          "N" : 43127,
          "percentile" : {
            "1.000000" : 9109504,
            "5.000000" : 14614528,
            "10.000000" : 16318464,
            "20.000000" : 17956864,
            "30.000000" : 19005440,
            "40.000000" : 19791872,
            "50.000000" : 20578304,
            "60.000000" : 21102592,
            "70.000000" : 21626880,
            "80.000000" : 22413312,
            "90.000000" : 23461888,
            "95.000000" : 25034752,
            "99.000000" : 89653248,
            "99.500000" : 164626432,
            "99.900000" : 295698432,
            "99.950000" : 316669952,
            "99.990000" : 641728512
          }
        },
        "bw_min" : 311058,
        "bw_max" : 5699928,
        "bw_agg" : 100.000000,
        "bw_mean" : 2978447.353203,
        "bw_dev" : 30492.877508,
        "bw_samples" : 3748,
        "iops_min" : 62,
        "iops_max" : 1384,
        "iops_mean" : 711.210381,
        "iops_stddev" : 7.369194,
        "iops_samples" : 3748
      },
      "job_runtime" : 960766,
      "usr_cpu" : 0.704334,
      "sys_cpu" : 0.222427,
      "ctx" : 172621,
      "majf" : 0,
      "minf" : 251,
      "iodepth_level" : {
        "1" : 100.000000,
        "2" : 0.000000,
        "4" : 0.000000,
        "8" : 0.000000,
        "16" : 0.000000,
        "32" : 0.000000,
        ">=64" : 0.000000
      },
      "iodepth_submit" : {
        "0" : 0.000000,
        "4" : 100.000000,
        "8" : 0.000000,
        "16" : 0.000000,
        "32" : 0.000000,
        "64" : 0.000000,
        ">=64" : 0.000000
      },
      "iodepth_complete" : {
        "0" : 0.000000,
        "4" : 100.000000,
        "8" : 0.000000,
        "16" : 0.000000,
        "32" : 0.000000,
        "64" : 0.000000,
        ">=64" : 0.000000
      },
      "latency_ns" : {
        "2" : 0.000000,
        "4" : 0.000000,
        "10" : 0.000000,
        "20" : 0.000000,
        "50" : 0.000000,
        "100" : 0.000000,
        "250" : 0.000000,
        "500" : 0.000000,
        "750" : 0.000000,
        "1000" : 0.000000
      },
      "latency_us" : {
        "2" : 0.000000,
        "4" : 0.000000,
        "10" : 0.000000,
        "20" : 0.000000,
        "50" : 0.000000,
        "100" : 0.000000,
        "250" : 0.000000,
        "500" : 0.000000,
        "750" : 0.000000,
        "1000" : 0.000000
      },
      "latency_ms" : {
        "2" : 0.000000,
        "4" : 0.062606,
        "10" : 1.293853,
        "20" : 41.528509,
        "50" : 55.584669,
        "100" : 0.621420,
        "250" : 0.679389,
        "500" : 0.211005,
        "750" : 0.010000,
        "1000" : 0.010000,
        "2000" : 0.010000,
        ">=2000" : 0.000000
      },
      "latency_depth" : 128,
      "latency_target" : 0,
      "latency_percentile" : 100.000000,
      "latency_window" : 0
    }
  ]
}
