{
  "fio version" : "fio-3.23",
  "timestamp" : 1757524585,
  "timestamp_ms" : 1757524585274,
  "time" : "Wed Sep 10 17:16:25 2025",
  "jobs" : [
    {
      "jobname" : "RandR-4M-16-16",
      "groupid" : 0,
      "error" : 0,
      "eta" : 0,
      "elapsed" : 61,
      "job options" : {
        "name" : "RandR-4M-16-16",
        "rw" : "randread",
        "unified_rw_reporting" : "0",
        "bs" : "4M",
        "numjobs" : "16",
        "iodepth" : "16",
        "runtime" : "60",
        "directory" : "/tmp/e2sar/rgeorge-fio_test-m_RandR-4M-16-16",
        "direct" : "1",
        "buffered" : "0",
        "randrepeat" : "0",
        "size" : "128M",
        "ioengine" : "pvsync",
        "lat_percentiles" : "1"
      },
      "read" : {
        "io_bytes" : 261724569600,
        "io_kbytes" : 255590400,
        "bw_bytes" : 4361349268,
        "bw" : 4259130,
        "iops" : 1039.826696,
        "runtime" : 60010,
        "total_ios" : 62400,
        "short_ios" : 0,
        "drop_ios" : 0,
        "slat_ns" : {
          "min" : 0,
          "max" : 0,
          "mean" : 0.000000,
          "stddev" : 0.000000,
          "N" : 0
        },
        "clat_ns" : {
          "min" : 2270177,
          "max" : 54505947,
          "mean" : 15381087.349904,
          "stddev" : 854927.027850,
          "N" : 62400,
          "percentile" : {
            "1.000000" : 14221312,
            "5.000000" : 14614528,
            "10.000000" : 14745600,
            "20.000000" : 15007744,
            "30.000000" : 15138816,
            "40.000000" : 15269888,
            "50.000000" : 15400960,
            "60.000000" : 15400960,
            "70.000000" : 15532032,
            "80.000000" : 15663104,
            "90.000000" : 15925248,
            "95.000000" : 16187392,
            "99.000000" : 16908288,
            "99.500000" : 17432576,
            "99.900000" : 25821184,
            "99.950000" : 33161216,
            "99.990000" : 44302336
          }
        },
        "lat_ns" : {
          "min" : 2270208,
          "max" : 54505975,
          "mean" : 15381162.450833,
          "stddev" : 854928.076837,
          "N" : 62400,
          "percentile" : {
            "1.000000" : 14221312,
            "5.000000" : 14614528,
            "10.000000" : 14745600,
            "20.000000" : 15007744,
            "30.000000" : 15138816,
            "40.000000" : 15269888,
            "50.000000" : 15400960,
            "60.000000" : 15400960,
            "70.000000" : 15532032,
            "80.000000" : 15663104,
            "90.000000" : 15925248,
            "95.000000" : 16187392,
            "99.000000" : 16908288,
            "99.500000" : 17432576,
            "99.900000" : 25821184,
            "99.950000" : 33161216,
            "99.990000" : 44302336
          }
        },
        "bw_min" : 3620864,
        "bw_max" : 4390912,
        "bw_agg" : 100.000000,
        "bw_mean" : 4263557.378151,
        "bw_dev" : 6003.382258,
        "bw_samples" : 1904,
        "iops_min" : 884,
        "iops_max" : 1072,
        "iops_mean" : 1040.907563,
        "iops_stddev" : 1.465669,
        "iops_samples" : 1904
      },
      "write" : {
        "io_bytes" : 0,
        "io_kbytes" : 0,
        "bw_bytes" : 0,
        "bw" : 0,
        "iops" : 0.000000,
        "runtime" : 0,
        "total_ios" : 0,
        "short_ios" : 0,
        "drop_ios" : 0,
        "slat_ns" : {
          "min" : 0,
          "max" : 0,
          "mean" : 0.000000,
          "stddev" : 0.000000,
          "N" : 0
        },
        "clat_ns" : {
          "min" : 0,
          "max" : 0,
          "mean" : 0.000000,
          "stddev" : 0.000000,
          "N" : 0
        },
        "lat_ns" : {
          "min" : 0,
          "max" : 0,
          "mean" : 0.000000,
          "stddev" : 0.000000,
          "N" : 0
        },
        "bw_min" : 0,
        "bw_max" : 0,
        "bw_agg" : 0.000000,
        "bw_mean" : 0.000000,
        "bw_dev" : 0.000000,
        "bw_samples" : 0,
        "iops_min" : 0,
        "iops_max" : 0,
        "iops_mean" : 0.000000,
        "iops_stddev" : 0.000000,
        "iops_samples" : 0
      },
      "trim" : {
        "io_bytes" : 0,
        "io_kbytes" : 0,
        "bw_bytes" : 0,
        "bw" : 0,
        "iops" : 0.000000,
        "runtime" : 0,
        "total_ios" : 0,
        "short_ios" : 0,
        "drop_ios" : 0,
        "slat_ns" : {
          "min" : 0,
          "max" : 0,
          "mean" : 0.000000,
          "stddev" : 0.000000,
          "N" : 0
        },
        "clat_ns" : {
          "min" : 0,
          "max" : 0,
          "mean" : 0.000000,
          "stddev" : 0.000000,
          "N" : 0
        },
        "lat_ns" : {
          "min" : 0,
          "max" : 0,
          "mean" : 0.000000,
          "stddev" : 0.000000,
          "N" : 0
        },
        "bw_min" : 0,
        "bw_max" : 0,
        "bw_agg" : 0.000000,
        "bw_mean" : 0.000000,
        "bw_dev" : 0.000000,
        "bw_samples" : 0,
        "iops_min" : 0,
        "iops_max" : 0,
        "iops_mean" : 0.000000,
        "iops_stddev" : 0.000000,
        "iops_samples" : 0
      },
      "sync" : {
        "total_ios" : 0,
        "lat_ns" : {
          "min" : 0,
          "max" : 0,
          "mean" : 0.000000,
          "stddev" : 0.000000,
          "N" : 0
        }
      },
      "job_runtime" : 960091,
      "usr_cpu" : 0.013332,
      "sys_cpu" : 0.305804,
      "ctx" : 249680,
      "majf" : 0,
      "minf" : 191,
      "iodepth_level" : {
        "1" : 100.000000,
        "2" : 0.000000,
        "4" : 0.000000,
        "8" : 0.000000,
        "16" : 0.000000,
        "32" : 0.000000,
        ">=64" : 0.000000
      },
      "iodepth_submit" : {
        "0" : 0.000000,
        "4" : 100.000000,
        "8" : 0.000000,
        "16" : 0.000000,
        "32" : 0.000000,
        "64" : 0.000000,
        ">=64" : 0.000000
      },
      "iodepth_complete" : {
        "0" : 0.000000,
        "4" : 100.000000,
        "8" : 0.000000,
        "16" : 0.000000,
        "32" : 0.000000,
        "64" : 0.000000,
        ">=64" : 0.000000
      },
      "latency_ns" : {
        "2" : 0.000000,
        "4" : 0.000000,
        "10" : 0.000000,
        "20" : 0.000000,
        "50" : 0.000000,
        "100" : 0.000000,
        "250" : 0.000000,
        "500" : 0.000000,
        "750" : 0.000000,
        "1000" : 0.000000
      },
      "latency_us" : {
        "2" : 0.000000,
        "4" : 0.000000,
        "10" : 0.000000,
        "20" : 0.000000,
        "50" : 0.000000,
        "100" : 0.000000,
        "250" : 0.000000,
        "500" : 0.000000,
        "750" : 0.000000,
        "1000" : 0.000000
      },
      "latency_ms" : {
        "2" : 0.000000,
        "4" : 0.010000,
        "10" : 0.025641,
        "20" : 99.775641,
        "50" : 0.190705,
        "100" : 0.010000,
        "250" : 0.000000,
        "500" : 0.000000,
        "750" : 0.000000,
        "1000" : 0.000000,
        "2000" : 0.000000,
        ">=2000" : 0.000000
      },
      "latency_depth" : 16,
      "latency_target" : 0,
      "latency_percentile" : 100.000000,
      "latency_window" : 0
    }
  ]
}
