{
  "fio version" : "fio-3.23",
  "timestamp" : 1757456594,
  "timestamp_ms" : 1757456594699,
  "time" : "Tue Sep  9 22:23:14 2025",
  "jobs" : [
    {
      "jobname" : "RandW-1M-128-64",
      "groupid" : 0,
      "error" : 0,
      "eta" : 0,
      "elapsed" : 62,
      "job options" : {
        "name" : "RandW-1M-128-64",
        "rw" : "randwrite",
        "unified_rw_reporting" : "0",
        "bs" : "1M",
        "numjobs" : "128",
        "iodepth" : "64",
        "runtime" : "60",
        "directory" : "/tmp/e2sar/rgeorge-fio_test-m_RandW-1M-128-64",
        "direct" : "1",
        "buffered" : "0",
        "randrepeat" : "0",
        "size" : "128M",
        "ioengine" : "pvsync",
        "lat_percentiles" : "1"
      },
      "read" : {
        "io_bytes" : 0,
        "io_kbytes" : 0,
        "bw_bytes" : 0,
        "bw" : 0,
        "iops" : 0.000000,
        "runtime" : 0,
        "total_ios" : 0,
        "short_ios" : 0,
        "drop_ios" : 0,
        "slat_ns" : {
          "min" : 0,
          "max" : 0,
          "mean" : 0.000000,
          "stddev" : 0.000000,
          "N" : 0
        },
        "clat_ns" : {
          "min" : 0,
          "max" : 0,
          "mean" : 0.000000,
          "stddev" : 0.000000,
          "N" : 0
        },
        "lat_ns" : {
          "min" : 0,
          "max" : 0,
          "mean" : 0.000000,
          "stddev" : 0.000000,
          "N" : 0
        },
        "bw_min" : 0,
        "bw_max" : 0,
        "bw_agg" : 0.000000,
        "bw_mean" : 0.000000,
        "bw_dev" : 0.000000,
        "bw_samples" : 0,
        "iops_min" : 0,
        "iops_max" : 0,
        "iops_mean" : 0.000000,
        "iops_stddev" : 0.000000,
        "iops_samples" : 0
      },
      "write" : {
        "io_bytes" : 907259412480,
        "io_kbytes" : 885995520,
        "bw_bytes" : 15115196049,
        "bw" : 14760933,
        "iops" : 14414.974260,
        "runtime" : 60023,
        "total_ios" : 865230,
        "short_ios" : 0,
        "drop_ios" : 0,
        "slat_ns" : {
          "min" : 0,
          "max" : 0,
          "mean" : 0.000000,
          "stddev" : 0.000000,
          "N" : 0
        },
        "clat_ns" : {
          "min" : 888287,
          "max" : 510105068,
          "mean" : 8526555.636337,
          "stddev" : 4306554.094089,
          "N" : 865230,
          "percentile" : {
            "1.000000" : 3457024,
            "5.000000" : 4554752,
            "10.000000" : 4882432,
            "20.000000" : 5734400,
            "30.000000" : 6782976,
            "40.000000" : 7700480,
            "50.000000" : 8454144,
            "60.000000" : 9240576,
            "70.000000" : 9895936,
            "80.000000" : 10944512,
            "90.000000" : 11993088,
            "95.000000" : 12517376,
            "99.000000" : 13697024,
            "99.500000" : 14876672,
            "99.900000" : 69730304,
            "99.950000" : 91750400,
            "99.990000" : 105381888
          }
        },
        "lat_ns" : {
          "min" : 888529,
          "max" : 510105291,
          "mean" : 8526836.314745,
          "stddev" : 4306567.310842,
          "N" : 865230,
          "percentile" : {
            "1.000000" : 3457024,
            "5.000000" : 4554752,
            "10.000000" : 4882432,
            "20.000000" : 5734400,
            "30.000000" : 6782976,
            "40.000000" : 7700480,
            "50.000000" : 8454144,
            "60.000000" : 9240576,
            "70.000000" : 9895936,
            "80.000000" : 10944512,
            "90.000000" : 11993088,
            "95.000000" : 12517376,
            "99.000000" : 13697024,
            "99.500000" : 14876672,
            "99.900000" : 69730304,
            "99.950000" : 91750400,
            "99.990000" : 105381888
          }
        },
        "bw_min" : 7858832,
        "bw_max" : 20912816,
        "bw_agg" : 100.000000,
        "bw_mean" : 14778264.464036,
        "bw_dev" : 15109.422893,
        "bw_samples" : 15229,
        "iops_min" : 7667,
        "iops_max" : 20420,
        "iops_mean" : 14421.459479,
        "iops_stddev" : 14.759199,
        "iops_samples" : 15229
      },
      "trim" : {
        "io_bytes" : 0,
        "io_kbytes" : 0,
        "bw_bytes" : 0,
        "bw" : 0,
        "iops" : 0.000000,
        "runtime" : 0,
        "total_ios" : 0,
        "short_ios" : 0,
        "drop_ios" : 0,
        "slat_ns" : {
          "min" : 0,
          "max" : 0,
          "mean" : 0.000000,
          "stddev" : 0.000000,
          "N" : 0
        },
        "clat_ns" : {
          "min" : 0,
          "max" : 0,
          "mean" : 0.000000,
          "stddev" : 0.000000,
          "N" : 0
        },
        "lat_ns" : {
          "min" : 0,
          "max" : 0,
          "mean" : 0.000000,
          "stddev" : 0.000000,
          "N" : 0
        },
        "bw_min" : 0,
        "bw_max" : 0,
        "bw_agg" : 0.000000,
        "bw_mean" : 0.000000,
        "bw_dev" : 0.000000,
        "bw_samples" : 0,
        "iops_min" : 0,
        "iops_max" : 0,
        "iops_mean" : 0.000000,
        "iops_stddev" : 0.000000,
        "iops_samples" : 0
      },
      "sync" : {
        "total_ios" : 0,
        "lat_ns" : {
          "min" : 0,
          "max" : 0,
          "mean" : 0.000000,
          "stddev" : 0.000000,
          "N" : 0
        }
      },
      "job_runtime" : 7680324,
      "usr_cpu" : 3.189058,
      "sys_cpu" : 0.297657,
      "ctx" : 899148,
      "majf" : 0,
      "minf" : 1473,
      "iodepth_level" : {
        "1" : 100.000000,
        "2" : 0.000000,
        "4" : 0.000000,
        "8" : 0.000000,
        "16" : 0.000000,
        "32" : 0.000000,
        ">=64" : 0.000000
      },
      "iodepth_submit" : {
        "0" : 0.000000,
        "4" : 100.000000,
        "8" : 0.000000,
        "16" : 0.000000,
        "32" : 0.000000,
        "64" : 0.000000,
        ">=64" : 0.000000
      },
      "iodepth_complete" : {
        "0" : 0.000000,
        "4" : 100.000000,
        "8" : 0.000000,
        "16" : 0.000000,
        "32" : 0.000000,
        "64" : 0.000000,
        ">=64" : 0.000000
      },
      "latency_ns" : {
        "2" : 0.000000,
        "4" : 0.000000,
        "10" : 0.000000,
        "20" : 0.000000,
        "50" : 0.000000,
        "100" : 0.000000,
        "250" : 0.000000,
        "500" : 0.000000,
        "750" : 0.000000,
        "1000" : 0.000000
      },
      "latency_us" : {
        "2" : 0.000000,
        "4" : 0.000000,
        "10" : 0.000000,
        "20" : 0.000000,
        "50" : 0.000000,
        "100" : 0.000000,
        "250" : 0.000000,
        "500" : 0.000000,
        "750" : 0.000000,
        "1000" : 0.010000
      },
      "latency_ms" : {
        "2" : 0.720733,
        "4" : 0.905193,
        "10" : 69.102320,
        "20" : 29.109948,
        "50" : 0.037562,
        "100" : 0.102401,
        "250" : 0.014563,
        "500" : 0.010000,
        "750" : 0.010000,
        "1000" : 0.000000,
        "2000" : 0.000000,
        ">=2000" : 0.000000
      },
      "latency_depth" : 64,
      "latency_target" : 0,
      "latency_percentile" : 100.000000,
      "latency_window" : 0
    }
  ]
}
