{
  "fio version" : "fio-3.23",
  "timestamp" : 1757511345,
  "timestamp_ms" : 1757511345389,
  "time" : "Wed Sep 10 13:35:45 2025",
  "jobs" : [
    {
      "jobname" : "RandRH-4M-128-16",
      "groupid" : 0,
      "error" : 0,
      "eta" : 0,
      "elapsed" : 62,
      "job options" : {
        "name" : "RandRH-4M-128-16",
        "rw" : "randrw",
        "rwmixread" : "80",
        "unified_rw_reporting" : "1",
        "bs" : "4M",
        "numjobs" : "128",
        "iodepth" : "16",
        "runtime" : "60",
        "directory" : "/tmp/e2sar/rgeorge-fio_test-m_RandRH-4M-128-16",
        "direct" : "1",
        "buffered" : "0",
        "randrepeat" : "0",
        "size" : "128M",
        "ioengine" : "pvsync",
        "lat_percentiles" : "1"
      },
      "mixed" : {
        "io_bytes" : 141369016320,
        "io_kbytes" : 138055680,
        "bw_bytes" : 2347737545,
        "bw" : 2292712,
        "iops" : 559.744250,
        "runtime" : 60215,
        "total_ios" : 33705,
        "short_ios" : 0,
        "drop_ios" : 0,
        "slat_ns" : {
          "min" : 0,
          "max" : 0,
          "mean" : 0.000000,
          "stddev" : 0.000000,
          "N" : 0
        },
        "clat_ns" : {
          "min" : 3019377,
          "max" : 461944589,
          "mean" : 226857245.399733,
          "stddev" : 31401886.490626,
          "N" : 33705,
          "percentile" : {
            "1.000000" : 164626432,
            "5.000000" : 206569472,
            "10.000000" : 210763776,
            "20.000000" : 214958080,
            "30.000000" : 217055232,
            "40.000000" : 219152384,
            "50.000000" : 223346688,
            "60.000000" : 225443840,
            "70.000000" : 227540992,
            "80.000000" : 231735296,
            "90.000000" : 238026752,
            "95.000000" : 291504128,
            "99.000000" : 362807296,
            "99.500000" : 379584512,
            "99.900000" : 408944640,
            "99.950000" : 417333248,
            "99.990000" : 442499072
          }
        },
        "lat_ns" : {
          "min" : 3019444,
          "max" : 461944828,
          "mean" : 226857537.009613,
          "stddev" : 31401876.177550,
          "N" : 33705,
          "percentile" : {
            "1.000000" : 164626432,
            "5.000000" : 206569472,
            "10.000000" : 210763776,
            "20.000000" : 214958080,
            "30.000000" : 217055232,
            "40.000000" : 219152384,
            "50.000000" : 223346688,
            "60.000000" : 225443840,
            "70.000000" : 227540992,
            "80.000000" : 231735296,
            "90.000000" : 238026752,
            "95.000000" : 291504128,
            "99.000000" : 362807296,
            "99.500000" : 379584512,
            "99.900000" : 408944640,
            "99.950000" : 417333248,
            "99.990000" : 442499072
          }
        },
        "bw_min" : 2091077,
        "bw_max" : 5889882,
        "bw_agg" : 100.000000,
        "bw_mean" : 3116907.959603,
        "bw_dev" : 4866.038865,
        "bw_samples" : 20547,
        "iops_min" : 263,
        "iops_max" : 1435,
        "iops_mean" : 735.577752,
        "iops_stddev" : 1.221651,
        "iops_samples" : 20547
      },
      "job_runtime" : 7689398,
      "usr_cpu" : 0.084129,
      "sys_cpu" : 0.025971,
      "ctx" : 135726,
      "majf" : 0,
      "minf" : 1632,
      "iodepth_level" : {
        "1" : 100.000000,
        "2" : 0.000000,
        "4" : 0.000000,
        "8" : 0.000000,
        "16" : 0.000000,
        "32" : 0.000000,
        ">=64" : 0.000000
      },
      "iodepth_submit" : {
        "0" : 0.000000,
        "4" : 100.000000,
        "8" : 0.000000,
        "16" : 0.000000,
        "32" : 0.000000,
        "64" : 0.000000,
        ">=64" : 0.000000
      },
      "iodepth_complete" : {
        "0" : 0.000000,
        "4" : 100.000000,
        "8" : 0.000000,
        "16" : 0.000000,
        "32" : 0.000000,
        "64" : 0.000000,
        ">=64" : 0.000000
      },
      "latency_ns" : {
        "2" : 0.000000,
        "4" : 0.000000,
        "10" : 0.000000,
        "20" : 0.000000,
        "50" : 0.000000,
        "100" : 0.000000,
        "250" : 0.000000,
        "500" : 0.000000,
        "750" : 0.000000,
        "1000" : 0.000000
      },
      "latency_us" : {
        "2" : 0.000000,
        "4" : 0.000000,
        "10" : 0.000000,
        "20" : 0.000000,
        "50" : 0.000000,
        "100" : 0.000000,
        "250" : 0.000000,
        "500" : 0.000000,
        "750" : 0.000000,
        "1000" : 0.000000
      },
      "latency_ms" : {
        "2" : 0.000000,
        "4" : 0.029669,
        "10" : 0.044504,
        "20" : 0.068239,
        "50" : 0.133511,
        "100" : 0.240320,
        "250" : 92.416555,
        "500" : 7.067201,
        "750" : 0.000000,
        "1000" : 0.000000,
        "2000" : 0.000000,
        ">=2000" : 0.000000
      },
      "latency_depth" : 16,
      "latency_target" : 0,
      "latency_percentile" : 100.000000,
      "latency_window" : 0
    }
  ]
}
