{
  "fio version" : "fio-3.23",
  "timestamp" : 1757465324,
  "timestamp_ms" : 1757465324957,
  "time" : "Wed Sep 10 00:48:44 2025",
  "jobs" : [
    {
      "jobname" : "RandRH-2M-128-4",
      "groupid" : 0,
      "error" : 0,
      "eta" : 0,
      "elapsed" : 61,
      "job options" : {
        "name" : "RandRH-2M-128-4",
        "rw" : "randrw",
        "rwmixread" : "80",
        "unified_rw_reporting" : "1",
        "bs" : "2M",
        "numjobs" : "128",
        "iodepth" : "4",
        "runtime" : "60",
        "directory" : "/tmp/e2sar/rgeorge-fio_test-m_RandRH-2M-128-4",
        "direct" : "1",
        "buffered" : "0",
        "randrepeat" : "0",
        "size" : "128M",
        "ioengine" : "pvsync",
        "lat_percentiles" : "1"
      },
      "mixed" : {
        "io_bytes" : 161994506240,
        "io_kbytes" : 158197760,
        "bw_bytes" : 2696178723,
        "bw" : 2632987,
        "iops" : 1285.638200,
        "runtime" : 60083,
        "total_ios" : 77245,
        "short_ios" : 0,
        "drop_ios" : 0,
        "slat_ns" : {
          "min" : 0,
          "max" : 0,
          "mean" : 0.000000,
          "stddev" : 0.000000,
          "N" : 0
        },
        "clat_ns" : {
          "min" : 1399025,
          "max" : 600486780,
          "mean" : 98902531.430604,
          "stddev" : 20123033.456005,
          "N" : 77245,
          "percentile" : {
            "1.000000" : 78118912,
            "5.000000" : 88604672,
            "10.000000" : 90701824,
            "20.000000" : 92798976,
            "30.000000" : 94896128,
            "40.000000" : 95944704,
            "50.000000" : 96993280,
            "60.000000" : 98041856,
            "70.000000" : 99090432,
            "80.000000" : 100139008,
            "90.000000" : 102236160,
            "95.000000" : 104333312,
            "99.000000" : 210763776,
            "99.500000" : 238026752,
            "99.900000" : 270532608,
            "99.950000" : 287309824,
            "99.990000" : 312475648
          }
        },
        "lat_ns" : {
          "min" : 1399048,
          "max" : 600486907,
          "mean" : 98902729.312279,
          "stddev" : 20123032.247345,
          "N" : 77245,
          "percentile" : {
            "1.000000" : 78118912,
            "5.000000" : 88604672,
            "10.000000" : 90701824,
            "20.000000" : 92798976,
            "30.000000" : 94896128,
            "40.000000" : 95944704,
            "50.000000" : 96993280,
            "60.000000" : 98041856,
            "70.000000" : 99090432,
            "80.000000" : 100139008,
            "90.000000" : 102236160,
            "95.000000" : 104333312,
            "99.000000" : 210763776,
            "99.500000" : 238026752,
            "99.900000" : 270532608,
            "99.950000" : 287309824,
            "99.990000" : 312475648
          }
        },
        "bw_min" : 1206618,
        "bw_max" : 5865118,
        "bw_agg" : 100.000000,
        "bw_mean" : 2904939.381396,
        "bw_dev" : 3811.079387,
        "bw_samples" : 25374,
        "iops_min" : 446,
        "iops_max" : 2859,
        "iops_mean" : 1401.943118,
        "iops_stddev" : 1.878669,
        "iops_samples" : 25374
      },
      "job_runtime" : 7684721,
      "usr_cpu" : 0.092873,
      "sys_cpu" : 0.036254,
      "ctx" : 155403,
      "majf" : 0,
      "minf" : 1750,
      "iodepth_level" : {
        "1" : 100.000000,
        "2" : 0.000000,
        "4" : 0.000000,
        "8" : 0.000000,
        "16" : 0.000000,
        "32" : 0.000000,
        ">=64" : 0.000000
      },
      "iodepth_submit" : {
        "0" : 0.000000,
        "4" : 100.000000,
        "8" : 0.000000,
        "16" : 0.000000,
        "32" : 0.000000,
        "64" : 0.000000,
        ">=64" : 0.000000
      },
      "iodepth_complete" : {
        "0" : 0.000000,
        "4" : 100.000000,
        "8" : 0.000000,
        "16" : 0.000000,
        "32" : 0.000000,
        "64" : 0.000000,
        ">=64" : 0.000000
      },
      "latency_ns" : {
        "2" : 0.000000,
        "4" : 0.000000,
        "10" : 0.000000,
        "20" : 0.000000,
        "50" : 0.000000,
        "100" : 0.000000,
        "250" : 0.000000,
        "500" : 0.000000,
        "750" : 0.000000,
        "1000" : 0.000000
      },
      "latency_us" : {
        "2" : 0.000000,
        "4" : 0.000000,
        "10" : 0.000000,
        "20" : 0.000000,
        "50" : 0.000000,
        "100" : 0.000000,
        "250" : 0.000000,
        "500" : 0.000000,
        "750" : 0.000000,
        "1000" : 0.000000
      },
      "latency_ms" : {
        "2" : 0.010000,
        "4" : 0.042721,
        "10" : 0.099683,
        "20" : 0.160528,
        "50" : 0.305521,
        "100" : 79.506764,
        "250" : 19.583145,
        "500" : 0.295165,
        "750" : 0.010000,
        "1000" : 0.000000,
        "2000" : 0.000000,
        ">=2000" : 0.000000
      },
      "latency_depth" : 4,
      "latency_target" : 0,
      "latency_percentile" : 100.000000,
      "latency_window" : 0
    }
  ]
}
