{
  "fio version" : "fio-3.23",
  "timestamp" : 1757448756,
  "timestamp_ms" : 1757448756671,
  "time" : "Tue Sep  9 20:12:36 2025",
  "jobs" : [
    {
      "jobname" : "SeqR-1M-128-32",
      "groupid" : 0,
      "error" : 0,
      "eta" : 0,
      "elapsed" : 62,
      "job options" : {
        "name" : "SeqR-1M-128-32",
        "rw" : "read",
        "unified_rw_reporting" : "0",
        "bs" : "1M",
        "numjobs" : "128",
        "iodepth" : "32",
        "runtime" : "60",
        "directory" : "/tmp/e2sar/rgeorge-fio_test-m_SeqR-1M-128-32",
        "direct" : "1",
        "buffered" : "0",
        "randrepeat" : "0",
        "size" : "128M",
        "ioengine" : "pvsync",
        "lat_percentiles" : "1"
      },
      "read" : {
        "io_bytes" : 144381575168,
        "io_kbytes" : 140997632,
        "bw_bytes" : 2404035684,
        "bw" : 2347691,
        "iops" : 2292.667088,
        "runtime" : 60058,
        "total_ios" : 137693,
        "short_ios" : 0,
        "drop_ios" : 0,
        "slat_ns" : {
          "min" : 0,
          "max" : 0,
          "mean" : 0.000000,
          "stddev" : 0.000000,
          "N" : 0
        },
        "clat_ns" : {
          "min" : 7069227,
          "max" : 237792206,
          "mean" : 55743717.591766,
          "stddev" : 5411746.354980,
          "N" : 137693,
          "percentile" : {
            "1.000000" : 52166656,
            "5.000000" : 53215232,
            "10.000000" : 53739520,
            "20.000000" : 54263808,
            "30.000000" : 54788096,
            "40.000000" : 54788096,
            "50.000000" : 55312384,
            "60.000000" : 55836672,
            "70.000000" : 56360960,
            "80.000000" : 56360960,
            "90.000000" : 56885248,
            "95.000000" : 57409536,
            "99.000000" : 63176704,
            "99.500000" : 90701824,
            "99.900000" : 139460608,
            "99.950000" : 152043520,
            "99.990000" : 168820736
          }
        },
        "lat_ns" : {
          "min" : 7069432,
          "max" : 237792272,
          "mean" : 55743821.743596,
          "stddev" : 5411746.305878,
          "N" : 137693,
          "percentile" : {
            "1.000000" : 52166656,
            "5.000000" : 53215232,
            "10.000000" : 53739520,
            "20.000000" : 54263808,
            "30.000000" : 54788096,
            "40.000000" : 54788096,
            "50.000000" : 55312384,
            "60.000000" : 55836672,
            "70.000000" : 56360960,
            "80.000000" : 56360960,
            "90.000000" : 56885248,
            "95.000000" : 57409536,
            "99.000000" : 63176704,
            "99.500000" : 90701824,
            "99.900000" : 139460608,
            "99.950000" : 152043520,
            "99.990000" : 168820736
          }
        },
        "bw_min" : 1828661,
        "bw_max" : 2621440,
        "bw_agg" : 100.000000,
        "bw_mean" : 2351752.436975,
        "bw_dev" : 902.944159,
        "bw_samples" : 15232,
        "iops_min" : 1779,
        "iops_max" : 2560,
        "iops_mean" : 2296.470588,
        "iops_stddev" : 0.885330,
        "iops_samples" : 15232
      },
      "write" : {
        "io_bytes" : 0,
        "io_kbytes" : 0,
        "bw_bytes" : 0,
        "bw" : 0,
        "iops" : 0.000000,
        "runtime" : 0,
        "total_ios" : 0,
        "short_ios" : 0,
        "drop_ios" : 0,
        "slat_ns" : {
          "min" : 0,
          "max" : 0,
          "mean" : 0.000000,
          "stddev" : 0.000000,
          "N" : 0
        },
        "clat_ns" : {
          "min" : 0,
          "max" : 0,
          "mean" : 0.000000,
          "stddev" : 0.000000,
          "N" : 0
        },
        "lat_ns" : {
          "min" : 0,
          "max" : 0,
          "mean" : 0.000000,
          "stddev" : 0.000000,
          "N" : 0
        },
        "bw_min" : 0,
        "bw_max" : 0,
        "bw_agg" : 0.000000,
        "bw_mean" : 0.000000,
        "bw_dev" : 0.000000,
        "bw_samples" : 0,
        "iops_min" : 0,
        "iops_max" : 0,
        "iops_mean" : 0.000000,
        "iops_stddev" : 0.000000,
        "iops_samples" : 0
      },
      "trim" : {
        "io_bytes" : 0,
        "io_kbytes" : 0,
        "bw_bytes" : 0,
        "bw" : 0,
        "iops" : 0.000000,
        "runtime" : 0,
        "total_ios" : 0,
        "short_ios" : 0,
        "drop_ios" : 0,
        "slat_ns" : {
          "min" : 0,
          "max" : 0,
          "mean" : 0.000000,
          "stddev" : 0.000000,
          "N" : 0
        },
        "clat_ns" : {
          "min" : 0,
          "max" : 0,
          "mean" : 0.000000,
          "stddev" : 0.000000,
          "N" : 0
        },
        "lat_ns" : {
          "min" : 0,
          "max" : 0,
          "mean" : 0.000000,
          "stddev" : 0.000000,
          "N" : 0
        },
        "bw_min" : 0,
        "bw_max" : 0,
        "bw_agg" : 0.000000,
        "bw_mean" : 0.000000,
        "bw_dev" : 0.000000,
        "bw_samples" : 0,
        "iops_min" : 0,
        "iops_max" : 0,
        "iops_mean" : 0.000000,
        "iops_stddev" : 0.000000,
        "iops_samples" : 0
      },
      "sync" : {
        "total_ios" : 0,
        "lat_ns" : {
          "min" : 0,
          "max" : 0,
          "mean" : 0.000000,
          "stddev" : 0.000000,
          "N" : 0
        }
      },
      "job_runtime" : 7683574,
      "usr_cpu" : 0.006859,
      "sys_cpu" : 0.025027,
      "ctx" : 138347,
      "majf" : 0,
      "minf" : 1514,
      "iodepth_level" : {
        "1" : 100.000000,
        "2" : 0.000000,
        "4" : 0.000000,
        "8" : 0.000000,
        "16" : 0.000000,
        "32" : 0.000000,
        ">=64" : 0.000000
      },
      "iodepth_submit" : {
        "0" : 0.000000,
        "4" : 100.000000,
        "8" : 0.000000,
        "16" : 0.000000,
        "32" : 0.000000,
        "64" : 0.000000,
        ">=64" : 0.000000
      },
      "iodepth_complete" : {
        "0" : 0.000000,
        "4" : 100.000000,
        "8" : 0.000000,
        "16" : 0.000000,
        "32" : 0.000000,
        "64" : 0.000000,
        ">=64" : 0.000000
      },
      "latency_ns" : {
        "2" : 0.000000,
        "4" : 0.000000,
        "10" : 0.000000,
        "20" : 0.000000,
        "50" : 0.000000,
        "100" : 0.000000,
        "250" : 0.000000,
        "500" : 0.000000,
        "750" : 0.000000,
        "1000" : 0.000000
      },
      "latency_us" : {
        "2" : 0.000000,
        "4" : 0.000000,
        "10" : 0.000000,
        "20" : 0.000000,
        "50" : 0.000000,
        "100" : 0.000000,
        "250" : 0.000000,
        "500" : 0.000000,
        "750" : 0.000000,
        "1000" : 0.000000
      },
      "latency_ms" : {
        "2" : 0.000000,
        "4" : 0.000000,
        "10" : 0.010000,
        "20" : 0.010000,
        "50" : 0.338434,
        "100" : 99.228719,
        "250" : 0.424858,
        "500" : 0.000000,
        "750" : 0.000000,
        "1000" : 0.000000,
        "2000" : 0.000000,
        ">=2000" : 0.000000
      },
      "latency_depth" : 32,
      "latency_target" : 0,
      "latency_percentile" : 100.000000,
      "latency_window" : 0
    }
  ]
}
