{
  "fio version" : "fio-3.23",
  "timestamp" : 1756993879,
  "timestamp_ms" : 1756993879918,
  "time" : "Thu Sep  4 13:51:19 2025",
  "jobs" : [
    {
      "jobname" : "RandBal-1M-32-16",
      "groupid" : 0,
      "error" : 0,
      "eta" : 0,
      "elapsed" : 61,
      "job options" : {
        "name" : "RandBal-1M-32-16",
        "numjobs" : "32",
        "runtime" : "60",
        "directory" : "/tmp/e2sar/rgeorge-fio_test-p2r_RandBal-1M-32-16",
        "direct" : "1",
        "buffered" : "0",
        "rw" : "randrw",
        "unified_rw_reporting" : "1",
        "randrepeat" : "0",
        "bs" : "1M",
        "size" : "128M",
        "ioengine" : "pvsync",
        "iodepth" : "16",
        "lat_percentiles" : "1"
      },
      "mixed" : {
        "io_bytes" : 244846690304,
        "io_kbytes" : 239108096,
        "bw_bytes" : 4080370134,
        "bw" : 3984736,
        "iops" : 3891.344199,
        "runtime" : 60006,
        "total_ios" : 233504,
        "short_ios" : 0,
        "drop_ios" : 0,
        "slat_ns" : {
          "min" : 0,
          "max" : 0,
          "mean" : 0.000000,
          "stddev" : 0.000000,
          "N" : 0
        },
        "clat_ns" : {
          "min" : 654711,
          "max" : 693320704,
          "mean" : 8109187.582542,
          "stddev" : 8743492.868941,
          "N" : 233504,
          "percentile" : {
            "1.000000" : 1810432,
            "5.000000" : 4358144,
            "10.000000" : 5144576,
            "20.000000" : 5931008,
            "30.000000" : 6455296,
            "40.000000" : 6914048,
            "50.000000" : 7372800,
            "60.000000" : 7766016,
            "70.000000" : 8224768,
            "80.000000" : 8847360,
            "90.000000" : 9764864,
            "95.000000" : 11599872,
            "99.000000" : 25821184,
            "99.500000" : 53739520,
            "99.900000" : 119013376,
            "99.950000" : 179306496,
            "99.990000" : 278921216
          }
        },
        "lat_ns" : {
          "min" : 654766,
          "max" : 693320759,
          "mean" : 8109266.496368,
          "stddev" : 8743499.535386,
          "N" : 233504,
          "percentile" : {
            "1.000000" : 1810432,
            "5.000000" : 4358144,
            "10.000000" : 5144576,
            "20.000000" : 5931008,
            "30.000000" : 6455296,
            "40.000000" : 6914048,
            "50.000000" : 7372800,
            "60.000000" : 7766016,
            "70.000000" : 8224768,
            "80.000000" : 8847360,
            "90.000000" : 9764864,
            "95.000000" : 11599872,
            "99.000000" : 25821184,
            "99.500000" : 53739520,
            "99.900000" : 119013376,
            "99.950000" : 179306496,
            "99.990000" : 278921216
          }
        },
        "bw_min" : 522240,
        "bw_max" : 5955584,
        "bw_agg" : 100.000000,
        "bw_mean" : 3992118.328386,
        "bw_dev" : 14750.936717,
        "bw_samples" : 7607,
        "iops_min" : 510,
        "iops_max" : 5816,
        "iops_mean" : 3898.507961,
        "iops_stddev" : 14.405652,
        "iops_samples" : 7607
      },
      "job_runtime" : 1920054,
      "usr_cpu" : 1.298818,
      "sys_cpu" : 0.200828,
      "ctx" : 233764,
      "majf" : 0,
      "minf" : 552,
      "iodepth_level" : {
        "1" : 100.000000,
        "2" : 0.000000,
        "4" : 0.000000,
        "8" : 0.000000,
        "16" : 0.000000,
        "32" : 0.000000,
        ">=64" : 0.000000
      },
      "iodepth_submit" : {
        "0" : 0.000000,
        "4" : 100.000000,
        "8" : 0.000000,
        "16" : 0.000000,
        "32" : 0.000000,
        "64" : 0.000000,
        ">=64" : 0.000000
      },
      "iodepth_complete" : {
        "0" : 0.000000,
        "4" : 100.000000,
        "8" : 0.000000,
        "16" : 0.000000,
        "32" : 0.000000,
        "64" : 0.000000,
        ">=64" : 0.000000
      },
      "latency_ns" : {
        "2" : 0.000000,
        "4" : 0.000000,
        "10" : 0.000000,
        "20" : 0.000000,
        "50" : 0.000000,
        "100" : 0.000000,
        "250" : 0.000000,
        "500" : 0.000000,
        "750" : 0.000000,
        "1000" : 0.000000
      },
      "latency_us" : {
        "2" : 0.000000,
        "4" : 0.000000,
        "10" : 0.000000,
        "20" : 0.000000,
        "50" : 0.000000,
        "100" : 0.000000,
        "250" : 0.000000,
        "500" : 0.000000,
        "750" : 0.010000,
        "1000" : 0.101925
      },
      "latency_ms" : {
        "2" : 0.964866,
        "4" : 2.582825,
        "10" : 87.326984,
        "20" : 7.596444,
        "50" : 0.871505,
        "100" : 0.405989,
        "250" : 0.121625,
        "500" : 0.015417,
        "750" : 0.010000,
        "1000" : 0.000000,
        "2000" : 0.000000,
        ">=2000" : 0.000000
      },
      "latency_depth" : 16,
      "latency_target" : 0,
      "latency_percentile" : 100.000000,
      "latency_window" : 0
    }
  ]
}
