{
  "fio version" : "fio-3.23",
  "timestamp" : 1757011798,
  "timestamp_ms" : 1757011798841,
  "time" : "Thu Sep  4 18:49:58 2025",
  "jobs" : [
    {
      "jobname" : "SeqWH-4M-32-1",
      "groupid" : 0,
      "error" : 0,
      "eta" : 0,
      "elapsed" : 61,
      "job options" : {
        "name" : "SeqWH-4M-32-1",
        "numjobs" : "32",
        "runtime" : "60",
        "directory" : "/tmp/e2sar/rgeorge-fio_test-p2s_SeqWH-4M-32-1",
        "direct" : "1",
        "buffered" : "0",
        "rw" : "rw",
        "rwmixread" : "20",
        "unified_rw_reporting" : "1",
        "randrepeat" : "0",
        "bs" : "4M",
        "size" : "128M",
        "ioengine" : "pvsync",
        "iodepth" : "1",
        "lat_percentiles" : "1"
      },
      "mixed" : {
        "io_bytes" : 408227414016,
        "io_kbytes" : 398659584,
        "bw_bytes" : 6801523059,
        "bw" : 6642112,
        "iops" : 1621.609464,
        "runtime" : 60020,
        "total_ios" : 97329,
        "short_ios" : 0,
        "drop_ios" : 0,
        "slat_ns" : {
          "min" : 0,
          "max" : 0,
          "mean" : 0.000000,
          "stddev" : 0.000000,
          "N" : 0
        },
        "clat_ns" : {
          "min" : 3140850,
          "max" : 792790444,
          "mean" : 18903123.310462,
          "stddev" : 17654752.673612,
          "N" : 97329,
          "percentile" : {
            "1.000000" : 8028160,
            "5.000000" : 10813440,
            "10.000000" : 11862016,
            "20.000000" : 13172736,
            "30.000000" : 14221312,
            "40.000000" : 15007744,
            "50.000000" : 15925248,
            "60.000000" : 16908288,
            "70.000000" : 17956864,
            "80.000000" : 20316160,
            "90.000000" : 26607616,
            "95.000000" : 31850496,
            "99.000000" : 79167488,
            "99.500000" : 137363456,
            "99.900000" : 283115520,
            "99.950000" : 316669952,
            "99.990000" : 446693376
          }
        },
        "lat_ns" : {
          "min" : 3140902,
          "max" : 792790761,
          "mean" : 18903374.714905,
          "stddev" : 17654749.218492,
          "N" : 97329,
          "percentile" : {
            "1.000000" : 8028160,
            "5.000000" : 10813440,
            "10.000000" : 11862016,
            "20.000000" : 13172736,
            "30.000000" : 14221312,
            "40.000000" : 15007744,
            "50.000000" : 15925248,
            "60.000000" : 16908288,
            "70.000000" : 17956864,
            "80.000000" : 20316160,
            "90.000000" : 26607616,
            "95.000000" : 31850496,
            "99.000000" : 79167488,
            "99.500000" : 137363456,
            "99.900000" : 283115520,
            "99.950000" : 316669952,
            "99.990000" : 446693376
          }
        },
        "bw_min" : 835584,
        "bw_max" : 10845652,
        "bw_agg" : 100.000000,
        "bw_mean" : 6674059.060699,
        "bw_dev" : 33501.397500,
        "bw_samples" : 7550,
        "iops_min" : 204,
        "iops_max" : 2647,
        "iops_mean" : 1629.377519,
        "iops_stddev" : 8.178613,
        "iops_samples" : 7550
      },
      "job_runtime" : 1920280,
      "usr_cpu" : 4.095392,
      "sys_cpu" : 0.555075,
      "ctx" : 389771,
      "majf" : 0,
      "minf" : 535,
      "iodepth_level" : {
        "1" : 100.000000,
        "2" : 0.000000,
        "4" : 0.000000,
        "8" : 0.000000,
        "16" : 0.000000,
        "32" : 0.000000,
        ">=64" : 0.000000
      },
      "iodepth_submit" : {
        "0" : 0.000000,
        "4" : 100.000000,
        "8" : 0.000000,
        "16" : 0.000000,
        "32" : 0.000000,
        "64" : 0.000000,
        ">=64" : 0.000000
      },
      "iodepth_complete" : {
        "0" : 0.000000,
        "4" : 100.000000,
        "8" : 0.000000,
        "16" : 0.000000,
        "32" : 0.000000,
        "64" : 0.000000,
        ">=64" : 0.000000
      },
      "latency_ns" : {
        "2" : 0.000000,
        "4" : 0.000000,
        "10" : 0.000000,
        "20" : 0.000000,
        "50" : 0.000000,
        "100" : 0.000000,
        "250" : 0.000000,
        "500" : 0.000000,
        "750" : 0.000000,
        "1000" : 0.000000
      },
      "latency_us" : {
        "2" : 0.000000,
        "4" : 0.000000,
        "10" : 0.000000,
        "20" : 0.000000,
        "50" : 0.000000,
        "100" : 0.000000,
        "250" : 0.000000,
        "500" : 0.000000,
        "750" : 0.000000,
        "1000" : 0.000000
      },
      "latency_ms" : {
        "2" : 0.000000,
        "4" : 0.010000,
        "10" : 2.762794,
        "20" : 76.576354,
        "50" : 19.123797,
        "100" : 0.771610,
        "250" : 0.609274,
        "500" : 0.143842,
        "750" : 0.010000,
        "1000" : 0.010000,
        "2000" : 0.000000,
        ">=2000" : 0.000000
      },
      "latency_depth" : 1,
      "latency_target" : 0,
      "latency_percentile" : 100.000000,
      "latency_window" : 0
    }
  ]
}
