{
  "fio version" : "fio-3.23",
  "timestamp" : 1756959902,
  "timestamp_ms" : 1756959902354,
  "time" : "Thu Sep  4 04:25:02 2025",
  "jobs" : [
    {
      "jobname" : "SeqRH-1M-16-8",
      "groupid" : 0,
      "error" : 0,
      "eta" : 0,
      "elapsed" : 61,
      "job options" : {
        "name" : "SeqRH-1M-16-8",
        "numjobs" : "16",
        "runtime" : "60",
        "directory" : "/tmp/e2sar/rgeorge-fio_test-p1s_SeqRH-1M-16-8",
        "direct" : "1",
        "buffered" : "0",
        "rw" : "rw",
        "rwmixread" : "80",
        "unified_rw_reporting" : "1",
        "randrepeat" : "0",
        "bs" : "1M",
        "size" : "128M",
        "ioengine" : "pvsync",
        "iodepth" : "8",
        "lat_percentiles" : "1"
      },
      "mixed" : {
        "io_bytes" : 285639442432,
        "io_kbytes" : 278944768,
        "bw_bytes" : 4760340017,
        "bw" : 4648769,
        "iops" : 4539.814012,
        "runtime" : 60004,
        "total_ios" : 272407,
        "short_ios" : 0,
        "drop_ios" : 0,
        "slat_ns" : {
          "min" : 0,
          "max" : 0,
          "mean" : 0.000000,
          "stddev" : 0.000000,
          "N" : 0
        },
        "clat_ns" : {
          "min" : 476147,
          "max" : 956646982,
          "mean" : 3491066.491647,
          "stddev" : 7359605.773738,
          "N" : 272407,
          "percentile" : {
            "1.000000" : 823296,
            "5.000000" : 2072576,
            "10.000000" : 2441216,
            "20.000000" : 2736128,
            "30.000000" : 2932736,
            "40.000000" : 3063808,
            "50.000000" : 3194880,
            "60.000000" : 3293184,
            "70.000000" : 3424256,
            "80.000000" : 3588096,
            "90.000000" : 3784704,
            "95.000000" : 3948544,
            "99.000000" : 6324224,
            "99.500000" : 17432576,
            "99.900000" : 90701824,
            "99.950000" : 115867648,
            "99.990000" : 333447168
          }
        },
        "lat_ns" : {
          "min" : 476180,
          "max" : 956647013,
          "mean" : 3491119.504778,
          "stddev" : 7359608.919043,
          "N" : 272407,
          "percentile" : {
            "1.000000" : 823296,
            "5.000000" : 2072576,
            "10.000000" : 2441216,
            "20.000000" : 2736128,
            "30.000000" : 2932736,
            "40.000000" : 3063808,
            "50.000000" : 3194880,
            "60.000000" : 3293184,
            "70.000000" : 3424256,
            "80.000000" : 3588096,
            "90.000000" : 3784704,
            "95.000000" : 3948544,
            "99.000000" : 6324224,
            "99.500000" : 17432576,
            "99.900000" : 90701824,
            "99.950000" : 115867648,
            "99.990000" : 333447168
          }
        },
        "bw_min" : 299008,
        "bw_max" : 8763392,
        "bw_agg" : 100.000000,
        "bw_mean" : 4664575.504829,
        "bw_dev" : 46346.551920,
        "bw_samples" : 3796,
        "iops_min" : 292,
        "iops_max" : 8558,
        "iops_mean" : 4555.192181,
        "iops_stddev" : 45.259806,
        "iops_samples" : 3796
      },
      "job_runtime" : 960014,
      "usr_cpu" : 0.923632,
      "sys_cpu" : 0.343328,
      "ctx" : 272525,
      "majf" : 0,
      "minf" : 296,
      "iodepth_level" : {
        "1" : 100.000000,
        "2" : 0.000000,
        "4" : 0.000000,
        "8" : 0.000000,
        "16" : 0.000000,
        "32" : 0.000000,
        ">=64" : 0.000000
      },
      "iodepth_submit" : {
        "0" : 0.000000,
        "4" : 100.000000,
        "8" : 0.000000,
        "16" : 0.000000,
        "32" : 0.000000,
        "64" : 0.000000,
        ">=64" : 0.000000
      },
      "iodepth_complete" : {
        "0" : 0.000000,
        "4" : 100.000000,
        "8" : 0.000000,
        "16" : 0.000000,
        "32" : 0.000000,
        "64" : 0.000000,
        ">=64" : 0.000000
      },
      "latency_ns" : {
        "2" : 0.000000,
        "4" : 0.000000,
        "10" : 0.000000,
        "20" : 0.000000,
        "50" : 0.000000,
        "100" : 0.000000,
        "250" : 0.000000,
        "500" : 0.000000,
        "750" : 0.000000,
        "1000" : 0.000000
      },
      "latency_us" : {
        "2" : 0.000000,
        "4" : 0.000000,
        "10" : 0.000000,
        "20" : 0.000000,
        "50" : 0.000000,
        "100" : 0.000000,
        "250" : 0.000000,
        "500" : 0.010000,
        "750" : 0.698954,
        "1000" : 0.842856
      },
      "latency_ms" : {
        "2" : 2.976429,
        "4" : 91.494345,
        "10" : 3.252853,
        "20" : 0.266513,
        "50" : 0.203372,
        "100" : 0.198600,
        "250" : 0.049558,
        "500" : 0.010279,
        "750" : 0.010000,
        "1000" : 0.010000,
        "2000" : 0.000000,
        ">=2000" : 0.000000
      },
      "latency_depth" : 8,
      "latency_target" : 0,
      "latency_percentile" : 100.000000,
      "latency_window" : 0
    }
  ]
}
