{
  "fio version" : "fio-3.23",
  "timestamp" : 1757182042,
  "timestamp_ms" : 1757182042472,
  "time" : "Sat Sep  6 18:07:22 2025",
  "jobs" : [
    {
      "jobname" : "SeqR-1M-128-1",
      "groupid" : 0,
      "error" : 0,
      "eta" : 0,
      "elapsed" : 62,
      "job options" : {
        "name" : "SeqR-1M-128-1",
        "numjobs" : "128",
        "runtime" : "60",
        "directory" : "/tmp/e2sar/rgeorge-fio_test-p4s_SeqR-1M-128-1",
        "direct" : "1",
        "buffered" : "0",
        "rw" : "read",
        "unified_rw_reporting" : "0",
        "randrepeat" : "0",
        "bs" : "1M",
        "size" : "128M",
        "ioengine" : "pvsync",
        "iodepth" : "1",
        "lat_percentiles" : "1"
      },
      "read" : {
        "io_bytes" : 124593897472,
        "io_kbytes" : 121673728,
        "bw_bytes" : 2059505388,
        "bw" : 2011235,
        "iops" : 1964.097393,
        "runtime" : 60497,
        "total_ios" : 118822,
        "short_ios" : 0,
        "drop_ios" : 0,
        "slat_ns" : {
          "min" : 0,
          "max" : 0,
          "mean" : 0.000000,
          "stddev" : 0.000000,
          "N" : 0
        },
        "clat_ns" : {
          "min" : 18849551,
          "max" : 761704385,
          "mean" : 64681608.767779,
          "stddev" : 57696152.955299,
          "N" : 118822,
          "percentile" : {
            "1.000000" : 38535168,
            "5.000000" : 47448064,
            "10.000000" : 50069504,
            "20.000000" : 52690944,
            "30.000000" : 53739520,
            "40.000000" : 54263808,
            "50.000000" : 54263808,
            "60.000000" : 54788096,
            "70.000000" : 55312384,
            "80.000000" : 55836672,
            "90.000000" : 64749568,
            "95.000000" : 95944704,
            "99.000000" : 459276288,
            "99.500000" : 517996544,
            "99.900000" : 599785472,
            "99.950000" : 624951296,
            "99.990000" : 683671552
          }
        },
        "lat_ns" : {
          "min" : 18850656,
          "max" : 761704438,
          "mean" : 64681686.240385,
          "stddev" : 57696159.516325,
          "N" : 118822,
          "percentile" : {
            "1.000000" : 38535168,
            "5.000000" : 47448064,
            "10.000000" : 50069504,
            "20.000000" : 52690944,
            "30.000000" : 53739520,
            "40.000000" : 54263808,
            "50.000000" : 54263808,
            "60.000000" : 54788096,
            "70.000000" : 55312384,
            "80.000000" : 55836672,
            "90.000000" : 64749568,
            "95.000000" : 95944704,
            "99.000000" : 459276288,
            "99.500000" : 517996544,
            "99.900000" : 599785472,
            "99.950000" : 624951296,
            "99.990000" : 683671552
          }
        },
        "bw_min" : 269919,
        "bw_max" : 2822212,
        "bw_agg" : 100.000000,
        "bw_mean" : 2042443.960173,
        "bw_dev" : 4969.303186,
        "bw_samples" : 15191,
        "iops_min" : 203,
        "iops_max" : 2714,
        "iops_mean" : 1959.506872,
        "iops_stddev" : 4.831630,
        "iops_samples" : 15191
      },
      "write" : {
        "io_bytes" : 0,
        "io_kbytes" : 0,
        "bw_bytes" : 0,
        "bw" : 0,
        "iops" : 0.000000,
        "runtime" : 0,
        "total_ios" : 0,
        "short_ios" : 0,
        "drop_ios" : 0,
        "slat_ns" : {
          "min" : 0,
          "max" : 0,
          "mean" : 0.000000,
          "stddev" : 0.000000,
          "N" : 0
        },
        "clat_ns" : {
          "min" : 0,
          "max" : 0,
          "mean" : 0.000000,
          "stddev" : 0.000000,
          "N" : 0
        },
        "lat_ns" : {
          "min" : 0,
          "max" : 0,
          "mean" : 0.000000,
          "stddev" : 0.000000,
          "N" : 0
        },
        "bw_min" : 0,
        "bw_max" : 0,
        "bw_agg" : 0.000000,
        "bw_mean" : 0.000000,
        "bw_dev" : 0.000000,
        "bw_samples" : 0,
        "iops_min" : 0,
        "iops_max" : 0,
        "iops_mean" : 0.000000,
        "iops_stddev" : 0.000000,
        "iops_samples" : 0
      },
      "trim" : {
        "io_bytes" : 0,
        "io_kbytes" : 0,
        "bw_bytes" : 0,
        "bw" : 0,
        "iops" : 0.000000,
        "runtime" : 0,
        "total_ios" : 0,
        "short_ios" : 0,
        "drop_ios" : 0,
        "slat_ns" : {
          "min" : 0,
          "max" : 0,
          "mean" : 0.000000,
          "stddev" : 0.000000,
          "N" : 0
        },
        "clat_ns" : {
          "min" : 0,
          "max" : 0,
          "mean" : 0.000000,
          "stddev" : 0.000000,
          "N" : 0
        },
        "lat_ns" : {
          "min" : 0,
          "max" : 0,
          "mean" : 0.000000,
          "stddev" : 0.000000,
          "N" : 0
        },
        "bw_min" : 0,
        "bw_max" : 0,
        "bw_agg" : 0.000000,
        "bw_mean" : 0.000000,
        "bw_dev" : 0.000000,
        "bw_samples" : 0,
        "iops_min" : 0,
        "iops_max" : 0,
        "iops_mean" : 0.000000,
        "iops_stddev" : 0.000000,
        "iops_samples" : 0
      },
      "sync" : {
        "total_ios" : 0,
        "lat_ns" : {
          "min" : 0,
          "max" : 0,
          "mean" : 0.000000,
          "stddev" : 0.000000,
          "N" : 0
        }
      },
      "job_runtime" : 7695127,
      "usr_cpu" : 0.004574,
      "sys_cpu" : 0.028278,
      "ctx" : 119501,
      "majf" : 0,
      "minf" : 34373,
      "iodepth_level" : {
        "1" : 100.000000,
        "2" : 0.000000,
        "4" : 0.000000,
        "8" : 0.000000,
        "16" : 0.000000,
        "32" : 0.000000,
        ">=64" : 0.000000
      },
      "iodepth_submit" : {
        "0" : 0.000000,
        "4" : 100.000000,
        "8" : 0.000000,
        "16" : 0.000000,
        "32" : 0.000000,
        "64" : 0.000000,
        ">=64" : 0.000000
      },
      "iodepth_complete" : {
        "0" : 0.000000,
        "4" : 100.000000,
        "8" : 0.000000,
        "16" : 0.000000,
        "32" : 0.000000,
        "64" : 0.000000,
        ">=64" : 0.000000
      },
      "latency_ns" : {
        "2" : 0.000000,
        "4" : 0.000000,
        "10" : 0.000000,
        "20" : 0.000000,
        "50" : 0.000000,
        "100" : 0.000000,
        "250" : 0.000000,
        "500" : 0.000000,
        "750" : 0.000000,
        "1000" : 0.000000
      },
      "latency_us" : {
        "2" : 0.000000,
        "4" : 0.000000,
        "10" : 0.000000,
        "20" : 0.000000,
        "50" : 0.000000,
        "100" : 0.000000,
        "250" : 0.000000,
        "500" : 0.000000,
        "750" : 0.000000,
        "1000" : 0.000000
      },
      "latency_ms" : {
        "2" : 0.000000,
        "4" : 0.000000,
        "10" : 0.000000,
        "20" : 0.010000,
        "50" : 10.219488,
        "100" : 85.155948,
        "250" : 2.584538,
        "500" : 1.419771,
        "750" : 0.618572,
        "1000" : 0.010000,
        "2000" : 0.000000,
        ">=2000" : 0.000000
      },
      "latency_depth" : 1,
      "latency_target" : 0,
      "latency_percentile" : 100.000000,
      "latency_window" : 0
    }
  ]
}
