{
  "fio version" : "fio-3.23",
  "timestamp" : 1757453085,
  "timestamp_ms" : 1757453085906,
  "time" : "Tue Sep  9 21:24:45 2025",
  "jobs" : [
    {
      "jobname" : "RandRH-1M-64-32",
      "groupid" : 0,
      "error" : 0,
      "eta" : 0,
      "elapsed" : 61,
      "job options" : {
        "name" : "RandRH-1M-64-32",
        "rw" : "randrw",
        "rwmixread" : "80",
        "unified_rw_reporting" : "1",
        "bs" : "1M",
        "numjobs" : "64",
        "iodepth" : "32",
        "runtime" : "60",
        "directory" : "/tmp/e2sar/rgeorge-fio_test-m_RandRH-1M-64-32",
        "direct" : "1",
        "buffered" : "0",
        "randrepeat" : "0",
        "size" : "128M",
        "ioengine" : "pvsync",
        "lat_percentiles" : "1"
      },
      "mixed" : {
        "io_bytes" : 172899696640,
        "io_kbytes" : 168847360,
        "bw_bytes" : 2880557396,
        "bw" : 2813044,
        "iops" : 2747.113606,
        "runtime" : 60023,
        "total_ios" : 164890,
        "short_ios" : 0,
        "drop_ios" : 0,
        "slat_ns" : {
          "min" : 0,
          "max" : 0,
          "mean" : 0.000000,
          "stddev" : 0.000000,
          "N" : 0
        },
        "clat_ns" : {
          "min" : 735230,
          "max" : 252745223,
          "mean" : 23188211.751174,
          "stddev" : 5298655.800481,
          "N" : 164890,
          "percentile" : {
            "1.000000" : 16580608,
            "5.000000" : 19529728,
            "10.000000" : 20578304,
            "20.000000" : 21626880,
            "30.000000" : 22151168,
            "40.000000" : 22675456,
            "50.000000" : 22937600,
            "60.000000" : 23461888,
            "70.000000" : 23724032,
            "80.000000" : 24248320,
            "90.000000" : 25034752,
            "95.000000" : 25559040,
            "99.000000" : 31850496,
            "99.500000" : 49545216,
            "99.900000" : 100139008,
            "99.950000" : 113770496,
            "99.990000" : 149946368
          }
        },
        "lat_ns" : {
          "min" : 735260,
          "max" : 252745291,
          "mean" : 23188303.966802,
          "stddev" : 5298655.012738,
          "N" : 164890,
          "percentile" : {
            "1.000000" : 16580608,
            "5.000000" : 19529728,
            "10.000000" : 20578304,
            "20.000000" : 21626880,
            "30.000000" : 22151168,
            "40.000000" : 22675456,
            "50.000000" : 22937600,
            "60.000000" : 23461888,
            "70.000000" : 23724032,
            "80.000000" : 24248320,
            "90.000000" : 25034752,
            "95.000000" : 25559040,
            "99.000000" : 31850496,
            "99.500000" : 49545216,
            "99.900000" : 100139008,
            "99.950000" : 113770496,
            "99.990000" : 149946368
          }
        },
        "bw_min" : 1505225,
        "bw_max" : 4501414,
        "bw_agg" : 100.000000,
        "bw_mean" : 2819002.993688,
        "bw_dev" : 4091.312991,
        "bw_samples" : 15170,
        "iops_min" : 1468,
        "iops_max" : 4395,
        "iops_mean" : 2752.786859,
        "iops_stddev" : 3.995840,
        "iops_samples" : 15170
      },
      "job_runtime" : 3840426,
      "usr_cpu" : 0.193598,
      "sys_cpu" : 0.057363,
      "ctx" : 165341,
      "majf" : 0,
      "minf" : 915,
      "iodepth_level" : {
        "1" : 100.000000,
        "2" : 0.000000,
        "4" : 0.000000,
        "8" : 0.000000,
        "16" : 0.000000,
        "32" : 0.000000,
        ">=64" : 0.000000
      },
      "iodepth_submit" : {
        "0" : 0.000000,
        "4" : 100.000000,
        "8" : 0.000000,
        "16" : 0.000000,
        "32" : 0.000000,
        "64" : 0.000000,
        ">=64" : 0.000000
      },
      "iodepth_complete" : {
        "0" : 0.000000,
        "4" : 100.000000,
        "8" : 0.000000,
        "16" : 0.000000,
        "32" : 0.000000,
        "64" : 0.000000,
        ">=64" : 0.000000
      },
      "latency_ns" : {
        "2" : 0.000000,
        "4" : 0.000000,
        "10" : 0.000000,
        "20" : 0.000000,
        "50" : 0.000000,
        "100" : 0.000000,
        "250" : 0.000000,
        "500" : 0.000000,
        "750" : 0.000000,
        "1000" : 0.000000
      },
      "latency_us" : {
        "2" : 0.000000,
        "4" : 0.000000,
        "10" : 0.000000,
        "20" : 0.000000,
        "50" : 0.000000,
        "100" : 0.000000,
        "250" : 0.000000,
        "500" : 0.000000,
        "750" : 0.010000,
        "1000" : 0.010000
      },
      "latency_ms" : {
        "2" : 0.034569,
        "4" : 0.095821,
        "10" : 0.231063,
        "20" : 6.074353,
        "50" : 93.068106,
        "100" : 0.391170,
        "250" : 0.100673,
        "500" : 0.010000,
        "750" : 0.000000,
        "1000" : 0.000000,
        "2000" : 0.000000,
        ">=2000" : 0.000000
      },
      "latency_depth" : 32,
      "latency_target" : 0,
      "latency_percentile" : 100.000000,
      "latency_window" : 0
    }
  ]
}
