{
  "fio version" : "fio-3.23",
  "timestamp" : 1757027519,
  "timestamp_ms" : 1757027519872,
  "time" : "Thu Sep  4 23:11:59 2025",
  "jobs" : [
    {
      "jobname" : "SeqRH-2M-32-128",
      "groupid" : 0,
      "error" : 0,
      "eta" : 0,
      "elapsed" : 62,
      "job options" : {
        "name" : "SeqRH-2M-32-128",
        "numjobs" : "32",
        "runtime" : "60",
        "directory" : "/tmp/e2sar/rgeorge-fio_test-p2s_SeqRH-2M-32-128",
        "direct" : "1",
        "buffered" : "0",
        "rw" : "rw",
        "rwmixread" : "80",
        "unified_rw_reporting" : "1",
        "randrepeat" : "0",
        "bs" : "2M",
        "size" : "128M",
        "ioengine" : "pvsync",
        "iodepth" : "128",
        "lat_percentiles" : "1"
      },
      "mixed" : {
        "io_bytes" : 158743920640,
        "io_kbytes" : 155023360,
        "bw_bytes" : 2644938529,
        "bw" : 2582947,
        "iops" : 1261.204972,
        "runtime" : 60018,
        "total_ios" : 75695,
        "short_ios" : 0,
        "drop_ios" : 0,
        "slat_ns" : {
          "min" : 0,
          "max" : 0,
          "mean" : 0.000000,
          "stddev" : 0.000000,
          "N" : 0
        },
        "clat_ns" : {
          "min" : 1202820,
          "max" : 1248103570,
          "mean" : 25276796.276253,
          "stddev" : 51161855.141321,
          "N" : 75695,
          "percentile" : {
            "1.000000" : 1810432,
            "5.000000" : 5144576,
            "10.000000" : 11993088,
            "20.000000" : 17432576,
            "30.000000" : 18743296,
            "40.000000" : 19267584,
            "50.000000" : 20054016,
            "60.000000" : 20578304,
            "70.000000" : 21102592,
            "80.000000" : 21626880,
            "90.000000" : 22675456,
            "95.000000" : 23986176,
            "99.000000" : 350224384,
            "99.500000" : 455081984,
            "99.900000" : 608174080,
            "99.950000" : 750780416,
            "99.990000" : 968884224
          }
        },
        "lat_ns" : {
          "min" : 1202851,
          "max" : 1248103731,
          "mean" : 25276920.029672,
          "stddev" : 51161859.098323,
          "N" : 75695,
          "percentile" : {
            "1.000000" : 1810432,
            "5.000000" : 5144576,
            "10.000000" : 11993088,
            "20.000000" : 17432576,
            "30.000000" : 18743296,
            "40.000000" : 19267584,
            "50.000000" : 20054016,
            "60.000000" : 20578304,
            "70.000000" : 21102592,
            "80.000000" : 21626880,
            "90.000000" : 22675456,
            "95.000000" : 23986176,
            "99.000000" : 350224384,
            "99.500000" : 455081984,
            "99.900000" : 608174080,
            "99.950000" : 750780416,
            "99.990000" : 968884224
          }
        },
        "bw_min" : 265700,
        "bw_max" : 5948417,
        "bw_agg" : 100.000000,
        "bw_mean" : 2686285.890504,
        "bw_dev" : 21994.303335,
        "bw_samples" : 7156,
        "iops_min" : 70,
        "iops_max" : 2892,
        "iops_mean" : 1297.226851,
        "iops_stddev" : 10.780185,
        "iops_samples" : 7156
      },
      "job_runtime" : 1920182,
      "usr_cpu" : 0.326167,
      "sys_cpu" : 0.143736,
      "ctx" : 151612,
      "majf" : 0,
      "minf" : 622,
      "iodepth_level" : {
        "1" : 100.000000,
        "2" : 0.000000,
        "4" : 0.000000,
        "8" : 0.000000,
        "16" : 0.000000,
        "32" : 0.000000,
        ">=64" : 0.000000
      },
      "iodepth_submit" : {
        "0" : 0.000000,
        "4" : 100.000000,
        "8" : 0.000000,
        "16" : 0.000000,
        "32" : 0.000000,
        "64" : 0.000000,
        ">=64" : 0.000000
      },
      "iodepth_complete" : {
        "0" : 0.000000,
        "4" : 100.000000,
        "8" : 0.000000,
        "16" : 0.000000,
        "32" : 0.000000,
        "64" : 0.000000,
        ">=64" : 0.000000
      },
      "latency_ns" : {
        "2" : 0.000000,
        "4" : 0.000000,
        "10" : 0.000000,
        "20" : 0.000000,
        "50" : 0.000000,
        "100" : 0.000000,
        "250" : 0.000000,
        "500" : 0.000000,
        "750" : 0.000000,
        "1000" : 0.000000
      },
      "latency_us" : {
        "2" : 0.000000,
        "4" : 0.000000,
        "10" : 0.000000,
        "20" : 0.000000,
        "50" : 0.000000,
        "100" : 0.000000,
        "250" : 0.000000,
        "500" : 0.000000,
        "750" : 0.000000,
        "1000" : 0.000000
      },
      "latency_ms" : {
        "2" : 1.992206,
        "4" : 2.712200,
        "10" : 3.271022,
        "20" : 42.899795,
        "50" : 46.038708,
        "100" : 1.223330,
        "250" : 0.611665,
        "500" : 1.017240,
        "750" : 0.183632,
        "1000" : 0.043596,
        "2000" : 0.010000,
        ">=2000" : 0.000000
      },
      "latency_depth" : 128,
      "latency_target" : 0,
      "latency_percentile" : 100.000000,
      "latency_window" : 0
    }
  ]
}
