{
  "fio version" : "fio-3.23",
  "timestamp" : 1757455838,
  "timestamp_ms" : 1757455838762,
  "time" : "Tue Sep  9 22:10:38 2025",
  "jobs" : [
    {
      "jobname" : "RandWH-1M-128-128",
      "groupid" : 0,
      "error" : 0,
      "eta" : 0,
      "elapsed" : 62,
      "job options" : {
        "name" : "RandWH-1M-128-128",
        "rw" : "randrw",
        "rwmixread" : "20",
        "unified_rw_reporting" : "1",
        "bs" : "1M",
        "numjobs" : "128",
        "iodepth" : "128",
        "runtime" : "60",
        "directory" : "/tmp/e2sar/rgeorge-fio_test-m_RandWH-1M-128-128",
        "direct" : "1",
        "buffered" : "0",
        "randrepeat" : "0",
        "size" : "128M",
        "ioengine" : "pvsync",
        "lat_percentiles" : "1"
      },
      "mixed" : {
        "io_bytes" : 391622164480,
        "io_kbytes" : 382443520,
        "bw_bytes" : 6524426304,
        "bw" : 6371510,
        "iops" : 6222.177796,
        "runtime" : 60024,
        "total_ios" : 373480,
        "short_ios" : 0,
        "drop_ios" : 0,
        "slat_ns" : {
          "min" : 0,
          "max" : 0,
          "mean" : 0.000000,
          "stddev" : 0.000000,
          "N" : 0
        },
        "clat_ns" : {
          "min" : 695824,
          "max" : 603761134,
          "mean" : 20335220.780853,
          "stddev" : 12325047.730064,
          "N" : 373480,
          "percentile" : {
            "1.000000" : 10158080,
            "5.000000" : 14090240,
            "10.000000" : 15138816,
            "20.000000" : 16318464,
            "30.000000" : 17170432,
            "40.000000" : 17956864,
            "50.000000" : 18743296,
            "60.000000" : 19529728,
            "70.000000" : 20316160,
            "80.000000" : 21364736,
            "90.000000" : 23199744,
            "95.000000" : 28966912,
            "99.000000" : 65798144,
            "99.500000" : 101187584,
            "99.900000" : 189792256,
            "99.950000" : 212860928,
            "99.990000" : 265289728
          }
        },
        "lat_ns" : {
          "min" : 695938,
          "max" : 603761259,
          "mean" : 20335412.569792,
          "stddev" : 12325049.275975,
          "N" : 373480,
          "percentile" : {
            "1.000000" : 10158080,
            "5.000000" : 14090240,
            "10.000000" : 15138816,
            "20.000000" : 16318464,
            "30.000000" : 17170432,
            "40.000000" : 17956864,
            "50.000000" : 18743296,
            "60.000000" : 19529728,
            "70.000000" : 20316160,
            "80.000000" : 21364736,
            "90.000000" : 23199744,
            "95.000000" : 28966912,
            "99.000000" : 65798144,
            "99.500000" : 101187584,
            "99.900000" : 189792256,
            "99.950000" : 212860928,
            "99.990000" : 265289728
          }
        },
        "bw_min" : 2469068,
        "bw_max" : 12794584,
        "bw_agg" : 99.936529,
        "bw_mean" : 6367466.601817,
        "bw_dev" : 6680.489418,
        "bw_samples" : 30374,
        "iops_min" : 2385,
        "iops_max" : 12484,
        "iops_mean" : 6204.888549,
        "iops_stddev" : 6.526790,
        "iops_samples" : 30374
      },
      "job_runtime" : 7680630,
      "usr_cpu" : 0.996741,
      "sys_cpu" : 0.112113,
      "ctx" : 383737,
      "majf" : 0,
      "minf" : 2042,
      "iodepth_level" : {
        "1" : 100.000000,
        "2" : 0.000000,
        "4" : 0.000000,
        "8" : 0.000000,
        "16" : 0.000000,
        "32" : 0.000000,
        ">=64" : 0.000000
      },
      "iodepth_submit" : {
        "0" : 0.000000,
        "4" : 100.000000,
        "8" : 0.000000,
        "16" : 0.000000,
        "32" : 0.000000,
        "64" : 0.000000,
        ">=64" : 0.000000
      },
      "iodepth_complete" : {
        "0" : 0.000000,
        "4" : 100.000000,
        "8" : 0.000000,
        "16" : 0.000000,
        "32" : 0.000000,
        "64" : 0.000000,
        ">=64" : 0.000000
      },
      "latency_ns" : {
        "2" : 0.000000,
        "4" : 0.000000,
        "10" : 0.000000,
        "20" : 0.000000,
        "50" : 0.000000,
        "100" : 0.000000,
        "250" : 0.000000,
        "500" : 0.000000,
        "750" : 0.000000,
        "1000" : 0.000000
      },
      "latency_us" : {
        "2" : 0.000000,
        "4" : 0.000000,
        "10" : 0.000000,
        "20" : 0.000000,
        "50" : 0.000000,
        "100" : 0.000000,
        "250" : 0.000000,
        "500" : 0.000000,
        "750" : 0.010000,
        "1000" : 0.010000
      },
      "latency_ms" : {
        "2" : 0.145389,
        "4" : 0.201885,
        "10" : 0.619578,
        "20" : 66.089483,
        "50" : 31.349202,
        "100" : 1.064850,
        "250" : 0.507390,
        "500" : 0.014191,
        "750" : 0.010000,
        "1000" : 0.000000,
        "2000" : 0.000000,
        ">=2000" : 0.000000
      },
      "latency_depth" : 128,
      "latency_target" : 0,
      "latency_percentile" : 100.000000,
      "latency_window" : 0
    }
  ]
}
