{
  "fio version" : "fio-3.23",
  "timestamp" : 1757386709,
  "timestamp_ms" : 1757386709215,
  "time" : "Tue Sep  9 02:58:29 2025",
  "jobs" : [
    {
      "jobname" : "RandRH-4K-128-32",
      "groupid" : 0,
      "error" : 0,
      "eta" : 0,
      "elapsed" : 62,
      "job options" : {
        "name" : "RandRH-4K-128-32",
        "rw" : "randrw",
        "rwmixread" : "80",
        "unified_rw_reporting" : "1",
        "bs" : "4K",
        "numjobs" : "128",
        "iodepth" : "32",
        "runtime" : "60",
        "directory" : "/tmp/e2sar/rgeorge-fio_test-m_RandRH-4K-128-32",
        "direct" : "1",
        "buffered" : "0",
        "randrepeat" : "0",
        "size" : "128M",
        "ioengine" : "pvsync",
        "lat_percentiles" : "1"
      },
      "mixed" : {
        "io_bytes" : 11998457856,
        "io_kbytes" : 11717244,
        "bw_bytes" : 199960966,
        "bw" : 195274,
        "iops" : 48818.595427,
        "runtime" : 60004,
        "total_ios" : 2929311,
        "short_ios" : 0,
        "drop_ios" : 0,
        "slat_ns" : {
          "min" : 0,
          "max" : 0,
          "mean" : 0.000000,
          "stddev" : 0.000000,
          "N" : 0
        },
        "clat_ns" : {
          "min" : 179945,
          "max" : 258416823,
          "mean" : 2604370.598629,
          "stddev" : 2138111.662548,
          "N" : 2929311,
          "percentile" : {
            "1.000000" : 1286144,
            "5.000000" : 1794048,
            "10.000000" : 1990656,
            "20.000000" : 2179072,
            "30.000000" : 2342912,
            "40.000000" : 2441216,
            "50.000000" : 2539520,
            "60.000000" : 2605056,
            "70.000000" : 2670592,
            "80.000000" : 2736128,
            "90.000000" : 2932736,
            "95.000000" : 3129344,
            "99.000000" : 3948544,
            "99.500000" : 7897088,
            "99.900000" : 38535168,
            "99.950000" : 52690944,
            "99.990000" : 78118912
          }
        },
        "lat_ns" : {
          "min" : 179980,
          "max" : 258416877,
          "mean" : 2604435.256365,
          "stddev" : 2138111.241294,
          "N" : 2929311,
          "percentile" : {
            "1.000000" : 1286144,
            "5.000000" : 1794048,
            "10.000000" : 1990656,
            "20.000000" : 2179072,
            "30.000000" : 2342912,
            "40.000000" : 2441216,
            "50.000000" : 2539520,
            "60.000000" : 2605056,
            "70.000000" : 2670592,
            "80.000000" : 2736128,
            "90.000000" : 2932736,
            "95.000000" : 3129344,
            "99.000000" : 3948544,
            "99.500000" : 7897088,
            "99.900000" : 38535168,
            "99.950000" : 52690944,
            "99.990000" : 78118912
          }
        },
        "bw_min" : 120920,
        "bw_max" : 357587,
        "bw_agg" : 100.000000,
        "bw_mean" : 196090.018516,
        "bw_dev" : 128.791276,
        "bw_samples" : 30373,
        "iops_min" : 30183,
        "iops_max" : 89371,
        "iops_mean" : 48987.132317,
        "iops_stddev" : 32.199647,
        "iops_samples" : 30373
      },
      "job_runtime" : 7680080,
      "usr_cpu" : 0.088658,
      "sys_cpu" : 0.210896,
      "ctx" : 2930262,
      "majf" : 0,
      "minf" : 2203,
      "iodepth_level" : {
        "1" : 100.000000,
        "2" : 0.000000,
        "4" : 0.000000,
        "8" : 0.000000,
        "16" : 0.000000,
        "32" : 0.000000,
        ">=64" : 0.000000
      },
      "iodepth_submit" : {
        "0" : 0.000000,
        "4" : 100.000000,
        "8" : 0.000000,
        "16" : 0.000000,
        "32" : 0.000000,
        "64" : 0.000000,
        ">=64" : 0.000000
      },
      "iodepth_complete" : {
        "0" : 0.000000,
        "4" : 100.000000,
        "8" : 0.000000,
        "16" : 0.000000,
        "32" : 0.000000,
        "64" : 0.000000,
        ">=64" : 0.000000
      },
      "latency_ns" : {
        "2" : 0.000000,
        "4" : 0.000000,
        "10" : 0.000000,
        "20" : 0.000000,
        "50" : 0.000000,
        "100" : 0.000000,
        "250" : 0.000000,
        "500" : 0.000000,
        "750" : 0.000000,
        "1000" : 0.000000
      },
      "latency_us" : {
        "2" : 0.000000,
        "4" : 0.000000,
        "10" : 0.000000,
        "20" : 0.000000,
        "50" : 0.000000,
        "100" : 0.000000,
        "250" : 0.036288,
        "500" : 0.273921,
        "750" : 0.208513,
        "1000" : 0.179599
      },
      "latency_ms" : {
        "2" : 9.848732,
        "4" : 88.493096,
        "10" : 0.535348,
        "20" : 0.190420,
        "50" : 0.176048,
        "100" : 0.057420,
        "250" : 0.010000,
        "500" : 0.010000,
        "750" : 0.000000,
        "1000" : 0.000000,
        "2000" : 0.000000,
        ">=2000" : 0.000000
      },
      "latency_depth" : 32,
      "latency_target" : 0,
      "latency_percentile" : 100.000000,
      "latency_window" : 0
    }
  ]
}
