{
  "fio version" : "fio-3.23",
  "timestamp" : 1757206717,
  "timestamp_ms" : 1757206717251,
  "time" : "Sun Sep  7 00:58:37 2025",
  "jobs" : [
    {
      "jobname" : "SeqRH-1M-64-1",
      "groupid" : 0,
      "error" : 0,
      "eta" : 0,
      "elapsed" : 62,
      "job options" : {
        "name" : "SeqRH-1M-64-1",
        "numjobs" : "64",
        "runtime" : "60",
        "directory" : "/tmp/e2sar/rgeorge-fio_test-p3s_SeqRH-1M-64-1",
        "direct" : "1",
        "buffered" : "0",
        "rw" : "rw",
        "rwmixread" : "80",
        "unified_rw_reporting" : "1",
        "randrepeat" : "0",
        "bs" : "1M",
        "size" : "128M",
        "ioengine" : "pvsync",
        "iodepth" : "1",
        "lat_percentiles" : "1"
      },
      "mixed" : {
        "io_bytes" : 131615162368,
        "io_kbytes" : 128530432,
        "bw_bytes" : 2187715669,
        "bw" : 2136441,
        "iops" : 2086.368245,
        "runtime" : 60161,
        "total_ios" : 125518,
        "short_ios" : 0,
        "drop_ios" : 0,
        "slat_ns" : {
          "min" : 0,
          "max" : 0,
          "mean" : 0.000000,
          "stddev" : 0.000000,
          "N" : 0
        },
        "clat_ns" : {
          "min" : 972621,
          "max" : 926155301,
          "mean" : 30504443.278613,
          "stddev" : 50257204.578384,
          "N" : 125518,
          "percentile" : {
            "1.000000" : 5341184,
            "5.000000" : 7962624,
            "10.000000" : 11730944,
            "20.000000" : 20316160,
            "30.000000" : 23199744,
            "40.000000" : 24248320,
            "50.000000" : 25034752,
            "60.000000" : 25559040,
            "70.000000" : 26345472,
            "80.000000" : 27131904,
            "90.000000" : 28442624,
            "95.000000" : 44826624,
            "99.000000" : 379584512,
            "99.500000" : 459276288,
            "99.900000" : 566231040,
            "99.950000" : 599785472,
            "99.990000" : 675282944
          }
        },
        "lat_ns" : {
          "min" : 972662,
          "max" : 926155372,
          "mean" : 30504549.211356,
          "stddev" : 50257207.319901,
          "N" : 125518,
          "percentile" : {
            "1.000000" : 5341184,
            "5.000000" : 7962624,
            "10.000000" : 11730944,
            "20.000000" : 20316160,
            "30.000000" : 23199744,
            "40.000000" : 24248320,
            "50.000000" : 25034752,
            "60.000000" : 25559040,
            "70.000000" : 26345472,
            "80.000000" : 27131904,
            "90.000000" : 28442624,
            "95.000000" : 44826624,
            "99.000000" : 379584512,
            "99.500000" : 459276288,
            "99.900000" : 566231040,
            "99.950000" : 599785472,
            "99.990000" : 675282944
          }
        },
        "bw_min" : 276390,
        "bw_max" : 5060522,
        "bw_agg" : 100.000000,
        "bw_mean" : 2204652.815815,
        "bw_dev" : 7971.230040,
        "bw_samples" : 14471,
        "iops_min" : 252,
        "iops_max" : 4941,
        "iops_mean" : 2150.972451,
        "iops_stddev" : 7.791118,
        "iops_samples" : 14471
      },
      "job_runtime" : 3843677,
      "usr_cpu" : 0.145538,
      "sys_cpu" : 0.068320,
      "ctx" : 126011,
      "majf" : 0,
      "minf" : 1202,
      "iodepth_level" : {
        "1" : 100.000000,
        "2" : 0.000000,
        "4" : 0.000000,
        "8" : 0.000000,
        "16" : 0.000000,
        "32" : 0.000000,
        ">=64" : 0.000000
      },
      "iodepth_submit" : {
        "0" : 0.000000,
        "4" : 100.000000,
        "8" : 0.000000,
        "16" : 0.000000,
        "32" : 0.000000,
        "64" : 0.000000,
        ">=64" : 0.000000
      },
      "iodepth_complete" : {
        "0" : 0.000000,
        "4" : 100.000000,
        "8" : 0.000000,
        "16" : 0.000000,
        "32" : 0.000000,
        "64" : 0.000000,
        ">=64" : 0.000000
      },
      "latency_ns" : {
        "2" : 0.000000,
        "4" : 0.000000,
        "10" : 0.000000,
        "20" : 0.000000,
        "50" : 0.000000,
        "100" : 0.000000,
        "250" : 0.000000,
        "500" : 0.000000,
        "750" : 0.000000,
        "1000" : 0.000000
      },
      "latency_us" : {
        "2" : 0.000000,
        "4" : 0.000000,
        "10" : 0.000000,
        "20" : 0.000000,
        "50" : 0.000000,
        "100" : 0.000000,
        "250" : 0.000000,
        "500" : 0.000000,
        "750" : 0.000000,
        "1000" : 0.010000
      },
      "latency_ms" : {
        "2" : 0.027884,
        "4" : 0.208735,
        "10" : 7.593333,
        "20" : 11.595150,
        "50" : 75.926162,
        "100" : 2.518364,
        "250" : 0.748897,
        "500" : 1.149636,
        "750" : 0.229449,
        "1000" : 0.010000,
        "2000" : 0.000000,
        ">=2000" : 0.000000
      },
      "latency_depth" : 1,
      "latency_target" : 0,
      "latency_percentile" : 100.000000,
      "latency_window" : 0
    }
  ]
}
