{
  "fio version" : "fio-3.23",
  "timestamp" : 1757397755,
  "timestamp_ms" : 1757397755606,
  "time" : "Tue Sep  9 06:02:35 2025",
  "jobs" : [
    {
      "jobname" : "RandWH-4K-64-32",
      "groupid" : 0,
      "error" : 0,
      "eta" : 0,
      "elapsed" : 61,
      "job options" : {
        "name" : "RandWH-4K-64-32",
        "rw" : "randrw",
        "rwmixread" : "20",
        "unified_rw_reporting" : "1",
        "bs" : "4K",
        "numjobs" : "64",
        "iodepth" : "32",
        "runtime" : "60",
        "directory" : "/tmp/e2sar/rgeorge-fio_test-m_RandWH-4K-64-32",
        "direct" : "1",
        "buffered" : "0",
        "randrepeat" : "0",
        "size" : "128M",
        "ioengine" : "pvsync",
        "lat_percentiles" : "1"
      },
      "mixed" : {
        "io_bytes" : 15418118144,
        "io_kbytes" : 15056756,
        "bw_bytes" : 256955787,
        "bw" : 250933,
        "iops" : 62733.346666,
        "runtime" : 60003,
        "total_ios" : 3764189,
        "short_ios" : 0,
        "drop_ios" : 0,
        "slat_ns" : {
          "min" : 0,
          "max" : 0,
          "mean" : 0.000000,
          "stddev" : 0.000000,
          "N" : 0
        },
        "clat_ns" : {
          "min" : 148342,
          "max" : 389669538,
          "mean" : 1016041.710102,
          "stddev" : 1690673.479814,
          "N" : 3764189,
          "percentile" : {
            "1.000000" : 268288,
            "5.000000" : 602112,
            "10.000000" : 692224,
            "20.000000" : 806912,
            "30.000000" : 864256,
            "40.000000" : 905216,
            "50.000000" : 937984,
            "60.000000" : 970752,
            "70.000000" : 1019904,
            "80.000000" : 1105920,
            "90.000000" : 1220608,
            "95.000000" : 1302528,
            "99.000000" : 1548288,
            "99.500000" : 1695744,
            "99.900000" : 27656192,
            "99.950000" : 41680896,
            "99.990000" : 68681728
          }
        },
        "lat_ns" : {
          "min" : 148382,
          "max" : 389669580,
          "mean" : 1016139.456362,
          "stddev" : 1690672.497888,
          "N" : 3764189,
          "percentile" : {
            "1.000000" : 268288,
            "5.000000" : 602112,
            "10.000000" : 700416,
            "20.000000" : 806912,
            "30.000000" : 864256,
            "40.000000" : 905216,
            "50.000000" : 937984,
            "60.000000" : 970752,
            "70.000000" : 1019904,
            "80.000000" : 1105920,
            "90.000000" : 1220608,
            "95.000000" : 1302528,
            "99.000000" : 1548288,
            "99.500000" : 1695744,
            "99.900000" : 27656192,
            "99.950000" : 41680896,
            "99.990000" : 68681728
          }
        },
        "bw_min" : 159020,
        "bw_max" : 318067,
        "bw_agg" : 100.000000,
        "bw_mean" : 251263.327731,
        "bw_dev" : 213.176269,
        "bw_samples" : 15232,
        "iops_min" : 39754,
        "iops_max" : 79516,
        "iops_mean" : 62815.798319,
        "iops_stddev" : 53.294312,
        "iops_samples" : 15232
      },
      "job_runtime" : 3840008,
      "usr_cpu" : 0.288229,
      "sys_cpu" : 0.589478,
      "ctx" : 3764670,
      "majf" : 0,
      "minf" : 1132,
      "iodepth_level" : {
        "1" : 100.000000,
        "2" : 0.000000,
        "4" : 0.000000,
        "8" : 0.000000,
        "16" : 0.000000,
        "32" : 0.000000,
        ">=64" : 0.000000
      },
      "iodepth_submit" : {
        "0" : 0.000000,
        "4" : 100.000000,
        "8" : 0.000000,
        "16" : 0.000000,
        "32" : 0.000000,
        "64" : 0.000000,
        ">=64" : 0.000000
      },
      "iodepth_complete" : {
        "0" : 0.000000,
        "4" : 100.000000,
        "8" : 0.000000,
        "16" : 0.000000,
        "32" : 0.000000,
        "64" : 0.000000,
        ">=64" : 0.000000
      },
      "latency_ns" : {
        "2" : 0.000000,
        "4" : 0.000000,
        "10" : 0.000000,
        "20" : 0.000000,
        "50" : 0.000000,
        "100" : 0.000000,
        "250" : 0.000000,
        "500" : 0.000000,
        "750" : 0.000000,
        "1000" : 0.000000
      },
      "latency_us" : {
        "2" : 0.000000,
        "4" : 0.000000,
        "10" : 0.000000,
        "20" : 0.000000,
        "50" : 0.000000,
        "100" : 0.000000,
        "250" : 0.661391,
        "500" : 2.953465,
        "750" : 10.333222,
        "1000" : 52.434774
      },
      "latency_ms" : {
        "2" : 33.254653,
        "4" : 0.051087,
        "10" : 0.079194,
        "20" : 0.090697,
        "50" : 0.108868,
        "100" : 0.032251,
        "250" : 0.010000,
        "500" : 0.010000,
        "750" : 0.000000,
        "1000" : 0.000000,
        "2000" : 0.000000,
        ">=2000" : 0.000000
      },
      "latency_depth" : 32,
      "latency_target" : 0,
      "latency_percentile" : 100.000000,
      "latency_window" : 0
    }
  ]
}
