{
  "fio version" : "fio-3.23",
  "timestamp" : 1757009820,
  "timestamp_ms" : 1757009820243,
  "time" : "Thu Sep  4 18:17:00 2025",
  "jobs" : [
    {
      "jobname" : "SeqBal-4K-32-1",
      "groupid" : 0,
      "error" : 0,
      "eta" : 0,
      "elapsed" : 62,
      "job options" : {
        "name" : "SeqBal-4K-32-1",
        "numjobs" : "32",
        "runtime" : "60",
        "directory" : "/tmp/e2sar/rgeorge-fio_test-p2s_SeqBal-4K-32-1",
        "direct" : "1",
        "buffered" : "0",
        "rw" : "rw",
        "unified_rw_reporting" : "1",
        "randrepeat" : "0",
        "bs" : "4K",
        "size" : "128M",
        "ioengine" : "pvsync",
        "iodepth" : "1",
        "lat_percentiles" : "1"
      },
      "mixed" : {
        "io_bytes" : 13758427136,
        "io_kbytes" : 13435964,
        "bw_bytes" : 229299475,
        "bw" : 223925,
        "iops" : 55981.317289,
        "runtime" : 60002,
        "total_ios" : 3358991,
        "short_ios" : 0,
        "drop_ios" : 0,
        "slat_ns" : {
          "min" : 0,
          "max" : 0,
          "mean" : 0.000000,
          "stddev" : 0.000000,
          "N" : 0
        },
        "clat_ns" : {
          "min" : 117785,
          "max" : 933974932,
          "mean" : 568709.451548,
          "stddev" : 1529700.875361,
          "N" : 3358991,
          "percentile" : {
            "1.000000" : 236544,
            "5.000000" : 350208,
            "10.000000" : 407552,
            "20.000000" : 460800,
            "30.000000" : 489472,
            "40.000000" : 514048,
            "50.000000" : 536576,
            "60.000000" : 561152,
            "70.000000" : 585728,
            "80.000000" : 610304,
            "90.000000" : 651264,
            "95.000000" : 708608,
            "99.000000" : 1011712,
            "99.500000" : 1089536,
            "99.900000" : 6651904,
            "99.950000" : 14614528,
            "99.990000" : 68681728
          }
        },
        "lat_ns" : {
          "min" : 117813,
          "max" : 933974989,
          "mean" : 568774.318138,
          "stddev" : 1529700.447348,
          "N" : 3358991,
          "percentile" : {
            "1.000000" : 236544,
            "5.000000" : 350208,
            "10.000000" : 407552,
            "20.000000" : 460800,
            "30.000000" : 489472,
            "40.000000" : 514048,
            "50.000000" : 536576,
            "60.000000" : 561152,
            "70.000000" : 585728,
            "80.000000" : 610304,
            "90.000000" : 651264,
            "95.000000" : 708608,
            "99.000000" : 1011712,
            "99.500000" : 1089536,
            "99.900000" : 6651904,
            "99.950000" : 14614528,
            "99.990000" : 68681728
          }
        },
        "bw_min" : 110332,
        "bw_max" : 312658,
        "bw_agg" : 100.000000,
        "bw_mean" : 224289.021792,
        "bw_dev" : 396.242208,
        "bw_samples" : 7614,
        "iops_min" : 27582,
        "iops_max" : 78163,
        "iops_mean" : 56072.217633,
        "iops_stddev" : 99.060092,
        "iops_samples" : 7614
      },
      "job_runtime" : 1920005,
      "usr_cpu" : 0.373228,
      "sys_cpu" : 1.033174,
      "ctx" : 3359266,
      "majf" : 1,
      "minf" : 676,
      "iodepth_level" : {
        "1" : 100.000000,
        "2" : 0.000000,
        "4" : 0.000000,
        "8" : 0.000000,
        "16" : 0.000000,
        "32" : 0.000000,
        ">=64" : 0.000000
      },
      "iodepth_submit" : {
        "0" : 0.000000,
        "4" : 100.000000,
        "8" : 0.000000,
        "16" : 0.000000,
        "32" : 0.000000,
        "64" : 0.000000,
        ">=64" : 0.000000
      },
      "iodepth_complete" : {
        "0" : 0.000000,
        "4" : 100.000000,
        "8" : 0.000000,
        "16" : 0.000000,
        "32" : 0.000000,
        "64" : 0.000000,
        ">=64" : 0.000000
      },
      "latency_ns" : {
        "2" : 0.000000,
        "4" : 0.000000,
        "10" : 0.000000,
        "20" : 0.000000,
        "50" : 0.000000,
        "100" : 0.000000,
        "250" : 0.000000,
        "500" : 0.000000,
        "750" : 0.000000,
        "1000" : 0.000000
      },
      "latency_us" : {
        "2" : 0.000000,
        "4" : 0.000000,
        "10" : 0.000000,
        "20" : 0.000000,
        "50" : 0.000000,
        "100" : 0.000000,
        "250" : 1.250316,
        "500" : 32.825780,
        "750" : 61.984894,
        "1000" : 2.818197
      },
      "latency_ms" : {
        "2" : 0.957639,
        "4" : 0.029295,
        "10" : 0.065139,
        "20" : 0.033105,
        "50" : 0.021435,
        "100" : 0.010000,
        "250" : 0.010000,
        "500" : 0.010000,
        "750" : 0.000000,
        "1000" : 0.010000,
        "2000" : 0.000000,
        ">=2000" : 0.000000
      },
      "latency_depth" : 1,
      "latency_target" : 0,
      "latency_percentile" : 100.000000,
      "latency_window" : 0
    }
  ]
}
