{
  "fio version" : "fio-3.23",
  "timestamp" : 1757347966,
  "timestamp_ms" : 1757347966631,
  "time" : "Mon Sep  8 16:12:46 2025",
  "jobs" : [
    {
      "jobname" : "2",
      "groupid" : 0,
      "error" : 0,
      "eta" : 0,
      "elapsed" : 61,
      "job options" : {
        "name" : "2",
        "rw" : "read",
        "unified_rw_reporting" : "0",
        "bs" : "4K",
        "numjobs" : "64",
        "iodepth" : "4",
        "runtime" : "60",
        "directory" : "/tmp/e2sar/rgeorge-fio_test-m_2",
        "direct" : "1",
        "buffered" : "0",
        "randrepeat" : "0",
        "size" : "128M",
        "ioengine" : "pvsync",
        "lat_percentiles" : "1"
      },
      "read" : {
        "io_bytes" : 11125743616,
        "io_kbytes" : 10864984,
        "bw_bytes" : 185422879,
        "bw" : 181077,
        "iops" : 45269.257691,
        "runtime" : 60002,
        "total_ios" : 2716246,
        "short_ios" : 0,
        "drop_ios" : 0,
        "slat_ns" : {
          "min" : 0,
          "max" : 0,
          "mean" : 0.000000,
          "stddev" : 0.000000,
          "N" : 0
        },
        "clat_ns" : {
          "min" : 143795,
          "max" : 605219044,
          "mean" : 1411929.215975,
          "stddev" : 6241778.288942,
          "N" : 2716246,
          "percentile" : {
            "1.000000" : 240640,
            "5.000000" : 749568,
            "10.000000" : 978944,
            "20.000000" : 1122304,
            "30.000000" : 1187840,
            "40.000000" : 1253376,
            "50.000000" : 1302528,
            "60.000000" : 1335296,
            "70.000000" : 1368064,
            "80.000000" : 1417216,
            "90.000000" : 1515520,
            "95.000000" : 1843200,
            "99.000000" : 2211840,
            "99.500000" : 2539520,
            "99.900000" : 16318464,
            "99.950000" : 30015488,
            "99.990000" : 367001600
          }
        },
        "lat_ns" : {
          "min" : 143840,
          "max" : 605219396,
          "mean" : 1411988.121899,
          "stddev" : 6241778.810307,
          "N" : 2716246,
          "percentile" : {
            "1.000000" : 240640,
            "5.000000" : 749568,
            "10.000000" : 978944,
            "20.000000" : 1122304,
            "30.000000" : 1187840,
            "40.000000" : 1253376,
            "50.000000" : 1302528,
            "60.000000" : 1335296,
            "70.000000" : 1368064,
            "80.000000" : 1417216,
            "90.000000" : 1515520,
            "95.000000" : 1843200,
            "99.000000" : 2211840,
            "99.500000" : 2539520,
            "99.900000" : 16318464,
            "99.950000" : 30015488,
            "99.990000" : 367001600
          }
        },
        "bw_min" : 824,
        "bw_max" : 464144,
        "bw_agg" : 100.000000,
        "bw_mean" : 181388.417533,
        "bw_dev" : 1047.916858,
        "bw_samples" : 7613,
        "iops_min" : 206,
        "iops_max" : 116036,
        "iops_mean" : 45347.077055,
        "iops_stddev" : 261.979189,
        "iops_samples" : 7613
      },
      "write" : {
        "io_bytes" : 0,
        "io_kbytes" : 0,
        "bw_bytes" : 0,
        "bw" : 0,
        "iops" : 0.000000,
        "runtime" : 0,
        "total_ios" : 0,
        "short_ios" : 0,
        "drop_ios" : 0,
        "slat_ns" : {
          "min" : 0,
          "max" : 0,
          "mean" : 0.000000,
          "stddev" : 0.000000,
          "N" : 0
        },
        "clat_ns" : {
          "min" : 0,
          "max" : 0,
          "mean" : 0.000000,
          "stddev" : 0.000000,
          "N" : 0
        },
        "lat_ns" : {
          "min" : 0,
          "max" : 0,
          "mean" : 0.000000,
          "stddev" : 0.000000,
          "N" : 0
        },
        "bw_min" : 0,
        "bw_max" : 0,
        "bw_agg" : 0.000000,
        "bw_mean" : 0.000000,
        "bw_dev" : 0.000000,
        "bw_samples" : 0,
        "iops_min" : 0,
        "iops_max" : 0,
        "iops_mean" : 0.000000,
        "iops_stddev" : 0.000000,
        "iops_samples" : 0
      },
      "trim" : {
        "io_bytes" : 0,
        "io_kbytes" : 0,
        "bw_bytes" : 0,
        "bw" : 0,
        "iops" : 0.000000,
        "runtime" : 0,
        "total_ios" : 0,
        "short_ios" : 0,
        "drop_ios" : 0,
        "slat_ns" : {
          "min" : 0,
          "max" : 0,
          "mean" : 0.000000,
          "stddev" : 0.000000,
          "N" : 0
        },
        "clat_ns" : {
          "min" : 0,
          "max" : 0,
          "mean" : 0.000000,
          "stddev" : 0.000000,
          "N" : 0
        },
        "lat_ns" : {
          "min" : 0,
          "max" : 0,
          "mean" : 0.000000,
          "stddev" : 0.000000,
          "N" : 0
        },
        "bw_min" : 0,
        "bw_max" : 0,
        "bw_agg" : 0.000000,
        "bw_mean" : 0.000000,
        "bw_dev" : 0.000000,
        "bw_samples" : 0,
        "iops_min" : 0,
        "iops_max" : 0,
        "iops_mean" : 0.000000,
        "iops_stddev" : 0.000000,
        "iops_samples" : 0
      },
      "sync" : {
        "total_ios" : 0,
        "lat_ns" : {
          "min" : 0,
          "max" : 0,
          "mean" : 0.000000,
          "stddev" : 0.000000,
          "N" : 0
        }
      },
      "job_runtime" : 3840002,
      "usr_cpu" : 0.137630,
      "sys_cpu" : 0.353620,
      "ctx" : 2716637,
      "majf" : 0,
      "minf" : 1180,
      "iodepth_level" : {
        "1" : 100.000000,
        "2" : 0.000000,
        "4" : 0.000000,
        "8" : 0.000000,
        "16" : 0.000000,
        "32" : 0.000000,
        ">=64" : 0.000000
      },
      "iodepth_submit" : {
        "0" : 0.000000,
        "4" : 100.000000,
        "8" : 0.000000,
        "16" : 0.000000,
        "32" : 0.000000,
        "64" : 0.000000,
        ">=64" : 0.000000
      },
      "iodepth_complete" : {
        "0" : 0.000000,
        "4" : 100.000000,
        "8" : 0.000000,
        "16" : 0.000000,
        "32" : 0.000000,
        "64" : 0.000000,
        ">=64" : 0.000000
      },
      "latency_ns" : {
        "2" : 0.000000,
        "4" : 0.000000,
        "10" : 0.000000,
        "20" : 0.000000,
        "50" : 0.000000,
        "100" : 0.000000,
        "250" : 0.000000,
        "500" : 0.000000,
        "750" : 0.000000,
        "1000" : 0.000000
      },
      "latency_us" : {
        "2" : 0.000000,
        "4" : 0.000000,
        "10" : 0.000000,
        "20" : 0.000000,
        "50" : 0.000000,
        "100" : 0.000000,
        "250" : 1.078032,
        "500" : 1.580012,
        "750" : 2.319414,
        "1000" : 5.976778
      },
      "latency_ms" : {
        "2" : 86.299326,
        "4" : 2.451398,
        "10" : 0.114717,
        "20" : 0.125099,
        "50" : 0.012260,
        "100" : 0.013106,
        "250" : 0.010000,
        "500" : 0.021022,
        "750" : 0.010000,
        "1000" : 0.000000,
        "2000" : 0.000000,
        ">=2000" : 0.000000
      },
      "latency_depth" : 4,
      "latency_target" : 0,
      "latency_percentile" : 100.000000,
      "latency_window" : 0
    }
  ]
}
