{
  "fio version" : "fio-3.23",
  "timestamp" : 1756944887,
  "timestamp_ms" : 1756944887196,
  "time" : "Thu Sep  4 00:14:47 2025",
  "jobs" : [
    {
      "jobname" : "RandRH-4M-16-16",
      "groupid" : 0,
      "error" : 0,
      "eta" : 0,
      "elapsed" : 61,
      "job options" : {
        "name" : "RandRH-4M-16-16",
        "numjobs" : "16",
        "runtime" : "60",
        "directory" : "/tmp/e2sar/rgeorge-fio_test-p1r1_RandRH-4M-16-16",
        "direct" : "1",
        "buffered" : "0",
        "rw" : "randrw",
        "rwmixread" : "80",
        "unified_rw_reporting" : "1",
        "randrepeat" : "0",
        "bs" : "4M",
        "size" : "128M",
        "ioengine" : "pvsync",
        "iodepth" : "16",
        "lat_percentiles" : "1"
      },
      "mixed" : {
        "io_bytes" : 194707980288,
        "io_kbytes" : 190144512,
        "bw_bytes" : 3244484107,
        "bw" : 3168441,
        "iops" : 773.545291,
        "runtime" : 60012,
        "total_ios" : 46422,
        "short_ios" : 0,
        "drop_ios" : 0,
        "slat_ns" : {
          "min" : 0,
          "max" : 0,
          "mean" : 0.000000,
          "stddev" : 0.000000,
          "N" : 0
        },
        "clat_ns" : {
          "min" : 2896219,
          "max" : 899403604,
          "mean" : 20505170.439856,
          "stddev" : 16331264.493285,
          "N" : 46422,
          "percentile" : {
            "1.000000" : 8585216,
            "5.000000" : 13959168,
            "10.000000" : 15400960,
            "20.000000" : 16908288,
            "30.000000" : 17956864,
            "40.000000" : 18481152,
            "50.000000" : 19267584,
            "60.000000" : 19791872,
            "70.000000" : 20578304,
            "80.000000" : 21364736,
            "90.000000" : 22413312,
            "95.000000" : 23724032,
            "99.000000" : 66846720,
            "99.500000" : 125304832,
            "99.900000" : 261095424,
            "99.950000" : 287309824,
            "99.990000" : 513802240
          }
        },
        "lat_ns" : {
          "min" : 2896250,
          "max" : 899403886,
          "mean" : 20505246.019517,
          "stddev" : 16331270.910587,
          "N" : 46422,
          "percentile" : {
            "1.000000" : 8585216,
            "5.000000" : 13959168,
            "10.000000" : 15400960,
            "20.000000" : 16908288,
            "30.000000" : 17956864,
            "40.000000" : 18481152,
            "50.000000" : 19267584,
            "60.000000" : 19791872,
            "70.000000" : 20578304,
            "80.000000" : 21364736,
            "90.000000" : 22413312,
            "95.000000" : 23724032,
            "99.000000" : 66846720,
            "99.500000" : 125304832,
            "99.900000" : 261095424,
            "99.950000" : 287309824,
            "99.990000" : 513802240
          }
        },
        "bw_min" : 515577,
        "bw_max" : 5531637,
        "bw_agg" : 100.000000,
        "bw_mean" : 3185118.418450,
        "bw_dev" : 29291.335211,
        "bw_samples" : 3770,
        "iops_min" : 106,
        "iops_max" : 1338,
        "iops_mean" : 765.872881,
        "iops_stddev" : 7.161259,
        "iops_samples" : 3770
      },
      "job_runtime" : 960109,
      "usr_cpu" : 0.839384,
      "sys_cpu" : 0.220496,
      "ctx" : 185806,
      "majf" : 0,
      "minf" : 252,
      "iodepth_level" : {
        "1" : 100.000000,
        "2" : 0.000000,
        "4" : 0.000000,
        "8" : 0.000000,
        "16" : 0.000000,
        "32" : 0.000000,
        ">=64" : 0.000000
      },
      "iodepth_submit" : {
        "0" : 0.000000,
        "4" : 100.000000,
        "8" : 0.000000,
        "16" : 0.000000,
        "32" : 0.000000,
        "64" : 0.000000,
        ">=64" : 0.000000
      },
      "iodepth_complete" : {
        "0" : 0.000000,
        "4" : 100.000000,
        "8" : 0.000000,
        "16" : 0.000000,
        "32" : 0.000000,
        "64" : 0.000000,
        ">=64" : 0.000000
      },
      "latency_ns" : {
        "2" : 0.000000,
        "4" : 0.000000,
        "10" : 0.000000,
        "20" : 0.000000,
        "50" : 0.000000,
        "100" : 0.000000,
        "250" : 0.000000,
        "500" : 0.000000,
        "750" : 0.000000,
        "1000" : 0.000000
      },
      "latency_us" : {
        "2" : 0.000000,
        "4" : 0.000000,
        "10" : 0.000000,
        "20" : 0.000000,
        "50" : 0.000000,
        "100" : 0.000000,
        "250" : 0.000000,
        "500" : 0.000000,
        "750" : 0.000000,
        "1000" : 0.000000
      },
      "latency_ms" : {
        "2" : 0.000000,
        "4" : 0.159407,
        "10" : 1.413123,
        "20" : 61.050795,
        "50" : 36.019560,
        "100" : 0.691482,
        "250" : 0.555771,
        "500" : 0.099091,
        "750" : 0.010000,
        "1000" : 0.010000,
        "2000" : 0.000000,
        ">=2000" : 0.000000
      },
      "latency_depth" : 16,
      "latency_target" : 0,
      "latency_percentile" : 100.000000,
      "latency_window" : 0
    }
  ]
}
