{
  "fio version" : "fio-3.23",
  "timestamp" : 1756967017,
  "timestamp_ms" : 1756967017148,
  "time" : "Thu Sep  4 06:23:37 2025",
  "jobs" : [
    {
      "jobname" : "SeqWH-2M-16-64",
      "groupid" : 0,
      "error" : 0,
      "eta" : 0,
      "elapsed" : 61,
      "job options" : {
        "name" : "SeqWH-2M-16-64",
        "numjobs" : "16",
        "runtime" : "60",
        "directory" : "/tmp/e2sar/rgeorge-fio_test-p1s_SeqWH-2M-16-64",
        "direct" : "1",
        "buffered" : "0",
        "rw" : "rw",
        "rwmixread" : "20",
        "unified_rw_reporting" : "1",
        "randrepeat" : "0",
        "bs" : "2M",
        "size" : "128M",
        "ioengine" : "pvsync",
        "iodepth" : "64",
        "lat_percentiles" : "1"
      },
      "mixed" : {
        "io_bytes" : 406996385792,
        "io_kbytes" : 397457408,
        "bw_bytes" : 6782820908,
        "bw" : 6623848,
        "iops" : 3234.301047,
        "runtime" : 60004,
        "total_ios" : 194071,
        "short_ios" : 0,
        "drop_ios" : 0,
        "slat_ns" : {
          "min" : 0,
          "max" : 0,
          "mean" : 0.000000,
          "stddev" : 0.000000,
          "N" : 0
        },
        "clat_ns" : {
          "min" : 1457503,
          "max" : 732634408,
          "mean" : 4606372.023327,
          "stddev" : 9202972.988033,
          "N" : 194071,
          "percentile" : {
            "1.000000" : 2179072,
            "5.000000" : 2441216,
            "10.000000" : 2670592,
            "20.000000" : 2965504,
            "30.000000" : 3194880,
            "40.000000" : 3424256,
            "50.000000" : 3686400,
            "60.000000" : 3948544,
            "70.000000" : 4292608,
            "80.000000" : 4882432,
            "90.000000" : 6127616,
            "95.000000" : 7372800,
            "99.000000" : 12517376,
            "99.500000" : 36438016,
            "99.900000" : 139460608,
            "99.950000" : 196083712,
            "99.990000" : 320864256
          }
        },
        "lat_ns" : {
          "min" : 1457580,
          "max" : 732634479,
          "mean" : 4606495.687857,
          "stddev" : 9202979.888524,
          "N" : 194071,
          "percentile" : {
            "1.000000" : 2179072,
            "5.000000" : 2441216,
            "10.000000" : 2670592,
            "20.000000" : 2965504,
            "30.000000" : 3194880,
            "40.000000" : 3424256,
            "50.000000" : 3686400,
            "60.000000" : 3948544,
            "70.000000" : 4292608,
            "80.000000" : 4882432,
            "90.000000" : 6127616,
            "95.000000" : 7372800,
            "99.000000" : 12517376,
            "99.500000" : 36438016,
            "99.900000" : 139460608,
            "99.950000" : 196083712,
            "99.990000" : 320864256
          }
        },
        "bw_min" : 323180,
        "bw_max" : 9441280,
        "bw_agg" : 100.000000,
        "bw_mean" : 6652656.625332,
        "bw_dev" : 72188.523791,
        "bw_samples" : 3786,
        "iops_min" : 140,
        "iops_max" : 4610,
        "iops_mean" : 3246.476799,
        "iops_stddev" : 35.314537,
        "iops_samples" : 3786
      },
      "job_runtime" : 960022,
      "usr_cpu" : 6.901717,
      "sys_cpu" : 0.380825,
      "ctx" : 388278,
      "majf" : 0,
      "minf" : 287,
      "iodepth_level" : {
        "1" : 100.000000,
        "2" : 0.000000,
        "4" : 0.000000,
        "8" : 0.000000,
        "16" : 0.000000,
        "32" : 0.000000,
        ">=64" : 0.000000
      },
      "iodepth_submit" : {
        "0" : 0.000000,
        "4" : 100.000000,
        "8" : 0.000000,
        "16" : 0.000000,
        "32" : 0.000000,
        "64" : 0.000000,
        ">=64" : 0.000000
      },
      "iodepth_complete" : {
        "0" : 0.000000,
        "4" : 100.000000,
        "8" : 0.000000,
        "16" : 0.000000,
        "32" : 0.000000,
        "64" : 0.000000,
        ">=64" : 0.000000
      },
      "latency_ns" : {
        "2" : 0.000000,
        "4" : 0.000000,
        "10" : 0.000000,
        "20" : 0.000000,
        "50" : 0.000000,
        "100" : 0.000000,
        "250" : 0.000000,
        "500" : 0.000000,
        "750" : 0.000000,
        "1000" : 0.000000
      },
      "latency_us" : {
        "2" : 0.000000,
        "4" : 0.000000,
        "10" : 0.000000,
        "20" : 0.000000,
        "50" : 0.000000,
        "100" : 0.000000,
        "250" : 0.000000,
        "500" : 0.000000,
        "750" : 0.000000,
        "1000" : 0.000000
      },
      "latency_ms" : {
        "2" : 0.234966,
        "4" : 61.471832,
        "10" : 36.736040,
        "20" : 0.807436,
        "50" : 0.360693,
        "100" : 0.227236,
        "250" : 0.129849,
        "500" : 0.029371,
        "750" : 0.010000,
        "1000" : 0.000000,
        "2000" : 0.000000,
        ">=2000" : 0.000000
      },
      "latency_depth" : 64,
      "latency_target" : 0,
      "latency_percentile" : 100.000000,
      "latency_window" : 0
    }
  ]
}
