{
  "fio version" : "fio-3.23",
  "timestamp" : 1757464815,
  "timestamp_ms" : 1757464815906,
  "time" : "Wed Sep 10 00:40:15 2025",
  "jobs" : [
    {
      "jobname" : "RandRH-2M-32-4",
      "groupid" : 0,
      "error" : 0,
      "eta" : 0,
      "elapsed" : 61,
      "job options" : {
        "name" : "RandRH-2M-32-4",
        "rw" : "randrw",
        "rwmixread" : "80",
        "unified_rw_reporting" : "1",
        "bs" : "2M",
        "numjobs" : "32",
        "iodepth" : "4",
        "runtime" : "60",
        "directory" : "/tmp/e2sar/rgeorge-fio_test-m_RandRH-2M-32-4",
        "direct" : "1",
        "buffered" : "0",
        "randrepeat" : "0",
        "size" : "128M",
        "ioengine" : "pvsync",
        "lat_percentiles" : "1"
      },
      "mixed" : {
        "io_bytes" : 175923789824,
        "io_kbytes" : 171800576,
        "bw_bytes" : 2931183808,
        "bw" : 2862484,
        "iops" : 1397.697357,
        "runtime" : 60018,
        "total_ios" : 83887,
        "short_ios" : 0,
        "drop_ios" : 0,
        "slat_ns" : {
          "min" : 0,
          "max" : 0,
          "mean" : 0.000000,
          "stddev" : 0.000000,
          "N" : 0
        },
        "clat_ns" : {
          "min" : 1905916,
          "max" : 193022232,
          "mean" : 22777897.375469,
          "stddev" : 4161752.922847,
          "N" : 83887,
          "percentile" : {
            "1.000000" : 13434880,
            "5.000000" : 16908288,
            "10.000000" : 19005440,
            "20.000000" : 20840448,
            "30.000000" : 21889024,
            "40.000000" : 22413312,
            "50.000000" : 22937600,
            "60.000000" : 23461888,
            "70.000000" : 23986176,
            "80.000000" : 24772608,
            "90.000000" : 25559040,
            "95.000000" : 26345472,
            "99.000000" : 31326208,
            "99.500000" : 39059456,
            "99.900000" : 74973184,
            "99.950000" : 83361792,
            "99.990000" : 96993280
          }
        },
        "lat_ns" : {
          "min" : 1905958,
          "max" : 193022266,
          "mean" : 22777963.834241,
          "stddev" : 4161741.427148,
          "N" : 83887,
          "percentile" : {
            "1.000000" : 13434880,
            "5.000000" : 16908288,
            "10.000000" : 19005440,
            "20.000000" : 20840448,
            "30.000000" : 21889024,
            "40.000000" : 22413312,
            "50.000000" : 22937600,
            "60.000000" : 23461888,
            "70.000000" : 23986176,
            "80.000000" : 24772608,
            "90.000000" : 25559040,
            "95.000000" : 26345472,
            "99.000000" : 31326208,
            "99.500000" : 39059456,
            "99.900000" : 74973184,
            "99.950000" : 83361792,
            "99.990000" : 96993280
          }
        },
        "bw_min" : 1673496,
        "bw_max" : 4146930,
        "bw_agg" : 100.000000,
        "bw_mean" : 2871998.059565,
        "bw_dev" : 7749.239850,
        "bw_samples" : 7566,
        "iops_min" : 773,
        "iops_max" : 2007,
        "iops_mean" : 1368.187504,
        "iops_stddev" : 3.829890,
        "iops_samples" : 7566
      },
      "job_runtime" : 1920259,
      "usr_cpu" : 0.379584,
      "sys_cpu" : 0.124931,
      "ctx" : 168006,
      "majf" : 0,
      "minf" : 439,
      "iodepth_level" : {
        "1" : 100.000000,
        "2" : 0.000000,
        "4" : 0.000000,
        "8" : 0.000000,
        "16" : 0.000000,
        "32" : 0.000000,
        ">=64" : 0.000000
      },
      "iodepth_submit" : {
        "0" : 0.000000,
        "4" : 100.000000,
        "8" : 0.000000,
        "16" : 0.000000,
        "32" : 0.000000,
        "64" : 0.000000,
        ">=64" : 0.000000
      },
      "iodepth_complete" : {
        "0" : 0.000000,
        "4" : 100.000000,
        "8" : 0.000000,
        "16" : 0.000000,
        "32" : 0.000000,
        "64" : 0.000000,
        ">=64" : 0.000000
      },
      "latency_ns" : {
        "2" : 0.000000,
        "4" : 0.000000,
        "10" : 0.000000,
        "20" : 0.000000,
        "50" : 0.000000,
        "100" : 0.000000,
        "250" : 0.000000,
        "500" : 0.000000,
        "750" : 0.000000,
        "1000" : 0.000000
      },
      "latency_us" : {
        "2" : 0.000000,
        "4" : 0.000000,
        "10" : 0.000000,
        "20" : 0.000000,
        "50" : 0.000000,
        "100" : 0.000000,
        "250" : 0.000000,
        "500" : 0.000000,
        "750" : 0.000000,
        "1000" : 0.000000
      },
      "latency_ms" : {
        "2" : 0.010000,
        "4" : 0.021457,
        "10" : 0.133513,
        "20" : 14.418205,
        "50" : 85.109731,
        "100" : 0.307557,
        "250" : 0.010000,
        "500" : 0.000000,
        "750" : 0.000000,
        "1000" : 0.000000,
        "2000" : 0.000000,
        ">=2000" : 0.000000
      },
      "latency_depth" : 4,
      "latency_target" : 0,
      "latency_percentile" : 100.000000,
      "latency_window" : 0
    }
  ]
}
