{
  "fio version" : "fio-3.23",
  "timestamp" : 1756957945,
  "timestamp_ms" : 1756957945881,
  "time" : "Thu Sep  4 03:52:25 2025",
  "jobs" : [
    {
      "jobname" : "SeqRH-2M-16-1",
      "groupid" : 0,
      "error" : 0,
      "eta" : 0,
      "elapsed" : 61,
      "job options" : {
        "name" : "SeqRH-2M-16-1",
        "numjobs" : "16",
        "runtime" : "60",
        "directory" : "/tmp/e2sar/rgeorge-fio_test-p1s_SeqRH-2M-16-1",
        "direct" : "1",
        "buffered" : "0",
        "rw" : "rw",
        "rwmixread" : "80",
        "unified_rw_reporting" : "1",
        "randrepeat" : "0",
        "bs" : "2M",
        "size" : "128M",
        "ioengine" : "pvsync",
        "iodepth" : "1",
        "lat_percentiles" : "1"
      },
      "mixed" : {
        "io_bytes" : 196226318336,
        "io_kbytes" : 191627264,
        "bw_bytes" : 3270057132,
        "bw" : 3193415,
        "iops" : 1559.284750,
        "runtime" : 60007,
        "total_ios" : 93568,
        "short_ios" : 0,
        "drop_ios" : 0,
        "slat_ns" : {
          "min" : 0,
          "max" : 0,
          "mean" : 0.000000,
          "stddev" : 0.000000,
          "N" : 0
        },
        "clat_ns" : {
          "min" : 1332538,
          "max" : 994671602,
          "mean" : 10170915.835489,
          "stddev" : 10860435.183399,
          "N" : 93568,
          "percentile" : {
            "1.000000" : 4751360,
            "5.000000" : 6717440,
            "10.000000" : 7503872,
            "20.000000" : 8290304,
            "30.000000" : 8716288,
            "40.000000" : 9109504,
            "50.000000" : 9371648,
            "60.000000" : 9764864,
            "70.000000" : 10027008,
            "80.000000" : 10420224,
            "90.000000" : 10944512,
            "95.000000" : 11599872,
            "99.000000" : 30539776,
            "99.500000" : 78118912,
            "99.900000" : 160432128,
            "99.950000" : 206569472,
            "99.990000" : 341835776
          }
        },
        "lat_ns" : {
          "min" : 1332586,
          "max" : 994671872,
          "mean" : 10170972.850740,
          "stddev" : 10860443.890940,
          "N" : 93568,
          "percentile" : {
            "1.000000" : 4751360,
            "5.000000" : 6717440,
            "10.000000" : 7503872,
            "20.000000" : 8290304,
            "30.000000" : 8716288,
            "40.000000" : 9109504,
            "50.000000" : 9371648,
            "60.000000" : 9764864,
            "70.000000" : 10027008,
            "80.000000" : 10420224,
            "90.000000" : 10944512,
            "95.000000" : 11599872,
            "99.000000" : 30539776,
            "99.500000" : 78118912,
            "99.900000" : 160432128,
            "99.950000" : 206569472,
            "99.990000" : 341835776
          }
        },
        "bw_min" : 319488,
        "bw_max" : 4939776,
        "bw_agg" : 100.000000,
        "bw_mean" : 3201216.380430,
        "bw_dev" : 27732.653377,
        "bw_samples" : 3795,
        "iops_min" : 156,
        "iops_max" : 2412,
        "iops_mean" : 1563.047928,
        "iops_stddev" : 13.541860,
        "iops_samples" : 3795
      },
      "job_runtime" : 960048,
      "usr_cpu" : 0.815063,
      "sys_cpu" : 0.353212,
      "ctx" : 187252,
      "majf" : 0,
      "minf" : 306,
      "iodepth_level" : {
        "1" : 100.000000,
        "2" : 0.000000,
        "4" : 0.000000,
        "8" : 0.000000,
        "16" : 0.000000,
        "32" : 0.000000,
        ">=64" : 0.000000
      },
      "iodepth_submit" : {
        "0" : 0.000000,
        "4" : 100.000000,
        "8" : 0.000000,
        "16" : 0.000000,
        "32" : 0.000000,
        "64" : 0.000000,
        ">=64" : 0.000000
      },
      "iodepth_complete" : {
        "0" : 0.000000,
        "4" : 100.000000,
        "8" : 0.000000,
        "16" : 0.000000,
        "32" : 0.000000,
        "64" : 0.000000,
        ">=64" : 0.000000
      },
      "latency_ns" : {
        "2" : 0.000000,
        "4" : 0.000000,
        "10" : 0.000000,
        "20" : 0.000000,
        "50" : 0.000000,
        "100" : 0.000000,
        "250" : 0.000000,
        "500" : 0.000000,
        "750" : 0.000000,
        "1000" : 0.000000
      },
      "latency_us" : {
        "2" : 0.000000,
        "4" : 0.000000,
        "10" : 0.000000,
        "20" : 0.000000,
        "50" : 0.000000,
        "100" : 0.000000,
        "250" : 0.000000,
        "500" : 0.000000,
        "750" : 0.000000,
        "1000" : 0.000000
      },
      "latency_ms" : {
        "2" : 0.164586,
        "4" : 0.524752,
        "10" : 67.077420,
        "20" : 30.935790,
        "50" : 0.564295,
        "100" : 0.424290,
        "250" : 0.276804,
        "500" : 0.029925,
        "750" : 0.010000,
        "1000" : 0.010000,
        "2000" : 0.000000,
        ">=2000" : 0.000000
      },
      "latency_depth" : 1,
      "latency_target" : 0,
      "latency_percentile" : 100.000000,
      "latency_window" : 0
    }
  ]
}
