{
  "fio version" : "fio-3.23",
  "timestamp" : 1756945027,
  "timestamp_ms" : 1756945027103,
  "time" : "Thu Sep  4 00:17:07 2025",
  "jobs" : [
    {
      "jobname" : "RandWH-4M-16-16",
      "groupid" : 0,
      "error" : 0,
      "eta" : 0,
      "elapsed" : 61,
      "job options" : {
        "name" : "RandWH-4M-16-16",
        "numjobs" : "16",
        "runtime" : "60",
        "directory" : "/tmp/e2sar/rgeorge-fio_test-p1r1_RandWH-4M-16-16",
        "direct" : "1",
        "buffered" : "0",
        "rw" : "randrw",
        "rwmixread" : "20",
        "unified_rw_reporting" : "1",
        "randrepeat" : "0",
        "bs" : "4M",
        "size" : "128M",
        "ioengine" : "pvsync",
        "iodepth" : "16",
        "lat_percentiles" : "1"
      },
      "mixed" : {
        "io_bytes" : 383124504576,
        "io_kbytes" : 374145024,
        "bw_bytes" : 6384769932,
        "bw" : 6235126,
        "iops" : 1522.247775,
        "runtime" : 60006,
        "total_ios" : 91344,
        "short_ios" : 0,
        "drop_ios" : 0,
        "slat_ns" : {
          "min" : 0,
          "max" : 0,
          "mean" : 0.000000,
          "stddev" : 0.000000,
          "N" : 0
        },
        "clat_ns" : {
          "min" : 2926852,
          "max" : 568998457,
          "mean" : 9785969.258879,
          "stddev" : 14417910.550395,
          "N" : 91344,
          "percentile" : {
            "1.000000" : 4423680,
            "5.000000" : 5144576,
            "10.000000" : 5603328,
            "20.000000" : 6258688,
            "30.000000" : 6717440,
            "40.000000" : 7110656,
            "50.000000" : 7569408,
            "60.000000" : 8028160,
            "70.000000" : 8585216,
            "80.000000" : 9502720,
            "90.000000" : 11730944,
            "95.000000" : 19005440,
            "99.000000" : 49545216,
            "99.500000" : 92798976,
            "99.900000" : 233832448,
            "99.950000" : 283115520,
            "99.990000" : 413138944
          }
        },
        "lat_ns" : {
          "min" : 2926896,
          "max" : 568998988,
          "mean" : 9786136.958443,
          "stddev" : 14417917.882924,
          "N" : 91344,
          "percentile" : {
            "1.000000" : 4423680,
            "5.000000" : 5144576,
            "10.000000" : 5603328,
            "20.000000" : 6258688,
            "30.000000" : 6717440,
            "40.000000" : 7110656,
            "50.000000" : 7569408,
            "60.000000" : 8028160,
            "70.000000" : 8585216,
            "80.000000" : 9502720,
            "90.000000" : 11730944,
            "95.000000" : 19005440,
            "99.000000" : 49545216,
            "99.500000" : 92798976,
            "99.900000" : 233832448,
            "99.950000" : 283115520,
            "99.990000" : 413138944
          }
        },
        "bw_min" : 409600,
        "bw_max" : 10559488,
        "bw_agg" : 100.000000,
        "bw_mean" : 6251456.064729,
        "bw_dev" : 73131.647810,
        "bw_samples" : 3779,
        "iops_min" : 100,
        "iops_max" : 2578,
        "iops_mean" : 1526.086294,
        "iops_stddev" : 17.857544,
        "iops_samples" : 3779
      },
      "job_runtime" : 960044,
      "usr_cpu" : 6.886664,
      "sys_cpu" : 0.350192,
      "ctx" : 365536,
      "majf" : 0,
      "minf" : 256,
      "iodepth_level" : {
        "1" : 100.000000,
        "2" : 0.000000,
        "4" : 0.000000,
        "8" : 0.000000,
        "16" : 0.000000,
        "32" : 0.000000,
        ">=64" : 0.000000
      },
      "iodepth_submit" : {
        "0" : 0.000000,
        "4" : 100.000000,
        "8" : 0.000000,
        "16" : 0.000000,
        "32" : 0.000000,
        "64" : 0.000000,
        ">=64" : 0.000000
      },
      "iodepth_complete" : {
        "0" : 0.000000,
        "4" : 100.000000,
        "8" : 0.000000,
        "16" : 0.000000,
        "32" : 0.000000,
        "64" : 0.000000,
        ">=64" : 0.000000
      },
      "latency_ns" : {
        "2" : 0.000000,
        "4" : 0.000000,
        "10" : 0.000000,
        "20" : 0.000000,
        "50" : 0.000000,
        "100" : 0.000000,
        "250" : 0.000000,
        "500" : 0.000000,
        "750" : 0.000000,
        "1000" : 0.000000
      },
      "latency_us" : {
        "2" : 0.000000,
        "4" : 0.000000,
        "10" : 0.000000,
        "20" : 0.000000,
        "50" : 0.000000,
        "100" : 0.000000,
        "250" : 0.000000,
        "500" : 0.000000,
        "750" : 0.000000,
        "1000" : 0.000000
      },
      "latency_ms" : {
        "2" : 0.000000,
        "4" : 0.179541,
        "10" : 83.550096,
        "20" : 11.653748,
        "50" : 3.618191,
        "100" : 0.541908,
        "250" : 0.373314,
        "500" : 0.082107,
        "750" : 0.010000,
        "1000" : 0.000000,
        "2000" : 0.000000,
        ">=2000" : 0.000000
      },
      "latency_depth" : 16,
      "latency_target" : 0,
      "latency_percentile" : 100.000000,
      "latency_window" : 0
    }
  ]
}
