{
  "fio version" : "fio-3.23",
  "timestamp" : 1757276112,
  "timestamp_ms" : 1757276112828,
  "time" : "Sun Sep  7 20:15:12 2025",
  "jobs" : [
    {
      "jobname" : "RandRH-1M-128-1",
      "groupid" : 0,
      "error" : 0,
      "eta" : 0,
      "elapsed" : 62,
      "job options" : {
        "name" : "RandRH-1M-128-1",
        "numjobs" : "128",
        "runtime" : "60",
        "directory" : "/tmp/e2sar/rgeorge-fio_test-p4r_RandRH-1M-128-1",
        "direct" : "1",
        "buffered" : "0",
        "rw" : "randrw",
        "rwmixread" : "80",
        "unified_rw_reporting" : "1",
        "randrepeat" : "0",
        "bs" : "1M",
        "size" : "128M",
        "ioengine" : "pvsync",
        "iodepth" : "1",
        "lat_percentiles" : "1"
      },
      "mixed" : {
        "io_bytes" : 146001625088,
        "io_kbytes" : 142579712,
        "bw_bytes" : 2431415285,
        "bw" : 2374428,
        "iops" : 2318.778311,
        "runtime" : 60048,
        "total_ios" : 139238,
        "short_ios" : 0,
        "drop_ios" : 0,
        "slat_ns" : {
          "min" : 0,
          "max" : 0,
          "mean" : 0.000000,
          "stddev" : 0.000000,
          "N" : 0
        },
        "clat_ns" : {
          "min" : 574538,
          "max" : 1104581943,
          "mean" : 54878742.187284,
          "stddev" : 52587498.520082,
          "N" : 139238,
          "percentile" : {
            "1.000000" : 29491200,
            "5.000000" : 38010880,
            "10.000000" : 40632320,
            "20.000000" : 42205184,
            "30.000000" : 43253760,
            "40.000000" : 43778048,
            "50.000000" : 44826624,
            "60.000000" : 45350912,
            "70.000000" : 46399488,
            "80.000000" : 47448064,
            "90.000000" : 61603840,
            "95.000000" : 103284736,
            "99.000000" : 362807296,
            "99.500000" : 488636416,
            "99.900000" : 599785472,
            "99.950000" : 633339904,
            "99.990000" : 717225984
          }
        },
        "lat_ns" : {
          "min" : 574669,
          "max" : 1104582008,
          "mean" : 54878860.604023,
          "stddev" : 52587505.411408,
          "N" : 139238,
          "percentile" : {
            "1.000000" : 29491200,
            "5.000000" : 38010880,
            "10.000000" : 40632320,
            "20.000000" : 42205184,
            "30.000000" : 43253760,
            "40.000000" : 43778048,
            "50.000000" : 44826624,
            "60.000000" : 45350912,
            "70.000000" : 46399488,
            "80.000000" : 47448064,
            "90.000000" : 61603840,
            "95.000000" : 103284736,
            "99.000000" : 362807296,
            "99.500000" : 488636416,
            "99.900000" : 599785472,
            "99.950000" : 633339904,
            "99.990000" : 717225984
          }
        },
        "bw_min" : 530422,
        "bw_max" : 5705728,
        "bw_agg" : 100.000000,
        "bw_mean" : 2507546.948327,
        "bw_dev" : 4496.728436,
        "bw_samples" : 27498,
        "iops_min" : 516,
        "iops_max" : 5572,
        "iops_mean" : 2448.712397,
        "iops_stddev" : 4.391377,
        "iops_samples" : 27498
      },
      "job_runtime" : 7682940,
      "usr_cpu" : 0.070975,
      "sys_cpu" : 0.034023,
      "ctx" : 140156,
      "majf" : 0,
      "minf" : 2068,
      "iodepth_level" : {
        "1" : 100.000000,
        "2" : 0.000000,
        "4" : 0.000000,
        "8" : 0.000000,
        "16" : 0.000000,
        "32" : 0.000000,
        ">=64" : 0.000000
      },
      "iodepth_submit" : {
        "0" : 0.000000,
        "4" : 100.000000,
        "8" : 0.000000,
        "16" : 0.000000,
        "32" : 0.000000,
        "64" : 0.000000,
        ">=64" : 0.000000
      },
      "iodepth_complete" : {
        "0" : 0.000000,
        "4" : 100.000000,
        "8" : 0.000000,
        "16" : 0.000000,
        "32" : 0.000000,
        "64" : 0.000000,
        ">=64" : 0.000000
      },
      "latency_ns" : {
        "2" : 0.000000,
        "4" : 0.000000,
        "10" : 0.000000,
        "20" : 0.000000,
        "50" : 0.000000,
        "100" : 0.000000,
        "250" : 0.000000,
        "500" : 0.000000,
        "750" : 0.000000,
        "1000" : 0.000000
      },
      "latency_us" : {
        "2" : 0.000000,
        "4" : 0.000000,
        "10" : 0.000000,
        "20" : 0.000000,
        "50" : 0.000000,
        "100" : 0.000000,
        "250" : 0.000000,
        "500" : 0.000000,
        "750" : 0.010000,
        "1000" : 0.012209
      },
      "latency_ms" : {
        "2" : 0.066792,
        "4" : 0.106293,
        "10" : 0.239877,
        "20" : 0.259268,
        "50" : 86.326290,
        "100" : 7.703357,
        "250" : 3.811460,
        "500" : 1.032764,
        "750" : 0.433071,
        "1000" : 0.010000,
        "2000" : 0.010000,
        ">=2000" : 0.000000
      },
      "latency_depth" : 1,
      "latency_target" : 0,
      "latency_percentile" : 100.000000,
      "latency_window" : 0
    }
  ]
}
