{
  "fio version" : "fio-3.23",
  "timestamp" : 1757219510,
  "timestamp_ms" : 1757219510255,
  "time" : "Sun Sep  7 04:31:50 2025",
  "jobs" : [
    {
      "jobname" : "SeqW-2M-64-128",
      "groupid" : 0,
      "error" : 0,
      "eta" : 0,
      "elapsed" : 62,
      "job options" : {
        "name" : "SeqW-2M-64-128",
        "numjobs" : "64",
        "runtime" : "60",
        "directory" : "/tmp/e2sar/rgeorge-fio_test-p3s_SeqW-2M-64-128",
        "direct" : "1",
        "buffered" : "0",
        "rw" : "write",
        "unified_rw_reporting" : "0",
        "randrepeat" : "0",
        "bs" : "2M",
        "size" : "128M",
        "ioengine" : "pvsync",
        "iodepth" : "128",
        "lat_percentiles" : "1"
      },
      "read" : {
        "io_bytes" : 0,
        "io_kbytes" : 0,
        "bw_bytes" : 0,
        "bw" : 0,
        "iops" : 0.000000,
        "runtime" : 0,
        "total_ios" : 0,
        "short_ios" : 0,
        "drop_ios" : 0,
        "slat_ns" : {
          "min" : 0,
          "max" : 0,
          "mean" : 0.000000,
          "stddev" : 0.000000,
          "N" : 0
        },
        "clat_ns" : {
          "min" : 0,
          "max" : 0,
          "mean" : 0.000000,
          "stddev" : 0.000000,
          "N" : 0
        },
        "lat_ns" : {
          "min" : 0,
          "max" : 0,
          "mean" : 0.000000,
          "stddev" : 0.000000,
          "N" : 0
        },
        "bw_min" : 0,
        "bw_max" : 0,
        "bw_agg" : 0.000000,
        "bw_mean" : 0.000000,
        "bw_dev" : 0.000000,
        "bw_samples" : 0,
        "iops_min" : 0,
        "iops_max" : 0,
        "iops_mean" : 0.000000,
        "iops_stddev" : 0.000000,
        "iops_samples" : 0
      },
      "write" : {
        "io_bytes" : 581366185984,
        "io_kbytes" : 567740416,
        "bw_bytes" : 9673314242,
        "bw" : 9446595,
        "iops" : 4612.595674,
        "runtime" : 60100,
        "total_ios" : 277217,
        "short_ios" : 0,
        "drop_ios" : 0,
        "slat_ns" : {
          "min" : 0,
          "max" : 0,
          "mean" : 0.000000,
          "stddev" : 0.000000,
          "N" : 0
        },
        "clat_ns" : {
          "min" : 1953687,
          "max" : 1092917797,
          "mean" : 13266981.927342,
          "stddev" : 39431906.700667,
          "N" : 277217,
          "percentile" : {
            "1.000000" : 2605056,
            "5.000000" : 3325952,
            "10.000000" : 5668864,
            "20.000000" : 7110656,
            "30.000000" : 7962624,
            "40.000000" : 8585216,
            "50.000000" : 9240576,
            "60.000000" : 9633792,
            "70.000000" : 10158080,
            "80.000000" : 10551296,
            "90.000000" : 11599872,
            "95.000000" : 12779520,
            "99.000000" : 135266304,
            "99.500000" : 362807296,
            "99.900000" : 513802240,
            "99.950000" : 599785472,
            "99.990000" : 926941184
          }
        },
        "lat_ns" : {
          "min" : 1953802,
          "max" : 1092918266,
          "mean" : 13267339.352854,
          "stddev" : 39431900.908610,
          "N" : 277217,
          "percentile" : {
            "1.000000" : 2605056,
            "5.000000" : 3325952,
            "10.000000" : 5668864,
            "20.000000" : 7110656,
            "30.000000" : 7962624,
            "40.000000" : 8585216,
            "50.000000" : 9240576,
            "60.000000" : 9633792,
            "70.000000" : 10158080,
            "80.000000" : 10551296,
            "90.000000" : 11599872,
            "95.000000" : 12779520,
            "99.000000" : 135266304,
            "99.500000" : 362807296,
            "99.900000" : 513802240,
            "99.950000" : 599785472,
            "99.990000" : 926941184
          }
        },
        "bw_min" : 266213,
        "bw_max" : 21315055,
        "bw_agg" : 100.000000,
        "bw_mean" : 9646057.911801,
        "bw_dev" : 83735.927871,
        "bw_samples" : 7513,
        "iops_min" : 127,
        "iops_max" : 10401,
        "iops_mean" : 4706.239622,
        "iops_stddev" : 40.859184,
        "iops_samples" : 7513
      },
      "trim" : {
        "io_bytes" : 0,
        "io_kbytes" : 0,
        "bw_bytes" : 0,
        "bw" : 0,
        "iops" : 0.000000,
        "runtime" : 0,
        "total_ios" : 0,
        "short_ios" : 0,
        "drop_ios" : 0,
        "slat_ns" : {
          "min" : 0,
          "max" : 0,
          "mean" : 0.000000,
          "stddev" : 0.000000,
          "N" : 0
        },
        "clat_ns" : {
          "min" : 0,
          "max" : 0,
          "mean" : 0.000000,
          "stddev" : 0.000000,
          "N" : 0
        },
        "lat_ns" : {
          "min" : 0,
          "max" : 0,
          "mean" : 0.000000,
          "stddev" : 0.000000,
          "N" : 0
        },
        "bw_min" : 0,
        "bw_max" : 0,
        "bw_agg" : 0.000000,
        "bw_mean" : 0.000000,
        "bw_dev" : 0.000000,
        "bw_samples" : 0,
        "iops_min" : 0,
        "iops_max" : 0,
        "iops_mean" : 0.000000,
        "iops_stddev" : 0.000000,
        "iops_samples" : 0
      },
      "sync" : {
        "total_ios" : 0,
        "lat_ns" : {
          "min" : 0,
          "max" : 0,
          "mean" : 0.000000,
          "stddev" : 0.000000,
          "N" : 0
        }
      },
      "job_runtime" : 3841754,
      "usr_cpu" : 4.024256,
      "sys_cpu" : 0.223440,
      "ctx" : 570896,
      "majf" : 0,
      "minf" : 806,
      "iodepth_level" : {
        "1" : 100.000000,
        "2" : 0.000000,
        "4" : 0.000000,
        "8" : 0.000000,
        "16" : 0.000000,
        "32" : 0.000000,
        ">=64" : 0.000000
      },
      "iodepth_submit" : {
        "0" : 0.000000,
        "4" : 100.000000,
        "8" : 0.000000,
        "16" : 0.000000,
        "32" : 0.000000,
        "64" : 0.000000,
        ">=64" : 0.000000
      },
      "iodepth_complete" : {
        "0" : 0.000000,
        "4" : 100.000000,
        "8" : 0.000000,
        "16" : 0.000000,
        "32" : 0.000000,
        "64" : 0.000000,
        ">=64" : 0.000000
      },
      "latency_ns" : {
        "2" : 0.000000,
        "4" : 0.000000,
        "10" : 0.000000,
        "20" : 0.000000,
        "50" : 0.000000,
        "100" : 0.000000,
        "250" : 0.000000,
        "500" : 0.000000,
        "750" : 0.000000,
        "1000" : 0.000000
      },
      "latency_us" : {
        "2" : 0.000000,
        "4" : 0.000000,
        "10" : 0.000000,
        "20" : 0.000000,
        "50" : 0.000000,
        "100" : 0.000000,
        "250" : 0.000000,
        "500" : 0.000000,
        "750" : 0.000000,
        "1000" : 0.000000
      },
      "latency_ms" : {
        "2" : 0.010000,
        "4" : 5.992057,
        "10" : 61.722405,
        "20" : 29.228005,
        "50" : 0.994167,
        "100" : 0.813442,
        "250" : 0.510791,
        "500" : 0.621895,
        "750" : 0.085132,
        "1000" : 0.027415,
        "2000" : 0.010000,
        ">=2000" : 0.000000
      },
      "latency_depth" : 128,
      "latency_target" : 0,
      "latency_percentile" : 100.000000,
      "latency_window" : 0
    }
  ]
}
