{
  "fio version" : "fio-3.23",
  "timestamp" : 1757525142,
  "timestamp_ms" : 1757525142507,
  "time" : "Wed Sep 10 17:25:42 2025",
  "jobs" : [
    {
      "jobname" : "RandW-4M-16-16",
      "groupid" : 0,
      "error" : 0,
      "eta" : 0,
      "elapsed" : 61,
      "job options" : {
        "name" : "RandW-4M-16-16",
        "rw" : "randwrite",
        "unified_rw_reporting" : "0",
        "bs" : "4M",
        "numjobs" : "16",
        "iodepth" : "16",
        "runtime" : "60",
        "directory" : "/tmp/e2sar/rgeorge-fio_test-m_RandW-4M-16-16",
        "direct" : "1",
        "buffered" : "0",
        "randrepeat" : "0",
        "size" : "128M",
        "ioengine" : "pvsync",
        "lat_percentiles" : "1"
      },
      "read" : {
        "io_bytes" : 0,
        "io_kbytes" : 0,
        "bw_bytes" : 0,
        "bw" : 0,
        "iops" : 0.000000,
        "runtime" : 0,
        "total_ios" : 0,
        "short_ios" : 0,
        "drop_ios" : 0,
        "slat_ns" : {
          "min" : 0,
          "max" : 0,
          "mean" : 0.000000,
          "stddev" : 0.000000,
          "N" : 0
        },
        "clat_ns" : {
          "min" : 0,
          "max" : 0,
          "mean" : 0.000000,
          "stddev" : 0.000000,
          "N" : 0
        },
        "lat_ns" : {
          "min" : 0,
          "max" : 0,
          "mean" : 0.000000,
          "stddev" : 0.000000,
          "N" : 0
        },
        "bw_min" : 0,
        "bw_max" : 0,
        "bw_agg" : 0.000000,
        "bw_mean" : 0.000000,
        "bw_dev" : 0.000000,
        "bw_samples" : 0,
        "iops_min" : 0,
        "iops_max" : 0,
        "iops_mean" : 0.000000,
        "iops_stddev" : 0.000000,
        "iops_samples" : 0
      },
      "write" : {
        "io_bytes" : 717876101120,
        "io_kbytes" : 701050880,
        "bw_bytes" : 11963405344,
        "bw" : 11683013,
        "iops" : 2852.298104,
        "runtime" : 60006,
        "total_ios" : 171155,
        "short_ios" : 0,
        "drop_ios" : 0,
        "slat_ns" : {
          "min" : 0,
          "max" : 0,
          "mean" : 0.000000,
          "stddev" : 0.000000,
          "N" : 0
        },
        "clat_ns" : {
          "min" : 3168203,
          "max" : 58324523,
          "mean" : 4616868.528258,
          "stddev" : 891881.994860,
          "N" : 171155,
          "percentile" : {
            "1.000000" : 3915776,
            "5.000000" : 4079616,
            "10.000000" : 4145152,
            "20.000000" : 4292608,
            "30.000000" : 4358144,
            "40.000000" : 4489216,
            "50.000000" : 4554752,
            "60.000000" : 4620288,
            "70.000000" : 4751360,
            "80.000000" : 4882432,
            "90.000000" : 5079040,
            "95.000000" : 5275648,
            "99.000000" : 5996544,
            "99.500000" : 6324224,
            "99.900000" : 7766016,
            "99.950000" : 15400960,
            "99.990000" : 47448064
          }
        },
        "lat_ns" : {
          "min" : 3168317,
          "max" : 58324630,
          "mean" : 4617061.438006,
          "stddev" : 891882.354717,
          "N" : 171155,
          "percentile" : {
            "1.000000" : 3915776,
            "5.000000" : 4079616,
            "10.000000" : 4145152,
            "20.000000" : 4292608,
            "30.000000" : 4358144,
            "40.000000" : 4489216,
            "50.000000" : 4554752,
            "60.000000" : 4620288,
            "70.000000" : 4751360,
            "80.000000" : 4882432,
            "90.000000" : 5079040,
            "95.000000" : 5275648,
            "99.000000" : 5996544,
            "99.500000" : 6324224,
            "99.900000" : 7766016,
            "99.950000" : 15400960,
            "99.990000" : 47448064
          }
        },
        "bw_min" : 10354688,
        "bw_max" : 12369920,
        "bw_agg" : 100.000000,
        "bw_mean" : 11689084.117647,
        "bw_dev" : 26022.764786,
        "bw_samples" : 1904,
        "iops_min" : 2528,
        "iops_max" : 3020,
        "iops_mean" : 2853.747899,
        "iops_stddev" : 6.353284,
        "iops_samples" : 1904
      },
      "trim" : {
        "io_bytes" : 0,
        "io_kbytes" : 0,
        "bw_bytes" : 0,
        "bw" : 0,
        "iops" : 0.000000,
        "runtime" : 0,
        "total_ios" : 0,
        "short_ios" : 0,
        "drop_ios" : 0,
        "slat_ns" : {
          "min" : 0,
          "max" : 0,
          "mean" : 0.000000,
          "stddev" : 0.000000,
          "N" : 0
        },
        "clat_ns" : {
          "min" : 0,
          "max" : 0,
          "mean" : 0.000000,
          "stddev" : 0.000000,
          "N" : 0
        },
        "lat_ns" : {
          "min" : 0,
          "max" : 0,
          "mean" : 0.000000,
          "stddev" : 0.000000,
          "N" : 0
        },
        "bw_min" : 0,
        "bw_max" : 0,
        "bw_agg" : 0.000000,
        "bw_mean" : 0.000000,
        "bw_dev" : 0.000000,
        "bw_samples" : 0,
        "iops_min" : 0,
        "iops_max" : 0,
        "iops_mean" : 0.000000,
        "iops_stddev" : 0.000000,
        "iops_samples" : 0
      },
      "sync" : {
        "total_ios" : 0,
        "lat_ns" : {
          "min" : 0,
          "max" : 0,
          "mean" : 0.000000,
          "stddev" : 0.000000,
          "N" : 0
        }
      },
      "job_runtime" : 960045,
      "usr_cpu" : 17.744481,
      "sys_cpu" : 0.585077,
      "ctx" : 684813,
      "majf" : 0,
      "minf" : 149,
      "iodepth_level" : {
        "1" : 100.000000,
        "2" : 0.000000,
        "4" : 0.000000,
        "8" : 0.000000,
        "16" : 0.000000,
        "32" : 0.000000,
        ">=64" : 0.000000
      },
      "iodepth_submit" : {
        "0" : 0.000000,
        "4" : 100.000000,
        "8" : 0.000000,
        "16" : 0.000000,
        "32" : 0.000000,
        "64" : 0.000000,
        ">=64" : 0.000000
      },
      "iodepth_complete" : {
        "0" : 0.000000,
        "4" : 100.000000,
        "8" : 0.000000,
        "16" : 0.000000,
        "32" : 0.000000,
        "64" : 0.000000,
        ">=64" : 0.000000
      },
      "latency_ns" : {
        "2" : 0.000000,
        "4" : 0.000000,
        "10" : 0.000000,
        "20" : 0.000000,
        "50" : 0.000000,
        "100" : 0.000000,
        "250" : 0.000000,
        "500" : 0.000000,
        "750" : 0.000000,
        "1000" : 0.000000
      },
      "latency_us" : {
        "2" : 0.000000,
        "4" : 0.000000,
        "10" : 0.000000,
        "20" : 0.000000,
        "50" : 0.000000,
        "100" : 0.000000,
        "250" : 0.000000,
        "500" : 0.000000,
        "750" : 0.000000,
        "1000" : 0.000000
      },
      "latency_ms" : {
        "2" : 0.000000,
        "4" : 2.712161,
        "10" : 97.229412,
        "20" : 0.014607,
        "50" : 0.039146,
        "100" : 0.010000,
        "250" : 0.000000,
        "500" : 0.000000,
        "750" : 0.000000,
        "1000" : 0.000000,
        "2000" : 0.000000,
        ">=2000" : 0.000000
      },
      "latency_depth" : 16,
      "latency_target" : 0,
      "latency_percentile" : 100.000000,
      "latency_window" : 0
    }
  ]
}
