{
  "fio version" : "fio-3.23",
  "timestamp" : 1757355519,
  "timestamp_ms" : 1757355519728,
  "time" : "Mon Sep  8 18:18:39 2025",
  "jobs" : [
    {
      "jobname" : "14",
      "groupid" : 0,
      "error" : 0,
      "eta" : 0,
      "elapsed" : 61,
      "job options" : {
        "name" : "14",
        "rw" : "rw",
        "unified_rw_reporting" : "1",
        "bs" : "4K",
        "numjobs" : "16",
        "iodepth" : "4",
        "runtime" : "60",
        "directory" : "/tmp/e2sar/rgeorge-fio_test-m_14",
        "direct" : "1",
        "buffered" : "0",
        "randrepeat" : "0",
        "size" : "128M",
        "ioengine" : "pvsync",
        "lat_percentiles" : "1"
      },
      "mixed" : {
        "io_bytes" : 11439456256,
        "io_kbytes" : 11171344,
        "bw_bytes" : 190654426,
        "bw" : 186185,
        "iops" : 46546.490892,
        "runtime" : 60001,
        "total_ios" : 2792836,
        "short_ios" : 0,
        "drop_ios" : 0,
        "slat_ns" : {
          "min" : 0,
          "max" : 0,
          "mean" : 0.000000,
          "stddev" : 0.000000,
          "N" : 0
        },
        "clat_ns" : {
          "min" : 124884,
          "max" : 209490045,
          "mean" : 342489.211128,
          "stddev" : 1114645.089074,
          "N" : 2792836,
          "percentile" : {
            "1.000000" : 164864,
            "5.000000" : 189440,
            "10.000000" : 216064,
            "20.000000" : 268288,
            "30.000000" : 288768,
            "40.000000" : 305152,
            "50.000000" : 317440,
            "60.000000" : 329728,
            "70.000000" : 346112,
            "80.000000" : 362496,
            "90.000000" : 391168,
            "95.000000" : 423936,
            "99.000000" : 493568,
            "99.500000" : 528384,
            "99.900000" : 1302528,
            "99.950000" : 22413312,
            "99.990000" : 56360960
          }
        },
        "lat_ns" : {
          "min" : 124920,
          "max" : 209490088,
          "mean" : 342556.839137,
          "stddev" : 1114644.748787,
          "N" : 2792836,
          "percentile" : {
            "1.000000" : 164864,
            "5.000000" : 189440,
            "10.000000" : 216064,
            "20.000000" : 268288,
            "30.000000" : 288768,
            "40.000000" : 305152,
            "50.000000" : 317440,
            "60.000000" : 329728,
            "70.000000" : 346112,
            "80.000000" : 362496,
            "90.000000" : 391168,
            "95.000000" : 423936,
            "99.000000" : 493568,
            "99.500000" : 528384,
            "99.900000" : 1302528,
            "99.950000" : 22413312,
            "99.990000" : 56360960
          }
        },
        "bw_min" : 144208,
        "bw_max" : 219160,
        "bw_agg" : 100.000000,
        "bw_mean" : 186391.731092,
        "bw_dev" : 514.747813,
        "bw_samples" : 3808,
        "iops_min" : 36052,
        "iops_max" : 54790,
        "iops_mean" : 46597.932773,
        "iops_stddev" : 128.687121,
        "iops_samples" : 3808
      },
      "job_runtime" : 960000,
      "usr_cpu" : 0.663021,
      "sys_cpu" : 1.613125,
      "ctx" : 2792953,
      "majf" : 0,
      "minf" : 309,
      "iodepth_level" : {
        "1" : 100.000000,
        "2" : 0.000000,
        "4" : 0.000000,
        "8" : 0.000000,
        "16" : 0.000000,
        "32" : 0.000000,
        ">=64" : 0.000000
      },
      "iodepth_submit" : {
        "0" : 0.000000,
        "4" : 100.000000,
        "8" : 0.000000,
        "16" : 0.000000,
        "32" : 0.000000,
        "64" : 0.000000,
        ">=64" : 0.000000
      },
      "iodepth_complete" : {
        "0" : 0.000000,
        "4" : 100.000000,
        "8" : 0.000000,
        "16" : 0.000000,
        "32" : 0.000000,
        "64" : 0.000000,
        ">=64" : 0.000000
      },
      "latency_ns" : {
        "2" : 0.000000,
        "4" : 0.000000,
        "10" : 0.000000,
        "20" : 0.000000,
        "50" : 0.000000,
        "100" : 0.000000,
        "250" : 0.000000,
        "500" : 0.000000,
        "750" : 0.000000,
        "1000" : 0.000000
      },
      "latency_us" : {
        "2" : 0.000000,
        "4" : 0.000000,
        "10" : 0.000000,
        "20" : 0.000000,
        "50" : 0.000000,
        "100" : 0.000000,
        "250" : 15.554440,
        "500" : 83.609636,
        "750" : 0.598496,
        "1000" : 0.026854
      },
      "latency_ms" : {
        "2" : 0.122635,
        "4" : 0.010000,
        "10" : 0.011529,
        "20" : 0.015432,
        "50" : 0.034947,
        "100" : 0.017545,
        "250" : 0.010000,
        "500" : 0.000000,
        "750" : 0.000000,
        "1000" : 0.000000,
        "2000" : 0.000000,
        ">=2000" : 0.000000
      },
      "latency_depth" : 4,
      "latency_target" : 0,
      "latency_percentile" : 100.000000,
      "latency_window" : 0
    }
  ]
}
