{
  "fio version" : "fio-3.23",
  "timestamp" : 1757451877,
  "timestamp_ms" : 1757451877733,
  "time" : "Tue Sep  9 21:04:37 2025",
  "jobs" : [
    {
      "jobname" : "RandR-1M-64-4",
      "groupid" : 0,
      "error" : 0,
      "eta" : 0,
      "elapsed" : 61,
      "job options" : {
        "name" : "RandR-1M-64-4",
        "rw" : "randread",
        "unified_rw_reporting" : "0",
        "bs" : "1M",
        "numjobs" : "64",
        "iodepth" : "4",
        "runtime" : "60",
        "directory" : "/tmp/e2sar/rgeorge-fio_test-m_RandR-1M-64-4",
        "direct" : "1",
        "buffered" : "0",
        "randrepeat" : "0",
        "size" : "128M",
        "ioengine" : "pvsync",
        "lat_percentiles" : "1"
      },
      "read" : {
        "io_bytes" : 194590539776,
        "io_kbytes" : 190029824,
        "bw_bytes" : 3242094964,
        "bw" : 3166108,
        "iops" : 3091.902699,
        "runtime" : 60020,
        "total_ios" : 185576,
        "short_ios" : 0,
        "drop_ios" : 0,
        "slat_ns" : {
          "min" : 0,
          "max" : 0,
          "mean" : 0.000000,
          "stddev" : 0.000000,
          "N" : 0
        },
        "clat_ns" : {
          "min" : 1380420,
          "max" : 107708930,
          "mean" : 20683777.205592,
          "stddev" : 2202730.358929,
          "N" : 185576,
          "percentile" : {
            "1.000000" : 19005440,
            "5.000000" : 19529728,
            "10.000000" : 19791872,
            "20.000000" : 20054016,
            "30.000000" : 20316160,
            "40.000000" : 20578304,
            "50.000000" : 20578304,
            "60.000000" : 20840448,
            "70.000000" : 20840448,
            "80.000000" : 21102592,
            "90.000000" : 21364736,
            "95.000000" : 21626880,
            "99.000000" : 22151168,
            "99.500000" : 22675456,
            "99.900000" : 49020928,
            "99.950000" : 86507520,
            "99.990000" : 96993280
          }
        },
        "lat_ns" : {
          "min" : 1380827,
          "max" : 107709089,
          "mean" : 20683832.653107,
          "stddev" : 2202730.474765,
          "N" : 185576,
          "percentile" : {
            "1.000000" : 19005440,
            "5.000000" : 19529728,
            "10.000000" : 19791872,
            "20.000000" : 20054016,
            "30.000000" : 20316160,
            "40.000000" : 20578304,
            "50.000000" : 20578304,
            "60.000000" : 20840448,
            "70.000000" : 20840448,
            "80.000000" : 21102592,
            "90.000000" : 21364736,
            "95.000000" : 21626880,
            "99.000000" : 22151168,
            "99.500000" : 22675456,
            "99.900000" : 49020928,
            "99.950000" : 86507520,
            "99.990000" : 96993280
          }
        },
        "bw_min" : 2676736,
        "bw_max" : 3325952,
        "bw_agg" : 100.000000,
        "bw_mean" : 3170975.462185,
        "bw_dev" : 1590.795264,
        "bw_samples" : 7616,
        "iops_min" : 2614,
        "iops_max" : 3248,
        "iops_mean" : 3096.344538,
        "iops_stddev" : 1.556127,
        "iops_samples" : 7616
      },
      "write" : {
        "io_bytes" : 0,
        "io_kbytes" : 0,
        "bw_bytes" : 0,
        "bw" : 0,
        "iops" : 0.000000,
        "runtime" : 0,
        "total_ios" : 0,
        "short_ios" : 0,
        "drop_ios" : 0,
        "slat_ns" : {
          "min" : 0,
          "max" : 0,
          "mean" : 0.000000,
          "stddev" : 0.000000,
          "N" : 0
        },
        "clat_ns" : {
          "min" : 0,
          "max" : 0,
          "mean" : 0.000000,
          "stddev" : 0.000000,
          "N" : 0
        },
        "lat_ns" : {
          "min" : 0,
          "max" : 0,
          "mean" : 0.000000,
          "stddev" : 0.000000,
          "N" : 0
        },
        "bw_min" : 0,
        "bw_max" : 0,
        "bw_agg" : 0.000000,
        "bw_mean" : 0.000000,
        "bw_dev" : 0.000000,
        "bw_samples" : 0,
        "iops_min" : 0,
        "iops_max" : 0,
        "iops_mean" : 0.000000,
        "iops_stddev" : 0.000000,
        "iops_samples" : 0
      },
      "trim" : {
        "io_bytes" : 0,
        "io_kbytes" : 0,
        "bw_bytes" : 0,
        "bw" : 0,
        "iops" : 0.000000,
        "runtime" : 0,
        "total_ios" : 0,
        "short_ios" : 0,
        "drop_ios" : 0,
        "slat_ns" : {
          "min" : 0,
          "max" : 0,
          "mean" : 0.000000,
          "stddev" : 0.000000,
          "N" : 0
        },
        "clat_ns" : {
          "min" : 0,
          "max" : 0,
          "mean" : 0.000000,
          "stddev" : 0.000000,
          "N" : 0
        },
        "lat_ns" : {
          "min" : 0,
          "max" : 0,
          "mean" : 0.000000,
          "stddev" : 0.000000,
          "N" : 0
        },
        "bw_min" : 0,
        "bw_max" : 0,
        "bw_agg" : 0.000000,
        "bw_mean" : 0.000000,
        "bw_dev" : 0.000000,
        "bw_samples" : 0,
        "iops_min" : 0,
        "iops_max" : 0,
        "iops_mean" : 0.000000,
        "iops_stddev" : 0.000000,
        "iops_samples" : 0
      },
      "sync" : {
        "total_ios" : 0,
        "lat_ns" : {
          "min" : 0,
          "max" : 0,
          "mean" : 0.000000,
          "stddev" : 0.000000,
          "N" : 0
        }
      },
      "job_runtime" : 3840627,
      "usr_cpu" : 0.005650,
      "sys_cpu" : 0.061292,
      "ctx" : 185908,
      "majf" : 0,
      "minf" : 5988,
      "iodepth_level" : {
        "1" : 100.000000,
        "2" : 0.000000,
        "4" : 0.000000,
        "8" : 0.000000,
        "16" : 0.000000,
        "32" : 0.000000,
        ">=64" : 0.000000
      },
      "iodepth_submit" : {
        "0" : 0.000000,
        "4" : 100.000000,
        "8" : 0.000000,
        "16" : 0.000000,
        "32" : 0.000000,
        "64" : 0.000000,
        ">=64" : 0.000000
      },
      "iodepth_complete" : {
        "0" : 0.000000,
        "4" : 100.000000,
        "8" : 0.000000,
        "16" : 0.000000,
        "32" : 0.000000,
        "64" : 0.000000,
        ">=64" : 0.000000
      },
      "latency_ns" : {
        "2" : 0.000000,
        "4" : 0.000000,
        "10" : 0.000000,
        "20" : 0.000000,
        "50" : 0.000000,
        "100" : 0.000000,
        "250" : 0.000000,
        "500" : 0.000000,
        "750" : 0.000000,
        "1000" : 0.000000
      },
      "latency_us" : {
        "2" : 0.000000,
        "4" : 0.000000,
        "10" : 0.000000,
        "20" : 0.000000,
        "50" : 0.000000,
        "100" : 0.000000,
        "250" : 0.000000,
        "500" : 0.000000,
        "750" : 0.000000,
        "1000" : 0.000000
      },
      "latency_ms" : {
        "2" : 0.010000,
        "4" : 0.010000,
        "10" : 0.010000,
        "20" : 18.130577,
        "50" : 81.769733,
        "100" : 0.091068,
        "250" : 0.010000,
        "500" : 0.000000,
        "750" : 0.000000,
        "1000" : 0.000000,
        "2000" : 0.000000,
        ">=2000" : 0.000000
      },
      "latency_depth" : 4,
      "latency_target" : 0,
      "latency_percentile" : 100.000000,
      "latency_window" : 0
    }
  ]
}
