{
  "fio version" : "fio-3.23",
  "timestamp" : 1757446975,
  "timestamp_ms" : 1757446975514,
  "time" : "Tue Sep  9 19:42:55 2025",
  "jobs" : [
    {
      "jobname" : "RandWH-16K-128-64",
      "groupid" : 0,
      "error" : 0,
      "eta" : 0,
      "elapsed" : 62,
      "job options" : {
        "name" : "RandWH-16K-128-64",
        "rw" : "randrw",
        "rwmixread" : "20",
        "unified_rw_reporting" : "1",
        "bs" : "16K",
        "numjobs" : "128",
        "iodepth" : "64",
        "runtime" : "60",
        "directory" : "/tmp/e2sar/rgeorge-fio_test-m_RandWH-16K-128-64",
        "direct" : "1",
        "buffered" : "0",
        "randrepeat" : "0",
        "size" : "128M",
        "ioengine" : "pvsync",
        "lat_percentiles" : "1"
      },
      "mixed" : {
        "io_bytes" : 52142604288,
        "io_kbytes" : 50920512,
        "bw_bytes" : 868985472,
        "bw" : 848618,
        "iops" : 53038.664089,
        "runtime" : 60004,
        "total_ios" : 3182532,
        "short_ios" : 0,
        "drop_ios" : 0,
        "slat_ns" : {
          "min" : 0,
          "max" : 0,
          "mean" : 0.000000,
          "stddev" : 0.000000,
          "N" : 0
        },
        "clat_ns" : {
          "min" : 194992,
          "max" : 426610016,
          "mean" : 2396166.178698,
          "stddev" : 2736334.882521,
          "N" : 3182532,
          "percentile" : {
            "1.000000" : 1318912,
            "5.000000" : 1744896,
            "10.000000" : 1941504,
            "20.000000" : 2039808,
            "30.000000" : 2113536,
            "40.000000" : 2146304,
            "50.000000" : 2179072,
            "60.000000" : 2211840,
            "70.000000" : 2277376,
            "80.000000" : 2375680,
            "90.000000" : 2670592,
            "95.000000" : 2801664,
            "99.000000" : 5079040,
            "99.500000" : 11730944,
            "99.900000" : 49545216,
            "99.950000" : 64225280,
            "99.990000" : 85458944
          }
        },
        "lat_ns" : {
          "min" : 195213,
          "max" : 426610272,
          "mean" : 2396272.491116,
          "stddev" : 2736333.337210,
          "N" : 3182532,
          "percentile" : {
            "1.000000" : 1318912,
            "5.000000" : 1744896,
            "10.000000" : 1941504,
            "20.000000" : 2039808,
            "30.000000" : 2113536,
            "40.000000" : 2146304,
            "50.000000" : 2179072,
            "60.000000" : 2211840,
            "70.000000" : 2277376,
            "80.000000" : 2375680,
            "90.000000" : 2670592,
            "95.000000" : 2801664,
            "99.000000" : 5079040,
            "99.500000" : 11730944,
            "99.900000" : 49545216,
            "99.950000" : 64225280,
            "99.990000" : 85458944
          }
        },
        "bw_min" : 369404,
        "bw_max" : 1373321,
        "bw_agg" : 100.000000,
        "bw_mean" : 851134.262000,
        "bw_dev" : 649.532020,
        "bw_samples" : 30399,
        "iops_min" : 23071,
        "iops_max" : 85805,
        "iops_mean" : 53169.428429,
        "iops_stddev" : 40.596762,
        "iops_samples" : 30399
      },
      "job_runtime" : 7680030,
      "usr_cpu" : 0.221900,
      "sys_cpu" : 0.284765,
      "ctx" : 3183506,
      "majf" : 0,
      "minf" : 2229,
      "iodepth_level" : {
        "1" : 100.000000,
        "2" : 0.000000,
        "4" : 0.000000,
        "8" : 0.000000,
        "16" : 0.000000,
        "32" : 0.000000,
        ">=64" : 0.000000
      },
      "iodepth_submit" : {
        "0" : 0.000000,
        "4" : 100.000000,
        "8" : 0.000000,
        "16" : 0.000000,
        "32" : 0.000000,
        "64" : 0.000000,
        ">=64" : 0.000000
      },
      "iodepth_complete" : {
        "0" : 0.000000,
        "4" : 100.000000,
        "8" : 0.000000,
        "16" : 0.000000,
        "32" : 0.000000,
        "64" : 0.000000,
        ">=64" : 0.000000
      },
      "latency_ns" : {
        "2" : 0.000000,
        "4" : 0.000000,
        "10" : 0.000000,
        "20" : 0.000000,
        "50" : 0.000000,
        "100" : 0.000000,
        "250" : 0.000000,
        "500" : 0.000000,
        "750" : 0.000000,
        "1000" : 0.000000
      },
      "latency_us" : {
        "2" : 0.000000,
        "4" : 0.000000,
        "10" : 0.000000,
        "20" : 0.000000,
        "50" : 0.000000,
        "100" : 0.000000,
        "250" : 0.017565,
        "500" : 0.185953,
        "750" : 0.164680,
        "1000" : 0.191514
      },
      "latency_ms" : {
        "2" : 14.688839,
        "4" : 83.326955,
        "10" : 0.871696,
        "20" : 0.205214,
        "50" : 0.250241,
        "100" : 0.095082,
        "250" : 0.010000,
        "500" : 0.010000,
        "750" : 0.000000,
        "1000" : 0.000000,
        "2000" : 0.000000,
        ">=2000" : 0.000000
      },
      "latency_depth" : 64,
      "latency_target" : 0,
      "latency_percentile" : 100.000000,
      "latency_window" : 0
    }
  ]
}
