{
  "fio version" : "fio-3.23",
  "timestamp" : 1757026961,
  "timestamp_ms" : 1757026961249,
  "time" : "Thu Sep  4 23:02:41 2025",
  "jobs" : [
    {
      "jobname" : "SeqW-16K-32-128",
      "groupid" : 0,
      "error" : 0,
      "eta" : 0,
      "elapsed" : 61,
      "job options" : {
        "name" : "SeqW-16K-32-128",
        "numjobs" : "32",
        "runtime" : "60",
        "directory" : "/tmp/e2sar/rgeorge-fio_test-p2s_SeqW-16K-32-128",
        "direct" : "1",
        "buffered" : "0",
        "rw" : "write",
        "unified_rw_reporting" : "0",
        "randrepeat" : "0",
        "bs" : "16K",
        "size" : "128M",
        "ioengine" : "pvsync",
        "iodepth" : "128",
        "lat_percentiles" : "1"
      },
      "read" : {
        "io_bytes" : 0,
        "io_kbytes" : 0,
        "bw_bytes" : 0,
        "bw" : 0,
        "iops" : 0.000000,
        "runtime" : 0,
        "total_ios" : 0,
        "short_ios" : 0,
        "drop_ios" : 0,
        "slat_ns" : {
          "min" : 0,
          "max" : 0,
          "mean" : 0.000000,
          "stddev" : 0.000000,
          "N" : 0
        },
        "clat_ns" : {
          "min" : 0,
          "max" : 0,
          "mean" : 0.000000,
          "stddev" : 0.000000,
          "N" : 0
        },
        "lat_ns" : {
          "min" : 0,
          "max" : 0,
          "mean" : 0.000000,
          "stddev" : 0.000000,
          "N" : 0
        },
        "bw_min" : 0,
        "bw_max" : 0,
        "bw_agg" : 0.000000,
        "bw_mean" : 0.000000,
        "bw_dev" : 0.000000,
        "bw_samples" : 0,
        "iops_min" : 0,
        "iops_max" : 0,
        "iops_mean" : 0.000000,
        "iops_stddev" : 0.000000,
        "iops_samples" : 0
      },
      "write" : {
        "io_bytes" : 66538553344,
        "io_kbytes" : 64979056,
        "bw_bytes" : 1108938924,
        "bw" : 1082948,
        "iops" : 67684.260525,
        "runtime" : 60002,
        "total_ios" : 4061191,
        "short_ios" : 0,
        "drop_ios" : 0,
        "slat_ns" : {
          "min" : 0,
          "max" : 0,
          "mean" : 0.000000,
          "stddev" : 0.000000,
          "N" : 0
        },
        "clat_ns" : {
          "min" : 132942,
          "max" : 1302626813,
          "mean" : 467156.521381,
          "stddev" : 1638240.734005,
          "N" : 4061191,
          "percentile" : {
            "1.000000" : 211968,
            "5.000000" : 325632,
            "10.000000" : 366592,
            "20.000000" : 395264,
            "30.000000" : 407552,
            "40.000000" : 423936,
            "50.000000" : 432128,
            "60.000000" : 444416,
            "70.000000" : 460800,
            "80.000000" : 481280,
            "90.000000" : 514048,
            "95.000000" : 577536,
            "99.000000" : 741376,
            "99.500000" : 782336,
            "99.900000" : 3719168,
            "99.950000" : 11468800,
            "99.990000" : 66846720
          }
        },
        "lat_ns" : {
          "min" : 132997,
          "max" : 1302626911,
          "mean" : 467294.131294,
          "stddev" : 1638240.443135,
          "N" : 4061191,
          "percentile" : {
            "1.000000" : 211968,
            "5.000000" : 325632,
            "10.000000" : 366592,
            "20.000000" : 395264,
            "30.000000" : 407552,
            "40.000000" : 423936,
            "50.000000" : 436224,
            "60.000000" : 444416,
            "70.000000" : 460800,
            "80.000000" : 481280,
            "90.000000" : 514048,
            "95.000000" : 577536,
            "99.000000" : 741376,
            "99.500000" : 782336,
            "99.900000" : 3719168,
            "99.950000" : 11468800,
            "99.990000" : 66846720
          }
        },
        "bw_min" : 431147,
        "bw_max" : 1217654,
        "bw_agg" : 100.000000,
        "bw_mean" : 1084892.147943,
        "bw_dev" : 4263.011300,
        "bw_samples" : 3805,
        "iops_min" : 26943,
        "iops_max" : 76103,
        "iops_mean" : 67799.337005,
        "iops_stddev" : 266.453014,
        "iops_samples" : 3805
      },
      "trim" : {
        "io_bytes" : 0,
        "io_kbytes" : 0,
        "bw_bytes" : 0,
        "bw" : 0,
        "iops" : 0.000000,
        "runtime" : 0,
        "total_ios" : 0,
        "short_ios" : 0,
        "drop_ios" : 0,
        "slat_ns" : {
          "min" : 0,
          "max" : 0,
          "mean" : 0.000000,
          "stddev" : 0.000000,
          "N" : 0
        },
        "clat_ns" : {
          "min" : 0,
          "max" : 0,
          "mean" : 0.000000,
          "stddev" : 0.000000,
          "N" : 0
        },
        "lat_ns" : {
          "min" : 0,
          "max" : 0,
          "mean" : 0.000000,
          "stddev" : 0.000000,
          "N" : 0
        },
        "bw_min" : 0,
        "bw_max" : 0,
        "bw_agg" : 0.000000,
        "bw_mean" : 0.000000,
        "bw_dev" : 0.000000,
        "bw_samples" : 0,
        "iops_min" : 0,
        "iops_max" : 0,
        "iops_mean" : 0.000000,
        "iops_stddev" : 0.000000,
        "iops_samples" : 0
      },
      "sync" : {
        "total_ios" : 0,
        "lat_ns" : {
          "min" : 0,
          "max" : 0,
          "mean" : 0.000000,
          "stddev" : 0.000000,
          "N" : 0
        }
      },
      "job_runtime" : 1920002,
      "usr_cpu" : 1.450363,
      "sys_cpu" : 1.517238,
      "ctx" : 4061504,
      "majf" : 0,
      "minf" : 439,
      "iodepth_level" : {
        "1" : 100.000000,
        "2" : 0.000000,
        "4" : 0.000000,
        "8" : 0.000000,
        "16" : 0.000000,
        "32" : 0.000000,
        ">=64" : 0.000000
      },
      "iodepth_submit" : {
        "0" : 0.000000,
        "4" : 100.000000,
        "8" : 0.000000,
        "16" : 0.000000,
        "32" : 0.000000,
        "64" : 0.000000,
        ">=64" : 0.000000
      },
      "iodepth_complete" : {
        "0" : 0.000000,
        "4" : 100.000000,
        "8" : 0.000000,
        "16" : 0.000000,
        "32" : 0.000000,
        "64" : 0.000000,
        ">=64" : 0.000000
      },
      "latency_ns" : {
        "2" : 0.000000,
        "4" : 0.000000,
        "10" : 0.000000,
        "20" : 0.000000,
        "50" : 0.000000,
        "100" : 0.000000,
        "250" : 0.000000,
        "500" : 0.000000,
        "750" : 0.000000,
        "1000" : 0.000000
      },
      "latency_us" : {
        "2" : 0.000000,
        "4" : 0.000000,
        "10" : 0.000000,
        "20" : 0.000000,
        "50" : 0.000000,
        "100" : 0.000000,
        "250" : 1.774898,
        "500" : 85.055936,
        "750" : 12.267534,
        "1000" : 0.690610
      },
      "latency_ms" : {
        "2" : 0.075815,
        "4" : 0.038043,
        "10" : 0.044076,
        "20" : 0.020043,
        "50" : 0.018123,
        "100" : 0.010982,
        "250" : 0.010000,
        "500" : 0.010000,
        "750" : 0.010000,
        "1000" : 0.000000,
        "2000" : 0.010000,
        ">=2000" : 0.000000
      },
      "latency_depth" : 128,
      "latency_target" : 0,
      "latency_percentile" : 100.000000,
      "latency_window" : 0
    }
  ]
}
