{
  "fio version" : "fio-3.23",
  "timestamp" : 1757277298,
  "timestamp_ms" : 1757277298688,
  "time" : "Sun Sep  7 20:34:58 2025",
  "jobs" : [
    {
      "jobname" : "RandBal-4M-128-1",
      "groupid" : 0,
      "error" : 0,
      "eta" : 0,
      "elapsed" : 62,
      "job options" : {
        "name" : "RandBal-4M-128-1",
        "numjobs" : "128",
        "runtime" : "60",
        "directory" : "/tmp/e2sar/rgeorge-fio_test-p4r_RandBal-4M-128-1",
        "direct" : "1",
        "buffered" : "0",
        "rw" : "randrw",
        "unified_rw_reporting" : "1",
        "randrepeat" : "0",
        "bs" : "4M",
        "size" : "128M",
        "ioengine" : "pvsync",
        "iodepth" : "1",
        "lat_percentiles" : "1"
      },
      "mixed" : {
        "io_bytes" : 181785329664,
        "io_kbytes" : 177524736,
        "bw_bytes" : 3025016302,
        "bw" : 2954117,
        "iops" : 721.220089,
        "runtime" : 60094,
        "total_ios" : 43341,
        "short_ios" : 0,
        "drop_ios" : 0,
        "slat_ns" : {
          "min" : 0,
          "max" : 0,
          "mean" : 0.000000,
          "stddev" : 0.000000,
          "N" : 0
        },
        "clat_ns" : {
          "min" : 3663470,
          "max" : 1824317180,
          "mean" : 175182133.781339,
          "stddev" : 132696575.818226,
          "N" : 43341,
          "percentile" : {
            "1.000000" : 71827456,
            "5.000000" : 108527616,
            "10.000000" : 117964800,
            "20.000000" : 125304832,
            "30.000000" : 130547712,
            "40.000000" : 133693440,
            "50.000000" : 137363456,
            "60.000000" : 139460608,
            "70.000000" : 143654912,
            "80.000000" : 156237824,
            "90.000000" : 274726912,
            "95.000000" : 396361728,
            "99.000000" : 801112064,
            "99.500000" : 985661440,
            "99.900000" : 1333788672,
            "99.950000" : 1468006400,
            "99.990000" : 1635778560
          }
        },
        "lat_ns" : {
          "min" : 3663539,
          "max" : 1824317300,
          "mean" : 175182499.116541,
          "stddev" : 132696599.291106,
          "N" : 43341,
          "percentile" : {
            "1.000000" : 71827456,
            "5.000000" : 108527616,
            "10.000000" : 117964800,
            "20.000000" : 125304832,
            "30.000000" : 130547712,
            "40.000000" : 133693440,
            "50.000000" : 137363456,
            "60.000000" : 139460608,
            "70.000000" : 143654912,
            "80.000000" : 156237824,
            "90.000000" : 274726912,
            "95.000000" : 396361728,
            "99.000000" : 801112064,
            "99.500000" : 985661440,
            "99.900000" : 1333788672,
            "99.950000" : 1468006400,
            "99.990000" : 1635778560
          }
        },
        "bw_min" : 2097084,
        "bw_max" : 8929280,
        "bw_agg" : 100.000000,
        "bw_mean" : 3789647.038391,
        "bw_dev" : 6944.050275,
        "bw_samples" : 23775,
        "iops_min" : 508,
        "iops_max" : 2180,
        "iops_mean" : 925.133990,
        "iops_stddev" : 1.695338,
        "iops_samples" : 23775
      },
      "job_runtime" : 7685790,
      "usr_cpu" : 0.297393,
      "sys_cpu" : 0.080499,
      "ctx" : 174527,
      "majf" : 0,
      "minf" : 1974,
      "iodepth_level" : {
        "1" : 100.000000,
        "2" : 0.000000,
        "4" : 0.000000,
        "8" : 0.000000,
        "16" : 0.000000,
        "32" : 0.000000,
        ">=64" : 0.000000
      },
      "iodepth_submit" : {
        "0" : 0.000000,
        "4" : 100.000000,
        "8" : 0.000000,
        "16" : 0.000000,
        "32" : 0.000000,
        "64" : 0.000000,
        ">=64" : 0.000000
      },
      "iodepth_complete" : {
        "0" : 0.000000,
        "4" : 100.000000,
        "8" : 0.000000,
        "16" : 0.000000,
        "32" : 0.000000,
        "64" : 0.000000,
        ">=64" : 0.000000
      },
      "latency_ns" : {
        "2" : 0.000000,
        "4" : 0.000000,
        "10" : 0.000000,
        "20" : 0.000000,
        "50" : 0.000000,
        "100" : 0.000000,
        "250" : 0.000000,
        "500" : 0.000000,
        "750" : 0.000000,
        "1000" : 0.000000
      },
      "latency_us" : {
        "2" : 0.000000,
        "4" : 0.000000,
        "10" : 0.000000,
        "20" : 0.000000,
        "50" : 0.000000,
        "100" : 0.000000,
        "250" : 0.000000,
        "500" : 0.000000,
        "750" : 0.000000,
        "1000" : 0.000000
      },
      "latency_ms" : {
        "2" : 0.000000,
        "4" : 0.010000,
        "10" : 0.083062,
        "20" : 0.069219,
        "50" : 0.242265,
        "100" : 2.568007,
        "250" : 84.965737,
        "500" : 8.769987,
        "750" : 1.977342,
        "1000" : 0.853695,
        "2000" : 0.468379,
        ">=2000" : 0.000000
      },
      "latency_depth" : 1,
      "latency_target" : 0,
      "latency_percentile" : 100.000000,
      "latency_window" : 0
    }
  ]
}
