{
  "fio version" : "fio-3.23",
  "timestamp" : 1756961132,
  "timestamp_ms" : 1756961132238,
  "time" : "Thu Sep  4 04:45:32 2025",
  "jobs" : [
    {
      "jobname" : "SeqRH-4K-16-16",
      "groupid" : 0,
      "error" : 0,
      "eta" : 0,
      "elapsed" : 63,
      "job options" : {
        "name" : "SeqRH-4K-16-16",
        "numjobs" : "16",
        "runtime" : "60",
        "directory" : "/tmp/e2sar/rgeorge-fio_test-p1s_SeqRH-4K-16-16",
        "direct" : "1",
        "buffered" : "0",
        "rw" : "rw",
        "rwmixread" : "80",
        "unified_rw_reporting" : "1",
        "randrepeat" : "0",
        "bs" : "4K",
        "size" : "128M",
        "ioengine" : "pvsync",
        "iodepth" : "16",
        "lat_percentiles" : "1"
      },
      "mixed" : {
        "io_bytes" : 11500441600,
        "io_kbytes" : 11230900,
        "bw_bytes" : 191667637,
        "bw" : 187175,
        "iops" : 46793.856871,
        "runtime" : 60002,
        "total_ios" : 2807725,
        "short_ios" : 0,
        "drop_ios" : 0,
        "slat_ns" : {
          "min" : 0,
          "max" : 0,
          "mean" : 0.000000,
          "stddev" : 0.000000,
          "N" : 0
        },
        "clat_ns" : {
          "min" : 118032,
          "max" : 456883891,
          "mean" : 341042.550969,
          "stddev" : 1198701.473558,
          "N" : 2807725,
          "percentile" : {
            "1.000000" : 173056,
            "5.000000" : 211968,
            "10.000000" : 254976,
            "20.000000" : 288768,
            "30.000000" : 305152,
            "40.000000" : 317440,
            "50.000000" : 325632,
            "60.000000" : 337920,
            "70.000000" : 346112,
            "80.000000" : 362496,
            "90.000000" : 378880,
            "95.000000" : 399360,
            "99.000000" : 464896,
            "99.500000" : 493568,
            "99.900000" : 823296,
            "99.950000" : 7569408,
            "99.990000" : 53739520
          }
        },
        "lat_ns" : {
          "min" : 118076,
          "max" : 456883934,
          "mean" : 341085.259044,
          "stddev" : 1198701.573791,
          "N" : 2807725,
          "percentile" : {
            "1.000000" : 173056,
            "5.000000" : 211968,
            "10.000000" : 254976,
            "20.000000" : 288768,
            "30.000000" : 305152,
            "40.000000" : 317440,
            "50.000000" : 325632,
            "60.000000" : 337920,
            "70.000000" : 346112,
            "80.000000" : 362496,
            "90.000000" : 378880,
            "95.000000" : 399360,
            "99.000000" : 464896,
            "99.500000" : 493568,
            "99.900000" : 823296,
            "99.950000" : 7569408,
            "99.990000" : 53739520
          }
        },
        "bw_min" : 87464,
        "bw_max" : 216760,
        "bw_agg" : 100.000000,
        "bw_mean" : 187352.268908,
        "bw_dev" : 723.559634,
        "bw_samples" : 3808,
        "iops_min" : 21866,
        "iops_max" : 54190,
        "iops_mean" : 46838.067227,
        "iops_stddev" : 180.889908,
        "iops_samples" : 3808
      },
      "job_runtime" : 960003,
      "usr_cpu" : 0.463332,
      "sys_cpu" : 1.430412,
      "ctx" : 2807845,
      "majf" : 0,
      "minf" : 319,
      "iodepth_level" : {
        "1" : 100.000000,
        "2" : 0.000000,
        "4" : 0.000000,
        "8" : 0.000000,
        "16" : 0.000000,
        "32" : 0.000000,
        ">=64" : 0.000000
      },
      "iodepth_submit" : {
        "0" : 0.000000,
        "4" : 100.000000,
        "8" : 0.000000,
        "16" : 0.000000,
        "32" : 0.000000,
        "64" : 0.000000,
        ">=64" : 0.000000
      },
      "iodepth_complete" : {
        "0" : 0.000000,
        "4" : 100.000000,
        "8" : 0.000000,
        "16" : 0.000000,
        "32" : 0.000000,
        "64" : 0.000000,
        ">=64" : 0.000000
      },
      "latency_ns" : {
        "2" : 0.000000,
        "4" : 0.000000,
        "10" : 0.000000,
        "20" : 0.000000,
        "50" : 0.000000,
        "100" : 0.000000,
        "250" : 0.000000,
        "500" : 0.000000,
        "750" : 0.000000,
        "1000" : 0.000000
      },
      "latency_us" : {
        "2" : 0.000000,
        "4" : 0.000000,
        "10" : 0.000000,
        "20" : 0.000000,
        "50" : 0.000000,
        "100" : 0.000000,
        "250" : 9.416200,
        "500" : 90.179238,
        "750" : 0.302416,
        "1000" : 0.010000
      },
      "latency_ms" : {
        "2" : 0.010000,
        "4" : 0.015920,
        "10" : 0.034298,
        "20" : 0.016846,
        "50" : 0.010000,
        "100" : 0.010000,
        "250" : 0.010000,
        "500" : 0.010000,
        "750" : 0.000000,
        "1000" : 0.000000,
        "2000" : 0.000000,
        ">=2000" : 0.000000
      },
      "latency_depth" : 16,
      "latency_target" : 0,
      "latency_percentile" : 100.000000,
      "latency_window" : 0
    }
  ]
}
