{
  "fio version" : "fio-3.23",
  "timestamp" : 1757281783,
  "timestamp_ms" : 1757281783442,
  "time" : "Sun Sep  7 21:49:43 2025",
  "jobs" : [
    {
      "jobname" : "RandWH-4K-128-8",
      "groupid" : 0,
      "error" : 0,
      "eta" : 0,
      "elapsed" : 62,
      "job options" : {
        "name" : "RandWH-4K-128-8",
        "numjobs" : "128",
        "runtime" : "60",
        "directory" : "/tmp/e2sar/rgeorge-fio_test-p4r_RandWH-4K-128-8",
        "direct" : "1",
        "buffered" : "0",
        "rw" : "randrw",
        "rwmixread" : "20",
        "unified_rw_reporting" : "1",
        "randrepeat" : "0",
        "bs" : "4K",
        "size" : "128M",
        "ioengine" : "pvsync",
        "iodepth" : "8",
        "lat_percentiles" : "1"
      },
      "mixed" : {
        "io_bytes" : 12308586496,
        "io_kbytes" : 12020104,
        "bw_bytes" : 204958645,
        "bw" : 200154,
        "iops" : 50038.731808,
        "runtime" : 60054,
        "total_ios" : 3005026,
        "short_ios" : 0,
        "drop_ios" : 0,
        "slat_ns" : {
          "min" : 0,
          "max" : 0,
          "mean" : 0.000000,
          "stddev" : 0.000000,
          "N" : 0
        },
        "clat_ns" : {
          "min" : 134589,
          "max" : 683284266,
          "mean" : 2531033.139546,
          "stddev" : 9548030.759387,
          "N" : 3005026,
          "percentile" : {
            "1.000000" : 921600,
            "5.000000" : 1236992,
            "10.000000" : 1335296,
            "20.000000" : 1449984,
            "30.000000" : 1564672,
            "40.000000" : 1695744,
            "50.000000" : 1810432,
            "60.000000" : 1892352,
            "70.000000" : 1974272,
            "80.000000" : 2072576,
            "90.000000" : 2375680,
            "95.000000" : 2965504,
            "99.000000" : 18219008,
            "99.500000" : 37486592,
            "99.900000" : 87556096,
            "99.950000" : 274726912,
            "99.990000" : 362807296
          }
        },
        "lat_ns" : {
          "min" : 134616,
          "max" : 683284312,
          "mean" : 2531122.085459,
          "stddev" : 9548030.722049,
          "N" : 3005026,
          "percentile" : {
            "1.000000" : 921600,
            "5.000000" : 1253376,
            "10.000000" : 1335296,
            "20.000000" : 1449984,
            "30.000000" : 1564672,
            "40.000000" : 1695744,
            "50.000000" : 1810432,
            "60.000000" : 1892352,
            "70.000000" : 1974272,
            "80.000000" : 2072576,
            "90.000000" : 2375680,
            "95.000000" : 2965504,
            "99.000000" : 18219008,
            "99.500000" : 37486592,
            "99.900000" : 87556096,
            "99.950000" : 274726912,
            "99.990000" : 362807296
          }
        },
        "bw_min" : 12488,
        "bw_max" : 441112,
        "bw_agg" : 100.000000,
        "bw_mean" : 201495.586722,
        "bw_dev" : 357.811904,
        "bw_samples" : 30269,
        "iops_min" : 3122,
        "iops_max" : 110278,
        "iops_mean" : 50373.877773,
        "iops_stddev" : 89.453009,
        "iops_samples" : 30269
      },
      "job_runtime" : 7680895,
      "usr_cpu" : 0.107943,
      "sys_cpu" : 0.230663,
      "ctx" : 3005984,
      "majf" : 0,
      "minf" : 2395,
      "iodepth_level" : {
        "1" : 100.000000,
        "2" : 0.000000,
        "4" : 0.000000,
        "8" : 0.000000,
        "16" : 0.000000,
        "32" : 0.000000,
        ">=64" : 0.000000
      },
      "iodepth_submit" : {
        "0" : 0.000000,
        "4" : 100.000000,
        "8" : 0.000000,
        "16" : 0.000000,
        "32" : 0.000000,
        "64" : 0.000000,
        ">=64" : 0.000000
      },
      "iodepth_complete" : {
        "0" : 0.000000,
        "4" : 100.000000,
        "8" : 0.000000,
        "16" : 0.000000,
        "32" : 0.000000,
        "64" : 0.000000,
        ">=64" : 0.000000
      },
      "latency_ns" : {
        "2" : 0.000000,
        "4" : 0.000000,
        "10" : 0.000000,
        "20" : 0.000000,
        "50" : 0.000000,
        "100" : 0.000000,
        "250" : 0.000000,
        "500" : 0.000000,
        "750" : 0.000000,
        "1000" : 0.000000
      },
      "latency_us" : {
        "2" : 0.000000,
        "4" : 0.000000,
        "10" : 0.000000,
        "20" : 0.000000,
        "50" : 0.000000,
        "100" : 0.000000,
        "250" : 0.243059,
        "500" : 0.221928,
        "750" : 0.214008,
        "1000" : 0.583123
      },
      "latency_ms" : {
        "2" : 71.975683,
        "4" : 23.173177,
        "10" : 2.026172,
        "20" : 0.628214,
        "50" : 0.602091,
        "100" : 0.243792,
        "250" : 0.027321,
        "500" : 0.060965,
        "750" : 0.010000,
        "1000" : 0.000000,
        "2000" : 0.000000,
        ">=2000" : 0.000000
      },
      "latency_depth" : 8,
      "latency_target" : 0,
      "latency_percentile" : 100.000000,
      "latency_window" : 0
    }
  ]
}
