{
  "fio version" : "fio-3.23",
  "timestamp" : 1757453970,
  "timestamp_ms" : 1757453970440,
  "time" : "Tue Sep  9 21:39:30 2025",
  "jobs" : [
    {
      "jobname" : "RandBal-1M-64-4",
      "groupid" : 0,
      "error" : 0,
      "eta" : 0,
      "elapsed" : 61,
      "job options" : {
        "name" : "RandBal-1M-64-4",
        "rw" : "randrw",
        "unified_rw_reporting" : "1",
        "bs" : "1M",
        "numjobs" : "64",
        "iodepth" : "4",
        "runtime" : "60",
        "directory" : "/tmp/e2sar/rgeorge-fio_test-m_RandBal-1M-64-4",
        "direct" : "1",
        "buffered" : "0",
        "randrepeat" : "0",
        "size" : "128M",
        "ioengine" : "pvsync",
        "lat_percentiles" : "1"
      },
      "mixed" : {
        "io_bytes" : 271839133696,
        "io_kbytes" : 265467904,
        "bw_bytes" : 4529293440,
        "bw" : 4423138,
        "iops" : 4319.470825,
        "runtime" : 60018,
        "total_ios" : 259246,
        "short_ios" : 0,
        "drop_ios" : 0,
        "slat_ns" : {
          "min" : 0,
          "max" : 0,
          "mean" : 0.000000,
          "stddev" : 0.000000,
          "N" : 0
        },
        "clat_ns" : {
          "min" : 750905,
          "max" : 502883257,
          "mean" : 14664599.325598,
          "stddev" : 5580116.629532,
          "N" : 259246,
          "percentile" : {
            "1.000000" : 8355840,
            "5.000000" : 10420224,
            "10.000000" : 11337728,
            "20.000000" : 12386304,
            "30.000000" : 13041664,
            "40.000000" : 13565952,
            "50.000000" : 14090240,
            "60.000000" : 14614528,
            "70.000000" : 15138816,
            "80.000000" : 15925248,
            "90.000000" : 16908288,
            "95.000000" : 19005440,
            "99.000000" : 32636928,
            "99.500000" : 40632320,
            "99.900000" : 90701824,
            "99.950000" : 100139008,
            "99.990000" : 149946368
          }
        },
        "lat_ns" : {
          "min" : 750944,
          "max" : 502883484,
          "mean" : 14664694.454183,
          "stddev" : 5580115.010131,
          "N" : 259246,
          "percentile" : {
            "1.000000" : 8355840,
            "5.000000" : 10420224,
            "10.000000" : 11337728,
            "20.000000" : 12386304,
            "30.000000" : 13041664,
            "40.000000" : 13565952,
            "50.000000" : 14090240,
            "60.000000" : 14614528,
            "70.000000" : 15138816,
            "80.000000" : 15925248,
            "90.000000" : 16908288,
            "95.000000" : 19005440,
            "99.000000" : 32636928,
            "99.500000" : 40632320,
            "99.900000" : 90701824,
            "99.950000" : 100139008,
            "99.990000" : 149946368
          }
        },
        "bw_min" : 2105344,
        "bw_max" : 6762225,
        "bw_agg" : 100.000000,
        "bw_mean" : 4429786.262213,
        "bw_dev" : 6504.477596,
        "bw_samples" : 15231,
        "iops_min" : 2056,
        "iops_max" : 6602,
        "iops_mean" : 4325.917248,
        "iops_stddev" : 6.351496,
        "iops_samples" : 15231
      },
      "job_runtime" : 3840398,
      "usr_cpu" : 0.767316,
      "sys_cpu" : 0.096266,
      "ctx" : 259811,
      "majf" : 0,
      "minf" : 1014,
      "iodepth_level" : {
        "1" : 100.000000,
        "2" : 0.000000,
        "4" : 0.000000,
        "8" : 0.000000,
        "16" : 0.000000,
        "32" : 0.000000,
        ">=64" : 0.000000
      },
      "iodepth_submit" : {
        "0" : 0.000000,
        "4" : 100.000000,
        "8" : 0.000000,
        "16" : 0.000000,
        "32" : 0.000000,
        "64" : 0.000000,
        ">=64" : 0.000000
      },
      "iodepth_complete" : {
        "0" : 0.000000,
        "4" : 100.000000,
        "8" : 0.000000,
        "16" : 0.000000,
        "32" : 0.000000,
        "64" : 0.000000,
        ">=64" : 0.000000
      },
      "latency_ns" : {
        "2" : 0.000000,
        "4" : 0.000000,
        "10" : 0.000000,
        "20" : 0.000000,
        "50" : 0.000000,
        "100" : 0.000000,
        "250" : 0.000000,
        "500" : 0.000000,
        "750" : 0.000000,
        "1000" : 0.000000
      },
      "latency_us" : {
        "2" : 0.000000,
        "4" : 0.000000,
        "10" : 0.000000,
        "20" : 0.000000,
        "50" : 0.000000,
        "100" : 0.000000,
        "250" : 0.000000,
        "500" : 0.000000,
        "750" : 0.000000,
        "1000" : 0.010000
      },
      "latency_ms" : {
        "2" : 0.039345,
        "4" : 0.081004,
        "10" : 3.331585,
        "20" : 92.045393,
        "50" : 4.172099,
        "100" : 0.275800,
        "250" : 0.047445,
        "500" : 0.010000,
        "750" : 0.010000,
        "1000" : 0.000000,
        "2000" : 0.000000,
        ">=2000" : 0.000000
      },
      "latency_depth" : 4,
      "latency_target" : 0,
      "latency_percentile" : 100.000000,
      "latency_window" : 0
    }
  ]
}
