{
  "fio version" : "fio-3.23",
  "timestamp" : 1757017020,
  "timestamp_ms" : 1757017020540,
  "time" : "Thu Sep  4 20:17:00 2025",
  "jobs" : [
    {
      "jobname" : "SeqWH-2M-32-16",
      "groupid" : 0,
      "error" : 0,
      "eta" : 0,
      "elapsed" : 61,
      "job options" : {
        "name" : "SeqWH-2M-32-16",
        "numjobs" : "32",
        "runtime" : "60",
        "directory" : "/tmp/e2sar/rgeorge-fio_test-p2s_SeqWH-2M-32-16",
        "direct" : "1",
        "buffered" : "0",
        "rw" : "rw",
        "rwmixread" : "20",
        "unified_rw_reporting" : "1",
        "randrepeat" : "0",
        "bs" : "2M",
        "size" : "128M",
        "ioengine" : "pvsync",
        "iodepth" : "16",
        "lat_percentiles" : "1"
      },
      "mixed" : {
        "io_bytes" : 367198732288,
        "io_kbytes" : 358592512,
        "bw_bytes" : 6118755120,
        "bw" : 5975346,
        "iops" : 2917.649803,
        "runtime" : 60012,
        "total_ios" : 175094,
        "short_ios" : 0,
        "drop_ios" : 0,
        "slat_ns" : {
          "min" : 0,
          "max" : 0,
          "mean" : 0.000000,
          "stddev" : 0.000000,
          "N" : 0
        },
        "clat_ns" : {
          "min" : 2104396,
          "max" : 504995883,
          "mean" : 10588173.984163,
          "stddev" : 12325979.887034,
          "N" : 175094,
          "percentile" : {
            "1.000000" : 3817472,
            "5.000000" : 5537792,
            "10.000000" : 6258688,
            "20.000000" : 7110656,
            "30.000000" : 7700480,
            "40.000000" : 8224768,
            "50.000000" : 8847360,
            "60.000000" : 9371648,
            "70.000000" : 10289152,
            "80.000000" : 11730944,
            "90.000000" : 14876672,
            "95.000000" : 17694720,
            "99.000000" : 38010880,
            "99.500000" : 79167488,
            "99.900000" : 217055232,
            "99.950000" : 265289728,
            "99.990000" : 337641472
          }
        },
        "lat_ns" : {
          "min" : 2104502,
          "max" : 504996489,
          "mean" : 10588340.495545,
          "stddev" : 12325981.171670,
          "N" : 175094,
          "percentile" : {
            "1.000000" : 3817472,
            "5.000000" : 5537792,
            "10.000000" : 6258688,
            "20.000000" : 7110656,
            "30.000000" : 7700480,
            "40.000000" : 8224768,
            "50.000000" : 8847360,
            "60.000000" : 9371648,
            "70.000000" : 10289152,
            "80.000000" : 11730944,
            "90.000000" : 14876672,
            "95.000000" : 17694720,
            "99.000000" : 38010880,
            "99.500000" : 79167488,
            "99.900000" : 217055232,
            "99.950000" : 265289728,
            "99.990000" : 337641472
          }
        },
        "bw_min" : 471040,
        "bw_max" : 9387623,
        "bw_agg" : 100.000000,
        "bw_mean" : 5991109.244020,
        "bw_dev" : 29923.684656,
        "bw_samples" : 7577,
        "iops_min" : 230,
        "iops_max" : 4583,
        "iops_mean" : 2925.145507,
        "iops_stddev" : 14.612021,
        "iops_samples" : 7577
      },
      "job_runtime" : 1920096,
      "usr_cpu" : 3.332385,
      "sys_cpu" : 0.206344,
      "ctx" : 350691,
      "majf" : 0,
      "minf" : 554,
      "iodepth_level" : {
        "1" : 100.000000,
        "2" : 0.000000,
        "4" : 0.000000,
        "8" : 0.000000,
        "16" : 0.000000,
        "32" : 0.000000,
        ">=64" : 0.000000
      },
      "iodepth_submit" : {
        "0" : 0.000000,
        "4" : 100.000000,
        "8" : 0.000000,
        "16" : 0.000000,
        "32" : 0.000000,
        "64" : 0.000000,
        ">=64" : 0.000000
      },
      "iodepth_complete" : {
        "0" : 0.000000,
        "4" : 100.000000,
        "8" : 0.000000,
        "16" : 0.000000,
        "32" : 0.000000,
        "64" : 0.000000,
        ">=64" : 0.000000
      },
      "latency_ns" : {
        "2" : 0.000000,
        "4" : 0.000000,
        "10" : 0.000000,
        "20" : 0.000000,
        "50" : 0.000000,
        "100" : 0.000000,
        "250" : 0.000000,
        "500" : 0.000000,
        "750" : 0.000000,
        "1000" : 0.000000
      },
      "latency_us" : {
        "2" : 0.000000,
        "4" : 0.000000,
        "10" : 0.000000,
        "20" : 0.000000,
        "50" : 0.000000,
        "100" : 0.000000,
        "250" : 0.000000,
        "500" : 0.000000,
        "750" : 0.000000,
        "1000" : 0.000000
      },
      "latency_ms" : {
        "2" : 0.000000,
        "4" : 1.171942,
        "10" : 65.982272,
        "20" : 29.666351,
        "50" : 2.362160,
        "100" : 0.464322,
        "250" : 0.288988,
        "500" : 0.063395,
        "750" : 0.010000,
        "1000" : 0.000000,
        "2000" : 0.000000,
        ">=2000" : 0.000000
      },
      "latency_depth" : 16,
      "latency_target" : 0,
      "latency_percentile" : 100.000000,
      "latency_window" : 0
    }
  ]
}
