{
  "fio version" : "fio-3.23",
  "timestamp" : 1756960602,
  "timestamp_ms" : 1756960602180,
  "time" : "Thu Sep  4 04:36:42 2025",
  "jobs" : [
    {
      "jobname" : "SeqRH-4M-16-8",
      "groupid" : 0,
      "error" : 0,
      "eta" : 0,
      "elapsed" : 61,
      "job options" : {
        "name" : "SeqRH-4M-16-8",
        "numjobs" : "16",
        "runtime" : "60",
        "directory" : "/tmp/e2sar/rgeorge-fio_test-p1s_SeqRH-4M-16-8",
        "direct" : "1",
        "buffered" : "0",
        "rw" : "rw",
        "rwmixread" : "80",
        "unified_rw_reporting" : "1",
        "randrepeat" : "0",
        "bs" : "4M",
        "size" : "128M",
        "ioengine" : "pvsync",
        "iodepth" : "8",
        "lat_percentiles" : "1"
      },
      "mixed" : {
        "io_bytes" : 183257530368,
        "io_kbytes" : 178962432,
        "bw_bytes" : 3053325286,
        "bw" : 2981762,
        "iops" : 727.969476,
        "runtime" : 60019,
        "total_ios" : 43692,
        "short_ios" : 0,
        "drop_ios" : 0,
        "slat_ns" : {
          "min" : 0,
          "max" : 0,
          "mean" : 0.000000,
          "stddev" : 0.000000,
          "N" : 0
        },
        "clat_ns" : {
          "min" : 2962145,
          "max" : 1031439318,
          "mean" : 21798061.357686,
          "stddev" : 18174365.322842,
          "N" : 43692,
          "percentile" : {
            "1.000000" : 7110656,
            "5.000000" : 14483456,
            "10.000000" : 16187392,
            "20.000000" : 17956864,
            "30.000000" : 19005440,
            "40.000000" : 19791872,
            "50.000000" : 20316160,
            "60.000000" : 21102592,
            "70.000000" : 21626880,
            "80.000000" : 22413312,
            "90.000000" : 23724032,
            "95.000000" : 24772608,
            "99.000000" : 87556096,
            "99.500000" : 137363456,
            "99.900000" : 274726912,
            "99.950000" : 312475648,
            "99.990000" : 541065216
          }
        },
        "lat_ns" : {
          "min" : 2962168,
          "max" : 1031439616,
          "mean" : 21798135.002792,
          "stddev" : 18174372.965092,
          "N" : 43692,
          "percentile" : {
            "1.000000" : 7110656,
            "5.000000" : 14483456,
            "10.000000" : 16187392,
            "20.000000" : 17956864,
            "30.000000" : 19005440,
            "40.000000" : 19791872,
            "50.000000" : 20316160,
            "60.000000" : 21102592,
            "70.000000" : 21626880,
            "80.000000" : 22413312,
            "90.000000" : 23724032,
            "95.000000" : 24772608,
            "99.000000" : 87556096,
            "99.500000" : 137363456,
            "99.900000" : 274726912,
            "99.950000" : 312475648,
            "99.990000" : 541065216
          }
        },
        "bw_min" : 548596,
        "bw_max" : 4947771,
        "bw_agg" : 100.000000,
        "bw_mean" : 2996979.987266,
        "bw_dev" : 26511.178953,
        "bw_samples" : 3775,
        "iops_min" : 125,
        "iops_max" : 1207,
        "iops_mean" : 730.022878,
        "iops_stddev" : 6.485706,
        "iops_samples" : 3775
      },
      "job_runtime" : 960103,
      "usr_cpu" : 0.757523,
      "sys_cpu" : 0.250806,
      "ctx" : 174881,
      "majf" : 0,
      "minf" : 274,
      "iodepth_level" : {
        "1" : 100.000000,
        "2" : 0.000000,
        "4" : 0.000000,
        "8" : 0.000000,
        "16" : 0.000000,
        "32" : 0.000000,
        ">=64" : 0.000000
      },
      "iodepth_submit" : {
        "0" : 0.000000,
        "4" : 100.000000,
        "8" : 0.000000,
        "16" : 0.000000,
        "32" : 0.000000,
        "64" : 0.000000,
        ">=64" : 0.000000
      },
      "iodepth_complete" : {
        "0" : 0.000000,
        "4" : 100.000000,
        "8" : 0.000000,
        "16" : 0.000000,
        "32" : 0.000000,
        "64" : 0.000000,
        ">=64" : 0.000000
      },
      "latency_ns" : {
        "2" : 0.000000,
        "4" : 0.000000,
        "10" : 0.000000,
        "20" : 0.000000,
        "50" : 0.000000,
        "100" : 0.000000,
        "250" : 0.000000,
        "500" : 0.000000,
        "750" : 0.000000,
        "1000" : 0.000000
      },
      "latency_us" : {
        "2" : 0.000000,
        "4" : 0.000000,
        "10" : 0.000000,
        "20" : 0.000000,
        "50" : 0.000000,
        "100" : 0.000000,
        "250" : 0.000000,
        "500" : 0.000000,
        "750" : 0.000000,
        "1000" : 0.000000
      },
      "latency_ms" : {
        "2" : 0.000000,
        "4" : 0.148769,
        "10" : 1.844731,
        "20" : 42.476884,
        "50" : 53.845098,
        "100" : 0.823949,
        "250" : 0.718667,
        "500" : 0.128170,
        "750" : 0.011444,
        "1000" : 0.000000,
        "2000" : 0.010000,
        ">=2000" : 0.000000
      },
      "latency_depth" : 8,
      "latency_target" : 0,
      "latency_percentile" : 100.000000,
      "latency_window" : 0
    }
  ]
}
