{
  "fio version" : "fio-3.23",
  "timestamp" : 1756969650,
  "timestamp_ms" : 1756969650713,
  "time" : "Thu Sep  4 07:07:30 2025",
  "jobs" : [
    {
      "jobname" : "SeqW-4M-16-128",
      "groupid" : 0,
      "error" : 0,
      "eta" : 0,
      "elapsed" : 61,
      "job options" : {
        "name" : "SeqW-4M-16-128",
        "numjobs" : "16",
        "runtime" : "60",
        "directory" : "/tmp/e2sar/rgeorge-fio_test-p1s_SeqW-4M-16-128",
        "direct" : "1",
        "buffered" : "0",
        "rw" : "write",
        "unified_rw_reporting" : "0",
        "randrepeat" : "0",
        "bs" : "4M",
        "size" : "128M",
        "ioengine" : "pvsync",
        "iodepth" : "128",
        "lat_percentiles" : "1"
      },
      "read" : {
        "io_bytes" : 0,
        "io_kbytes" : 0,
        "bw_bytes" : 0,
        "bw" : 0,
        "iops" : 0.000000,
        "runtime" : 0,
        "total_ios" : 0,
        "short_ios" : 0,
        "drop_ios" : 0,
        "slat_ns" : {
          "min" : 0,
          "max" : 0,
          "mean" : 0.000000,
          "stddev" : 0.000000,
          "N" : 0
        },
        "clat_ns" : {
          "min" : 0,
          "max" : 0,
          "mean" : 0.000000,
          "stddev" : 0.000000,
          "N" : 0
        },
        "lat_ns" : {
          "min" : 0,
          "max" : 0,
          "mean" : 0.000000,
          "stddev" : 0.000000,
          "N" : 0
        },
        "bw_min" : 0,
        "bw_max" : 0,
        "bw_agg" : 0.000000,
        "bw_mean" : 0.000000,
        "bw_dev" : 0.000000,
        "bw_samples" : 0,
        "iops_min" : 0,
        "iops_max" : 0,
        "iops_mean" : 0.000000,
        "iops_stddev" : 0.000000,
        "iops_samples" : 0
      },
      "write" : {
        "io_bytes" : 602662764544,
        "io_kbytes" : 588537856,
        "bw_bytes" : 10043375071,
        "bw" : 9807983,
        "iops" : 2394.527214,
        "runtime" : 60006,
        "total_ios" : 143686,
        "short_ios" : 0,
        "drop_ios" : 0,
        "slat_ns" : {
          "min" : 0,
          "max" : 0,
          "mean" : 0.000000,
          "stddev" : 0.000000,
          "N" : 0
        },
        "clat_ns" : {
          "min" : 3651822,
          "max" : 423714286,
          "mean" : 5790486.067397,
          "stddev" : 11347030.508831,
          "N" : 143686,
          "percentile" : {
            "1.000000" : 4112384,
            "5.000000" : 4292608,
            "10.000000" : 4358144,
            "20.000000" : 4489216,
            "30.000000" : 4554752,
            "40.000000" : 4620288,
            "50.000000" : 4685824,
            "60.000000" : 4816896,
            "70.000000" : 4882432,
            "80.000000" : 5013504,
            "90.000000" : 5210112,
            "95.000000" : 5406720,
            "99.000000" : 34340864,
            "99.500000" : 78118912,
            "99.900000" : 179306496,
            "99.950000" : 250609664,
            "99.990000" : 320864256
          }
        },
        "lat_ns" : {
          "min" : 3651936,
          "max" : 423714779,
          "mean" : 5790684.982573,
          "stddev" : 11347049.802682,
          "N" : 143686,
          "percentile" : {
            "1.000000" : 4112384,
            "5.000000" : 4292608,
            "10.000000" : 4358144,
            "20.000000" : 4489216,
            "30.000000" : 4554752,
            "40.000000" : 4620288,
            "50.000000" : 4685824,
            "60.000000" : 4816896,
            "70.000000" : 4882432,
            "80.000000" : 5013504,
            "90.000000" : 5210112,
            "95.000000" : 5406720,
            "99.000000" : 34340864,
            "99.500000" : 78118912,
            "99.900000" : 179306496,
            "99.950000" : 250609664,
            "99.990000" : 320864256
          }
        },
        "bw_min" : 393216,
        "bw_max" : 12238848,
        "bw_agg" : 99.934120,
        "bw_mean" : 9801522.361345,
        "bw_dev" : 216797.349984,
        "bw_samples" : 1904,
        "iops_min" : 96,
        "iops_max" : 2988,
        "iops_mean" : 2392.932773,
        "iops_stddev" : 52.928798,
        "iops_samples" : 1904
      },
      "trim" : {
        "io_bytes" : 0,
        "io_kbytes" : 0,
        "bw_bytes" : 0,
        "bw" : 0,
        "iops" : 0.000000,
        "runtime" : 0,
        "total_ios" : 0,
        "short_ios" : 0,
        "drop_ios" : 0,
        "slat_ns" : {
          "min" : 0,
          "max" : 0,
          "mean" : 0.000000,
          "stddev" : 0.000000,
          "N" : 0
        },
        "clat_ns" : {
          "min" : 0,
          "max" : 0,
          "mean" : 0.000000,
          "stddev" : 0.000000,
          "N" : 0
        },
        "lat_ns" : {
          "min" : 0,
          "max" : 0,
          "mean" : 0.000000,
          "stddev" : 0.000000,
          "N" : 0
        },
        "bw_min" : 0,
        "bw_max" : 0,
        "bw_agg" : 0.000000,
        "bw_mean" : 0.000000,
        "bw_dev" : 0.000000,
        "bw_samples" : 0,
        "iops_min" : 0,
        "iops_max" : 0,
        "iops_mean" : 0.000000,
        "iops_stddev" : 0.000000,
        "iops_samples" : 0
      },
      "sync" : {
        "total_ios" : 0,
        "lat_ns" : {
          "min" : 0,
          "max" : 0,
          "mean" : 0.000000,
          "stddev" : 0.000000,
          "N" : 0
        }
      },
      "job_runtime" : 960039,
      "usr_cpu" : 13.415184,
      "sys_cpu" : 0.601017,
      "ctx" : 574891,
      "majf" : 0,
      "minf" : 185,
      "iodepth_level" : {
        "1" : 100.000000,
        "2" : 0.000000,
        "4" : 0.000000,
        "8" : 0.000000,
        "16" : 0.000000,
        "32" : 0.000000,
        ">=64" : 0.000000
      },
      "iodepth_submit" : {
        "0" : 0.000000,
        "4" : 100.000000,
        "8" : 0.000000,
        "16" : 0.000000,
        "32" : 0.000000,
        "64" : 0.000000,
        ">=64" : 0.000000
      },
      "iodepth_complete" : {
        "0" : 0.000000,
        "4" : 100.000000,
        "8" : 0.000000,
        "16" : 0.000000,
        "32" : 0.000000,
        "64" : 0.000000,
        ">=64" : 0.000000
      },
      "latency_ns" : {
        "2" : 0.000000,
        "4" : 0.000000,
        "10" : 0.000000,
        "20" : 0.000000,
        "50" : 0.000000,
        "100" : 0.000000,
        "250" : 0.000000,
        "500" : 0.000000,
        "750" : 0.000000,
        "1000" : 0.000000
      },
      "latency_us" : {
        "2" : 0.000000,
        "4" : 0.000000,
        "10" : 0.000000,
        "20" : 0.000000,
        "50" : 0.000000,
        "100" : 0.000000,
        "250" : 0.000000,
        "500" : 0.000000,
        "750" : 0.000000,
        "1000" : 0.000000
      },
      "latency_ms" : {
        "2" : 0.000000,
        "4" : 0.267249,
        "10" : 97.963615,
        "20" : 0.435672,
        "50" : 0.576257,
        "100" : 0.405050,
        "250" : 0.302743,
        "500" : 0.049413,
        "750" : 0.000000,
        "1000" : 0.000000,
        "2000" : 0.000000,
        ">=2000" : 0.000000
      },
      "latency_depth" : 128,
      "latency_target" : 0,
      "latency_percentile" : 100.000000,
      "latency_window" : 0
    }
  ]
}
