{
  "fio version" : "fio-3.23",
  "timestamp" : 1757365880,
  "timestamp_ms" : 1757365880802,
  "time" : "Mon Sep  8 21:11:20 2025",
  "jobs" : [
    {
      "jobname" : "37",
      "groupid" : 0,
      "error" : 0,
      "eta" : 0,
      "elapsed" : 61,
      "job options" : {
        "name" : "37",
        "rw" : "randread",
        "unified_rw_reporting" : "0",
        "bs" : "4K",
        "numjobs" : "64",
        "iodepth" : "4",
        "runtime" : "60",
        "directory" : "/tmp/e2sar/rgeorge-fio_test-m_37",
        "direct" : "1",
        "buffered" : "0",
        "randrepeat" : "0",
        "size" : "128M",
        "ioengine" : "pvsync",
        "lat_percentiles" : "1"
      },
      "read" : {
        "io_bytes" : 11130576896,
        "io_kbytes" : 10869704,
        "bw_bytes" : 185503431,
        "bw" : 181155,
        "iops" : 45288.923703,
        "runtime" : 60002,
        "total_ios" : 2717426,
        "short_ios" : 0,
        "drop_ios" : 0,
        "slat_ns" : {
          "min" : 0,
          "max" : 0,
          "mean" : 0.000000,
          "stddev" : 0.000000,
          "N" : 0
        },
        "clat_ns" : {
          "min" : 275137,
          "max" : 17750539,
          "mean" : 1411695.057417,
          "stddev" : 385543.419510,
          "N" : 2717426,
          "percentile" : {
            "1.000000" : 946176,
            "5.000000" : 1073152,
            "10.000000" : 1155072,
            "20.000000" : 1253376,
            "30.000000" : 1318912,
            "40.000000" : 1351680,
            "50.000000" : 1384448,
            "60.000000" : 1417216,
            "70.000000" : 1449984,
            "80.000000" : 1499136,
            "90.000000" : 1679360,
            "95.000000" : 1941504,
            "99.000000" : 2146304,
            "99.500000" : 2211840,
            "99.900000" : 5013504,
            "99.950000" : 8716288,
            "99.990000" : 15400960
          }
        },
        "lat_ns" : {
          "min" : 275195,
          "max" : 17750584,
          "mean" : 1411754.121687,
          "stddev" : 385543.625782,
          "N" : 2717426,
          "percentile" : {
            "1.000000" : 946176,
            "5.000000" : 1073152,
            "10.000000" : 1155072,
            "20.000000" : 1253376,
            "30.000000" : 1318912,
            "40.000000" : 1351680,
            "50.000000" : 1384448,
            "60.000000" : 1417216,
            "70.000000" : 1449984,
            "80.000000" : 1499136,
            "90.000000" : 1679360,
            "95.000000" : 1941504,
            "99.000000" : 2146304,
            "99.500000" : 2211840,
            "99.900000" : 5013504,
            "99.950000" : 8716288,
            "99.990000" : 15400960
          }
        },
        "bw_min" : 165056,
        "bw_max" : 189008,
        "bw_agg" : 100.000000,
        "bw_mean" : 181454.537815,
        "bw_dev" : 66.200817,
        "bw_samples" : 7616,
        "iops_min" : 41264,
        "iops_max" : 47252,
        "iops_mean" : 45363.630252,
        "iops_stddev" : 16.550445,
        "iops_samples" : 7616
      },
      "write" : {
        "io_bytes" : 0,
        "io_kbytes" : 0,
        "bw_bytes" : 0,
        "bw" : 0,
        "iops" : 0.000000,
        "runtime" : 0,
        "total_ios" : 0,
        "short_ios" : 0,
        "drop_ios" : 0,
        "slat_ns" : {
          "min" : 0,
          "max" : 0,
          "mean" : 0.000000,
          "stddev" : 0.000000,
          "N" : 0
        },
        "clat_ns" : {
          "min" : 0,
          "max" : 0,
          "mean" : 0.000000,
          "stddev" : 0.000000,
          "N" : 0
        },
        "lat_ns" : {
          "min" : 0,
          "max" : 0,
          "mean" : 0.000000,
          "stddev" : 0.000000,
          "N" : 0
        },
        "bw_min" : 0,
        "bw_max" : 0,
        "bw_agg" : 0.000000,
        "bw_mean" : 0.000000,
        "bw_dev" : 0.000000,
        "bw_samples" : 0,
        "iops_min" : 0,
        "iops_max" : 0,
        "iops_mean" : 0.000000,
        "iops_stddev" : 0.000000,
        "iops_samples" : 0
      },
      "trim" : {
        "io_bytes" : 0,
        "io_kbytes" : 0,
        "bw_bytes" : 0,
        "bw" : 0,
        "iops" : 0.000000,
        "runtime" : 0,
        "total_ios" : 0,
        "short_ios" : 0,
        "drop_ios" : 0,
        "slat_ns" : {
          "min" : 0,
          "max" : 0,
          "mean" : 0.000000,
          "stddev" : 0.000000,
          "N" : 0
        },
        "clat_ns" : {
          "min" : 0,
          "max" : 0,
          "mean" : 0.000000,
          "stddev" : 0.000000,
          "N" : 0
        },
        "lat_ns" : {
          "min" : 0,
          "max" : 0,
          "mean" : 0.000000,
          "stddev" : 0.000000,
          "N" : 0
        },
        "bw_min" : 0,
        "bw_max" : 0,
        "bw_agg" : 0.000000,
        "bw_mean" : 0.000000,
        "bw_dev" : 0.000000,
        "bw_samples" : 0,
        "iops_min" : 0,
        "iops_max" : 0,
        "iops_mean" : 0.000000,
        "iops_stddev" : 0.000000,
        "iops_samples" : 0
      },
      "sync" : {
        "total_ios" : 0,
        "lat_ns" : {
          "min" : 0,
          "max" : 0,
          "mean" : 0.000000,
          "stddev" : 0.000000,
          "N" : 0
        }
      },
      "job_runtime" : 3840009,
      "usr_cpu" : 0.129843,
      "sys_cpu" : 0.372786,
      "ctx" : 2717761,
      "majf" : 0,
      "minf" : 696,
      "iodepth_level" : {
        "1" : 100.000000,
        "2" : 0.000000,
        "4" : 0.000000,
        "8" : 0.000000,
        "16" : 0.000000,
        "32" : 0.000000,
        ">=64" : 0.000000
      },
      "iodepth_submit" : {
        "0" : 0.000000,
        "4" : 100.000000,
        "8" : 0.000000,
        "16" : 0.000000,
        "32" : 0.000000,
        "64" : 0.000000,
        ">=64" : 0.000000
      },
      "iodepth_complete" : {
        "0" : 0.000000,
        "4" : 100.000000,
        "8" : 0.000000,
        "16" : 0.000000,
        "32" : 0.000000,
        "64" : 0.000000,
        ">=64" : 0.000000
      },
      "latency_ns" : {
        "2" : 0.000000,
        "4" : 0.000000,
        "10" : 0.000000,
        "20" : 0.000000,
        "50" : 0.000000,
        "100" : 0.000000,
        "250" : 0.000000,
        "500" : 0.000000,
        "750" : 0.000000,
        "1000" : 0.000000
      },
      "latency_us" : {
        "2" : 0.000000,
        "4" : 0.000000,
        "10" : 0.000000,
        "20" : 0.000000,
        "50" : 0.000000,
        "100" : 0.000000,
        "250" : 0.000000,
        "500" : 0.010000,
        "750" : 0.046220,
        "1000" : 1.771934
      },
      "latency_ms" : {
        "2" : 94.639596,
        "4" : 3.416910,
        "10" : 0.076138,
        "20" : 0.048502,
        "50" : 0.000000,
        "100" : 0.000000,
        "250" : 0.000000,
        "500" : 0.000000,
        "750" : 0.000000,
        "1000" : 0.000000,
        "2000" : 0.000000,
        ">=2000" : 0.000000
      },
      "latency_depth" : 4,
      "latency_target" : 0,
      "latency_percentile" : 100.000000,
      "latency_window" : 0
    }
  ]
}
