{
  "fio version" : "fio-3.23",
  "timestamp" : 1757514103,
  "timestamp_ms" : 1757514103680,
  "time" : "Wed Sep 10 14:21:43 2025",
  "jobs" : [
    {
      "jobname" : "RandW-4M-16-4",
      "groupid" : 0,
      "error" : 0,
      "eta" : 0,
      "elapsed" : 61,
      "job options" : {
        "name" : "RandW-4M-16-4",
        "rw" : "randwrite",
        "unified_rw_reporting" : "0",
        "bs" : "4M",
        "numjobs" : "16",
        "iodepth" : "4",
        "runtime" : "60",
        "directory" : "/tmp/e2sar/rgeorge-fio_test-m_RandW-4M-16-4",
        "direct" : "1",
        "buffered" : "0",
        "randrepeat" : "0",
        "size" : "128M",
        "ioengine" : "pvsync",
        "lat_percentiles" : "1"
      },
      "read" : {
        "io_bytes" : 0,
        "io_kbytes" : 0,
        "bw_bytes" : 0,
        "bw" : 0,
        "iops" : 0.000000,
        "runtime" : 0,
        "total_ios" : 0,
        "short_ios" : 0,
        "drop_ios" : 0,
        "slat_ns" : {
          "min" : 0,
          "max" : 0,
          "mean" : 0.000000,
          "stddev" : 0.000000,
          "N" : 0
        },
        "clat_ns" : {
          "min" : 0,
          "max" : 0,
          "mean" : 0.000000,
          "stddev" : 0.000000,
          "N" : 0
        },
        "lat_ns" : {
          "min" : 0,
          "max" : 0,
          "mean" : 0.000000,
          "stddev" : 0.000000,
          "N" : 0
        },
        "bw_min" : 0,
        "bw_max" : 0,
        "bw_agg" : 0.000000,
        "bw_mean" : 0.000000,
        "bw_dev" : 0.000000,
        "bw_samples" : 0,
        "iops_min" : 0,
        "iops_max" : 0,
        "iops_mean" : 0.000000,
        "iops_stddev" : 0.000000,
        "iops_samples" : 0
      },
      "write" : {
        "io_bytes" : 720875028480,
        "io_kbytes" : 703979520,
        "bw_bytes" : 12013382469,
        "bw" : 11731818,
        "iops" : 2864.213579,
        "runtime" : 60006,
        "total_ios" : 171870,
        "short_ios" : 0,
        "drop_ios" : 0,
        "slat_ns" : {
          "min" : 0,
          "max" : 0,
          "mean" : 0.000000,
          "stddev" : 0.000000,
          "N" : 0
        },
        "clat_ns" : {
          "min" : 3348561,
          "max" : 61359574,
          "mean" : 4600408.184837,
          "stddev" : 924705.680784,
          "N" : 171870,
          "percentile" : {
            "1.000000" : 3883008,
            "5.000000" : 4046848,
            "10.000000" : 4145152,
            "20.000000" : 4292608,
            "30.000000" : 4358144,
            "40.000000" : 4423680,
            "50.000000" : 4554752,
            "60.000000" : 4620288,
            "70.000000" : 4751360,
            "80.000000" : 4882432,
            "90.000000" : 5079040,
            "95.000000" : 5275648,
            "99.000000" : 5931008,
            "99.500000" : 6258688,
            "99.900000" : 7569408,
            "99.950000" : 19791872,
            "99.990000" : 48496640
          }
        },
        "lat_ns" : {
          "min" : 3348726,
          "max" : 61359692,
          "mean" : 4600586.139024,
          "stddev" : 924706.015394,
          "N" : 171870,
          "percentile" : {
            "1.000000" : 3883008,
            "5.000000" : 4046848,
            "10.000000" : 4145152,
            "20.000000" : 4292608,
            "30.000000" : 4358144,
            "40.000000" : 4423680,
            "50.000000" : 4554752,
            "60.000000" : 4620288,
            "70.000000" : 4751360,
            "80.000000" : 4882432,
            "90.000000" : 5079040,
            "95.000000" : 5275648,
            "99.000000" : 5931008,
            "99.500000" : 6258688,
            "99.900000" : 7569408,
            "99.950000" : 19791872,
            "99.990000" : 48496640
          }
        },
        "bw_min" : 10452992,
        "bw_max" : 12424578,
        "bw_agg" : 100.000000,
        "bw_mean" : 11750770.806723,
        "bw_dev" : 24849.503463,
        "bw_samples" : 1904,
        "iops_min" : 2552,
        "iops_max" : 3029,
        "iops_mean" : 2866.773109,
        "iops_stddev" : 6.069211,
        "iops_samples" : 1904
      },
      "trim" : {
        "io_bytes" : 0,
        "io_kbytes" : 0,
        "bw_bytes" : 0,
        "bw" : 0,
        "iops" : 0.000000,
        "runtime" : 0,
        "total_ios" : 0,
        "short_ios" : 0,
        "drop_ios" : 0,
        "slat_ns" : {
          "min" : 0,
          "max" : 0,
          "mean" : 0.000000,
          "stddev" : 0.000000,
          "N" : 0
        },
        "clat_ns" : {
          "min" : 0,
          "max" : 0,
          "mean" : 0.000000,
          "stddev" : 0.000000,
          "N" : 0
        },
        "lat_ns" : {
          "min" : 0,
          "max" : 0,
          "mean" : 0.000000,
          "stddev" : 0.000000,
          "N" : 0
        },
        "bw_min" : 0,
        "bw_max" : 0,
        "bw_agg" : 0.000000,
        "bw_mean" : 0.000000,
        "bw_dev" : 0.000000,
        "bw_samples" : 0,
        "iops_min" : 0,
        "iops_max" : 0,
        "iops_mean" : 0.000000,
        "iops_stddev" : 0.000000,
        "iops_samples" : 0
      },
      "sync" : {
        "total_ios" : 0,
        "lat_ns" : {
          "min" : 0,
          "max" : 0,
          "mean" : 0.000000,
          "stddev" : 0.000000,
          "N" : 0
        }
      },
      "job_runtime" : 960031,
      "usr_cpu" : 17.636305,
      "sys_cpu" : 0.861847,
      "ctx" : 687656,
      "majf" : 0,
      "minf" : 166,
      "iodepth_level" : {
        "1" : 100.000000,
        "2" : 0.000000,
        "4" : 0.000000,
        "8" : 0.000000,
        "16" : 0.000000,
        "32" : 0.000000,
        ">=64" : 0.000000
      },
      "iodepth_submit" : {
        "0" : 0.000000,
        "4" : 100.000000,
        "8" : 0.000000,
        "16" : 0.000000,
        "32" : 0.000000,
        "64" : 0.000000,
        ">=64" : 0.000000
      },
      "iodepth_complete" : {
        "0" : 0.000000,
        "4" : 100.000000,
        "8" : 0.000000,
        "16" : 0.000000,
        "32" : 0.000000,
        "64" : 0.000000,
        ">=64" : 0.000000
      },
      "latency_ns" : {
        "2" : 0.000000,
        "4" : 0.000000,
        "10" : 0.000000,
        "20" : 0.000000,
        "50" : 0.000000,
        "100" : 0.000000,
        "250" : 0.000000,
        "500" : 0.000000,
        "750" : 0.000000,
        "1000" : 0.000000
      },
      "latency_us" : {
        "2" : 0.000000,
        "4" : 0.000000,
        "10" : 0.000000,
        "20" : 0.000000,
        "50" : 0.000000,
        "100" : 0.000000,
        "250" : 0.000000,
        "500" : 0.000000,
        "750" : 0.000000,
        "1000" : 0.000000
      },
      "latency_ms" : {
        "2" : 0.000000,
        "4" : 2.999360,
        "10" : 96.941293,
        "20" : 0.010000,
        "50" : 0.041310,
        "100" : 0.010000,
        "250" : 0.000000,
        "500" : 0.000000,
        "750" : 0.000000,
        "1000" : 0.000000,
        "2000" : 0.000000,
        ">=2000" : 0.000000
      },
      "latency_depth" : 4,
      "latency_target" : 0,
      "latency_percentile" : 100.000000,
      "latency_window" : 0
    }
  ]
}
