{
  "fio version" : "fio-3.23",
  "timestamp" : 1757506706,
  "timestamp_ms" : 1757506706955,
  "time" : "Wed Sep 10 12:18:26 2025",
  "jobs" : [
    {
      "jobname" : "SeqRH-4M-32-4",
      "groupid" : 0,
      "error" : 0,
      "eta" : 0,
      "elapsed" : 61,
      "job options" : {
        "name" : "SeqRH-4M-32-4",
        "rw" : "rw",
        "rwmixread" : "80",
        "unified_rw_reporting" : "1",
        "bs" : "4M",
        "numjobs" : "32",
        "iodepth" : "4",
        "runtime" : "60",
        "directory" : "/tmp/e2sar/rgeorge-fio_test-m_SeqRH-4M-32-4",
        "direct" : "1",
        "buffered" : "0",
        "randrepeat" : "0",
        "size" : "128M",
        "ioengine" : "pvsync",
        "lat_percentiles" : "1"
      },
      "mixed" : {
        "io_bytes" : 153373114368,
        "io_kbytes" : 149778432,
        "bw_bytes" : 2554005101,
        "bw" : 2494145,
        "iops" : 608.922267,
        "runtime" : 60052,
        "total_ios" : 36567,
        "short_ios" : 0,
        "drop_ios" : 0,
        "slat_ns" : {
          "min" : 0,
          "max" : 0,
          "mean" : 0.000000,
          "stddev" : 0.000000,
          "N" : 0
        },
        "clat_ns" : {
          "min" : 3866652,
          "max" : 140792234,
          "mean" : 52310394.991358,
          "stddev" : 6170511.068529,
          "N" : 36567,
          "percentile" : {
            "1.000000" : 38010880,
            "5.000000" : 43253760,
            "10.000000" : 45875200,
            "20.000000" : 48496640,
            "30.000000" : 50593792,
            "40.000000" : 51642368,
            "50.000000" : 52690944,
            "60.000000" : 53739520,
            "70.000000" : 54788096,
            "80.000000" : 55836672,
            "90.000000" : 57409536,
            "95.000000" : 58458112,
            "99.000000" : 61603840,
            "99.500000" : 82313216,
            "99.900000" : 114819072,
            "99.950000" : 121110528,
            "99.990000" : 133693440
          }
        },
        "lat_ns" : {
          "min" : 3866690,
          "max" : 140792294,
          "mean" : 52310494.479421,
          "stddev" : 6170488.477700,
          "N" : 36567,
          "percentile" : {
            "1.000000" : 38010880,
            "5.000000" : 43253760,
            "10.000000" : 45875200,
            "20.000000" : 48496640,
            "30.000000" : 50593792,
            "40.000000" : 51642368,
            "50.000000" : 52690944,
            "60.000000" : 53739520,
            "70.000000" : 54788096,
            "80.000000" : 55836672,
            "90.000000" : 57409536,
            "95.000000" : 58458112,
            "99.000000" : 61603840,
            "99.500000" : 82313216,
            "99.900000" : 114819072,
            "99.950000" : 121110528,
            "99.990000" : 133693440
          }
        },
        "bw_min" : 1392640,
        "bw_max" : 4096000,
        "bw_agg" : 100.000000,
        "bw_mean" : 2566842.905575,
        "bw_dev" : 9351.214372,
        "bw_samples" : 7145,
        "iops_min" : 340,
        "iops_max" : 1000,
        "iops_mean" : 626.617825,
        "iops_stddev" : 2.282169,
        "iops_samples" : 7145
      },
      "job_runtime" : 1920719,
      "usr_cpu" : 0.314830,
      "sys_cpu" : 0.117144,
      "ctx" : 146498,
      "majf" : 0,
      "minf" : 536,
      "iodepth_level" : {
        "1" : 100.000000,
        "2" : 0.000000,
        "4" : 0.000000,
        "8" : 0.000000,
        "16" : 0.000000,
        "32" : 0.000000,
        ">=64" : 0.000000
      },
      "iodepth_submit" : {
        "0" : 0.000000,
        "4" : 100.000000,
        "8" : 0.000000,
        "16" : 0.000000,
        "32" : 0.000000,
        "64" : 0.000000,
        ">=64" : 0.000000
      },
      "iodepth_complete" : {
        "0" : 0.000000,
        "4" : 100.000000,
        "8" : 0.000000,
        "16" : 0.000000,
        "32" : 0.000000,
        "64" : 0.000000,
        ">=64" : 0.000000
      },
      "latency_ns" : {
        "2" : 0.000000,
        "4" : 0.000000,
        "10" : 0.000000,
        "20" : 0.000000,
        "50" : 0.000000,
        "100" : 0.000000,
        "250" : 0.000000,
        "500" : 0.000000,
        "750" : 0.000000,
        "1000" : 0.000000
      },
      "latency_us" : {
        "2" : 0.000000,
        "4" : 0.000000,
        "10" : 0.000000,
        "20" : 0.000000,
        "50" : 0.000000,
        "100" : 0.000000,
        "250" : 0.000000,
        "500" : 0.000000,
        "750" : 0.000000,
        "1000" : 0.000000
      },
      "latency_ms" : {
        "2" : 0.000000,
        "4" : 0.010000,
        "10" : 0.049225,
        "20" : 0.057429,
        "50" : 27.021632,
        "100" : 72.576367,
        "250" : 0.292614,
        "500" : 0.000000,
        "750" : 0.000000,
        "1000" : 0.000000,
        "2000" : 0.000000,
        ">=2000" : 0.000000
      },
      "latency_depth" : 4,
      "latency_target" : 0,
      "latency_percentile" : 100.000000,
      "latency_window" : 0
    }
  ]
}
