{
  "fio version" : "fio-3.23",
  "timestamp" : 1757431415,
  "timestamp_ms" : 1757431415533,
  "time" : "Tue Sep  9 15:23:35 2025",
  "jobs" : [
    {
      "jobname" : "RandRH-16K-16-4",
      "groupid" : 0,
      "error" : 0,
      "eta" : 0,
      "elapsed" : 61,
      "job options" : {
        "name" : "RandRH-16K-16-4",
        "rw" : "randrw",
        "rwmixread" : "80",
        "unified_rw_reporting" : "1",
        "bs" : "16K",
        "numjobs" : "16",
        "iodepth" : "4",
        "runtime" : "60",
        "directory" : "/tmp/e2sar/rgeorge-fio_test-m_RandRH-16K-16-4",
        "direct" : "1",
        "buffered" : "0",
        "randrepeat" : "0",
        "size" : "128M",
        "ioengine" : "pvsync",
        "lat_percentiles" : "1"
      },
      "mixed" : {
        "io_bytes" : 53366472704,
        "io_kbytes" : 52115696,
        "bw_bytes" : 889426387,
        "bw" : 868580,
        "iops" : 54286.278562,
        "runtime" : 60001,
        "total_ios" : 3257231,
        "short_ios" : 0,
        "drop_ios" : 0,
        "slat_ns" : {
          "min" : 0,
          "max" : 0,
          "mean" : 0.000000,
          "stddev" : 0.000000,
          "N" : 0
        },
        "clat_ns" : {
          "min" : 136367,
          "max" : 50352770,
          "mean" : 293443.703656,
          "stddev" : 232056.768392,
          "N" : 3257231,
          "percentile" : {
            "1.000000" : 203776,
            "5.000000" : 224256,
            "10.000000" : 236544,
            "20.000000" : 252928,
            "30.000000" : 264192,
            "40.000000" : 272384,
            "50.000000" : 284672,
            "60.000000" : 292864,
            "70.000000" : 305152,
            "80.000000" : 321536,
            "90.000000" : 354304,
            "95.000000" : 387072,
            "99.000000" : 448512,
            "99.500000" : 481280,
            "99.900000" : 585728,
            "99.950000" : 667648,
            "99.990000" : 11862016
          }
        },
        "lat_ns" : {
          "min" : 136402,
          "max" : 50352812,
          "mean" : 293487.851399,
          "stddev" : 232056.777482,
          "N" : 3257231,
          "percentile" : {
            "1.000000" : 203776,
            "5.000000" : 224256,
            "10.000000" : 236544,
            "20.000000" : 252928,
            "30.000000" : 264192,
            "40.000000" : 272384,
            "50.000000" : 284672,
            "60.000000" : 292864,
            "70.000000" : 305152,
            "80.000000" : 321536,
            "90.000000" : 354304,
            "95.000000" : 387072,
            "99.000000" : 448512,
            "99.500000" : 481280,
            "99.900000" : 585728,
            "99.950000" : 667648,
            "99.990000" : 11862016
          }
        },
        "bw_min" : 743744,
        "bw_max" : 942496,
        "bw_agg" : 100.000000,
        "bw_mean" : 869551.865546,
        "bw_dev" : 1205.460268,
        "bw_samples" : 3808,
        "iops_min" : 46484,
        "iops_max" : 58906,
        "iops_mean" : 54346.991597,
        "iops_stddev" : 75.341490,
        "iops_samples" : 3808
      },
      "job_runtime" : 960000,
      "usr_cpu" : 0.641563,
      "sys_cpu" : 1.318958,
      "ctx" : 3257347,
      "majf" : 0,
      "minf" : 283,
      "iodepth_level" : {
        "1" : 100.000000,
        "2" : 0.000000,
        "4" : 0.000000,
        "8" : 0.000000,
        "16" : 0.000000,
        "32" : 0.000000,
        ">=64" : 0.000000
      },
      "iodepth_submit" : {
        "0" : 0.000000,
        "4" : 100.000000,
        "8" : 0.000000,
        "16" : 0.000000,
        "32" : 0.000000,
        "64" : 0.000000,
        ">=64" : 0.000000
      },
      "iodepth_complete" : {
        "0" : 0.000000,
        "4" : 100.000000,
        "8" : 0.000000,
        "16" : 0.000000,
        "32" : 0.000000,
        "64" : 0.000000,
        ">=64" : 0.000000
      },
      "latency_ns" : {
        "2" : 0.000000,
        "4" : 0.000000,
        "10" : 0.000000,
        "20" : 0.000000,
        "50" : 0.000000,
        "100" : 0.000000,
        "250" : 0.000000,
        "500" : 0.000000,
        "750" : 0.000000,
        "1000" : 0.000000
      },
      "latency_us" : {
        "2" : 0.000000,
        "4" : 0.000000,
        "10" : 0.000000,
        "20" : 0.000000,
        "50" : 0.000000,
        "100" : 0.000000,
        "250" : 18.518766,
        "500" : 81.095906,
        "750" : 0.343052,
        "1000" : 0.010000
      },
      "latency_ms" : {
        "2" : 0.010000,
        "4" : 0.010000,
        "10" : 0.010561,
        "20" : 0.010000,
        "50" : 0.010000,
        "100" : 0.010000,
        "250" : 0.000000,
        "500" : 0.000000,
        "750" : 0.000000,
        "1000" : 0.000000,
        "2000" : 0.000000,
        ">=2000" : 0.000000
      },
      "latency_depth" : 4,
      "latency_target" : 0,
      "latency_percentile" : 100.000000,
      "latency_window" : 0
    }
  ]
}
