{
  "fio version" : "fio-3.23",
  "timestamp" : 1757382253,
  "timestamp_ms" : 1757382253897,
  "time" : "Tue Sep  9 01:44:13 2025",
  "jobs" : [
    {
      "jobname" : "RandRH-4K-32-4",
      "groupid" : 0,
      "error" : 0,
      "eta" : 0,
      "elapsed" : 61,
      "job options" : {
        "name" : "RandRH-4K-32-4",
        "rw" : "randrw",
        "rwmixread" : "80",
        "unified_rw_reporting" : "1",
        "bs" : "4K",
        "numjobs" : "32",
        "iodepth" : "4",
        "runtime" : "60",
        "directory" : "/tmp/e2sar/rgeorge-fio_test-m_RandRH-4K-32-4",
        "direct" : "1",
        "buffered" : "0",
        "randrepeat" : "0",
        "size" : "128M",
        "ioengine" : "pvsync",
        "lat_percentiles" : "1"
      },
      "mixed" : {
        "io_bytes" : 12003864576,
        "io_kbytes" : 11722524,
        "bw_bytes" : 200057741,
        "bw" : 195368,
        "iops" : 48842.221926,
        "runtime" : 60002,
        "total_ios" : 2930631,
        "short_ios" : 0,
        "drop_ios" : 0,
        "slat_ns" : {
          "min" : 0,
          "max" : 0,
          "mean" : 0.000000,
          "stddev" : 0.000000,
          "N" : 0
        },
        "clat_ns" : {
          "min" : 151501,
          "max" : 82890303,
          "mean" : 653441.719560,
          "stddev" : 727448.144012,
          "N" : 2930631,
          "percentile" : {
            "1.000000" : 301056,
            "5.000000" : 448512,
            "10.000000" : 501760,
            "20.000000" : 561152,
            "30.000000" : 593920,
            "40.000000" : 618496,
            "50.000000" : 634880,
            "60.000000" : 651264,
            "70.000000" : 667648,
            "80.000000" : 692224,
            "90.000000" : 724992,
            "95.000000" : 806912,
            "99.000000" : 1056768,
            "99.500000" : 1155072,
            "99.900000" : 9371648,
            "99.950000" : 16580608,
            "99.990000" : 35913728
          }
        },
        "lat_ns" : {
          "min" : 151545,
          "max" : 82890349,
          "mean" : 653497.277226,
          "stddev" : 727447.750372,
          "N" : 2930631,
          "percentile" : {
            "1.000000" : 301056,
            "5.000000" : 448512,
            "10.000000" : 501760,
            "20.000000" : 561152,
            "30.000000" : 593920,
            "40.000000" : 618496,
            "50.000000" : 634880,
            "60.000000" : 651264,
            "70.000000" : 667648,
            "80.000000" : 692224,
            "90.000000" : 724992,
            "95.000000" : 806912,
            "99.000000" : 1056768,
            "99.500000" : 1155072,
            "99.900000" : 9371648,
            "99.950000" : 16580608,
            "99.990000" : 35913728
          }
        },
        "bw_min" : 151688,
        "bw_max" : 227615,
        "bw_agg" : 100.000000,
        "bw_mean" : 195562.974790,
        "bw_dev" : 198.790232,
        "bw_samples" : 7616,
        "iops_min" : 37922,
        "iops_max" : 56903,
        "iops_mean" : 48890.731092,
        "iops_stddev" : 49.696876,
        "iops_samples" : 7616
      },
      "job_runtime" : 1920004,
      "usr_cpu" : 0.283801,
      "sys_cpu" : 0.828592,
      "ctx" : 2930862,
      "majf" : 0,
      "minf" : 548,
      "iodepth_level" : {
        "1" : 100.000000,
        "2" : 0.000000,
        "4" : 0.000000,
        "8" : 0.000000,
        "16" : 0.000000,
        "32" : 0.000000,
        ">=64" : 0.000000
      },
      "iodepth_submit" : {
        "0" : 0.000000,
        "4" : 100.000000,
        "8" : 0.000000,
        "16" : 0.000000,
        "32" : 0.000000,
        "64" : 0.000000,
        ">=64" : 0.000000
      },
      "iodepth_complete" : {
        "0" : 0.000000,
        "4" : 100.000000,
        "8" : 0.000000,
        "16" : 0.000000,
        "32" : 0.000000,
        "64" : 0.000000,
        ">=64" : 0.000000
      },
      "latency_ns" : {
        "2" : 0.000000,
        "4" : 0.000000,
        "10" : 0.000000,
        "20" : 0.000000,
        "50" : 0.000000,
        "100" : 0.000000,
        "250" : 0.000000,
        "500" : 0.000000,
        "750" : 0.000000,
        "1000" : 0.000000
      },
      "latency_us" : {
        "2" : 0.000000,
        "4" : 0.000000,
        "10" : 0.000000,
        "20" : 0.000000,
        "50" : 0.000000,
        "100" : 0.000000,
        "250" : 0.380635,
        "500" : 9.418961,
        "750" : 82.810050,
        "1000" : 6.109060
      },
      "latency_ms" : {
        "2" : 1.105154,
        "4" : 0.029311,
        "10" : 0.051661,
        "20" : 0.055927,
        "50" : 0.037671,
        "100" : 0.010000,
        "250" : 0.000000,
        "500" : 0.000000,
        "750" : 0.000000,
        "1000" : 0.000000,
        "2000" : 0.000000,
        ">=2000" : 0.000000
      },
      "latency_depth" : 4,
      "latency_target" : 0,
      "latency_percentile" : 100.000000,
      "latency_window" : 0
    }
  ]
}
