{
  "fio version" : "fio-3.23",
  "timestamp" : 1756968812,
  "timestamp_ms" : 1756968812054,
  "time" : "Thu Sep  4 06:53:32 2025",
  "jobs" : [
    {
      "jobname" : "SeqBal-1M-16-128",
      "groupid" : 0,
      "error" : 0,
      "eta" : 0,
      "elapsed" : 61,
      "job options" : {
        "name" : "SeqBal-1M-16-128",
        "numjobs" : "16",
        "runtime" : "60",
        "directory" : "/tmp/e2sar/rgeorge-fio_test-p1s_SeqBal-1M-16-128",
        "direct" : "1",
        "buffered" : "0",
        "rw" : "rw",
        "unified_rw_reporting" : "1",
        "randrepeat" : "0",
        "bs" : "1M",
        "size" : "128M",
        "ioengine" : "pvsync",
        "iodepth" : "128",
        "lat_percentiles" : "1"
      },
      "mixed" : {
        "io_bytes" : 288976011264,
        "io_kbytes" : 282203136,
        "bw_bytes" : 4814020311,
        "bw" : 4701191,
        "iops" : 4591.007530,
        "runtime" : 60028,
        "total_ios" : 275589,
        "short_ios" : 0,
        "drop_ios" : 0,
        "slat_ns" : {
          "min" : 0,
          "max" : 0,
          "mean" : 0.000000,
          "stddev" : 0.000000,
          "N" : 0
        },
        "clat_ns" : {
          "min" : 598311,
          "max" : 500978966,
          "mean" : 3382433.835273,
          "stddev" : 5881448.445626,
          "N" : 275589,
          "percentile" : {
            "1.000000" : 1171456,
            "5.000000" : 1613824,
            "10.000000" : 1908736,
            "20.000000" : 2277376,
            "30.000000" : 2539520,
            "40.000000" : 2768896,
            "50.000000" : 2998272,
            "60.000000" : 3227648,
            "70.000000" : 3457024,
            "80.000000" : 3719168,
            "90.000000" : 4112384,
            "95.000000" : 4423680,
            "99.000000" : 8355840,
            "99.500000" : 25296896,
            "99.900000" : 90701824,
            "99.950000" : 111673344,
            "99.990000" : 231735296
          }
        },
        "lat_ns" : {
          "min" : 598380,
          "max" : 500978998,
          "mean" : 3382491.876120,
          "stddev" : 5881458.594506,
          "N" : 275589,
          "percentile" : {
            "1.000000" : 1171456,
            "5.000000" : 1613824,
            "10.000000" : 1908736,
            "20.000000" : 2277376,
            "30.000000" : 2539520,
            "40.000000" : 2768896,
            "50.000000" : 2998272,
            "60.000000" : 3227648,
            "70.000000" : 3457024,
            "80.000000" : 3719168,
            "90.000000" : 4112384,
            "95.000000" : 4423680,
            "99.000000" : 8355840,
            "99.500000" : 25296896,
            "99.900000" : 90701824,
            "99.950000" : 111673344,
            "99.990000" : 231735296
          }
        },
        "bw_min" : 253952,
        "bw_max" : 6430720,
        "bw_agg" : 100.000000,
        "bw_mean" : 4728091.966387,
        "bw_dev" : 42414.446808,
        "bw_samples" : 3808,
        "iops_min" : 248,
        "iops_max" : 6280,
        "iops_mean" : 4617.277311,
        "iops_stddev" : 41.420358,
        "iops_samples" : 3808
      },
      "job_runtime" : 960110,
      "usr_cpu" : 2.923103,
      "sys_cpu" : 0.291842,
      "ctx" : 275710,
      "majf" : 0,
      "minf" : 294,
      "iodepth_level" : {
        "1" : 100.000000,
        "2" : 0.000000,
        "4" : 0.000000,
        "8" : 0.000000,
        "16" : 0.000000,
        "32" : 0.000000,
        ">=64" : 0.000000
      },
      "iodepth_submit" : {
        "0" : 0.000000,
        "4" : 100.000000,
        "8" : 0.000000,
        "16" : 0.000000,
        "32" : 0.000000,
        "64" : 0.000000,
        ">=64" : 0.000000
      },
      "iodepth_complete" : {
        "0" : 0.000000,
        "4" : 100.000000,
        "8" : 0.000000,
        "16" : 0.000000,
        "32" : 0.000000,
        "64" : 0.000000,
        ">=64" : 0.000000
      },
      "latency_ns" : {
        "2" : 0.000000,
        "4" : 0.000000,
        "10" : 0.000000,
        "20" : 0.000000,
        "50" : 0.000000,
        "100" : 0.000000,
        "250" : 0.000000,
        "500" : 0.000000,
        "750" : 0.000000,
        "1000" : 0.000000
      },
      "latency_us" : {
        "2" : 0.000000,
        "4" : 0.000000,
        "10" : 0.000000,
        "20" : 0.000000,
        "50" : 0.000000,
        "100" : 0.000000,
        "250" : 0.000000,
        "500" : 0.000000,
        "750" : 0.016329,
        "1000" : 0.283756
      },
      "latency_ms" : {
        "2" : 11.708014,
        "4" : 75.428990,
        "10" : 11.674994,
        "20" : 0.306253,
        "50" : 0.296456,
        "100" : 0.220618,
        "250" : 0.056606,
        "500" : 0.010000,
        "750" : 0.010000,
        "1000" : 0.000000,
        "2000" : 0.000000,
        ">=2000" : 0.000000
      },
      "latency_depth" : 128,
      "latency_target" : 0,
      "latency_percentile" : 100.000000,
      "latency_window" : 0
    }
  ]
}
