{
  "fio version" : "fio-3.23",
  "timestamp" : 1757212437,
  "timestamp_ms" : 1757212437378,
  "time" : "Sun Sep  7 02:33:57 2025",
  "jobs" : [
    {
      "jobname" : "SeqRH-4M-64-16",
      "groupid" : 0,
      "error" : 0,
      "eta" : 0,
      "elapsed" : 61,
      "job options" : {
        "name" : "SeqRH-4M-64-16",
        "numjobs" : "64",
        "runtime" : "60",
        "directory" : "/tmp/e2sar/rgeorge-fio_test-p3s_SeqRH-4M-64-16",
        "direct" : "1",
        "buffered" : "0",
        "rw" : "rw",
        "rwmixread" : "80",
        "unified_rw_reporting" : "1",
        "randrepeat" : "0",
        "bs" : "4M",
        "size" : "128M",
        "ioengine" : "pvsync",
        "iodepth" : "16",
        "lat_percentiles" : "1"
      },
      "mixed" : {
        "io_bytes" : 132019912704,
        "io_kbytes" : 128925696,
        "bw_bytes" : 2197584897,
        "bw" : 2146079,
        "iops" : 523.945069,
        "runtime" : 60075,
        "total_ios" : 31476,
        "short_ios" : 0,
        "drop_ios" : 0,
        "slat_ns" : {
          "min" : 0,
          "max" : 0,
          "mean" : 0.000000,
          "stddev" : 0.000000,
          "N" : 0
        },
        "clat_ns" : {
          "min" : 3295910,
          "max" : 1703201388,
          "mean" : 121667704.094580,
          "stddev" : 103410480.274589,
          "N" : 31476,
          "percentile" : {
            "1.000000" : 21102592,
            "5.000000" : 35389440,
            "10.000000" : 81264640,
            "20.000000" : 92798976,
            "30.000000" : 98041856,
            "40.000000" : 100139008,
            "50.000000" : 102236160,
            "60.000000" : 105381888,
            "70.000000" : 107479040,
            "80.000000" : 110624768,
            "90.000000" : 135266304,
            "95.000000" : 299892736,
            "99.000000" : 583008256,
            "99.500000" : 767557632,
            "99.900000" : 1082130432,
            "99.950000" : 1216348160,
            "99.990000" : 1434451968
          }
        },
        "lat_ns" : {
          "min" : 3295991,
          "max" : 1703202197,
          "mean" : 121667929.439033,
          "stddev" : 103410480.039388,
          "N" : 31476,
          "percentile" : {
            "1.000000" : 21102592,
            "5.000000" : 35389440,
            "10.000000" : 81264640,
            "20.000000" : 92798976,
            "30.000000" : 98041856,
            "40.000000" : 100139008,
            "50.000000" : 102236160,
            "60.000000" : 105381888,
            "70.000000" : 107479040,
            "80.000000" : 110624768,
            "90.000000" : 135266304,
            "95.000000" : 299892736,
            "99.000000" : 583008256,
            "99.500000" : 767557632,
            "99.900000" : 1082130432,
            "99.950000" : 1216348160,
            "99.990000" : 1434451968
          }
        },
        "bw_min" : 1048576,
        "bw_max" : 5619712,
        "bw_agg" : 100.000000,
        "bw_mean" : 2561719.270187,
        "bw_dev" : 9053.661570,
        "bw_samples" : 11571,
        "iops_min" : 256,
        "iops_max" : 1372,
        "iops_mean" : 625.393891,
        "iops_stddev" : 2.210379,
        "iops_samples" : 11571
      },
      "job_runtime" : 3841664,
      "usr_cpu" : 0.138508,
      "sys_cpu" : 0.042247,
      "ctx" : 126362,
      "majf" : 0,
      "minf" : 1095,
      "iodepth_level" : {
        "1" : 100.000000,
        "2" : 0.000000,
        "4" : 0.000000,
        "8" : 0.000000,
        "16" : 0.000000,
        "32" : 0.000000,
        ">=64" : 0.000000
      },
      "iodepth_submit" : {
        "0" : 0.000000,
        "4" : 100.000000,
        "8" : 0.000000,
        "16" : 0.000000,
        "32" : 0.000000,
        "64" : 0.000000,
        ">=64" : 0.000000
      },
      "iodepth_complete" : {
        "0" : 0.000000,
        "4" : 100.000000,
        "8" : 0.000000,
        "16" : 0.000000,
        "32" : 0.000000,
        "64" : 0.000000,
        ">=64" : 0.000000
      },
      "latency_ns" : {
        "2" : 0.000000,
        "4" : 0.000000,
        "10" : 0.000000,
        "20" : 0.000000,
        "50" : 0.000000,
        "100" : 0.000000,
        "250" : 0.000000,
        "500" : 0.000000,
        "750" : 0.000000,
        "1000" : 0.000000
      },
      "latency_us" : {
        "2" : 0.000000,
        "4" : 0.000000,
        "10" : 0.000000,
        "20" : 0.000000,
        "50" : 0.000000,
        "100" : 0.000000,
        "250" : 0.000000,
        "500" : 0.000000,
        "750" : 0.000000,
        "1000" : 0.000000
      },
      "latency_ms" : {
        "2" : 0.000000,
        "4" : 0.022239,
        "10" : 0.047655,
        "20" : 0.702122,
        "50" : 5.321515,
        "100" : 32.399288,
        "250" : 55.801245,
        "500" : 3.933155,
        "750" : 1.245393,
        "1000" : 0.368535,
        "2000" : 0.158851,
        ">=2000" : 0.000000
      },
      "latency_depth" : 16,
      "latency_target" : 0,
      "latency_percentile" : 100.000000,
      "latency_window" : 0
    }
  ]
}
