{
  "fio version" : "fio-3.23",
  "timestamp" : 1757285595,
  "timestamp_ms" : 1757285595727,
  "time" : "Sun Sep  7 22:53:15 2025",
  "jobs" : [
    {
      "jobname" : "RandW-4M-128-8",
      "groupid" : 0,
      "error" : 0,
      "eta" : 0,
      "elapsed" : 62,
      "job options" : {
        "name" : "RandW-4M-128-8",
        "numjobs" : "128",
        "runtime" : "60",
        "directory" : "/tmp/e2sar/rgeorge-fio_test-p4r_RandW-4M-128-8",
        "direct" : "1",
        "buffered" : "0",
        "rw" : "randwrite",
        "unified_rw_reporting" : "0",
        "randrepeat" : "0",
        "bs" : "4M",
        "size" : "128M",
        "ioengine" : "pvsync",
        "iodepth" : "8",
        "lat_percentiles" : "1"
      },
      "read" : {
        "io_bytes" : 0,
        "io_kbytes" : 0,
        "bw_bytes" : 0,
        "bw" : 0,
        "iops" : 0.000000,
        "runtime" : 0,
        "total_ios" : 0,
        "short_ios" : 0,
        "drop_ios" : 0,
        "slat_ns" : {
          "min" : 0,
          "max" : 0,
          "mean" : 0.000000,
          "stddev" : 0.000000,
          "N" : 0
        },
        "clat_ns" : {
          "min" : 0,
          "max" : 0,
          "mean" : 0.000000,
          "stddev" : 0.000000,
          "N" : 0
        },
        "lat_ns" : {
          "min" : 0,
          "max" : 0,
          "mean" : 0.000000,
          "stddev" : 0.000000,
          "N" : 0
        },
        "bw_min" : 0,
        "bw_max" : 0,
        "bw_agg" : 0.000000,
        "bw_mean" : 0.000000,
        "bw_dev" : 0.000000,
        "bw_samples" : 0,
        "iops_min" : 0,
        "iops_max" : 0,
        "iops_mean" : 0.000000,
        "iops_stddev" : 0.000000,
        "iops_samples" : 0
      },
      "write" : {
        "io_bytes" : 647130775552,
        "io_kbytes" : 631963648,
        "bw_bytes" : 10770255064,
        "bw" : 10517827,
        "iops" : 2567.828909,
        "runtime" : 60085,
        "total_ios" : 154288,
        "short_ios" : 0,
        "drop_ios" : 0,
        "slat_ns" : {
          "min" : 0,
          "max" : 0,
          "mean" : 0.000000,
          "stddev" : 0.000000,
          "N" : 0
        },
        "clat_ns" : {
          "min" : 4721703,
          "max" : 1664787141,
          "mean" : 48050430.171076,
          "stddev" : 79228246.272383,
          "N" : 154288,
          "percentile" : {
            "1.000000" : 19529728,
            "5.000000" : 24772608,
            "10.000000" : 26607616,
            "20.000000" : 28704768,
            "30.000000" : 30277632,
            "40.000000" : 31588352,
            "50.000000" : 32636928,
            "60.000000" : 33816576,
            "70.000000" : 35389440,
            "80.000000" : 37486592,
            "90.000000" : 42729472,
            "95.000000" : 127401984,
            "99.000000" : 463470592,
            "99.500000" : 633339904,
            "99.900000" : 1002438656,
            "99.950000" : 1115684864,
            "99.990000" : 1367343104
          }
        },
        "lat_ns" : {
          "min" : 4722025,
          "max" : 1664787435,
          "mean" : 48050992.421530,
          "stddev" : 79228254.769388,
          "N" : 154288,
          "percentile" : {
            "1.000000" : 19529728,
            "5.000000" : 24772608,
            "10.000000" : 26607616,
            "20.000000" : 28704768,
            "30.000000" : 30277632,
            "40.000000" : 31588352,
            "50.000000" : 32636928,
            "60.000000" : 33816576,
            "70.000000" : 35389440,
            "80.000000" : 37486592,
            "90.000000" : 42729472,
            "95.000000" : 127401984,
            "99.000000" : 463470592,
            "99.500000" : 633339904,
            "99.900000" : 1002438656,
            "99.950000" : 1115684864,
            "99.990000" : 1367343104
          }
        },
        "bw_min" : 1046927,
        "bw_max" : 20256443,
        "bw_agg" : 100.000000,
        "bw_mean" : 10980140.729789,
        "bw_dev" : 44706.931263,
        "bw_samples" : 14606,
        "iops_min" : 159,
        "iops_max" : 4940,
        "iops_mean" : 2663.343002,
        "iops_stddev" : 10.932734,
        "iops_samples" : 14606
      },
      "trim" : {
        "io_bytes" : 0,
        "io_kbytes" : 0,
        "bw_bytes" : 0,
        "bw" : 0,
        "iops" : 0.000000,
        "runtime" : 0,
        "total_ios" : 0,
        "short_ios" : 0,
        "drop_ios" : 0,
        "slat_ns" : {
          "min" : 0,
          "max" : 0,
          "mean" : 0.000000,
          "stddev" : 0.000000,
          "N" : 0
        },
        "clat_ns" : {
          "min" : 0,
          "max" : 0,
          "mean" : 0.000000,
          "stddev" : 0.000000,
          "N" : 0
        },
        "lat_ns" : {
          "min" : 0,
          "max" : 0,
          "mean" : 0.000000,
          "stddev" : 0.000000,
          "N" : 0
        },
        "bw_min" : 0,
        "bw_max" : 0,
        "bw_agg" : 0.000000,
        "bw_mean" : 0.000000,
        "bw_dev" : 0.000000,
        "bw_samples" : 0,
        "iops_min" : 0,
        "iops_max" : 0,
        "iops_mean" : 0.000000,
        "iops_stddev" : 0.000000,
        "iops_samples" : 0
      },
      "sync" : {
        "total_ios" : 0,
        "lat_ns" : {
          "min" : 0,
          "max" : 0,
          "mean" : 0.000000,
          "stddev" : 0.000000,
          "N" : 0
        }
      },
      "job_runtime" : 7681456,
      "usr_cpu" : 2.542994,
      "sys_cpu" : 0.155179,
      "ctx" : 634567,
      "majf" : 0,
      "minf" : 1466,
      "iodepth_level" : {
        "1" : 100.000000,
        "2" : 0.000000,
        "4" : 0.000000,
        "8" : 0.000000,
        "16" : 0.000000,
        "32" : 0.000000,
        ">=64" : 0.000000
      },
      "iodepth_submit" : {
        "0" : 0.000000,
        "4" : 100.000000,
        "8" : 0.000000,
        "16" : 0.000000,
        "32" : 0.000000,
        "64" : 0.000000,
        ">=64" : 0.000000
      },
      "iodepth_complete" : {
        "0" : 0.000000,
        "4" : 100.000000,
        "8" : 0.000000,
        "16" : 0.000000,
        "32" : 0.000000,
        "64" : 0.000000,
        ">=64" : 0.000000
      },
      "latency_ns" : {
        "2" : 0.000000,
        "4" : 0.000000,
        "10" : 0.000000,
        "20" : 0.000000,
        "50" : 0.000000,
        "100" : 0.000000,
        "250" : 0.000000,
        "500" : 0.000000,
        "750" : 0.000000,
        "1000" : 0.000000
      },
      "latency_us" : {
        "2" : 0.000000,
        "4" : 0.000000,
        "10" : 0.000000,
        "20" : 0.000000,
        "50" : 0.000000,
        "100" : 0.000000,
        "250" : 0.000000,
        "500" : 0.000000,
        "750" : 0.000000,
        "1000" : 0.000000
      },
      "latency_ms" : {
        "2" : 0.000000,
        "4" : 0.000000,
        "10" : 0.207404,
        "20" : 0.899616,
        "50" : 90.850228,
        "100" : 1.983304,
        "250" : 3.916701,
        "500" : 1.245722,
        "750" : 0.670823,
        "1000" : 0.123146,
        "2000" : 0.103054,
        ">=2000" : 0.000000
      },
      "latency_depth" : 8,
      "latency_target" : 0,
      "latency_percentile" : 100.000000,
      "latency_window" : 0
    }
  ]
}
