{
  "fio version" : "fio-3.23",
  "timestamp" : 1757506979,
  "timestamp_ms" : 1757506979951,
  "time" : "Wed Sep 10 12:22:59 2025",
  "jobs" : [
    {
      "jobname" : "SeqRH-4M-128-16",
      "groupid" : 0,
      "error" : 0,
      "eta" : 0,
      "elapsed" : 62,
      "job options" : {
        "name" : "SeqRH-4M-128-16",
        "rw" : "rw",
        "rwmixread" : "80",
        "unified_rw_reporting" : "1",
        "bs" : "4M",
        "numjobs" : "128",
        "iodepth" : "16",
        "runtime" : "60",
        "directory" : "/tmp/e2sar/rgeorge-fio_test-m_SeqRH-4M-128-16",
        "direct" : "1",
        "buffered" : "0",
        "randrepeat" : "0",
        "size" : "128M",
        "ioengine" : "pvsync",
        "lat_percentiles" : "1"
      },
      "mixed" : {
        "io_bytes" : 137841606656,
        "io_kbytes" : 134610944,
        "bw_bytes" : 2290032008,
        "bw" : 2236359,
        "iops" : 545.986178,
        "runtime" : 60192,
        "total_ios" : 32864,
        "short_ios" : 0,
        "drop_ios" : 0,
        "slat_ns" : {
          "min" : 0,
          "max" : 0,
          "mean" : 0.000000,
          "stddev" : 0.000000,
          "N" : 0
        },
        "clat_ns" : {
          "min" : 3905308,
          "max" : 682038858,
          "mean" : 232985107.099014,
          "stddev" : 34235542.262937,
          "N" : 32864,
          "percentile" : {
            "1.000000" : 185597952,
            "5.000000" : 210763776,
            "10.000000" : 214958080,
            "20.000000" : 219152384,
            "30.000000" : 223346688,
            "40.000000" : 225443840,
            "50.000000" : 227540992,
            "60.000000" : 229638144,
            "70.000000" : 233832448,
            "80.000000" : 235929600,
            "90.000000" : 242221056,
            "95.000000" : 304087040,
            "99.000000" : 383778816,
            "99.500000" : 400556032,
            "99.900000" : 442499072,
            "99.950000" : 467664896,
            "99.990000" : 599785472
          }
        },
        "lat_ns" : {
          "min" : 3906093,
          "max" : 682039078,
          "mean" : 232985387.298685,
          "stddev" : 34235528.375947,
          "N" : 32864,
          "percentile" : {
            "1.000000" : 185597952,
            "5.000000" : 210763776,
            "10.000000" : 214958080,
            "20.000000" : 219152384,
            "30.000000" : 223346688,
            "40.000000" : 225443840,
            "50.000000" : 227540992,
            "60.000000" : 229638144,
            "70.000000" : 233832448,
            "80.000000" : 235929600,
            "90.000000" : 242221056,
            "95.000000" : 304087040,
            "99.000000" : 383778816,
            "99.500000" : 400556032,
            "99.900000" : 442499072,
            "99.950000" : 467664896,
            "99.990000" : 599785472
          }
        },
        "bw_min" : 2091678,
        "bw_max" : 5931008,
        "bw_agg" : 100.000000,
        "bw_mean" : 3074390.753303,
        "bw_dev" : 4525.446443,
        "bw_samples" : 20357,
        "iops_min" : 338,
        "iops_max" : 1448,
        "iops_mean" : 743.519854,
        "iops_stddev" : 1.117244,
        "iops_samples" : 20357
      },
      "job_runtime" : 7689213,
      "usr_cpu" : 0.073571,
      "sys_cpu" : 0.028182,
      "ctx" : 132358,
      "majf" : 0,
      "minf" : 1746,
      "iodepth_level" : {
        "1" : 100.000000,
        "2" : 0.000000,
        "4" : 0.000000,
        "8" : 0.000000,
        "16" : 0.000000,
        "32" : 0.000000,
        ">=64" : 0.000000
      },
      "iodepth_submit" : {
        "0" : 0.000000,
        "4" : 100.000000,
        "8" : 0.000000,
        "16" : 0.000000,
        "32" : 0.000000,
        "64" : 0.000000,
        ">=64" : 0.000000
      },
      "iodepth_complete" : {
        "0" : 0.000000,
        "4" : 100.000000,
        "8" : 0.000000,
        "16" : 0.000000,
        "32" : 0.000000,
        "64" : 0.000000,
        ">=64" : 0.000000
      },
      "latency_ns" : {
        "2" : 0.000000,
        "4" : 0.000000,
        "10" : 0.000000,
        "20" : 0.000000,
        "50" : 0.000000,
        "100" : 0.000000,
        "250" : 0.000000,
        "500" : 0.000000,
        "750" : 0.000000,
        "1000" : 0.000000
      },
      "latency_us" : {
        "2" : 0.000000,
        "4" : 0.000000,
        "10" : 0.000000,
        "20" : 0.000000,
        "50" : 0.000000,
        "100" : 0.000000,
        "250" : 0.000000,
        "500" : 0.000000,
        "750" : 0.000000,
        "1000" : 0.000000
      },
      "latency_ms" : {
        "2" : 0.000000,
        "4" : 0.010000,
        "10" : 0.036514,
        "20" : 0.030428,
        "50" : 0.149099,
        "100" : 0.216042,
        "250" : 92.590677,
        "500" : 6.943768,
        "750" : 0.030428,
        "1000" : 0.000000,
        "2000" : 0.000000,
        ">=2000" : 0.000000
      },
      "latency_depth" : 16,
      "latency_target" : 0,
      "latency_percentile" : 100.000000,
      "latency_window" : 0
    }
  ]
}
