{
  "fio version" : "fio-3.23",
  "timestamp" : 1757010736,
  "timestamp_ms" : 1757010736443,
  "time" : "Thu Sep  4 18:32:16 2025",
  "jobs" : [
    {
      "jobname" : "SeqW-16K-32-1",
      "groupid" : 0,
      "error" : 0,
      "eta" : 0,
      "elapsed" : 61,
      "job options" : {
        "name" : "SeqW-16K-32-1",
        "numjobs" : "32",
        "runtime" : "60",
        "directory" : "/tmp/e2sar/rgeorge-fio_test-p2s_SeqW-16K-32-1",
        "direct" : "1",
        "buffered" : "0",
        "rw" : "write",
        "unified_rw_reporting" : "0",
        "randrepeat" : "0",
        "bs" : "16K",
        "size" : "128M",
        "ioengine" : "pvsync",
        "iodepth" : "1",
        "lat_percentiles" : "1"
      },
      "read" : {
        "io_bytes" : 0,
        "io_kbytes" : 0,
        "bw_bytes" : 0,
        "bw" : 0,
        "iops" : 0.000000,
        "runtime" : 0,
        "total_ios" : 0,
        "short_ios" : 0,
        "drop_ios" : 0,
        "slat_ns" : {
          "min" : 0,
          "max" : 0,
          "mean" : 0.000000,
          "stddev" : 0.000000,
          "N" : 0
        },
        "clat_ns" : {
          "min" : 0,
          "max" : 0,
          "mean" : 0.000000,
          "stddev" : 0.000000,
          "N" : 0
        },
        "lat_ns" : {
          "min" : 0,
          "max" : 0,
          "mean" : 0.000000,
          "stddev" : 0.000000,
          "N" : 0
        },
        "bw_min" : 0,
        "bw_max" : 0,
        "bw_agg" : 0.000000,
        "bw_mean" : 0.000000,
        "bw_dev" : 0.000000,
        "bw_samples" : 0,
        "iops_min" : 0,
        "iops_max" : 0,
        "iops_mean" : 0.000000,
        "iops_stddev" : 0.000000,
        "iops_samples" : 0
      },
      "write" : {
        "io_bytes" : 65508605952,
        "io_kbytes" : 63973248,
        "bw_bytes" : 1091773706,
        "bw" : 1066185,
        "iops" : 66636.578781,
        "runtime" : 60002,
        "total_ios" : 3998328,
        "short_ios" : 0,
        "drop_ios" : 0,
        "slat_ns" : {
          "min" : 0,
          "max" : 0,
          "mean" : 0.000000,
          "stddev" : 0.000000,
          "N" : 0
        },
        "clat_ns" : {
          "min" : 136976,
          "max" : 558205940,
          "mean" : 475128.282049,
          "stddev" : 1613196.236314,
          "N" : 3998328,
          "percentile" : {
            "1.000000" : 199680,
            "5.000000" : 313344,
            "10.000000" : 366592,
            "20.000000" : 399360,
            "30.000000" : 415744,
            "40.000000" : 428032,
            "50.000000" : 440320,
            "60.000000" : 452608,
            "70.000000" : 464896,
            "80.000000" : 481280,
            "90.000000" : 518144,
            "95.000000" : 569344,
            "99.000000" : 757760,
            "99.500000" : 806912,
            "99.900000" : 4947968,
            "99.950000" : 15794176,
            "99.990000" : 79167488
          }
        },
        "lat_ns" : {
          "min" : 137009,
          "max" : 558206136,
          "mean" : 475237.096336,
          "stddev" : 1613196.056372,
          "N" : 3998328,
          "percentile" : {
            "1.000000" : 199680,
            "5.000000" : 313344,
            "10.000000" : 366592,
            "20.000000" : 399360,
            "30.000000" : 415744,
            "40.000000" : 428032,
            "50.000000" : 440320,
            "60.000000" : 452608,
            "70.000000" : 464896,
            "80.000000" : 481280,
            "90.000000" : 518144,
            "95.000000" : 569344,
            "99.000000" : 757760,
            "99.500000" : 806912,
            "99.900000" : 4947968,
            "99.950000" : 15794176,
            "99.990000" : 79167488
          }
        },
        "bw_min" : 400992,
        "bw_max" : 1224416,
        "bw_agg" : 100.000000,
        "bw_mean" : 1067279.168067,
        "bw_dev" : 4561.099360,
        "bw_samples" : 3808,
        "iops_min" : 25062,
        "iops_max" : 76526,
        "iops_mean" : 66704.941176,
        "iops_stddev" : 285.069113,
        "iops_samples" : 3808
      },
      "trim" : {
        "io_bytes" : 0,
        "io_kbytes" : 0,
        "bw_bytes" : 0,
        "bw" : 0,
        "iops" : 0.000000,
        "runtime" : 0,
        "total_ios" : 0,
        "short_ios" : 0,
        "drop_ios" : 0,
        "slat_ns" : {
          "min" : 0,
          "max" : 0,
          "mean" : 0.000000,
          "stddev" : 0.000000,
          "N" : 0
        },
        "clat_ns" : {
          "min" : 0,
          "max" : 0,
          "mean" : 0.000000,
          "stddev" : 0.000000,
          "N" : 0
        },
        "lat_ns" : {
          "min" : 0,
          "max" : 0,
          "mean" : 0.000000,
          "stddev" : 0.000000,
          "N" : 0
        },
        "bw_min" : 0,
        "bw_max" : 0,
        "bw_agg" : 0.000000,
        "bw_mean" : 0.000000,
        "bw_dev" : 0.000000,
        "bw_samples" : 0,
        "iops_min" : 0,
        "iops_max" : 0,
        "iops_mean" : 0.000000,
        "iops_stddev" : 0.000000,
        "iops_samples" : 0
      },
      "sync" : {
        "total_ios" : 0,
        "lat_ns" : {
          "min" : 0,
          "max" : 0,
          "mean" : 0.000000,
          "stddev" : 0.000000,
          "N" : 0
        }
      },
      "job_runtime" : 1920001,
      "usr_cpu" : 1.234322,
      "sys_cpu" : 1.365208,
      "ctx" : 3998579,
      "majf" : 0,
      "minf" : 468,
      "iodepth_level" : {
        "1" : 100.000000,
        "2" : 0.000000,
        "4" : 0.000000,
        "8" : 0.000000,
        "16" : 0.000000,
        "32" : 0.000000,
        ">=64" : 0.000000
      },
      "iodepth_submit" : {
        "0" : 0.000000,
        "4" : 100.000000,
        "8" : 0.000000,
        "16" : 0.000000,
        "32" : 0.000000,
        "64" : 0.000000,
        ">=64" : 0.000000
      },
      "iodepth_complete" : {
        "0" : 0.000000,
        "4" : 100.000000,
        "8" : 0.000000,
        "16" : 0.000000,
        "32" : 0.000000,
        "64" : 0.000000,
        ">=64" : 0.000000
      },
      "latency_ns" : {
        "2" : 0.000000,
        "4" : 0.000000,
        "10" : 0.000000,
        "20" : 0.000000,
        "50" : 0.000000,
        "100" : 0.000000,
        "250" : 0.000000,
        "500" : 0.000000,
        "750" : 0.000000,
        "1000" : 0.000000
      },
      "latency_us" : {
        "2" : 0.000000,
        "4" : 0.000000,
        "10" : 0.000000,
        "20" : 0.000000,
        "50" : 0.000000,
        "100" : 0.000000,
        "250" : 2.432967,
        "500" : 83.705214,
        "750" : 12.682301,
        "1000" : 0.988388
      },
      "latency_ms" : {
        "2" : 0.034489,
        "4" : 0.040217,
        "10" : 0.051747,
        "20" : 0.022634,
        "50" : 0.021334,
        "100" : 0.016132,
        "250" : 0.010000,
        "500" : 0.010000,
        "750" : 0.010000,
        "1000" : 0.000000,
        "2000" : 0.000000,
        ">=2000" : 0.000000
      },
      "latency_depth" : 1,
      "latency_target" : 0,
      "latency_percentile" : 100.000000,
      "latency_window" : 0
    }
  ]
}
