{
  "fio version" : "fio-3.23",
  "timestamp" : 1757001558,
  "timestamp_ms" : 1757001558803,
  "time" : "Thu Sep  4 15:59:18 2025",
  "jobs" : [
    {
      "jobname" : "RandW-4M-32-64",
      "groupid" : 0,
      "error" : 0,
      "eta" : 0,
      "elapsed" : 61,
      "job options" : {
        "name" : "RandW-4M-32-64",
        "numjobs" : "32",
        "runtime" : "60",
        "directory" : "/tmp/e2sar/rgeorge-fio_test-p2r_RandW-4M-32-64",
        "direct" : "1",
        "buffered" : "0",
        "rw" : "randwrite",
        "unified_rw_reporting" : "0",
        "randrepeat" : "0",
        "bs" : "4M",
        "size" : "128M",
        "ioengine" : "pvsync",
        "iodepth" : "64",
        "lat_percentiles" : "1"
      },
      "read" : {
        "io_bytes" : 0,
        "io_kbytes" : 0,
        "bw_bytes" : 0,
        "bw" : 0,
        "iops" : 0.000000,
        "runtime" : 0,
        "total_ios" : 0,
        "short_ios" : 0,
        "drop_ios" : 0,
        "slat_ns" : {
          "min" : 0,
          "max" : 0,
          "mean" : 0.000000,
          "stddev" : 0.000000,
          "N" : 0
        },
        "clat_ns" : {
          "min" : 0,
          "max" : 0,
          "mean" : 0.000000,
          "stddev" : 0.000000,
          "N" : 0
        },
        "lat_ns" : {
          "min" : 0,
          "max" : 0,
          "mean" : 0.000000,
          "stddev" : 0.000000,
          "N" : 0
        },
        "bw_min" : 0,
        "bw_max" : 0,
        "bw_agg" : 0.000000,
        "bw_mean" : 0.000000,
        "bw_dev" : 0.000000,
        "bw_samples" : 0,
        "iops_min" : 0,
        "iops_max" : 0,
        "iops_mean" : 0.000000,
        "iops_stddev" : 0.000000,
        "iops_samples" : 0
      },
      "write" : {
        "io_bytes" : 636187836416,
        "io_kbytes" : 621277184,
        "bw_bytes" : 10584783648,
        "bw" : 10336702,
        "iops" : 2523.609078,
        "runtime" : 60104,
        "total_ios" : 151679,
        "short_ios" : 0,
        "drop_ios" : 0,
        "slat_ns" : {
          "min" : 0,
          "max" : 0,
          "mean" : 0.000000,
          "stddev" : 0.000000,
          "N" : 0
        },
        "clat_ns" : {
          "min" : 3705941,
          "max" : 905547177,
          "mean" : 11625277.710903,
          "stddev" : 14083250.208220,
          "N" : 151679,
          "percentile" : {
            "1.000000" : 5144576,
            "5.000000" : 7438336,
            "10.000000" : 8159232,
            "20.000000" : 8978432,
            "30.000000" : 9502720,
            "40.000000" : 10027008,
            "50.000000" : 10420224,
            "60.000000" : 10944512,
            "70.000000" : 11468800,
            "80.000000" : 12124160,
            "90.000000" : 13041664,
            "95.000000" : 13828096,
            "99.000000" : 35913728,
            "99.500000" : 94896128,
            "99.900000" : 246415360,
            "99.950000" : 287309824,
            "99.990000" : 346030080
          }
        },
        "lat_ns" : {
          "min" : 3706333,
          "max" : 905547445,
          "mean" : 11625578.739681,
          "stddev" : 14083262.163609,
          "N" : 151679,
          "percentile" : {
            "1.000000" : 5144576,
            "5.000000" : 7438336,
            "10.000000" : 8159232,
            "20.000000" : 8978432,
            "30.000000" : 9502720,
            "40.000000" : 10027008,
            "50.000000" : 10420224,
            "60.000000" : 10944512,
            "70.000000" : 11468800,
            "80.000000" : 12124160,
            "90.000000" : 13041664,
            "95.000000" : 13828096,
            "99.000000" : 35913728,
            "99.500000" : 94896128,
            "99.900000" : 246415360,
            "99.950000" : 287309824,
            "99.990000" : 346030080
          }
        },
        "bw_min" : 671744,
        "bw_max" : 14734806,
        "bw_agg" : 100.000000,
        "bw_mean" : 10375460.443741,
        "bw_dev" : 78223.871028,
        "bw_samples" : 3810,
        "iops_min" : 164,
        "iops_max" : 3595,
        "iops_mean" : 2527.519628,
        "iops_stddev" : 19.092101,
        "iops_samples" : 3810
      },
      "trim" : {
        "io_bytes" : 0,
        "io_kbytes" : 0,
        "bw_bytes" : 0,
        "bw" : 0,
        "iops" : 0.000000,
        "runtime" : 0,
        "total_ios" : 0,
        "short_ios" : 0,
        "drop_ios" : 0,
        "slat_ns" : {
          "min" : 0,
          "max" : 0,
          "mean" : 0.000000,
          "stddev" : 0.000000,
          "N" : 0
        },
        "clat_ns" : {
          "min" : 0,
          "max" : 0,
          "mean" : 0.000000,
          "stddev" : 0.000000,
          "N" : 0
        },
        "lat_ns" : {
          "min" : 0,
          "max" : 0,
          "mean" : 0.000000,
          "stddev" : 0.000000,
          "N" : 0
        },
        "bw_min" : 0,
        "bw_max" : 0,
        "bw_agg" : 0.000000,
        "bw_mean" : 0.000000,
        "bw_dev" : 0.000000,
        "bw_samples" : 0,
        "iops_min" : 0,
        "iops_max" : 0,
        "iops_mean" : 0.000000,
        "iops_stddev" : 0.000000,
        "iops_samples" : 0
      },
      "sync" : {
        "total_ios" : 0,
        "lat_ns" : {
          "min" : 0,
          "max" : 0,
          "mean" : 0.000000,
          "stddev" : 0.000000,
          "N" : 0
        }
      },
      "job_runtime" : 1921025,
      "usr_cpu" : 8.242527,
      "sys_cpu" : 0.636275,
      "ctx" : 607506,
      "majf" : 0,
      "minf" : 343,
      "iodepth_level" : {
        "1" : 100.000000,
        "2" : 0.000000,
        "4" : 0.000000,
        "8" : 0.000000,
        "16" : 0.000000,
        "32" : 0.000000,
        ">=64" : 0.000000
      },
      "iodepth_submit" : {
        "0" : 0.000000,
        "4" : 100.000000,
        "8" : 0.000000,
        "16" : 0.000000,
        "32" : 0.000000,
        "64" : 0.000000,
        ">=64" : 0.000000
      },
      "iodepth_complete" : {
        "0" : 0.000000,
        "4" : 100.000000,
        "8" : 0.000000,
        "16" : 0.000000,
        "32" : 0.000000,
        "64" : 0.000000,
        ">=64" : 0.000000
      },
      "latency_ns" : {
        "2" : 0.000000,
        "4" : 0.000000,
        "10" : 0.000000,
        "20" : 0.000000,
        "50" : 0.000000,
        "100" : 0.000000,
        "250" : 0.000000,
        "500" : 0.000000,
        "750" : 0.000000,
        "1000" : 0.000000
      },
      "latency_us" : {
        "2" : 0.000000,
        "4" : 0.000000,
        "10" : 0.000000,
        "20" : 0.000000,
        "50" : 0.000000,
        "100" : 0.000000,
        "250" : 0.000000,
        "500" : 0.000000,
        "750" : 0.000000,
        "1000" : 0.000000
      },
      "latency_ms" : {
        "2" : 0.000000,
        "4" : 0.012526,
        "10" : 39.942906,
        "20" : 58.613256,
        "50" : 0.610500,
        "100" : 0.340851,
        "250" : 0.384364,
        "500" : 0.090982,
        "750" : 0.010000,
        "1000" : 0.010000,
        "2000" : 0.000000,
        ">=2000" : 0.000000
      },
      "latency_depth" : 64,
      "latency_target" : 0,
      "latency_percentile" : 100.000000,
      "latency_window" : 0
    }
  ]
}
