{
  "fio version" : "fio-3.23",
  "timestamp" : 1756997464,
  "timestamp_ms" : 1756997464878,
  "time" : "Thu Sep  4 14:51:04 2025",
  "jobs" : [
    {
      "jobname" : "RandWH-1M-32-32",
      "groupid" : 0,
      "error" : 0,
      "eta" : 0,
      "elapsed" : 61,
      "job options" : {
        "name" : "RandWH-1M-32-32",
        "numjobs" : "32",
        "runtime" : "60",
        "directory" : "/tmp/e2sar/rgeorge-fio_test-p2r_RandWH-1M-32-32",
        "direct" : "1",
        "buffered" : "0",
        "rw" : "randrw",
        "rwmixread" : "20",
        "unified_rw_reporting" : "1",
        "randrepeat" : "0",
        "bs" : "1M",
        "size" : "128M",
        "ioengine" : "pvsync",
        "iodepth" : "32",
        "lat_percentiles" : "1"
      },
      "mixed" : {
        "io_bytes" : 392904572928,
        "io_kbytes" : 383695872,
        "bw_bytes" : 6547427434,
        "bw" : 6393972,
        "iops" : 6244.113383,
        "runtime" : 60009,
        "total_ios" : 374703,
        "short_ios" : 0,
        "drop_ios" : 0,
        "slat_ns" : {
          "min" : 0,
          "max" : 0,
          "mean" : 0.000000,
          "stddev" : 0.000000,
          "N" : 0
        },
        "clat_ns" : {
          "min" : 765779,
          "max" : 625248681,
          "mean" : 4954392.590081,
          "stddev" : 7618832.926532,
          "N" : 374703,
          "percentile" : {
            "1.000000" : 1384448,
            "5.000000" : 2244608,
            "10.000000" : 2703360,
            "20.000000" : 3162112,
            "30.000000" : 3489792,
            "40.000000" : 3784704,
            "50.000000" : 4046848,
            "60.000000" : 4292608,
            "70.000000" : 4620288,
            "80.000000" : 5079040,
            "90.000000" : 6062080,
            "95.000000" : 8716288,
            "99.000000" : 23199744,
            "99.500000" : 45350912,
            "99.900000" : 100139008,
            "99.950000" : 137363456,
            "99.990000" : 267386880
          }
        },
        "lat_ns" : {
          "min" : 765870,
          "max" : 625249503,
          "mean" : 4954491.983291,
          "stddev" : 7618838.533465,
          "N" : 374703,
          "percentile" : {
            "1.000000" : 1384448,
            "5.000000" : 2244608,
            "10.000000" : 2703360,
            "20.000000" : 3162112,
            "30.000000" : 3489792,
            "40.000000" : 3784704,
            "50.000000" : 4046848,
            "60.000000" : 4292608,
            "70.000000" : 4620288,
            "80.000000" : 5079040,
            "90.000000" : 6062080,
            "95.000000" : 8716288,
            "99.000000" : 23199744,
            "99.500000" : 45350912,
            "99.900000" : 100139008,
            "99.950000" : 137363456,
            "99.990000" : 267386880
          }
        },
        "bw_min" : 731136,
        "bw_max" : 9662464,
        "bw_agg" : 100.000000,
        "bw_mean" : 6400200.432782,
        "bw_dev" : 30792.155881,
        "bw_samples" : 7609,
        "iops_min" : 714,
        "iops_max" : 9436,
        "iops_mean" : 6250.195735,
        "iops_stddev" : 30.070465,
        "iops_samples" : 7609
      },
      "job_runtime" : 1920036,
      "usr_cpu" : 3.244679,
      "sys_cpu" : 0.219110,
      "ctx" : 375508,
      "majf" : 0,
      "minf" : 554,
      "iodepth_level" : {
        "1" : 100.000000,
        "2" : 0.000000,
        "4" : 0.000000,
        "8" : 0.000000,
        "16" : 0.000000,
        "32" : 0.000000,
        ">=64" : 0.000000
      },
      "iodepth_submit" : {
        "0" : 0.000000,
        "4" : 100.000000,
        "8" : 0.000000,
        "16" : 0.000000,
        "32" : 0.000000,
        "64" : 0.000000,
        ">=64" : 0.000000
      },
      "iodepth_complete" : {
        "0" : 0.000000,
        "4" : 100.000000,
        "8" : 0.000000,
        "16" : 0.000000,
        "32" : 0.000000,
        "64" : 0.000000,
        ">=64" : 0.000000
      },
      "latency_ns" : {
        "2" : 0.000000,
        "4" : 0.000000,
        "10" : 0.000000,
        "20" : 0.000000,
        "50" : 0.000000,
        "100" : 0.000000,
        "250" : 0.000000,
        "500" : 0.000000,
        "750" : 0.000000,
        "1000" : 0.000000
      },
      "latency_us" : {
        "2" : 0.000000,
        "4" : 0.000000,
        "10" : 0.000000,
        "20" : 0.000000,
        "50" : 0.000000,
        "100" : 0.000000,
        "250" : 0.000000,
        "500" : 0.000000,
        "750" : 0.000000,
        "1000" : 0.059781
      },
      "latency_ms" : {
        "2" : 3.214546,
        "4" : 45.228087,
        "10" : 47.446911,
        "20" : 2.832377,
        "50" : 0.769409,
        "100" : 0.347742,
        "250" : 0.088337,
        "500" : 0.011743,
        "750" : 0.010000,
        "1000" : 0.000000,
        "2000" : 0.000000,
        ">=2000" : 0.000000
      },
      "latency_depth" : 32,
      "latency_target" : 0,
      "latency_percentile" : 100.000000,
      "latency_window" : 0
    }
  ]
}
