{
  "fio version" : "fio-3.23",
  "timestamp" : 1756961970,
  "timestamp_ms" : 1756961970845,
  "time" : "Thu Sep  4 04:59:30 2025",
  "jobs" : [
    {
      "jobname" : "SeqW-16K-16-16",
      "groupid" : 0,
      "error" : 0,
      "eta" : 0,
      "elapsed" : 62,
      "job options" : {
        "name" : "SeqW-16K-16-16",
        "numjobs" : "16",
        "runtime" : "60",
        "directory" : "/tmp/e2sar/rgeorge-fio_test-p1s_SeqW-16K-16-16",
        "direct" : "1",
        "buffered" : "0",
        "rw" : "write",
        "unified_rw_reporting" : "0",
        "randrepeat" : "0",
        "bs" : "16K",
        "size" : "128M",
        "ioengine" : "pvsync",
        "iodepth" : "16",
        "lat_percentiles" : "1"
      },
      "read" : {
        "io_bytes" : 0,
        "io_kbytes" : 0,
        "bw_bytes" : 0,
        "bw" : 0,
        "iops" : 0.000000,
        "runtime" : 0,
        "total_ios" : 0,
        "short_ios" : 0,
        "drop_ios" : 0,
        "slat_ns" : {
          "min" : 0,
          "max" : 0,
          "mean" : 0.000000,
          "stddev" : 0.000000,
          "N" : 0
        },
        "clat_ns" : {
          "min" : 0,
          "max" : 0,
          "mean" : 0.000000,
          "stddev" : 0.000000,
          "N" : 0
        },
        "lat_ns" : {
          "min" : 0,
          "max" : 0,
          "mean" : 0.000000,
          "stddev" : 0.000000,
          "N" : 0
        },
        "bw_min" : 0,
        "bw_max" : 0,
        "bw_agg" : 0.000000,
        "bw_mean" : 0.000000,
        "bw_dev" : 0.000000,
        "bw_samples" : 0,
        "iops_min" : 0,
        "iops_max" : 0,
        "iops_mean" : 0.000000,
        "iops_stddev" : 0.000000,
        "iops_samples" : 0
      },
      "write" : {
        "io_bytes" : 55617601536,
        "io_kbytes" : 54314064,
        "bw_bytes" : 926759227,
        "bw" : 905038,
        "iops" : 56564.894273,
        "runtime" : 60013,
        "total_ios" : 3394629,
        "short_ios" : 0,
        "drop_ios" : 0,
        "slat_ns" : {
          "min" : 0,
          "max" : 0,
          "mean" : 0.000000,
          "stddev" : 0.000000,
          "N" : 0
        },
        "clat_ns" : {
          "min" : 132342,
          "max" : 444913691,
          "mean" : 278063.549388,
          "stddev" : 1358833.276851,
          "N" : 3394629,
          "percentile" : {
            "1.000000" : 156672,
            "5.000000" : 175104,
            "10.000000" : 191488,
            "20.000000" : 216064,
            "30.000000" : 232448,
            "40.000000" : 244736,
            "50.000000" : 254976,
            "60.000000" : 264192,
            "70.000000" : 272384,
            "80.000000" : 284672,
            "90.000000" : 301056,
            "95.000000" : 317440,
            "99.000000" : 382976,
            "99.500000" : 423936,
            "99.900000" : 2605056,
            "99.950000" : 10158080,
            "99.990000" : 67633152
          }
        },
        "lat_ns" : {
          "min" : 132393,
          "max" : 444913742,
          "mean" : 278178.206645,
          "stddev" : 1358833.103636,
          "N" : 3394629,
          "percentile" : {
            "1.000000" : 156672,
            "5.000000" : 175104,
            "10.000000" : 191488,
            "20.000000" : 218112,
            "30.000000" : 232448,
            "40.000000" : 244736,
            "50.000000" : 254976,
            "60.000000" : 264192,
            "70.000000" : 272384,
            "80.000000" : 284672,
            "90.000000" : 301056,
            "95.000000" : 317440,
            "99.000000" : 382976,
            "99.500000" : 423936,
            "99.900000" : 2605056,
            "99.950000" : 10158080,
            "99.990000" : 67633152
          }
        },
        "bw_min" : 262208,
        "bw_max" : 1053856,
        "bw_agg" : 100.000000,
        "bw_mean" : 905898.470588,
        "bw_dev" : 10975.770708,
        "bw_samples" : 1904,
        "iops_min" : 16388,
        "iops_max" : 65866,
        "iops_mean" : 56618.647059,
        "iops_stddev" : 685.985826,
        "iops_samples" : 1904
      },
      "trim" : {
        "io_bytes" : 0,
        "io_kbytes" : 0,
        "bw_bytes" : 0,
        "bw" : 0,
        "iops" : 0.000000,
        "runtime" : 0,
        "total_ios" : 0,
        "short_ios" : 0,
        "drop_ios" : 0,
        "slat_ns" : {
          "min" : 0,
          "max" : 0,
          "mean" : 0.000000,
          "stddev" : 0.000000,
          "N" : 0
        },
        "clat_ns" : {
          "min" : 0,
          "max" : 0,
          "mean" : 0.000000,
          "stddev" : 0.000000,
          "N" : 0
        },
        "lat_ns" : {
          "min" : 0,
          "max" : 0,
          "mean" : 0.000000,
          "stddev" : 0.000000,
          "N" : 0
        },
        "bw_min" : 0,
        "bw_max" : 0,
        "bw_agg" : 0.000000,
        "bw_mean" : 0.000000,
        "bw_dev" : 0.000000,
        "bw_samples" : 0,
        "iops_min" : 0,
        "iops_max" : 0,
        "iops_mean" : 0.000000,
        "iops_stddev" : 0.000000,
        "iops_samples" : 0
      },
      "sync" : {
        "total_ios" : 0,
        "lat_ns" : {
          "min" : 0,
          "max" : 0,
          "mean" : 0.000000,
          "stddev" : 0.000000,
          "N" : 0
        }
      },
      "job_runtime" : 960013,
      "usr_cpu" : 2.040493,
      "sys_cpu" : 1.761434,
      "ctx" : 3394762,
      "majf" : 0,
      "minf" : 235,
      "iodepth_level" : {
        "1" : 100.000000,
        "2" : 0.000000,
        "4" : 0.000000,
        "8" : 0.000000,
        "16" : 0.000000,
        "32" : 0.000000,
        ">=64" : 0.000000
      },
      "iodepth_submit" : {
        "0" : 0.000000,
        "4" : 100.000000,
        "8" : 0.000000,
        "16" : 0.000000,
        "32" : 0.000000,
        "64" : 0.000000,
        ">=64" : 0.000000
      },
      "iodepth_complete" : {
        "0" : 0.000000,
        "4" : 100.000000,
        "8" : 0.000000,
        "16" : 0.000000,
        "32" : 0.000000,
        "64" : 0.000000,
        ">=64" : 0.000000
      },
      "latency_ns" : {
        "2" : 0.000000,
        "4" : 0.000000,
        "10" : 0.000000,
        "20" : 0.000000,
        "50" : 0.000000,
        "100" : 0.000000,
        "250" : 0.000000,
        "500" : 0.000000,
        "750" : 0.000000,
        "1000" : 0.000000
      },
      "latency_us" : {
        "2" : 0.000000,
        "4" : 0.000000,
        "10" : 0.000000,
        "20" : 0.000000,
        "50" : 0.000000,
        "100" : 0.000000,
        "250" : 45.318590,
        "500" : 54.415696,
        "750" : 0.081275,
        "1000" : 0.010000
      },
      "latency_ms" : {
        "2" : 0.026925,
        "4" : 0.068461,
        "10" : 0.031992,
        "20" : 0.016585,
        "50" : 0.016909,
        "100" : 0.013639,
        "250" : 0.010000,
        "500" : 0.010000,
        "750" : 0.000000,
        "1000" : 0.000000,
        "2000" : 0.000000,
        ">=2000" : 0.000000
      },
      "latency_depth" : 16,
      "latency_target" : 0,
      "latency_percentile" : 100.000000,
      "latency_window" : 0
    }
  ]
}
