{
  "fio version" : "fio-3.23",
  "timestamp" : 1757507883,
  "timestamp_ms" : 1757507883381,
  "time" : "Wed Sep 10 12:38:03 2025",
  "jobs" : [
    {
      "jobname" : "SeqBal-4M-128-64",
      "groupid" : 0,
      "error" : 0,
      "eta" : 0,
      "elapsed" : 63,
      "job options" : {
        "name" : "SeqBal-4M-128-64",
        "rw" : "rw",
        "unified_rw_reporting" : "1",
        "bs" : "4M",
        "numjobs" : "128",
        "iodepth" : "64",
        "runtime" : "60",
        "directory" : "/tmp/e2sar/rgeorge-fio_test-m_SeqBal-4M-128-64",
        "direct" : "1",
        "buffered" : "0",
        "randrepeat" : "0",
        "size" : "128M",
        "ioengine" : "pvsync",
        "lat_percentiles" : "1"
      },
      "mixed" : {
        "io_bytes" : 197027430400,
        "io_kbytes" : 192409600,
        "bw_bytes" : 3275383688,
        "bw" : 3198616,
        "iops" : 780.912325,
        "runtime" : 60154,
        "total_ios" : 46975,
        "short_ios" : 0,
        "drop_ios" : 0,
        "slat_ns" : {
          "min" : 0,
          "max" : 0,
          "mean" : 0.000000,
          "stddev" : 0.000000,
          "N" : 0
        },
        "clat_ns" : {
          "min" : 3326162,
          "max" : 737367743,
          "mean" : 162930903.347696,
          "stddev" : 34054212.136921,
          "N" : 46975,
          "percentile" : {
            "1.000000" : 58458112,
            "5.000000" : 137363456,
            "10.000000" : 143654912,
            "20.000000" : 149946368,
            "30.000000" : 152043520,
            "40.000000" : 156237824,
            "50.000000" : 158334976,
            "60.000000" : 162529280,
            "70.000000" : 166723584,
            "80.000000" : 170917888,
            "90.000000" : 179306496,
            "95.000000" : 204472320,
            "99.000000" : 320864256,
            "99.500000" : 337641472,
            "99.900000" : 362807296,
            "99.950000" : 371195904,
            "99.990000" : 387973120
          }
        },
        "lat_ns" : {
          "min" : 3326231,
          "max" : 737368510,
          "mean" : 162931264.147972,
          "stddev" : 34054208.518253,
          "N" : 46975,
          "percentile" : {
            "1.000000" : 58458112,
            "5.000000" : 137363456,
            "10.000000" : 143654912,
            "20.000000" : 149946368,
            "30.000000" : 152043520,
            "40.000000" : 156237824,
            "50.000000" : 158334976,
            "60.000000" : 162529280,
            "70.000000" : 166723584,
            "80.000000" : 170917888,
            "90.000000" : 179306496,
            "95.000000" : 204472320,
            "99.000000" : 320864256,
            "99.500000" : 337641472,
            "99.900000" : 362807296,
            "99.950000" : 371195904,
            "99.990000" : 387973120
          }
        },
        "bw_min" : 2043126,
        "bw_max" : 9592369,
        "bw_agg" : 100.000000,
        "bw_mean" : 3666558.888728,
        "bw_dev" : 6603.685207,
        "bw_samples" : 26524,
        "iops_min" : 452,
        "iops_max" : 2336,
        "iops_mean" : 893.711283,
        "iops_stddev" : 1.611763,
        "iops_samples" : 26524
      },
      "job_runtime" : 7685274,
      "usr_cpu" : 0.315786,
      "sys_cpu" : 0.062093,
      "ctx" : 189023,
      "majf" : 0,
      "minf" : 1924,
      "iodepth_level" : {
        "1" : 100.000000,
        "2" : 0.000000,
        "4" : 0.000000,
        "8" : 0.000000,
        "16" : 0.000000,
        "32" : 0.000000,
        ">=64" : 0.000000
      },
      "iodepth_submit" : {
        "0" : 0.000000,
        "4" : 100.000000,
        "8" : 0.000000,
        "16" : 0.000000,
        "32" : 0.000000,
        "64" : 0.000000,
        ">=64" : 0.000000
      },
      "iodepth_complete" : {
        "0" : 0.000000,
        "4" : 100.000000,
        "8" : 0.000000,
        "16" : 0.000000,
        "32" : 0.000000,
        "64" : 0.000000,
        ">=64" : 0.000000
      },
      "latency_ns" : {
        "2" : 0.000000,
        "4" : 0.000000,
        "10" : 0.000000,
        "20" : 0.000000,
        "50" : 0.000000,
        "100" : 0.000000,
        "250" : 0.000000,
        "500" : 0.000000,
        "750" : 0.000000,
        "1000" : 0.000000
      },
      "latency_us" : {
        "2" : 0.000000,
        "4" : 0.000000,
        "10" : 0.000000,
        "20" : 0.000000,
        "50" : 0.000000,
        "100" : 0.000000,
        "250" : 0.000000,
        "500" : 0.000000,
        "750" : 0.000000,
        "1000" : 0.000000
      },
      "latency_ms" : {
        "2" : 0.000000,
        "4" : 0.012773,
        "10" : 0.140500,
        "20" : 0.259713,
        "50" : 0.455561,
        "100" : 1.002661,
        "250" : 94.799361,
        "500" : 3.327302,
        "750" : 0.010000,
        "1000" : 0.000000,
        "2000" : 0.000000,
        ">=2000" : 0.000000
      },
      "latency_depth" : 64,
      "latency_target" : 0,
      "latency_percentile" : 100.000000,
      "latency_window" : 0
    }
  ]
}
