{
  "fio version" : "fio-3.23",
  "timestamp" : 1756965393,
  "timestamp_ms" : 1756965393734,
  "time" : "Thu Sep  4 05:56:33 2025",
  "jobs" : [
    {
      "jobname" : "SeqR-4K-16-64",
      "groupid" : 0,
      "error" : 0,
      "eta" : 0,
      "elapsed" : 61,
      "job options" : {
        "name" : "SeqR-4K-16-64",
        "numjobs" : "16",
        "runtime" : "60",
        "directory" : "/tmp/e2sar/rgeorge-fio_test-p1s_SeqR-4K-16-64",
        "direct" : "1",
        "buffered" : "0",
        "rw" : "read",
        "unified_rw_reporting" : "0",
        "randrepeat" : "0",
        "bs" : "4K",
        "size" : "128M",
        "ioengine" : "pvsync",
        "iodepth" : "64",
        "lat_percentiles" : "1"
      },
      "read" : {
        "io_bytes" : 11093483520,
        "io_kbytes" : 10833480,
        "bw_bytes" : 184885229,
        "bw" : 180551,
        "iops" : 45137.995400,
        "runtime" : 60002,
        "total_ios" : 2708370,
        "short_ios" : 0,
        "drop_ios" : 0,
        "slat_ns" : {
          "min" : 0,
          "max" : 0,
          "mean" : 0.000000,
          "stddev" : 0.000000,
          "N" : 0
        },
        "clat_ns" : {
          "min" : 114149,
          "max" : 262723963,
          "mean" : 353951.949166,
          "stddev" : 994200.072499,
          "N" : 2708370,
          "percentile" : {
            "1.000000" : 181248,
            "5.000000" : 224256,
            "10.000000" : 261120,
            "20.000000" : 296960,
            "30.000000" : 317440,
            "40.000000" : 337920,
            "50.000000" : 350208,
            "60.000000" : 362496,
            "70.000000" : 370688,
            "80.000000" : 382976,
            "90.000000" : 403456,
            "95.000000" : 419840,
            "99.000000" : 468992,
            "99.500000" : 497664,
            "99.900000" : 585728,
            "99.950000" : 4079616,
            "99.990000" : 45350912
          }
        },
        "lat_ns" : {
          "min" : 114183,
          "max" : 262723998,
          "mean" : 353992.408561,
          "stddev" : 994200.105849,
          "N" : 2708370,
          "percentile" : {
            "1.000000" : 181248,
            "5.000000" : 224256,
            "10.000000" : 261120,
            "20.000000" : 296960,
            "30.000000" : 317440,
            "40.000000" : 337920,
            "50.000000" : 350208,
            "60.000000" : 362496,
            "70.000000" : 370688,
            "80.000000" : 382976,
            "90.000000" : 403456,
            "95.000000" : 419840,
            "99.000000" : 468992,
            "99.500000" : 497664,
            "99.900000" : 585728,
            "99.950000" : 4079616,
            "99.990000" : 45350912
          }
        },
        "bw_min" : 101192,
        "bw_max" : 221104,
        "bw_agg" : 100.000000,
        "bw_mean" : 180785.277311,
        "bw_dev" : 1182.712017,
        "bw_samples" : 1904,
        "iops_min" : 25298,
        "iops_max" : 55276,
        "iops_mean" : 45196.319328,
        "iops_stddev" : 295.678004,
        "iops_samples" : 1904
      },
      "write" : {
        "io_bytes" : 0,
        "io_kbytes" : 0,
        "bw_bytes" : 0,
        "bw" : 0,
        "iops" : 0.000000,
        "runtime" : 0,
        "total_ios" : 0,
        "short_ios" : 0,
        "drop_ios" : 0,
        "slat_ns" : {
          "min" : 0,
          "max" : 0,
          "mean" : 0.000000,
          "stddev" : 0.000000,
          "N" : 0
        },
        "clat_ns" : {
          "min" : 0,
          "max" : 0,
          "mean" : 0.000000,
          "stddev" : 0.000000,
          "N" : 0
        },
        "lat_ns" : {
          "min" : 0,
          "max" : 0,
          "mean" : 0.000000,
          "stddev" : 0.000000,
          "N" : 0
        },
        "bw_min" : 0,
        "bw_max" : 0,
        "bw_agg" : 0.000000,
        "bw_mean" : 0.000000,
        "bw_dev" : 0.000000,
        "bw_samples" : 0,
        "iops_min" : 0,
        "iops_max" : 0,
        "iops_mean" : 0.000000,
        "iops_stddev" : 0.000000,
        "iops_samples" : 0
      },
      "trim" : {
        "io_bytes" : 0,
        "io_kbytes" : 0,
        "bw_bytes" : 0,
        "bw" : 0,
        "iops" : 0.000000,
        "runtime" : 0,
        "total_ios" : 0,
        "short_ios" : 0,
        "drop_ios" : 0,
        "slat_ns" : {
          "min" : 0,
          "max" : 0,
          "mean" : 0.000000,
          "stddev" : 0.000000,
          "N" : 0
        },
        "clat_ns" : {
          "min" : 0,
          "max" : 0,
          "mean" : 0.000000,
          "stddev" : 0.000000,
          "N" : 0
        },
        "lat_ns" : {
          "min" : 0,
          "max" : 0,
          "mean" : 0.000000,
          "stddev" : 0.000000,
          "N" : 0
        },
        "bw_min" : 0,
        "bw_max" : 0,
        "bw_agg" : 0.000000,
        "bw_mean" : 0.000000,
        "bw_dev" : 0.000000,
        "bw_samples" : 0,
        "iops_min" : 0,
        "iops_max" : 0,
        "iops_mean" : 0.000000,
        "iops_stddev" : 0.000000,
        "iops_samples" : 0
      },
      "sync" : {
        "total_ios" : 0,
        "lat_ns" : {
          "min" : 0,
          "max" : 0,
          "mean" : 0.000000,
          "stddev" : 0.000000,
          "N" : 0
        }
      },
      "job_runtime" : 960001,
      "usr_cpu" : 0.338229,
      "sys_cpu" : 1.457498,
      "ctx" : 2708455,
      "majf" : 0,
      "minf" : 225,
      "iodepth_level" : {
        "1" : 100.000000,
        "2" : 0.000000,
        "4" : 0.000000,
        "8" : 0.000000,
        "16" : 0.000000,
        "32" : 0.000000,
        ">=64" : 0.000000
      },
      "iodepth_submit" : {
        "0" : 0.000000,
        "4" : 100.000000,
        "8" : 0.000000,
        "16" : 0.000000,
        "32" : 0.000000,
        "64" : 0.000000,
        ">=64" : 0.000000
      },
      "iodepth_complete" : {
        "0" : 0.000000,
        "4" : 100.000000,
        "8" : 0.000000,
        "16" : 0.000000,
        "32" : 0.000000,
        "64" : 0.000000,
        ">=64" : 0.000000
      },
      "latency_ns" : {
        "2" : 0.000000,
        "4" : 0.000000,
        "10" : 0.000000,
        "20" : 0.000000,
        "50" : 0.000000,
        "100" : 0.000000,
        "250" : 0.000000,
        "500" : 0.000000,
        "750" : 0.000000,
        "1000" : 0.000000
      },
      "latency_us" : {
        "2" : 0.000000,
        "4" : 0.000000,
        "10" : 0.000000,
        "20" : 0.000000,
        "50" : 0.000000,
        "100" : 0.000000,
        "250" : 8.275974,
        "500" : 91.283244,
        "750" : 0.359774,
        "1000" : 0.010000
      },
      "latency_ms" : {
        "2" : 0.010634,
        "4" : 0.013144,
        "10" : 0.025514,
        "20" : 0.010000,
        "50" : 0.010000,
        "100" : 0.010000,
        "250" : 0.010000,
        "500" : 0.010000,
        "750" : 0.000000,
        "1000" : 0.000000,
        "2000" : 0.000000,
        ">=2000" : 0.000000
      },
      "latency_depth" : 64,
      "latency_target" : 0,
      "latency_percentile" : 100.000000,
      "latency_window" : 0
    }
  ]
}
