{
  "fio version" : "fio-3.23",
  "timestamp" : 1757016410,
  "timestamp_ms" : 1757016410424,
  "time" : "Thu Sep  4 20:06:50 2025",
  "jobs" : [
    {
      "jobname" : "SeqR-1M-32-16",
      "groupid" : 0,
      "error" : 0,
      "eta" : 0,
      "elapsed" : 61,
      "job options" : {
        "name" : "SeqR-1M-32-16",
        "numjobs" : "32",
        "runtime" : "60",
        "directory" : "/tmp/e2sar/rgeorge-fio_test-p2s_SeqR-1M-32-16",
        "direct" : "1",
        "buffered" : "0",
        "rw" : "read",
        "unified_rw_reporting" : "0",
        "randrepeat" : "0",
        "bs" : "1M",
        "size" : "128M",
        "ioengine" : "pvsync",
        "iodepth" : "16",
        "lat_percentiles" : "1"
      },
      "read" : {
        "io_bytes" : 217649774592,
        "io_kbytes" : 212548608,
        "bw_bytes" : 3626952200,
        "bw" : 3541945,
        "iops" : 3458.931160,
        "runtime" : 60009,
        "total_ios" : 207567,
        "short_ios" : 0,
        "drop_ios" : 0,
        "slat_ns" : {
          "min" : 0,
          "max" : 0,
          "mean" : 0.000000,
          "stddev" : 0.000000,
          "N" : 0
        },
        "clat_ns" : {
          "min" : 506523,
          "max" : 316254098,
          "mean" : 9246240.651539,
          "stddev" : 8341272.090054,
          "N" : 207567,
          "percentile" : {
            "1.000000" : 798720,
            "5.000000" : 6586368,
            "10.000000" : 7503872,
            "20.000000" : 8093696,
            "30.000000" : 8355840,
            "40.000000" : 8454144,
            "50.000000" : 8585216,
            "60.000000" : 8716288,
            "70.000000" : 8716288,
            "80.000000" : 8847360,
            "90.000000" : 9371648,
            "95.000000" : 9764864,
            "99.000000" : 47972352,
            "99.500000" : 70778880,
            "99.900000" : 102236160,
            "99.950000" : 139460608,
            "99.990000" : 242221056
          }
        },
        "lat_ns" : {
          "min" : 506550,
          "max" : 316254142,
          "mean" : 9246302.304750,
          "stddev" : 8341274.630368,
          "N" : 207567,
          "percentile" : {
            "1.000000" : 798720,
            "5.000000" : 6586368,
            "10.000000" : 7503872,
            "20.000000" : 8093696,
            "30.000000" : 8355840,
            "40.000000" : 8454144,
            "50.000000" : 8585216,
            "60.000000" : 8716288,
            "70.000000" : 8716288,
            "80.000000" : 8847360,
            "90.000000" : 9371648,
            "95.000000" : 9764864,
            "99.000000" : 47972352,
            "99.500000" : 70778880,
            "99.900000" : 102236160,
            "99.950000" : 139460608,
            "99.990000" : 242221056
          }
        },
        "bw_min" : 1202176,
        "bw_max" : 4020224,
        "bw_agg" : 100.000000,
        "bw_mean" : 3544530.621849,
        "bw_dev" : 19725.520943,
        "bw_samples" : 3808,
        "iops_min" : 1174,
        "iops_max" : 3926,
        "iops_mean" : 3461.428571,
        "iops_stddev" : 19.263750,
        "iops_samples" : 3808
      },
      "write" : {
        "io_bytes" : 0,
        "io_kbytes" : 0,
        "bw_bytes" : 0,
        "bw" : 0,
        "iops" : 0.000000,
        "runtime" : 0,
        "total_ios" : 0,
        "short_ios" : 0,
        "drop_ios" : 0,
        "slat_ns" : {
          "min" : 0,
          "max" : 0,
          "mean" : 0.000000,
          "stddev" : 0.000000,
          "N" : 0
        },
        "clat_ns" : {
          "min" : 0,
          "max" : 0,
          "mean" : 0.000000,
          "stddev" : 0.000000,
          "N" : 0
        },
        "lat_ns" : {
          "min" : 0,
          "max" : 0,
          "mean" : 0.000000,
          "stddev" : 0.000000,
          "N" : 0
        },
        "bw_min" : 0,
        "bw_max" : 0,
        "bw_agg" : 0.000000,
        "bw_mean" : 0.000000,
        "bw_dev" : 0.000000,
        "bw_samples" : 0,
        "iops_min" : 0,
        "iops_max" : 0,
        "iops_mean" : 0.000000,
        "iops_stddev" : 0.000000,
        "iops_samples" : 0
      },
      "trim" : {
        "io_bytes" : 0,
        "io_kbytes" : 0,
        "bw_bytes" : 0,
        "bw" : 0,
        "iops" : 0.000000,
        "runtime" : 0,
        "total_ios" : 0,
        "short_ios" : 0,
        "drop_ios" : 0,
        "slat_ns" : {
          "min" : 0,
          "max" : 0,
          "mean" : 0.000000,
          "stddev" : 0.000000,
          "N" : 0
        },
        "clat_ns" : {
          "min" : 0,
          "max" : 0,
          "mean" : 0.000000,
          "stddev" : 0.000000,
          "N" : 0
        },
        "lat_ns" : {
          "min" : 0,
          "max" : 0,
          "mean" : 0.000000,
          "stddev" : 0.000000,
          "N" : 0
        },
        "bw_min" : 0,
        "bw_max" : 0,
        "bw_agg" : 0.000000,
        "bw_mean" : 0.000000,
        "bw_dev" : 0.000000,
        "bw_samples" : 0,
        "iops_min" : 0,
        "iops_max" : 0,
        "iops_mean" : 0.000000,
        "iops_stddev" : 0.000000,
        "iops_samples" : 0
      },
      "sync" : {
        "total_ios" : 0,
        "lat_ns" : {
          "min" : 0,
          "max" : 0,
          "mean" : 0.000000,
          "stddev" : 0.000000,
          "N" : 0
        }
      },
      "job_runtime" : 1920131,
      "usr_cpu" : 0.015051,
      "sys_cpu" : 0.173374,
      "ctx" : 207746,
      "majf" : 0,
      "minf" : 8635,
      "iodepth_level" : {
        "1" : 100.000000,
        "2" : 0.000000,
        "4" : 0.000000,
        "8" : 0.000000,
        "16" : 0.000000,
        "32" : 0.000000,
        ">=64" : 0.000000
      },
      "iodepth_submit" : {
        "0" : 0.000000,
        "4" : 100.000000,
        "8" : 0.000000,
        "16" : 0.000000,
        "32" : 0.000000,
        "64" : 0.000000,
        ">=64" : 0.000000
      },
      "iodepth_complete" : {
        "0" : 0.000000,
        "4" : 100.000000,
        "8" : 0.000000,
        "16" : 0.000000,
        "32" : 0.000000,
        "64" : 0.000000,
        ">=64" : 0.000000
      },
      "latency_ns" : {
        "2" : 0.000000,
        "4" : 0.000000,
        "10" : 0.000000,
        "20" : 0.000000,
        "50" : 0.000000,
        "100" : 0.000000,
        "250" : 0.000000,
        "500" : 0.000000,
        "750" : 0.000000,
        "1000" : 0.000000
      },
      "latency_us" : {
        "2" : 0.000000,
        "4" : 0.000000,
        "10" : 0.000000,
        "20" : 0.000000,
        "50" : 0.000000,
        "100" : 0.000000,
        "250" : 0.000000,
        "500" : 0.000000,
        "750" : 0.761682,
        "1000" : 0.750119
      },
      "latency_ms" : {
        "2" : 0.876825,
        "4" : 1.115784,
        "10" : 93.126557,
        "20" : 1.445316,
        "50" : 0.965953,
        "100" : 0.845510,
        "250" : 0.105990,
        "500" : 0.010000,
        "750" : 0.000000,
        "1000" : 0.000000,
        "2000" : 0.000000,
        ">=2000" : 0.000000
      },
      "latency_depth" : 16,
      "latency_target" : 0,
      "latency_percentile" : 100.000000,
      "latency_window" : 0
    }
  ]
}
