{
  "fio version" : "fio-3.23",
  "timestamp" : 1757013689,
  "timestamp_ms" : 1757013689811,
  "time" : "Thu Sep  4 19:21:29 2025",
  "jobs" : [
    {
      "jobname" : "SeqRH-1M-32-8",
      "groupid" : 0,
      "error" : 0,
      "eta" : 0,
      "elapsed" : 61,
      "job options" : {
        "name" : "SeqRH-1M-32-8",
        "numjobs" : "32",
        "runtime" : "60",
        "directory" : "/tmp/e2sar/rgeorge-fio_test-p2s_SeqRH-1M-32-8",
        "direct" : "1",
        "buffered" : "0",
        "rw" : "rw",
        "rwmixread" : "80",
        "unified_rw_reporting" : "1",
        "randrepeat" : "0",
        "bs" : "1M",
        "size" : "128M",
        "ioengine" : "pvsync",
        "iodepth" : "8",
        "lat_percentiles" : "1"
      },
      "mixed" : {
        "io_bytes" : 210951471104,
        "io_kbytes" : 206007296,
        "bw_bytes" : 3512287026,
        "bw" : 3429967,
        "iops" : 3349.577929,
        "runtime" : 60061,
        "total_ios" : 201179,
        "short_ios" : 0,
        "drop_ios" : 0,
        "slat_ns" : {
          "min" : 0,
          "max" : 0,
          "mean" : 0.000000,
          "stddev" : 0.000000,
          "N" : 0
        },
        "clat_ns" : {
          "min" : 565709,
          "max" : 410298103,
          "mean" : 9489525.703736,
          "stddev" : 8460926.256541,
          "N" : 201179,
          "percentile" : {
            "1.000000" : 2342912,
            "5.000000" : 6717440,
            "10.000000" : 7307264,
            "20.000000" : 7831552,
            "30.000000" : 8224768,
            "40.000000" : 8454144,
            "50.000000" : 8847360,
            "60.000000" : 9109504,
            "70.000000" : 9371648,
            "80.000000" : 9764864,
            "90.000000" : 10289152,
            "95.000000" : 10813440,
            "99.000000" : 36438016,
            "99.500000" : 69730304,
            "99.900000" : 115867648,
            "99.950000" : 166723584,
            "99.990000" : 252706816
          }
        },
        "lat_ns" : {
          "min" : 565738,
          "max" : 410298134,
          "mean" : 9489586.752837,
          "stddev" : 8460931.963050,
          "N" : 201179,
          "percentile" : {
            "1.000000" : 2342912,
            "5.000000" : 6717440,
            "10.000000" : 7307264,
            "20.000000" : 7831552,
            "30.000000" : 8224768,
            "40.000000" : 8454144,
            "50.000000" : 8847360,
            "60.000000" : 9109504,
            "70.000000" : 9371648,
            "80.000000" : 9764864,
            "90.000000" : 10289152,
            "95.000000" : 10813440,
            "99.000000" : 36438016,
            "99.500000" : 69730304,
            "99.900000" : 115867648,
            "99.950000" : 166723584,
            "99.990000" : 252706816
          }
        },
        "bw_min" : 591872,
        "bw_max" : 4802382,
        "bw_agg" : 100.000000,
        "bw_mean" : 3445184.512463,
        "bw_dev" : 13852.716283,
        "bw_samples" : 7613,
        "iops_min" : 578,
        "iops_max" : 4679,
        "iops_mean" : 3354.817476,
        "iops_stddev" : 13.509423,
        "iops_samples" : 7613
      },
      "job_runtime" : 1920637,
      "usr_cpu" : 0.493482,
      "sys_cpu" : 0.142036,
      "ctx" : 201408,
      "majf" : 0,
      "minf" : 574,
      "iodepth_level" : {
        "1" : 100.000000,
        "2" : 0.000000,
        "4" : 0.000000,
        "8" : 0.000000,
        "16" : 0.000000,
        "32" : 0.000000,
        ">=64" : 0.000000
      },
      "iodepth_submit" : {
        "0" : 0.000000,
        "4" : 100.000000,
        "8" : 0.000000,
        "16" : 0.000000,
        "32" : 0.000000,
        "64" : 0.000000,
        ">=64" : 0.000000
      },
      "iodepth_complete" : {
        "0" : 0.000000,
        "4" : 100.000000,
        "8" : 0.000000,
        "16" : 0.000000,
        "32" : 0.000000,
        "64" : 0.000000,
        ">=64" : 0.000000
      },
      "latency_ns" : {
        "2" : 0.000000,
        "4" : 0.000000,
        "10" : 0.000000,
        "20" : 0.000000,
        "50" : 0.000000,
        "100" : 0.000000,
        "250" : 0.000000,
        "500" : 0.000000,
        "750" : 0.000000,
        "1000" : 0.000000
      },
      "latency_us" : {
        "2" : 0.000000,
        "4" : 0.000000,
        "10" : 0.000000,
        "20" : 0.000000,
        "50" : 0.000000,
        "100" : 0.000000,
        "250" : 0.000000,
        "500" : 0.000000,
        "750" : 0.027339,
        "1000" : 0.182425
      },
      "latency_ms" : {
        "2" : 0.640723,
        "4" : 0.779405,
        "10" : 84.303034,
        "20" : 12.637502,
        "50" : 0.664582,
        "100" : 0.610899,
        "250" : 0.141665,
        "500" : 0.012427,
        "750" : 0.000000,
        "1000" : 0.000000,
        "2000" : 0.000000,
        ">=2000" : 0.000000
      },
      "latency_depth" : 8,
      "latency_target" : 0,
      "latency_percentile" : 100.000000,
      "latency_window" : 0
    }
  ]
}
