{
  "fio version" : "fio-3.23",
  "timestamp" : 1757464187,
  "timestamp_ms" : 1757464187325,
  "time" : "Wed Sep 10 00:29:47 2025",
  "jobs" : [
    {
      "jobname" : "RandR-2M-64-128",
      "groupid" : 0,
      "error" : 0,
      "eta" : 0,
      "elapsed" : 61,
      "job options" : {
        "name" : "RandR-2M-64-128",
        "rw" : "randread",
        "unified_rw_reporting" : "0",
        "bs" : "2M",
        "numjobs" : "64",
        "iodepth" : "128",
        "runtime" : "60",
        "directory" : "/tmp/e2sar/rgeorge-fio_test-m_RandR-2M-64-128",
        "direct" : "1",
        "buffered" : "0",
        "randrepeat" : "0",
        "size" : "128M",
        "ioengine" : "pvsync",
        "lat_percentiles" : "1"
      },
      "read" : {
        "io_bytes" : 120108089344,
        "io_kbytes" : 117293056,
        "bw_bytes" : 2000234638,
        "bw" : 1953354,
        "iops" : 953.786201,
        "runtime" : 60047,
        "total_ios" : 57272,
        "short_ios" : 0,
        "drop_ios" : 0,
        "slat_ns" : {
          "min" : 0,
          "max" : 0,
          "mean" : 0.000000,
          "stddev" : 0.000000,
          "N" : 0
        },
        "clat_ns" : {
          "min" : 42871337,
          "max" : 154498716,
          "mean" : 67033374.029037,
          "stddev" : 3689847.858801,
          "N" : 57272,
          "percentile" : {
            "1.000000" : 64225280,
            "5.000000" : 65273856,
            "10.000000" : 65273856,
            "20.000000" : 65798144,
            "30.000000" : 66322432,
            "40.000000" : 66322432,
            "50.000000" : 66846720,
            "60.000000" : 66846720,
            "70.000000" : 67633152,
            "80.000000" : 67633152,
            "90.000000" : 68681728,
            "95.000000" : 68681728,
            "99.000000" : 72876032,
            "99.500000" : 77070336,
            "99.900000" : 133693440,
            "99.950000" : 137363456,
            "99.990000" : 145752064
          }
        },
        "lat_ns" : {
          "min" : 42871480,
          "max" : 154498759,
          "mean" : 67033495.015487,
          "stddev" : 3689848.086355,
          "N" : 57272,
          "percentile" : {
            "1.000000" : 64225280,
            "5.000000" : 65273856,
            "10.000000" : 65273856,
            "20.000000" : 65798144,
            "30.000000" : 66322432,
            "40.000000" : 66322432,
            "50.000000" : 66846720,
            "60.000000" : 66846720,
            "70.000000" : 67633152,
            "80.000000" : 67633152,
            "90.000000" : 68681728,
            "95.000000" : 68681728,
            "99.000000" : 72876032,
            "99.500000" : 77070336,
            "99.900000" : 133693440,
            "99.950000" : 137363456,
            "99.990000" : 145752064
          }
        },
        "bw_min" : 1572464,
        "bw_max" : 2097152,
        "bw_agg" : 100.000000,
        "bw_mean" : 1955337.546218,
        "bw_dev" : 2184.146678,
        "bw_samples" : 7616,
        "iops_min" : 760,
        "iops_max" : 1024,
        "iops_mean" : 954.689076,
        "iops_stddev" : 1.069765,
        "iops_samples" : 7616
      },
      "write" : {
        "io_bytes" : 0,
        "io_kbytes" : 0,
        "bw_bytes" : 0,
        "bw" : 0,
        "iops" : 0.000000,
        "runtime" : 0,
        "total_ios" : 0,
        "short_ios" : 0,
        "drop_ios" : 0,
        "slat_ns" : {
          "min" : 0,
          "max" : 0,
          "mean" : 0.000000,
          "stddev" : 0.000000,
          "N" : 0
        },
        "clat_ns" : {
          "min" : 0,
          "max" : 0,
          "mean" : 0.000000,
          "stddev" : 0.000000,
          "N" : 0
        },
        "lat_ns" : {
          "min" : 0,
          "max" : 0,
          "mean" : 0.000000,
          "stddev" : 0.000000,
          "N" : 0
        },
        "bw_min" : 0,
        "bw_max" : 0,
        "bw_agg" : 0.000000,
        "bw_mean" : 0.000000,
        "bw_dev" : 0.000000,
        "bw_samples" : 0,
        "iops_min" : 0,
        "iops_max" : 0,
        "iops_mean" : 0.000000,
        "iops_stddev" : 0.000000,
        "iops_samples" : 0
      },
      "trim" : {
        "io_bytes" : 0,
        "io_kbytes" : 0,
        "bw_bytes" : 0,
        "bw" : 0,
        "iops" : 0.000000,
        "runtime" : 0,
        "total_ios" : 0,
        "short_ios" : 0,
        "drop_ios" : 0,
        "slat_ns" : {
          "min" : 0,
          "max" : 0,
          "mean" : 0.000000,
          "stddev" : 0.000000,
          "N" : 0
        },
        "clat_ns" : {
          "min" : 0,
          "max" : 0,
          "mean" : 0.000000,
          "stddev" : 0.000000,
          "N" : 0
        },
        "lat_ns" : {
          "min" : 0,
          "max" : 0,
          "mean" : 0.000000,
          "stddev" : 0.000000,
          "N" : 0
        },
        "bw_min" : 0,
        "bw_max" : 0,
        "bw_agg" : 0.000000,
        "bw_mean" : 0.000000,
        "bw_dev" : 0.000000,
        "bw_samples" : 0,
        "iops_min" : 0,
        "iops_max" : 0,
        "iops_mean" : 0.000000,
        "iops_stddev" : 0.000000,
        "iops_samples" : 0
      },
      "sync" : {
        "total_ios" : 0,
        "lat_ns" : {
          "min" : 0,
          "max" : 0,
          "mean" : 0.000000,
          "stddev" : 0.000000,
          "N" : 0
        }
      },
      "job_runtime" : 3841639,
      "usr_cpu" : 0.007002,
      "sys_cpu" : 0.068564,
      "ctx" : 114871,
      "majf" : 0,
      "minf" : 31758,
      "iodepth_level" : {
        "1" : 100.000000,
        "2" : 0.000000,
        "4" : 0.000000,
        "8" : 0.000000,
        "16" : 0.000000,
        "32" : 0.000000,
        ">=64" : 0.000000
      },
      "iodepth_submit" : {
        "0" : 0.000000,
        "4" : 100.000000,
        "8" : 0.000000,
        "16" : 0.000000,
        "32" : 0.000000,
        "64" : 0.000000,
        ">=64" : 0.000000
      },
      "iodepth_complete" : {
        "0" : 0.000000,
        "4" : 100.000000,
        "8" : 0.000000,
        "16" : 0.000000,
        "32" : 0.000000,
        "64" : 0.000000,
        ">=64" : 0.000000
      },
      "latency_ns" : {
        "2" : 0.000000,
        "4" : 0.000000,
        "10" : 0.000000,
        "20" : 0.000000,
        "50" : 0.000000,
        "100" : 0.000000,
        "250" : 0.000000,
        "500" : 0.000000,
        "750" : 0.000000,
        "1000" : 0.000000
      },
      "latency_us" : {
        "2" : 0.000000,
        "4" : 0.000000,
        "10" : 0.000000,
        "20" : 0.000000,
        "50" : 0.000000,
        "100" : 0.000000,
        "250" : 0.000000,
        "500" : 0.000000,
        "750" : 0.000000,
        "1000" : 0.000000
      },
      "latency_ms" : {
        "2" : 0.000000,
        "4" : 0.000000,
        "10" : 0.000000,
        "20" : 0.000000,
        "50" : 0.017461,
        "100" : 99.732854,
        "250" : 0.249686,
        "500" : 0.000000,
        "750" : 0.000000,
        "1000" : 0.000000,
        "2000" : 0.000000,
        ">=2000" : 0.000000
      },
      "latency_depth" : 128,
      "latency_target" : 0,
      "latency_percentile" : 100.000000,
      "latency_window" : 0
    }
  ]
}
