{
  "fio version" : "fio-3.23",
  "timestamp" : 1757383850,
  "timestamp_ms" : 1757383850720,
  "time" : "Tue Sep  9 02:10:50 2025",
  "jobs" : [
    {
      "jobname" : "RandRH-4K-64-32",
      "groupid" : 0,
      "error" : 0,
      "eta" : 0,
      "elapsed" : 61,
      "job options" : {
        "name" : "RandRH-4K-64-32",
        "rw" : "randrw",
        "rwmixread" : "80",
        "unified_rw_reporting" : "1",
        "bs" : "4K",
        "numjobs" : "64",
        "iodepth" : "32",
        "runtime" : "60",
        "directory" : "/tmp/e2sar/rgeorge-fio_test-m_RandRH-4K-64-32",
        "direct" : "1",
        "buffered" : "0",
        "randrepeat" : "0",
        "size" : "128M",
        "ioengine" : "pvsync",
        "lat_percentiles" : "1"
      },
      "mixed" : {
        "io_bytes" : 12290355200,
        "io_kbytes" : 12002300,
        "bw_bytes" : 204832425,
        "bw" : 200031,
        "iops" : 50007.916403,
        "runtime" : 60002,
        "total_ios" : 3000575,
        "short_ios" : 0,
        "drop_ios" : 0,
        "slat_ns" : {
          "min" : 0,
          "max" : 0,
          "mean" : 0.000000,
          "stddev" : 0.000000,
          "N" : 0
        },
        "clat_ns" : {
          "min" : 159731,
          "max" : 289842821,
          "mean" : 1275050.363241,
          "stddev" : 1587853.127191,
          "N" : 3000575,
          "percentile" : {
            "1.000000" : 325632,
            "5.000000" : 749568,
            "10.000000" : 888832,
            "20.000000" : 1011712,
            "30.000000" : 1089536,
            "40.000000" : 1155072,
            "50.000000" : 1220608,
            "60.000000" : 1269760,
            "70.000000" : 1318912,
            "80.000000" : 1368064,
            "90.000000" : 1548288,
            "95.000000" : 1761280,
            "99.000000" : 1974272,
            "99.500000" : 2072576,
            "99.900000" : 24772608,
            "99.950000" : 38010880,
            "99.990000" : 63176704
          }
        },
        "lat_ns" : {
          "min" : 159773,
          "max" : 289842878,
          "mean" : 1275110.833386,
          "stddev" : 1587852.910167,
          "N" : 3000575,
          "percentile" : {
            "1.000000" : 325632,
            "5.000000" : 749568,
            "10.000000" : 888832,
            "20.000000" : 1011712,
            "30.000000" : 1089536,
            "40.000000" : 1155072,
            "50.000000" : 1220608,
            "60.000000" : 1269760,
            "70.000000" : 1318912,
            "80.000000" : 1368064,
            "90.000000" : 1548288,
            "95.000000" : 1761280,
            "99.000000" : 1974272,
            "99.500000" : 2072576,
            "99.900000" : 24772608,
            "99.950000" : 38010880,
            "99.990000" : 63176704
          }
        },
        "bw_min" : 122760,
        "bw_max" : 270896,
        "bw_agg" : 100.000000,
        "bw_mean" : 200365.890756,
        "bw_dev" : 167.074865,
        "bw_samples" : 15232,
        "iops_min" : 30690,
        "iops_max" : 67716,
        "iops_mean" : 50090.184874,
        "iops_stddev" : 41.757815,
        "iops_samples" : 15232
      },
      "job_runtime" : 3840005,
      "usr_cpu" : 0.159557,
      "sys_cpu" : 0.429687,
      "ctx" : 3001045,
      "majf" : 0,
      "minf" : 1158,
      "iodepth_level" : {
        "1" : 100.000000,
        "2" : 0.000000,
        "4" : 0.000000,
        "8" : 0.000000,
        "16" : 0.000000,
        "32" : 0.000000,
        ">=64" : 0.000000
      },
      "iodepth_submit" : {
        "0" : 0.000000,
        "4" : 100.000000,
        "8" : 0.000000,
        "16" : 0.000000,
        "32" : 0.000000,
        "64" : 0.000000,
        ">=64" : 0.000000
      },
      "iodepth_complete" : {
        "0" : 0.000000,
        "4" : 100.000000,
        "8" : 0.000000,
        "16" : 0.000000,
        "32" : 0.000000,
        "64" : 0.000000,
        ">=64" : 0.000000
      },
      "latency_ns" : {
        "2" : 0.000000,
        "4" : 0.000000,
        "10" : 0.000000,
        "20" : 0.000000,
        "50" : 0.000000,
        "100" : 0.000000,
        "250" : 0.000000,
        "500" : 0.000000,
        "750" : 0.000000,
        "1000" : 0.000000
      },
      "latency_us" : {
        "2" : 0.000000,
        "4" : 0.000000,
        "10" : 0.000000,
        "20" : 0.000000,
        "50" : 0.000000,
        "100" : 0.000000,
        "250" : 0.278080,
        "500" : 2.061238,
        "750" : 2.600068,
        "1000" : 13.491447
      },
      "latency_ms" : {
        "2" : 80.752456,
        "4" : 0.481374,
        "10" : 0.096748,
        "20" : 0.113578,
        "50" : 0.099514,
        "100" : 0.025062,
        "250" : 0.010000,
        "500" : 0.010000,
        "750" : 0.000000,
        "1000" : 0.000000,
        "2000" : 0.000000,
        ">=2000" : 0.000000
      },
      "latency_depth" : 32,
      "latency_target" : 0,
      "latency_percentile" : 100.000000,
      "latency_window" : 0
    }
  ]
}
