{
  "fio version" : "fio-3.23",
  "timestamp" : 1756969442,
  "timestamp_ms" : 1756969442794,
  "time" : "Thu Sep  4 07:04:02 2025",
  "jobs" : [
    {
      "jobname" : "SeqRH-4M-16-128",
      "groupid" : 0,
      "error" : 0,
      "eta" : 0,
      "elapsed" : 61,
      "job options" : {
        "name" : "SeqRH-4M-16-128",
        "numjobs" : "16",
        "runtime" : "60",
        "directory" : "/tmp/e2sar/rgeorge-fio_test-p1s_SeqRH-4M-16-128",
        "direct" : "1",
        "buffered" : "0",
        "rw" : "rw",
        "rwmixread" : "80",
        "unified_rw_reporting" : "1",
        "randrepeat" : "0",
        "bs" : "4M",
        "size" : "128M",
        "ioengine" : "pvsync",
        "iodepth" : "128",
        "lat_percentiles" : "1"
      },
      "mixed" : {
        "io_bytes" : 183878287360,
        "io_kbytes" : 179568640,
        "bw_bytes" : 3063055543,
        "bw" : 2991265,
        "iops" : 730.289351,
        "runtime" : 60031,
        "total_ios" : 43840,
        "short_ios" : 0,
        "drop_ios" : 0,
        "slat_ns" : {
          "min" : 0,
          "max" : 0,
          "mean" : 0.000000,
          "stddev" : 0.000000,
          "N" : 0
        },
        "clat_ns" : {
          "min" : 2733349,
          "max" : 609291919,
          "mean" : 21729388.363549,
          "stddev" : 17746531.726036,
          "N" : 43840,
          "percentile" : {
            "1.000000" : 6258688,
            "5.000000" : 14090240,
            "10.000000" : 15794176,
            "20.000000" : 17432576,
            "30.000000" : 18481152,
            "40.000000" : 19267584,
            "50.000000" : 20054016,
            "60.000000" : 20578304,
            "70.000000" : 21364736,
            "80.000000" : 22151168,
            "90.000000" : 23199744,
            "95.000000" : 24510464,
            "99.000000" : 96993280,
            "99.500000" : 143654912,
            "99.900000" : 274726912,
            "99.950000" : 316669952,
            "99.990000" : 497025024
          }
        },
        "lat_ns" : {
          "min" : 2733382,
          "max" : 609291969,
          "mean" : 21729464.554950,
          "stddev" : 17746541.354576,
          "N" : 43840,
          "percentile" : {
            "1.000000" : 6258688,
            "5.000000" : 14090240,
            "10.000000" : 15794176,
            "20.000000" : 17432576,
            "30.000000" : 18481152,
            "40.000000" : 19267584,
            "50.000000" : 20054016,
            "60.000000" : 20578304,
            "70.000000" : 21364736,
            "80.000000" : 22151168,
            "90.000000" : 23199744,
            "95.000000" : 24510464,
            "99.000000" : 96993280,
            "99.500000" : 143654912,
            "99.900000" : 274726912,
            "99.950000" : 316669952,
            "99.990000" : 497025024
          }
        },
        "bw_min" : 425984,
        "bw_max" : 4938712,
        "bw_agg" : 100.000000,
        "bw_mean" : 3003112.147399,
        "bw_dev" : 30697.422598,
        "bw_samples" : 3756,
        "iops_min" : 104,
        "iops_max" : 1204,
        "iops_mean" : 732.011785,
        "iops_stddev" : 7.490406,
        "iops_samples" : 3756
      },
      "job_runtime" : 960087,
      "usr_cpu" : 0.763889,
      "sys_cpu" : 0.280079,
      "ctx" : 175460,
      "majf" : 0,
      "minf" : 273,
      "iodepth_level" : {
        "1" : 100.000000,
        "2" : 0.000000,
        "4" : 0.000000,
        "8" : 0.000000,
        "16" : 0.000000,
        "32" : 0.000000,
        ">=64" : 0.000000
      },
      "iodepth_submit" : {
        "0" : 0.000000,
        "4" : 100.000000,
        "8" : 0.000000,
        "16" : 0.000000,
        "32" : 0.000000,
        "64" : 0.000000,
        ">=64" : 0.000000
      },
      "iodepth_complete" : {
        "0" : 0.000000,
        "4" : 100.000000,
        "8" : 0.000000,
        "16" : 0.000000,
        "32" : 0.000000,
        "64" : 0.000000,
        ">=64" : 0.000000
      },
      "latency_ns" : {
        "2" : 0.000000,
        "4" : 0.000000,
        "10" : 0.000000,
        "20" : 0.000000,
        "50" : 0.000000,
        "100" : 0.000000,
        "250" : 0.000000,
        "500" : 0.000000,
        "750" : 0.000000,
        "1000" : 0.000000
      },
      "latency_us" : {
        "2" : 0.000000,
        "4" : 0.000000,
        "10" : 0.000000,
        "20" : 0.000000,
        "50" : 0.000000,
        "100" : 0.000000,
        "250" : 0.000000,
        "500" : 0.000000,
        "750" : 0.000000,
        "1000" : 0.000000
      },
      "latency_ms" : {
        "2" : 0.000000,
        "4" : 0.298814,
        "10" : 1.521442,
        "20" : 47.723540,
        "50" : 48.291515,
        "100" : 1.222628,
        "250" : 0.816606,
        "500" : 0.118613,
        "750" : 0.010000,
        "1000" : 0.000000,
        "2000" : 0.000000,
        ">=2000" : 0.000000
      },
      "latency_depth" : 128,
      "latency_target" : 0,
      "latency_percentile" : 100.000000,
      "latency_window" : 0
    }
  ]
}
