{
  "fio version" : "fio-3.23",
  "timestamp" : 1757212082,
  "timestamp_ms" : 1757212082309,
  "time" : "Sun Sep  7 02:28:02 2025",
  "jobs" : [
    {
      "jobname" : "SeqBal-2M-64-16",
      "groupid" : 0,
      "error" : 0,
      "eta" : 0,
      "elapsed" : 61,
      "job options" : {
        "name" : "SeqBal-2M-64-16",
        "numjobs" : "64",
        "runtime" : "60",
        "directory" : "/tmp/e2sar/rgeorge-fio_test-p3s_SeqBal-2M-64-16",
        "direct" : "1",
        "buffered" : "0",
        "rw" : "rw",
        "unified_rw_reporting" : "1",
        "randrepeat" : "0",
        "bs" : "2M",
        "size" : "128M",
        "ioengine" : "pvsync",
        "iodepth" : "16",
        "lat_percentiles" : "1"
      },
      "mixed" : {
        "io_bytes" : 169034645504,
        "io_kbytes" : 165072896,
        "bw_bytes" : 2815554758,
        "bw" : 2749565,
        "iops" : 1342.561130,
        "runtime" : 60036,
        "total_ios" : 80602,
        "short_ios" : 0,
        "drop_ios" : 0,
        "slat_ns" : {
          "min" : 0,
          "max" : 0,
          "mean" : 0.000000,
          "stddev" : 0.000000,
          "N" : 0
        },
        "clat_ns" : {
          "min" : 2081073,
          "max" : 1274800538,
          "mean" : 47306494.530421,
          "stddev" : 68243508.156166,
          "N" : 80602,
          "percentile" : {
            "1.000000" : 8093696,
            "5.000000" : 17694720,
            "10.000000" : 24248320,
            "20.000000" : 31064064,
            "30.000000" : 33423360,
            "40.000000" : 35389440,
            "50.000000" : 36962304,
            "60.000000" : 38010880,
            "70.000000" : 39583744,
            "80.000000" : 41680896,
            "90.000000" : 45350912,
            "95.000000" : 88604672,
            "99.000000" : 463470592,
            "99.500000" : 541065216,
            "99.900000" : 742391808,
            "99.950000" : 893386752,
            "99.990000" : 1061158912
          }
        },
        "lat_ns" : {
          "min" : 2081151,
          "max" : 1274800792,
          "mean" : 47306685.015508,
          "stddev" : 68243516.539672,
          "N" : 80602,
          "percentile" : {
            "1.000000" : 8093696,
            "5.000000" : 17694720,
            "10.000000" : 24248320,
            "20.000000" : 31064064,
            "30.000000" : 33423360,
            "40.000000" : 35389440,
            "50.000000" : 36962304,
            "60.000000" : 38010880,
            "70.000000" : 39583744,
            "80.000000" : 41680896,
            "90.000000" : 45350912,
            "95.000000" : 88604672,
            "99.000000" : 463470592,
            "99.500000" : 541065216,
            "99.900000" : 742391808,
            "99.950000" : 893386752,
            "99.990000" : 1061158912
          }
        },
        "bw_min" : 524225,
        "bw_max" : 6344268,
        "bw_agg" : 100.000000,
        "bw_mean" : 2909022.727128,
        "bw_dev" : 10369.130505,
        "bw_samples" : 14373,
        "iops_min" : 249,
        "iops_max" : 3094,
        "iops_mean" : 1420.037572,
        "iops_stddev" : 5.063393,
        "iops_samples" : 14373
      },
      "job_runtime" : 3840589,
      "usr_cpu" : 0.496330,
      "sys_cpu" : 0.075197,
      "ctx" : 161774,
      "majf" : 0,
      "minf" : 1192,
      "iodepth_level" : {
        "1" : 100.000000,
        "2" : 0.000000,
        "4" : 0.000000,
        "8" : 0.000000,
        "16" : 0.000000,
        "32" : 0.000000,
        ">=64" : 0.000000
      },
      "iodepth_submit" : {
        "0" : 0.000000,
        "4" : 100.000000,
        "8" : 0.000000,
        "16" : 0.000000,
        "32" : 0.000000,
        "64" : 0.000000,
        ">=64" : 0.000000
      },
      "iodepth_complete" : {
        "0" : 0.000000,
        "4" : 100.000000,
        "8" : 0.000000,
        "16" : 0.000000,
        "32" : 0.000000,
        "64" : 0.000000,
        ">=64" : 0.000000
      },
      "latency_ns" : {
        "2" : 0.000000,
        "4" : 0.000000,
        "10" : 0.000000,
        "20" : 0.000000,
        "50" : 0.000000,
        "100" : 0.000000,
        "250" : 0.000000,
        "500" : 0.000000,
        "750" : 0.000000,
        "1000" : 0.000000
      },
      "latency_us" : {
        "2" : 0.000000,
        "4" : 0.000000,
        "10" : 0.000000,
        "20" : 0.000000,
        "50" : 0.000000,
        "100" : 0.000000,
        "250" : 0.000000,
        "500" : 0.000000,
        "750" : 0.000000,
        "1000" : 0.000000
      },
      "latency_ms" : {
        "2" : 0.000000,
        "4" : 0.086846,
        "10" : 1.839905,
        "20" : 4.287735,
        "50" : 85.832858,
        "100" : 3.518523,
        "250" : 2.375872,
        "500" : 1.343639,
        "750" : 0.620332,
        "1000" : 0.069477,
        "2000" : 0.024813,
        ">=2000" : 0.000000
      },
      "latency_depth" : 16,
      "latency_target" : 0,
      "latency_percentile" : 100.000000,
      "latency_window" : 0
    }
  ]
}
