{
  "fio version" : "fio-3.23",
  "timestamp" : 1756991450,
  "timestamp_ms" : 1756991450730,
  "time" : "Thu Sep  4 13:10:50 2025",
  "jobs" : [
    {
      "jobname" : "RandW-4M-32-8",
      "groupid" : 0,
      "error" : 0,
      "eta" : 0,
      "elapsed" : 61,
      "job options" : {
        "name" : "RandW-4M-32-8",
        "numjobs" : "32",
        "runtime" : "60",
        "directory" : "/tmp/e2sar/rgeorge-fio_test-p2r_RandW-4M-32-8",
        "direct" : "1",
        "buffered" : "0",
        "rw" : "randwrite",
        "unified_rw_reporting" : "0",
        "randrepeat" : "0",
        "bs" : "4M",
        "size" : "128M",
        "ioengine" : "pvsync",
        "iodepth" : "8",
        "lat_percentiles" : "1"
      },
      "read" : {
        "io_bytes" : 0,
        "io_kbytes" : 0,
        "bw_bytes" : 0,
        "bw" : 0,
        "iops" : 0.000000,
        "runtime" : 0,
        "total_ios" : 0,
        "short_ios" : 0,
        "drop_ios" : 0,
        "slat_ns" : {
          "min" : 0,
          "max" : 0,
          "mean" : 0.000000,
          "stddev" : 0.000000,
          "N" : 0
        },
        "clat_ns" : {
          "min" : 0,
          "max" : 0,
          "mean" : 0.000000,
          "stddev" : 0.000000,
          "N" : 0
        },
        "lat_ns" : {
          "min" : 0,
          "max" : 0,
          "mean" : 0.000000,
          "stddev" : 0.000000,
          "N" : 0
        },
        "bw_min" : 0,
        "bw_max" : 0,
        "bw_agg" : 0.000000,
        "bw_mean" : 0.000000,
        "bw_dev" : 0.000000,
        "bw_samples" : 0,
        "iops_min" : 0,
        "iops_max" : 0,
        "iops_mean" : 0.000000,
        "iops_stddev" : 0.000000,
        "iops_samples" : 0
      },
      "write" : {
        "io_bytes" : 636661792768,
        "io_kbytes" : 621740032,
        "bw_bytes" : 10601841616,
        "bw" : 10353360,
        "iops" : 2527.676014,
        "runtime" : 60052,
        "total_ios" : 151792,
        "short_ios" : 0,
        "drop_ios" : 0,
        "slat_ns" : {
          "min" : 0,
          "max" : 0,
          "mean" : 0.000000,
          "stddev" : 0.000000,
          "N" : 0
        },
        "clat_ns" : {
          "min" : 3757472,
          "max" : 760246816,
          "mean" : 11590905.187816,
          "stddev" : 13821076.751520,
          "N" : 151792,
          "percentile" : {
            "1.000000" : 4882432,
            "5.000000" : 6979584,
            "10.000000" : 7897088,
            "20.000000" : 8716288,
            "30.000000" : 9371648,
            "40.000000" : 9895936,
            "50.000000" : 10420224,
            "60.000000" : 10813440,
            "70.000000" : 11337728,
            "80.000000" : 11993088,
            "90.000000" : 13041664,
            "95.000000" : 13828096,
            "99.000000" : 46923776,
            "99.500000" : 99090432,
            "99.900000" : 233832448,
            "99.950000" : 283115520,
            "99.990000" : 346030080
          }
        },
        "lat_ns" : {
          "min" : 3757592,
          "max" : 760247385,
          "mean" : 11591190.536820,
          "stddev" : 13821087.966634,
          "N" : 151792,
          "percentile" : {
            "1.000000" : 4882432,
            "5.000000" : 6979584,
            "10.000000" : 7897088,
            "20.000000" : 8716288,
            "30.000000" : 9371648,
            "40.000000" : 9895936,
            "50.000000" : 10420224,
            "60.000000" : 10813440,
            "70.000000" : 11468800,
            "80.000000" : 11993088,
            "90.000000" : 13041664,
            "95.000000" : 13828096,
            "99.000000" : 46923776,
            "99.500000" : 99090432,
            "99.900000" : 233832448,
            "99.950000" : 283115520,
            "99.990000" : 346030080
          }
        },
        "bw_min" : 925696,
        "bw_max" : 15310848,
        "bw_agg" : 100.000000,
        "bw_mean" : 10376845.993591,
        "bw_dev" : 78694.486176,
        "bw_samples" : 3807,
        "iops_min" : 226,
        "iops_max" : 3738,
        "iops_mean" : 2533.387979,
        "iops_stddev" : 19.212863,
        "iops_samples" : 3807
      },
      "trim" : {
        "io_bytes" : 0,
        "io_kbytes" : 0,
        "bw_bytes" : 0,
        "bw" : 0,
        "iops" : 0.000000,
        "runtime" : 0,
        "total_ios" : 0,
        "short_ios" : 0,
        "drop_ios" : 0,
        "slat_ns" : {
          "min" : 0,
          "max" : 0,
          "mean" : 0.000000,
          "stddev" : 0.000000,
          "N" : 0
        },
        "clat_ns" : {
          "min" : 0,
          "max" : 0,
          "mean" : 0.000000,
          "stddev" : 0.000000,
          "N" : 0
        },
        "lat_ns" : {
          "min" : 0,
          "max" : 0,
          "mean" : 0.000000,
          "stddev" : 0.000000,
          "N" : 0
        },
        "bw_min" : 0,
        "bw_max" : 0,
        "bw_agg" : 0.000000,
        "bw_mean" : 0.000000,
        "bw_dev" : 0.000000,
        "bw_samples" : 0,
        "iops_min" : 0,
        "iops_max" : 0,
        "iops_mean" : 0.000000,
        "iops_stddev" : 0.000000,
        "iops_samples" : 0
      },
      "sync" : {
        "total_ios" : 0,
        "lat_ns" : {
          "min" : 0,
          "max" : 0,
          "mean" : 0.000000,
          "stddev" : 0.000000,
          "N" : 0
        }
      },
      "job_runtime" : 1920421,
      "usr_cpu" : 8.336922,
      "sys_cpu" : 0.410795,
      "ctx" : 607880,
      "majf" : 0,
      "minf" : 334,
      "iodepth_level" : {
        "1" : 100.000000,
        "2" : 0.000000,
        "4" : 0.000000,
        "8" : 0.000000,
        "16" : 0.000000,
        "32" : 0.000000,
        ">=64" : 0.000000
      },
      "iodepth_submit" : {
        "0" : 0.000000,
        "4" : 100.000000,
        "8" : 0.000000,
        "16" : 0.000000,
        "32" : 0.000000,
        "64" : 0.000000,
        ">=64" : 0.000000
      },
      "iodepth_complete" : {
        "0" : 0.000000,
        "4" : 100.000000,
        "8" : 0.000000,
        "16" : 0.000000,
        "32" : 0.000000,
        "64" : 0.000000,
        ">=64" : 0.000000
      },
      "latency_ns" : {
        "2" : 0.000000,
        "4" : 0.000000,
        "10" : 0.000000,
        "20" : 0.000000,
        "50" : 0.000000,
        "100" : 0.000000,
        "250" : 0.000000,
        "500" : 0.000000,
        "750" : 0.000000,
        "1000" : 0.000000
      },
      "latency_us" : {
        "2" : 0.000000,
        "4" : 0.000000,
        "10" : 0.000000,
        "20" : 0.000000,
        "50" : 0.000000,
        "100" : 0.000000,
        "250" : 0.000000,
        "500" : 0.000000,
        "750" : 0.000000,
        "1000" : 0.000000
      },
      "latency_ms" : {
        "2" : 0.000000,
        "4" : 0.010000,
        "10" : 42.328976,
        "20" : 55.943660,
        "50" : 0.765521,
        "100" : 0.469063,
        "250" : 0.409112,
        "500" : 0.077738,
        "750" : 0.010000,
        "1000" : 0.010000,
        "2000" : 0.000000,
        ">=2000" : 0.000000
      },
      "latency_depth" : 8,
      "latency_target" : 0,
      "latency_percentile" : 100.000000,
      "latency_window" : 0
    }
  ]
}
