{
  "fio version" : "fio-3.23",
  "timestamp" : 1757458856,
  "timestamp_ms" : 1757458856767,
  "time" : "Tue Sep  9 23:00:56 2025",
  "jobs" : [
    {
      "jobname" : "SeqWH-2M-16-4",
      "groupid" : 0,
      "error" : 0,
      "eta" : 0,
      "elapsed" : 61,
      "job options" : {
        "name" : "SeqWH-2M-16-4",
        "rw" : "rw",
        "rwmixread" : "20",
        "unified_rw_reporting" : "1",
        "bs" : "2M",
        "numjobs" : "16",
        "iodepth" : "4",
        "runtime" : "60",
        "directory" : "/tmp/e2sar/rgeorge-fio_test-m_SeqWH-2M-16-4",
        "direct" : "1",
        "buffered" : "0",
        "randrepeat" : "0",
        "size" : "128M",
        "ioengine" : "pvsync",
        "lat_percentiles" : "1"
      },
      "mixed" : {
        "io_bytes" : 412828565504,
        "io_kbytes" : 403152896,
        "bw_bytes" : 6879902766,
        "bw" : 6718655,
        "iops" : 3280.593284,
        "runtime" : 60005,
        "total_ios" : 196852,
        "short_ios" : 0,
        "drop_ios" : 0,
        "slat_ns" : {
          "min" : 0,
          "max" : 0,
          "mean" : 0.000000,
          "stddev" : 0.000000,
          "N" : 0
        },
        "clat_ns" : {
          "min" : 1704125,
          "max" : 83227711,
          "mean" : 4542041.211707,
          "stddev" : 1955894.636073,
          "N" : 196852,
          "percentile" : {
            "1.000000" : 2310144,
            "5.000000" : 2637824,
            "10.000000" : 2899968,
            "20.000000" : 3227648,
            "30.000000" : 3489792,
            "40.000000" : 3751936,
            "50.000000" : 4046848,
            "60.000000" : 4358144,
            "70.000000" : 4816896,
            "80.000000" : 5472256,
            "90.000000" : 6914048,
            "95.000000" : 8290304,
            "99.000000" : 10944512,
            "99.500000" : 11862016,
            "99.900000" : 14745600,
            "99.950000" : 24772608,
            "99.990000" : 46923776
          }
        },
        "lat_ns" : {
          "min" : 1704155,
          "max" : 83227843,
          "mean" : 4542151.623346,
          "stddev" : 1955877.638541,
          "N" : 196852,
          "percentile" : {
            "1.000000" : 2310144,
            "5.000000" : 2637824,
            "10.000000" : 2899968,
            "20.000000" : 3227648,
            "30.000000" : 3489792,
            "40.000000" : 3751936,
            "50.000000" : 4046848,
            "60.000000" : 4358144,
            "70.000000" : 4816896,
            "80.000000" : 5472256,
            "90.000000" : 6914048,
            "95.000000" : 8290304,
            "99.000000" : 10944512,
            "99.500000" : 11862016,
            "99.900000" : 14745600,
            "99.950000" : 24772608,
            "99.990000" : 46923776
          }
        },
        "bw_min" : 4923392,
        "bw_max" : 8687616,
        "bw_agg" : 100.000000,
        "bw_mean" : 6726595.764706,
        "bw_dev" : 23284.620103,
        "bw_samples" : 3808,
        "iops_min" : 2404,
        "iops_max" : 4242,
        "iops_mean" : 3284.470588,
        "iops_stddev" : 11.369443,
        "iops_samples" : 3808
      },
      "job_runtime" : 960024,
      "usr_cpu" : 6.822225,
      "sys_cpu" : 0.680400,
      "ctx" : 393857,
      "majf" : 0,
      "minf" : 264,
      "iodepth_level" : {
        "1" : 100.000000,
        "2" : 0.000000,
        "4" : 0.000000,
        "8" : 0.000000,
        "16" : 0.000000,
        "32" : 0.000000,
        ">=64" : 0.000000
      },
      "iodepth_submit" : {
        "0" : 0.000000,
        "4" : 100.000000,
        "8" : 0.000000,
        "16" : 0.000000,
        "32" : 0.000000,
        "64" : 0.000000,
        ">=64" : 0.000000
      },
      "iodepth_complete" : {
        "0" : 0.000000,
        "4" : 100.000000,
        "8" : 0.000000,
        "16" : 0.000000,
        "32" : 0.000000,
        "64" : 0.000000,
        ">=64" : 0.000000
      },
      "latency_ns" : {
        "2" : 0.000000,
        "4" : 0.000000,
        "10" : 0.000000,
        "20" : 0.000000,
        "50" : 0.000000,
        "100" : 0.000000,
        "250" : 0.000000,
        "500" : 0.000000,
        "750" : 0.000000,
        "1000" : 0.000000
      },
      "latency_us" : {
        "2" : 0.000000,
        "4" : 0.000000,
        "10" : 0.000000,
        "20" : 0.000000,
        "50" : 0.000000,
        "100" : 0.000000,
        "250" : 0.000000,
        "500" : 0.000000,
        "750" : 0.000000,
        "1000" : 0.000000
      },
      "latency_ms" : {
        "2" : 0.071119,
        "4" : 48.306850,
        "10" : 49.846585,
        "20" : 1.716010,
        "50" : 0.050292,
        "100" : 0.010000,
        "250" : 0.000000,
        "500" : 0.000000,
        "750" : 0.000000,
        "1000" : 0.000000,
        "2000" : 0.000000,
        ">=2000" : 0.000000
      },
      "latency_depth" : 4,
      "latency_target" : 0,
      "latency_percentile" : 100.000000,
      "latency_window" : 0
    }
  ]
}
