{
  "fio version" : "fio-3.23",
  "timestamp" : 1756962959,
  "timestamp_ms" : 1756962959332,
  "time" : "Thu Sep  4 05:15:59 2025",
  "jobs" : [
    {
      "jobname" : "SeqWH-4M-16-16",
      "groupid" : 0,
      "error" : 0,
      "eta" : 0,
      "elapsed" : 61,
      "job options" : {
        "name" : "SeqWH-4M-16-16",
        "numjobs" : "16",
        "runtime" : "60",
        "directory" : "/tmp/e2sar/rgeorge-fio_test-p1s_SeqWH-4M-16-16",
        "direct" : "1",
        "buffered" : "0",
        "rw" : "rw",
        "rwmixread" : "20",
        "unified_rw_reporting" : "1",
        "randrepeat" : "0",
        "bs" : "4M",
        "size" : "128M",
        "ioengine" : "pvsync",
        "iodepth" : "16",
        "lat_percentiles" : "1"
      },
      "mixed" : {
        "io_bytes" : 398664400896,
        "io_kbytes" : 389320704,
        "bw_bytes" : 6642745995,
        "bw" : 6487056,
        "iops" : 1583.754061,
        "runtime" : 60015,
        "total_ios" : 95049,
        "short_ios" : 0,
        "drop_ios" : 0,
        "slat_ns" : {
          "min" : 0,
          "max" : 0,
          "mean" : 0.000000,
          "stddev" : 0.000000,
          "N" : 0
        },
        "clat_ns" : {
          "min" : 3462609,
          "max" : 1125924081,
          "mean" : 9390745.771044,
          "stddev" : 16215353.350859,
          "N" : 95049,
          "percentile" : {
            "1.000000" : 4423680,
            "5.000000" : 5013504,
            "10.000000" : 5472256,
            "20.000000" : 6127616,
            "30.000000" : 6651904,
            "40.000000" : 7110656,
            "50.000000" : 7634944,
            "60.000000" : 8159232,
            "70.000000" : 8847360,
            "80.000000" : 10027008,
            "90.000000" : 13041664,
            "95.000000" : 15925248,
            "99.000000" : 25296896,
            "99.500000" : 57409536,
            "99.900000" : 242221056,
            "99.950000" : 316669952,
            "99.990000" : 784334848
          }
        },
        "lat_ns" : {
          "min" : 3462651,
          "max" : 1125924211,
          "mean" : 9390908.132321,
          "stddev" : 16215356.863055,
          "N" : 95049,
          "percentile" : {
            "1.000000" : 4423680,
            "5.000000" : 5013504,
            "10.000000" : 5472256,
            "20.000000" : 6127616,
            "30.000000" : 6651904,
            "40.000000" : 7110656,
            "50.000000" : 7634944,
            "60.000000" : 8159232,
            "70.000000" : 8847360,
            "80.000000" : 10027008,
            "90.000000" : 13041664,
            "95.000000" : 15925248,
            "99.000000" : 25296896,
            "99.500000" : 57409536,
            "99.900000" : 242221056,
            "99.950000" : 316669952,
            "99.990000" : 784334848
          }
        },
        "bw_min" : 360278,
        "bw_max" : 10505034,
        "bw_agg" : 100.000000,
        "bw_mean" : 6556711.267796,
        "bw_dev" : 65676.920671,
        "bw_samples" : 3757,
        "iops_min" : 78,
        "iops_max" : 2557,
        "iops_mean" : 1592.161386,
        "iops_stddev" : 16.043363,
        "iops_samples" : 3757
      },
      "job_runtime" : 960076,
      "usr_cpu" : 7.009133,
      "sys_cpu" : 0.458505,
      "ctx" : 380346,
      "majf" : 0,
      "minf" : 278,
      "iodepth_level" : {
        "1" : 100.000000,
        "2" : 0.000000,
        "4" : 0.000000,
        "8" : 0.000000,
        "16" : 0.000000,
        "32" : 0.000000,
        ">=64" : 0.000000
      },
      "iodepth_submit" : {
        "0" : 0.000000,
        "4" : 100.000000,
        "8" : 0.000000,
        "16" : 0.000000,
        "32" : 0.000000,
        "64" : 0.000000,
        ">=64" : 0.000000
      },
      "iodepth_complete" : {
        "0" : 0.000000,
        "4" : 100.000000,
        "8" : 0.000000,
        "16" : 0.000000,
        "32" : 0.000000,
        "64" : 0.000000,
        ">=64" : 0.000000
      },
      "latency_ns" : {
        "2" : 0.000000,
        "4" : 0.000000,
        "10" : 0.000000,
        "20" : 0.000000,
        "50" : 0.000000,
        "100" : 0.000000,
        "250" : 0.000000,
        "500" : 0.000000,
        "750" : 0.000000,
        "1000" : 0.000000
      },
      "latency_us" : {
        "2" : 0.000000,
        "4" : 0.000000,
        "10" : 0.000000,
        "20" : 0.000000,
        "50" : 0.000000,
        "100" : 0.000000,
        "250" : 0.000000,
        "500" : 0.000000,
        "750" : 0.000000,
        "1000" : 0.000000
      },
      "latency_ms" : {
        "2" : 0.000000,
        "4" : 0.113626,
        "10" : 79.490579,
        "20" : 18.397879,
        "50" : 1.427685,
        "100" : 0.225147,
        "250" : 0.250397,
        "500" : 0.078907,
        "750" : 0.010000,
        "1000" : 0.010521,
        "2000" : 0.010000,
        ">=2000" : 0.000000
      },
      "latency_depth" : 16,
      "latency_target" : 0,
      "latency_percentile" : 100.000000,
      "latency_window" : 0
    }
  ]
}
