{
  "fio version" : "fio-3.23",
  "timestamp" : 1757216162,
  "timestamp_ms" : 1757216162423,
  "time" : "Sun Sep  7 03:36:02 2025",
  "jobs" : [
    {
      "jobname" : "SeqW-16K-64-64",
      "groupid" : 0,
      "error" : 0,
      "eta" : 0,
      "elapsed" : 61,
      "job options" : {
        "name" : "SeqW-16K-64-64",
        "numjobs" : "64",
        "runtime" : "60",
        "directory" : "/tmp/e2sar/rgeorge-fio_test-p3s_SeqW-16K-64-64",
        "direct" : "1",
        "buffered" : "0",
        "rw" : "write",
        "unified_rw_reporting" : "0",
        "randrepeat" : "0",
        "bs" : "16K",
        "size" : "128M",
        "ioengine" : "pvsync",
        "iodepth" : "64",
        "lat_percentiles" : "1"
      },
      "read" : {
        "io_bytes" : 0,
        "io_kbytes" : 0,
        "bw_bytes" : 0,
        "bw" : 0,
        "iops" : 0.000000,
        "runtime" : 0,
        "total_ios" : 0,
        "short_ios" : 0,
        "drop_ios" : 0,
        "slat_ns" : {
          "min" : 0,
          "max" : 0,
          "mean" : 0.000000,
          "stddev" : 0.000000,
          "N" : 0
        },
        "clat_ns" : {
          "min" : 0,
          "max" : 0,
          "mean" : 0.000000,
          "stddev" : 0.000000,
          "N" : 0
        },
        "lat_ns" : {
          "min" : 0,
          "max" : 0,
          "mean" : 0.000000,
          "stddev" : 0.000000,
          "N" : 0
        },
        "bw_min" : 0,
        "bw_max" : 0,
        "bw_agg" : 0.000000,
        "bw_mean" : 0.000000,
        "bw_dev" : 0.000000,
        "bw_samples" : 0,
        "iops_min" : 0,
        "iops_max" : 0,
        "iops_mean" : 0.000000,
        "iops_stddev" : 0.000000,
        "iops_samples" : 0
      },
      "write" : {
        "io_bytes" : 63448465408,
        "io_kbytes" : 61961392,
        "bw_bytes" : 1057439175,
        "bw" : 1032655,
        "iops" : 64540.965301,
        "runtime" : 60002,
        "total_ios" : 3872587,
        "short_ios" : 0,
        "drop_ios" : 0,
        "slat_ns" : {
          "min" : 0,
          "max" : 0,
          "mean" : 0.000000,
          "stddev" : 0.000000,
          "N" : 0
        },
        "clat_ns" : {
          "min" : 132737,
          "max" : 946927201,
          "mean" : 984711.059816,
          "stddev" : 8116856.218551,
          "N" : 3872587,
          "percentile" : {
            "1.000000" : 168960,
            "5.000000" : 240640,
            "10.000000" : 362496,
            "20.000000" : 569344,
            "30.000000" : 667648,
            "40.000000" : 724992,
            "50.000000" : 757760,
            "60.000000" : 782336,
            "70.000000" : 806912,
            "80.000000" : 839680,
            "90.000000" : 888832,
            "95.000000" : 962560,
            "99.000000" : 1089536,
            "99.500000" : 1204224,
            "99.900000" : 69730304,
            "99.950000" : 244318208,
            "99.990000" : 362807296
          }
        },
        "lat_ns" : {
          "min" : 132792,
          "max" : 946927263,
          "mean" : 984828.108639,
          "stddev" : 8116858.099884,
          "N" : 3872587,
          "percentile" : {
            "1.000000" : 168960,
            "5.000000" : 240640,
            "10.000000" : 362496,
            "20.000000" : 569344,
            "30.000000" : 667648,
            "40.000000" : 724992,
            "50.000000" : 757760,
            "60.000000" : 790528,
            "70.000000" : 806912,
            "80.000000" : 839680,
            "90.000000" : 888832,
            "95.000000" : 962560,
            "99.000000" : 1089536,
            "99.500000" : 1204224,
            "99.900000" : 69730304,
            "99.950000" : 244318208,
            "99.990000" : 362807296
          }
        },
        "bw_min" : 2048,
        "bw_max" : 2231104,
        "bw_agg" : 99.920066,
        "bw_mean" : 1031830.314200,
        "bw_dev" : 7505.900582,
        "bw_samples" : 7614,
        "iops_min" : 128,
        "iops_max" : 139444,
        "iops_mean" : 64489.384133,
        "iops_stddev" : 469.118942,
        "iops_samples" : 7614
      },
      "trim" : {
        "io_bytes" : 0,
        "io_kbytes" : 0,
        "bw_bytes" : 0,
        "bw" : 0,
        "iops" : 0.000000,
        "runtime" : 0,
        "total_ios" : 0,
        "short_ios" : 0,
        "drop_ios" : 0,
        "slat_ns" : {
          "min" : 0,
          "max" : 0,
          "mean" : 0.000000,
          "stddev" : 0.000000,
          "N" : 0
        },
        "clat_ns" : {
          "min" : 0,
          "max" : 0,
          "mean" : 0.000000,
          "stddev" : 0.000000,
          "N" : 0
        },
        "lat_ns" : {
          "min" : 0,
          "max" : 0,
          "mean" : 0.000000,
          "stddev" : 0.000000,
          "N" : 0
        },
        "bw_min" : 0,
        "bw_max" : 0,
        "bw_agg" : 0.000000,
        "bw_mean" : 0.000000,
        "bw_dev" : 0.000000,
        "bw_samples" : 0,
        "iops_min" : 0,
        "iops_max" : 0,
        "iops_mean" : 0.000000,
        "iops_stddev" : 0.000000,
        "iops_samples" : 0
      },
      "sync" : {
        "total_ios" : 0,
        "lat_ns" : {
          "min" : 0,
          "max" : 0,
          "mean" : 0.000000,
          "stddev" : 0.000000,
          "N" : 0
        }
      },
      "job_runtime" : 3840005,
      "usr_cpu" : 0.620624,
      "sys_cpu" : 0.770676,
      "ctx" : 3873174,
      "majf" : 0,
      "minf" : 904,
      "iodepth_level" : {
        "1" : 100.000000,
        "2" : 0.000000,
        "4" : 0.000000,
        "8" : 0.000000,
        "16" : 0.000000,
        "32" : 0.000000,
        ">=64" : 0.000000
      },
      "iodepth_submit" : {
        "0" : 0.000000,
        "4" : 100.000000,
        "8" : 0.000000,
        "16" : 0.000000,
        "32" : 0.000000,
        "64" : 0.000000,
        ">=64" : 0.000000
      },
      "iodepth_complete" : {
        "0" : 0.000000,
        "4" : 100.000000,
        "8" : 0.000000,
        "16" : 0.000000,
        "32" : 0.000000,
        "64" : 0.000000,
        ">=64" : 0.000000
      },
      "latency_ns" : {
        "2" : 0.000000,
        "4" : 0.000000,
        "10" : 0.000000,
        "20" : 0.000000,
        "50" : 0.000000,
        "100" : 0.000000,
        "250" : 0.000000,
        "500" : 0.000000,
        "750" : 0.000000,
        "1000" : 0.000000
      },
      "latency_us" : {
        "2" : 0.000000,
        "4" : 0.000000,
        "10" : 0.000000,
        "20" : 0.000000,
        "50" : 0.000000,
        "100" : 0.000000,
        "250" : 5.420459,
        "500" : 10.293378,
        "750" : 30.259023,
        "1000" : 50.694200
      },
      "latency_ms" : {
        "2" : 2.933956,
        "4" : 0.037907,
        "10" : 0.104839,
        "20" : 0.052781,
        "50" : 0.073594,
        "100" : 0.055570,
        "250" : 0.036358,
        "500" : 0.037856,
        "750" : 0.010000,
        "1000" : 0.010000,
        "2000" : 0.000000,
        ">=2000" : 0.000000
      },
      "latency_depth" : 64,
      "latency_target" : 0,
      "latency_percentile" : 100.000000,
      "latency_window" : 0
    }
  ]
}
