{
  "fio version" : "fio-3.23",
  "timestamp" : 1757212183,
  "timestamp_ms" : 1757212183046,
  "time" : "Sun Sep  7 02:29:43 2025",
  "jobs" : [
    {
      "jobname" : "SeqWH-2M-64-16",
      "groupid" : 0,
      "error" : 0,
      "eta" : 0,
      "elapsed" : 61,
      "job options" : {
        "name" : "SeqWH-2M-64-16",
        "numjobs" : "64",
        "runtime" : "60",
        "directory" : "/tmp/e2sar/rgeorge-fio_test-p3s_SeqWH-2M-64-16",
        "direct" : "1",
        "buffered" : "0",
        "rw" : "rw",
        "rwmixread" : "20",
        "unified_rw_reporting" : "1",
        "randrepeat" : "0",
        "bs" : "2M",
        "size" : "128M",
        "ioengine" : "pvsync",
        "iodepth" : "16",
        "lat_percentiles" : "1"
      },
      "mixed" : {
        "io_bytes" : 296059142144,
        "io_kbytes" : 289120256,
        "bw_bytes" : 4932181756,
        "bw" : 4816583,
        "iops" : 2351.847533,
        "runtime" : 60026,
        "total_ios" : 141172,
        "short_ios" : 0,
        "drop_ios" : 0,
        "slat_ns" : {
          "min" : 0,
          "max" : 0,
          "mean" : 0.000000,
          "stddev" : 0.000000,
          "N" : 0
        },
        "clat_ns" : {
          "min" : 2007560,
          "max" : 2577600451,
          "mean" : 26759362.213612,
          "stddev" : 58288711.046977,
          "N" : 141172,
          "percentile" : {
            "1.000000" : 3850240,
            "5.000000" : 8847360,
            "10.000000" : 11993088,
            "20.000000" : 14745600,
            "30.000000" : 16187392,
            "40.000000" : 17432576,
            "50.000000" : 18481152,
            "60.000000" : 19529728,
            "70.000000" : 20840448,
            "80.000000" : 22937600,
            "90.000000" : 30539776,
            "95.000000" : 41680896,
            "99.000000" : 312475648,
            "99.500000" : 463470592,
            "99.900000" : 843055104,
            "99.950000" : 960495616,
            "99.990000" : 1350565888
          }
        },
        "lat_ns" : {
          "min" : 2007625,
          "max" : 2577600520,
          "mean" : 26759617.867375,
          "stddev" : 58288711.834717,
          "N" : 141172,
          "percentile" : {
            "1.000000" : 3850240,
            "5.000000" : 8847360,
            "10.000000" : 11993088,
            "20.000000" : 14745600,
            "30.000000" : 16187392,
            "40.000000" : 17432576,
            "50.000000" : 18481152,
            "60.000000" : 19529728,
            "70.000000" : 20840448,
            "80.000000" : 22937600,
            "90.000000" : 30539776,
            "95.000000" : 41680896,
            "99.000000" : 312475648,
            "99.500000" : 463470592,
            "99.900000" : 843055104,
            "99.950000" : 960495616,
            "99.990000" : 1350565888
          }
        },
        "bw_min" : 532039,
        "bw_max" : 11443395,
        "bw_agg" : 100.000000,
        "bw_mean" : 5101739.812856,
        "bw_dev" : 22807.497923,
        "bw_samples" : 13977,
        "iops_min" : 211,
        "iops_max" : 5579,
        "iops_mean" : 2473.119264,
        "iops_stddev" : 11.107714,
        "iops_samples" : 13977
      },
      "job_runtime" : 3840490,
      "usr_cpu" : 1.468172,
      "sys_cpu" : 0.094024,
      "ctx" : 284920,
      "majf" : 0,
      "minf" : 1167,
      "iodepth_level" : {
        "1" : 100.000000,
        "2" : 0.000000,
        "4" : 0.000000,
        "8" : 0.000000,
        "16" : 0.000000,
        "32" : 0.000000,
        ">=64" : 0.000000
      },
      "iodepth_submit" : {
        "0" : 0.000000,
        "4" : 100.000000,
        "8" : 0.000000,
        "16" : 0.000000,
        "32" : 0.000000,
        "64" : 0.000000,
        ">=64" : 0.000000
      },
      "iodepth_complete" : {
        "0" : 0.000000,
        "4" : 100.000000,
        "8" : 0.000000,
        "16" : 0.000000,
        "32" : 0.000000,
        "64" : 0.000000,
        ">=64" : 0.000000
      },
      "latency_ns" : {
        "2" : 0.000000,
        "4" : 0.000000,
        "10" : 0.000000,
        "20" : 0.000000,
        "50" : 0.000000,
        "100" : 0.000000,
        "250" : 0.000000,
        "500" : 0.000000,
        "750" : 0.000000,
        "1000" : 0.000000
      },
      "latency_us" : {
        "2" : 0.000000,
        "4" : 0.000000,
        "10" : 0.000000,
        "20" : 0.000000,
        "50" : 0.000000,
        "100" : 0.000000,
        "250" : 0.000000,
        "500" : 0.000000,
        "750" : 0.000000,
        "1000" : 0.000000
      },
      "latency_ms" : {
        "2" : 0.000000,
        "4" : 1.117077,
        "10" : 5.350211,
        "20" : 57.430652,
        "50" : 31.946137,
        "100" : 1.799932,
        "250" : 1.131244,
        "500" : 0.885445,
        "750" : 0.205423,
        "1000" : 0.097753,
        "2000" : 0.034709,
        ">=2000" : 0.010000
      },
      "latency_depth" : 16,
      "latency_target" : 0,
      "latency_percentile" : 100.000000,
      "latency_window" : 0
    }
  ]
}
