{
  "fio version" : "fio-3.23",
  "timestamp" : 1757364682,
  "timestamp_ms" : 1757364682670,
  "time" : "Mon Sep  8 20:51:22 2025",
  "jobs" : [
    {
      "jobname" : "29",
      "groupid" : 0,
      "error" : 0,
      "eta" : 0,
      "elapsed" : 61,
      "job options" : {
        "name" : "29",
        "rw" : "write",
        "unified_rw_reporting" : "0",
        "bs" : "4K",
        "numjobs" : "32",
        "iodepth" : "4",
        "runtime" : "60",
        "directory" : "/tmp/e2sar/rgeorge-fio_test-m_29",
        "direct" : "1",
        "buffered" : "0",
        "randrepeat" : "0",
        "size" : "128M",
        "ioengine" : "pvsync",
        "lat_percentiles" : "1"
      },
      "read" : {
        "io_bytes" : 0,
        "io_kbytes" : 0,
        "bw_bytes" : 0,
        "bw" : 0,
        "iops" : 0.000000,
        "runtime" : 0,
        "total_ios" : 0,
        "short_ios" : 0,
        "drop_ios" : 0,
        "slat_ns" : {
          "min" : 0,
          "max" : 0,
          "mean" : 0.000000,
          "stddev" : 0.000000,
          "N" : 0
        },
        "clat_ns" : {
          "min" : 0,
          "max" : 0,
          "mean" : 0.000000,
          "stddev" : 0.000000,
          "N" : 0
        },
        "lat_ns" : {
          "min" : 0,
          "max" : 0,
          "mean" : 0.000000,
          "stddev" : 0.000000,
          "N" : 0
        },
        "bw_min" : 0,
        "bw_max" : 0,
        "bw_agg" : 0.000000,
        "bw_mean" : 0.000000,
        "bw_dev" : 0.000000,
        "bw_samples" : 0,
        "iops_min" : 0,
        "iops_max" : 0,
        "iops_mean" : 0.000000,
        "iops_stddev" : 0.000000,
        "iops_samples" : 0
      },
      "write" : {
        "io_bytes" : 19036524544,
        "io_kbytes" : 18590356,
        "bw_bytes" : 317259546,
        "bw" : 309823,
        "iops" : 77455.943869,
        "runtime" : 60003,
        "total_ios" : 4647589,
        "short_ios" : 0,
        "drop_ios" : 0,
        "slat_ns" : {
          "min" : 0,
          "max" : 0,
          "mean" : 0.000000,
          "stddev" : 0.000000,
          "N" : 0
        },
        "clat_ns" : {
          "min" : 123956,
          "max" : 66229864,
          "mean" : 411107.325584,
          "stddev" : 217855.461345,
          "N" : 4647589,
          "percentile" : {
            "1.000000" : 284672,
            "5.000000" : 333824,
            "10.000000" : 350208,
            "20.000000" : 366592,
            "30.000000" : 378880,
            "40.000000" : 391168,
            "50.000000" : 403456,
            "60.000000" : 411648,
            "70.000000" : 423936,
            "80.000000" : 440320,
            "90.000000" : 468992,
            "95.000000" : 501760,
            "99.000000" : 675840,
            "99.500000" : 724992,
            "99.900000" : 1036288,
            "99.950000" : 1515520,
            "99.990000" : 2736128
          }
        },
        "lat_ns" : {
          "min" : 123993,
          "max" : 66229916,
          "mean" : 411193.442870,
          "stddev" : 217855.434963,
          "N" : 4647589,
          "percentile" : {
            "1.000000" : 284672,
            "5.000000" : 333824,
            "10.000000" : 350208,
            "20.000000" : 366592,
            "30.000000" : 378880,
            "40.000000" : 391168,
            "50.000000" : 403456,
            "60.000000" : 411648,
            "70.000000" : 423936,
            "80.000000" : 440320,
            "90.000000" : 468992,
            "95.000000" : 501760,
            "99.000000" : 675840,
            "99.500000" : 724992,
            "99.900000" : 1036288,
            "99.950000" : 1515520,
            "99.990000" : 2736128
          }
        },
        "bw_min" : 237154,
        "bw_max" : 324736,
        "bw_agg" : 100.000000,
        "bw_mean" : 310238.268908,
        "bw_dev" : 337.986800,
        "bw_samples" : 3808,
        "iops_min" : 59288,
        "iops_max" : 81184,
        "iops_mean" : 77559.563025,
        "iops_stddev" : 84.497834,
        "iops_samples" : 3808
      },
      "trim" : {
        "io_bytes" : 0,
        "io_kbytes" : 0,
        "bw_bytes" : 0,
        "bw" : 0,
        "iops" : 0.000000,
        "runtime" : 0,
        "total_ios" : 0,
        "short_ios" : 0,
        "drop_ios" : 0,
        "slat_ns" : {
          "min" : 0,
          "max" : 0,
          "mean" : 0.000000,
          "stddev" : 0.000000,
          "N" : 0
        },
        "clat_ns" : {
          "min" : 0,
          "max" : 0,
          "mean" : 0.000000,
          "stddev" : 0.000000,
          "N" : 0
        },
        "lat_ns" : {
          "min" : 0,
          "max" : 0,
          "mean" : 0.000000,
          "stddev" : 0.000000,
          "N" : 0
        },
        "bw_min" : 0,
        "bw_max" : 0,
        "bw_agg" : 0.000000,
        "bw_mean" : 0.000000,
        "bw_dev" : 0.000000,
        "bw_samples" : 0,
        "iops_min" : 0,
        "iops_max" : 0,
        "iops_mean" : 0.000000,
        "iops_stddev" : 0.000000,
        "iops_samples" : 0
      },
      "sync" : {
        "total_ios" : 0,
        "lat_ns" : {
          "min" : 0,
          "max" : 0,
          "mean" : 0.000000,
          "stddev" : 0.000000,
          "N" : 0
        }
      },
      "job_runtime" : 1920005,
      "usr_cpu" : 0.734165,
      "sys_cpu" : 1.632027,
      "ctx" : 4647838,
      "majf" : 0,
      "minf" : 467,
      "iodepth_level" : {
        "1" : 100.000000,
        "2" : 0.000000,
        "4" : 0.000000,
        "8" : 0.000000,
        "16" : 0.000000,
        "32" : 0.000000,
        ">=64" : 0.000000
      },
      "iodepth_submit" : {
        "0" : 0.000000,
        "4" : 100.000000,
        "8" : 0.000000,
        "16" : 0.000000,
        "32" : 0.000000,
        "64" : 0.000000,
        ">=64" : 0.000000
      },
      "iodepth_complete" : {
        "0" : 0.000000,
        "4" : 100.000000,
        "8" : 0.000000,
        "16" : 0.000000,
        "32" : 0.000000,
        "64" : 0.000000,
        ">=64" : 0.000000
      },
      "latency_ns" : {
        "2" : 0.000000,
        "4" : 0.000000,
        "10" : 0.000000,
        "20" : 0.000000,
        "50" : 0.000000,
        "100" : 0.000000,
        "250" : 0.000000,
        "500" : 0.000000,
        "750" : 0.000000,
        "1000" : 0.000000
      },
      "latency_us" : {
        "2" : 0.000000,
        "4" : 0.000000,
        "10" : 0.000000,
        "20" : 0.000000,
        "50" : 0.000000,
        "100" : 0.000000,
        "250" : 0.353000,
        "500" : 94.570583,
        "750" : 4.758381,
        "1000" : 0.214133
      },
      "latency_ms" : {
        "2" : 0.061752,
        "4" : 0.035804,
        "10" : 0.010000,
        "20" : 0.010000,
        "50" : 0.010000,
        "100" : 0.010000,
        "250" : 0.000000,
        "500" : 0.000000,
        "750" : 0.000000,
        "1000" : 0.000000,
        "2000" : 0.000000,
        ">=2000" : 0.000000
      },
      "latency_depth" : 4,
      "latency_target" : 0,
      "latency_percentile" : 100.000000,
      "latency_window" : 0
    }
  ]
}
