{
  "fio version" : "fio-3.23",
  "timestamp" : 1757515008,
  "timestamp_ms" : 1757515008245,
  "time" : "Wed Sep 10 14:36:48 2025",
  "jobs" : [
    {
      "jobname" : "RandW-4M-128-128",
      "groupid" : 0,
      "error" : 0,
      "eta" : 0,
      "elapsed" : 64,
      "job options" : {
        "name" : "RandW-4M-128-128",
        "rw" : "randwrite",
        "unified_rw_reporting" : "0",
        "bs" : "4M",
        "numjobs" : "128",
        "iodepth" : "128",
        "runtime" : "60",
        "directory" : "/tmp/e2sar/rgeorge-fio_test-m_RandW-4M-128-128",
        "direct" : "1",
        "buffered" : "0",
        "randrepeat" : "0",
        "size" : "128M",
        "ioengine" : "pvsync",
        "lat_percentiles" : "1"
      },
      "read" : {
        "io_bytes" : 0,
        "io_kbytes" : 0,
        "bw_bytes" : 0,
        "bw" : 0,
        "iops" : 0.000000,
        "runtime" : 0,
        "total_ios" : 0,
        "short_ios" : 0,
        "drop_ios" : 0,
        "slat_ns" : {
          "min" : 0,
          "max" : 0,
          "mean" : 0.000000,
          "stddev" : 0.000000,
          "N" : 0
        },
        "clat_ns" : {
          "min" : 0,
          "max" : 0,
          "mean" : 0.000000,
          "stddev" : 0.000000,
          "N" : 0
        },
        "lat_ns" : {
          "min" : 0,
          "max" : 0,
          "mean" : 0.000000,
          "stddev" : 0.000000,
          "N" : 0
        },
        "bw_min" : 0,
        "bw_max" : 0,
        "bw_agg" : 0.000000,
        "bw_mean" : 0.000000,
        "bw_dev" : 0.000000,
        "bw_samples" : 0,
        "iops_min" : 0,
        "iops_max" : 0,
        "iops_mean" : 0.000000,
        "iops_stddev" : 0.000000,
        "iops_samples" : 0
      },
      "write" : {
        "io_bytes" : 927494832128,
        "io_kbytes" : 905756672,
        "bw_bytes" : 15385933315,
        "bw" : 15025325,
        "iops" : 3668.292359,
        "runtime" : 60282,
        "total_ios" : 221132,
        "short_ios" : 0,
        "drop_ios" : 0,
        "slat_ns" : {
          "min" : 0,
          "max" : 0,
          "mean" : 0.000000,
          "stddev" : 0.000000,
          "N" : 0
        },
        "clat_ns" : {
          "min" : 3562733,
          "max" : 512515276,
          "mean" : 33383883.622171,
          "stddev" : 9001316.097925,
          "N" : 221132,
          "percentile" : {
            "1.000000" : 7962624,
            "5.000000" : 23986176,
            "10.000000" : 27131904,
            "20.000000" : 29491200,
            "30.000000" : 31064064,
            "40.000000" : 32112640,
            "50.000000" : 33161216,
            "60.000000" : 34340864,
            "70.000000" : 35913728,
            "80.000000" : 37486592,
            "90.000000" : 39583744,
            "95.000000" : 41680896,
            "99.000000" : 46399488,
            "99.500000" : 93847552,
            "99.900000" : 123207680,
            "99.950000" : 128450560,
            "99.990000" : 235929600
          }
        },
        "lat_ns" : {
          "min" : 3562947,
          "max" : 512515963,
          "mean" : 33384468.638673,
          "stddev" : 9001345.463943,
          "N" : 221132,
          "percentile" : {
            "1.000000" : 7962624,
            "5.000000" : 23986176,
            "10.000000" : 27131904,
            "20.000000" : 29491200,
            "30.000000" : 31064064,
            "40.000000" : 32112640,
            "50.000000" : 33161216,
            "60.000000" : 34340864,
            "70.000000" : 35913728,
            "80.000000" : 37486592,
            "90.000000" : 39583744,
            "95.000000" : 41680896,
            "99.000000" : 46399488,
            "99.500000" : 93847552,
            "99.900000" : 123207680,
            "99.950000" : 128450560,
            "99.990000" : 235929600
          }
        },
        "bw_min" : 10989612,
        "bw_max" : 30897578,
        "bw_agg" : 100.000000,
        "bw_mean" : 15034405.769818,
        "bw_dev" : 24881.833993,
        "bw_samples" : 15234,
        "iops_min" : 2645,
        "iops_max" : 7523,
        "iops_mean" : 3651.305322,
        "iops_stddev" : 6.077546,
        "iops_samples" : 15234
      },
      "trim" : {
        "io_bytes" : 0,
        "io_kbytes" : 0,
        "bw_bytes" : 0,
        "bw" : 0,
        "iops" : 0.000000,
        "runtime" : 0,
        "total_ios" : 0,
        "short_ios" : 0,
        "drop_ios" : 0,
        "slat_ns" : {
          "min" : 0,
          "max" : 0,
          "mean" : 0.000000,
          "stddev" : 0.000000,
          "N" : 0
        },
        "clat_ns" : {
          "min" : 0,
          "max" : 0,
          "mean" : 0.000000,
          "stddev" : 0.000000,
          "N" : 0
        },
        "lat_ns" : {
          "min" : 0,
          "max" : 0,
          "mean" : 0.000000,
          "stddev" : 0.000000,
          "N" : 0
        },
        "bw_min" : 0,
        "bw_max" : 0,
        "bw_agg" : 0.000000,
        "bw_mean" : 0.000000,
        "bw_dev" : 0.000000,
        "bw_samples" : 0,
        "iops_min" : 0,
        "iops_max" : 0,
        "iops_mean" : 0.000000,
        "iops_stddev" : 0.000000,
        "iops_samples" : 0
      },
      "sync" : {
        "total_ios" : 0,
        "lat_ns" : {
          "min" : 0,
          "max" : 0,
          "mean" : 0.000000,
          "stddev" : 0.000000,
          "N" : 0
        }
      },
      "job_runtime" : 7682153,
      "usr_cpu" : 3.637912,
      "sys_cpu" : 0.322045,
      "ctx" : 910749,
      "majf" : 0,
      "minf" : 1303,
      "iodepth_level" : {
        "1" : 100.000000,
        "2" : 0.000000,
        "4" : 0.000000,
        "8" : 0.000000,
        "16" : 0.000000,
        "32" : 0.000000,
        ">=64" : 0.000000
      },
      "iodepth_submit" : {
        "0" : 0.000000,
        "4" : 100.000000,
        "8" : 0.000000,
        "16" : 0.000000,
        "32" : 0.000000,
        "64" : 0.000000,
        ">=64" : 0.000000
      },
      "iodepth_complete" : {
        "0" : 0.000000,
        "4" : 100.000000,
        "8" : 0.000000,
        "16" : 0.000000,
        "32" : 0.000000,
        "64" : 0.000000,
        ">=64" : 0.000000
      },
      "latency_ns" : {
        "2" : 0.000000,
        "4" : 0.000000,
        "10" : 0.000000,
        "20" : 0.000000,
        "50" : 0.000000,
        "100" : 0.000000,
        "250" : 0.000000,
        "500" : 0.000000,
        "750" : 0.000000,
        "1000" : 0.000000
      },
      "latency_us" : {
        "2" : 0.000000,
        "4" : 0.000000,
        "10" : 0.000000,
        "20" : 0.000000,
        "50" : 0.000000,
        "100" : 0.000000,
        "250" : 0.000000,
        "500" : 0.000000,
        "750" : 0.000000,
        "1000" : 0.000000
      },
      "latency_ms" : {
        "2" : 0.000000,
        "4" : 0.033916,
        "10" : 1.234105,
        "20" : 1.830581,
        "50" : 96.237994,
        "100" : 0.229727,
        "250" : 0.424633,
        "500" : 0.010000,
        "750" : 0.010000,
        "1000" : 0.000000,
        "2000" : 0.000000,
        ">=2000" : 0.000000
      },
      "latency_depth" : 128,
      "latency_target" : 0,
      "latency_percentile" : 100.000000,
      "latency_window" : 0
    }
  ]
}
