{
  "fio version" : "fio-3.23",
  "timestamp" : 1757193481,
  "timestamp_ms" : 1757193481115,
  "time" : "Sat Sep  6 21:18:01 2025",
  "jobs" : [
    {
      "jobname" : "SeqRH-4K-128-16",
      "groupid" : 0,
      "error" : 0,
      "eta" : 0,
      "elapsed" : 65,
      "job options" : {
        "name" : "SeqRH-4K-128-16",
        "numjobs" : "128",
        "runtime" : "60",
        "directory" : "/tmp/e2sar/rgeorge-fio_test-p4s_SeqRH-4K-128-16",
        "direct" : "1",
        "buffered" : "0",
        "rw" : "rw",
        "rwmixread" : "80",
        "unified_rw_reporting" : "1",
        "randrepeat" : "0",
        "bs" : "4K",
        "size" : "128M",
        "ioengine" : "pvsync",
        "iodepth" : "16",
        "lat_percentiles" : "1"
      },
      "mixed" : {
        "io_bytes" : 11880751104,
        "io_kbytes" : 11602296,
        "bw_bytes" : 197963027,
        "bw" : 193323,
        "iops" : 48330.817296,
        "runtime" : 60015,
        "total_ios" : 2900574,
        "short_ios" : 0,
        "drop_ios" : 0,
        "slat_ns" : {
          "min" : 0,
          "max" : 0,
          "mean" : 0.000000,
          "stddev" : 0.000000,
          "N" : 0
        },
        "clat_ns" : {
          "min" : 116871,
          "max" : 631571714,
          "mean" : 2627656.160158,
          "stddev" : 7658820.563378,
          "N" : 2900574,
          "percentile" : {
            "1.000000" : 1220608,
            "5.000000" : 1794048,
            "10.000000" : 1974272,
            "20.000000" : 2179072,
            "30.000000" : 2310144,
            "40.000000" : 2408448,
            "50.000000" : 2473984,
            "60.000000" : 2539520,
            "70.000000" : 2605056,
            "80.000000" : 2637824,
            "90.000000" : 2703360,
            "95.000000" : 2768896,
            "99.000000" : 3194880,
            "99.500000" : 6389760,
            "99.900000" : 32112640,
            "99.950000" : 107479040,
            "99.990000" : 450887680
          }
        },
        "lat_ns" : {
          "min" : 116904,
          "max" : 631571779,
          "mean" : 2627722.507531,
          "stddev" : 7658820.916934,
          "N" : 2900574,
          "percentile" : {
            "1.000000" : 1220608,
            "5.000000" : 1794048,
            "10.000000" : 1974272,
            "20.000000" : 2179072,
            "30.000000" : 2310144,
            "40.000000" : 2408448,
            "50.000000" : 2473984,
            "60.000000" : 2539520,
            "70.000000" : 2605056,
            "80.000000" : 2637824,
            "90.000000" : 2703360,
            "95.000000" : 2768896,
            "99.000000" : 3194880,
            "99.500000" : 6389760,
            "99.900000" : 32112640,
            "99.950000" : 107479040,
            "99.990000" : 450887680
          }
        },
        "bw_min" : 13811,
        "bw_max" : 391523,
        "bw_agg" : 100.000000,
        "bw_mean" : 195062.386477,
        "bw_dev" : 253.795266,
        "bw_samples" : 30003,
        "iops_min" : 3371,
        "iops_max" : 97845,
        "iops_mean" : 48671.483845,
        "iops_stddev" : 63.466491,
        "iops_samples" : 30003
      },
      "job_runtime" : 7680167,
      "usr_cpu" : 0.084035,
      "sys_cpu" : 0.215204,
      "ctx" : 2901524,
      "majf" : 0,
      "minf" : 2486,
      "iodepth_level" : {
        "1" : 100.000000,
        "2" : 0.000000,
        "4" : 0.000000,
        "8" : 0.000000,
        "16" : 0.000000,
        "32" : 0.000000,
        ">=64" : 0.000000
      },
      "iodepth_submit" : {
        "0" : 0.000000,
        "4" : 100.000000,
        "8" : 0.000000,
        "16" : 0.000000,
        "32" : 0.000000,
        "64" : 0.000000,
        ">=64" : 0.000000
      },
      "iodepth_complete" : {
        "0" : 0.000000,
        "4" : 100.000000,
        "8" : 0.000000,
        "16" : 0.000000,
        "32" : 0.000000,
        "64" : 0.000000,
        ">=64" : 0.000000
      },
      "latency_ns" : {
        "2" : 0.000000,
        "4" : 0.000000,
        "10" : 0.000000,
        "20" : 0.000000,
        "50" : 0.000000,
        "100" : 0.000000,
        "250" : 0.000000,
        "500" : 0.000000,
        "750" : 0.000000,
        "1000" : 0.000000
      },
      "latency_us" : {
        "2" : 0.000000,
        "4" : 0.000000,
        "10" : 0.000000,
        "20" : 0.000000,
        "50" : 0.000000,
        "100" : 0.000000,
        "250" : 0.155555,
        "500" : 0.226576,
        "750" : 0.214613,
        "1000" : 0.190824
      },
      "latency_ms" : {
        "2" : 10.444795,
        "4" : 87.998444,
        "10" : 0.464081,
        "20" : 0.162485,
        "50" : 0.057265,
        "100" : 0.033062,
        "250" : 0.022582,
        "500" : 0.028167,
        "750" : 0.010000,
        "1000" : 0.000000,
        "2000" : 0.000000,
        ">=2000" : 0.000000
      },
      "latency_depth" : 16,
      "latency_target" : 0,
      "latency_percentile" : 100.000000,
      "latency_window" : 0
    }
  ]
}
