{
  "fio version" : "fio-3.23",
  "timestamp" : 1757448386,
  "timestamp_ms" : 1757448386263,
  "time" : "Tue Sep  9 20:06:26 2025",
  "jobs" : [
    {
      "jobname" : "SeqR-1M-32-4",
      "groupid" : 0,
      "error" : 0,
      "eta" : 0,
      "elapsed" : 61,
      "job options" : {
        "name" : "SeqR-1M-32-4",
        "rw" : "read",
        "unified_rw_reporting" : "0",
        "bs" : "1M",
        "numjobs" : "32",
        "iodepth" : "4",
        "runtime" : "60",
        "directory" : "/tmp/e2sar/rgeorge-fio_test-m_SeqR-1M-32-4",
        "direct" : "1",
        "buffered" : "0",
        "randrepeat" : "0",
        "size" : "128M",
        "ioengine" : "pvsync",
        "lat_percentiles" : "1"
      },
      "read" : {
        "io_bytes" : 237487783936,
        "io_kbytes" : 231921664,
        "bw_bytes" : 3957536101,
        "bw" : 3864781,
        "iops" : 3774.200537,
        "runtime" : 60009,
        "total_ios" : 226486,
        "short_ios" : 0,
        "drop_ios" : 0,
        "slat_ns" : {
          "min" : 0,
          "max" : 0,
          "mean" : 0.000000,
          "stddev" : 0.000000,
          "N" : 0
        },
        "clat_ns" : {
          "min" : 535349,
          "max" : 73777688,
          "mean" : 8473256.947471,
          "stddev" : 1092011.561073,
          "N" : 226486,
          "percentile" : {
            "1.000000" : 7110656,
            "5.000000" : 7307264,
            "10.000000" : 7634944,
            "20.000000" : 8028160,
            "30.000000" : 8224768,
            "40.000000" : 8290304,
            "50.000000" : 8454144,
            "60.000000" : 8585216,
            "70.000000" : 8716288,
            "80.000000" : 8847360,
            "90.000000" : 9240576,
            "95.000000" : 9502720,
            "99.000000" : 9895936,
            "99.500000" : 10027008,
            "99.900000" : 13959168,
            "99.950000" : 26345472,
            "99.990000" : 55836672
          }
        },
        "lat_ns" : {
          "min" : 535530,
          "max" : 73777745,
          "mean" : 8473306.933943,
          "stddev" : 1092010.817240,
          "N" : 226486,
          "percentile" : {
            "1.000000" : 7110656,
            "5.000000" : 7307264,
            "10.000000" : 7634944,
            "20.000000" : 8028160,
            "30.000000" : 8224768,
            "40.000000" : 8290304,
            "50.000000" : 8454144,
            "60.000000" : 8585216,
            "70.000000" : 8716288,
            "80.000000" : 8847360,
            "90.000000" : 9240576,
            "95.000000" : 9502720,
            "99.000000" : 9895936,
            "99.500000" : 10027008,
            "99.900000" : 13959168,
            "99.950000" : 26345472,
            "99.990000" : 55836672
          }
        },
        "bw_min" : 3187948,
        "bw_max" : 3969024,
        "bw_agg" : 100.000000,
        "bw_mean" : 3869302.151261,
        "bw_dev" : 2818.664174,
        "bw_samples" : 3808,
        "iops_min" : 3110,
        "iops_max" : 3876,
        "iops_mean" : 3778.588235,
        "iops_stddev" : 2.759579,
        "iops_samples" : 3808
      },
      "write" : {
        "io_bytes" : 0,
        "io_kbytes" : 0,
        "bw_bytes" : 0,
        "bw" : 0,
        "iops" : 0.000000,
        "runtime" : 0,
        "total_ios" : 0,
        "short_ios" : 0,
        "drop_ios" : 0,
        "slat_ns" : {
          "min" : 0,
          "max" : 0,
          "mean" : 0.000000,
          "stddev" : 0.000000,
          "N" : 0
        },
        "clat_ns" : {
          "min" : 0,
          "max" : 0,
          "mean" : 0.000000,
          "stddev" : 0.000000,
          "N" : 0
        },
        "lat_ns" : {
          "min" : 0,
          "max" : 0,
          "mean" : 0.000000,
          "stddev" : 0.000000,
          "N" : 0
        },
        "bw_min" : 0,
        "bw_max" : 0,
        "bw_agg" : 0.000000,
        "bw_mean" : 0.000000,
        "bw_dev" : 0.000000,
        "bw_samples" : 0,
        "iops_min" : 0,
        "iops_max" : 0,
        "iops_mean" : 0.000000,
        "iops_stddev" : 0.000000,
        "iops_samples" : 0
      },
      "trim" : {
        "io_bytes" : 0,
        "io_kbytes" : 0,
        "bw_bytes" : 0,
        "bw" : 0,
        "iops" : 0.000000,
        "runtime" : 0,
        "total_ios" : 0,
        "short_ios" : 0,
        "drop_ios" : 0,
        "slat_ns" : {
          "min" : 0,
          "max" : 0,
          "mean" : 0.000000,
          "stddev" : 0.000000,
          "N" : 0
        },
        "clat_ns" : {
          "min" : 0,
          "max" : 0,
          "mean" : 0.000000,
          "stddev" : 0.000000,
          "N" : 0
        },
        "lat_ns" : {
          "min" : 0,
          "max" : 0,
          "mean" : 0.000000,
          "stddev" : 0.000000,
          "N" : 0
        },
        "bw_min" : 0,
        "bw_max" : 0,
        "bw_agg" : 0.000000,
        "bw_mean" : 0.000000,
        "bw_dev" : 0.000000,
        "bw_samples" : 0,
        "iops_min" : 0,
        "iops_max" : 0,
        "iops_mean" : 0.000000,
        "iops_stddev" : 0.000000,
        "iops_samples" : 0
      },
      "sync" : {
        "total_ios" : 0,
        "lat_ns" : {
          "min" : 0,
          "max" : 0,
          "mean" : 0.000000,
          "stddev" : 0.000000,
          "N" : 0
        }
      },
      "job_runtime" : 1920130,
      "usr_cpu" : 0.014062,
      "sys_cpu" : 0.184883,
      "ctx" : 226650,
      "majf" : 0,
      "minf" : 8550,
      "iodepth_level" : {
        "1" : 100.000000,
        "2" : 0.000000,
        "4" : 0.000000,
        "8" : 0.000000,
        "16" : 0.000000,
        "32" : 0.000000,
        ">=64" : 0.000000
      },
      "iodepth_submit" : {
        "0" : 0.000000,
        "4" : 100.000000,
        "8" : 0.000000,
        "16" : 0.000000,
        "32" : 0.000000,
        "64" : 0.000000,
        ">=64" : 0.000000
      },
      "iodepth_complete" : {
        "0" : 0.000000,
        "4" : 100.000000,
        "8" : 0.000000,
        "16" : 0.000000,
        "32" : 0.000000,
        "64" : 0.000000,
        ">=64" : 0.000000
      },
      "latency_ns" : {
        "2" : 0.000000,
        "4" : 0.000000,
        "10" : 0.000000,
        "20" : 0.000000,
        "50" : 0.000000,
        "100" : 0.000000,
        "250" : 0.000000,
        "500" : 0.000000,
        "750" : 0.000000,
        "1000" : 0.000000
      },
      "latency_us" : {
        "2" : 0.000000,
        "4" : 0.000000,
        "10" : 0.000000,
        "20" : 0.000000,
        "50" : 0.000000,
        "100" : 0.000000,
        "250" : 0.000000,
        "500" : 0.000000,
        "750" : 0.010000,
        "1000" : 0.010000
      },
      "latency_ms" : {
        "2" : 0.010000,
        "4" : 0.033556,
        "10" : 99.382743,
        "20" : 0.502901,
        "50" : 0.048568,
        "100" : 0.017220,
        "250" : 0.000000,
        "500" : 0.000000,
        "750" : 0.000000,
        "1000" : 0.000000,
        "2000" : 0.000000,
        ">=2000" : 0.000000
      },
      "latency_depth" : 4,
      "latency_target" : 0,
      "latency_percentile" : 100.000000,
      "latency_window" : 0
    }
  ]
}
