{
  "fio version" : "fio-3.23",
  "timestamp" : 1757428734,
  "timestamp_ms" : 1757428734954,
  "time" : "Tue Sep  9 14:38:54 2025",
  "jobs" : [
    {
      "jobname" : "SeqW-16K-128-32",
      "groupid" : 0,
      "error" : 0,
      "eta" : 0,
      "elapsed" : 61,
      "job options" : {
        "name" : "SeqW-16K-128-32",
        "rw" : "write",
        "unified_rw_reporting" : "0",
        "bs" : "16K",
        "numjobs" : "128",
        "iodepth" : "32",
        "runtime" : "60",
        "directory" : "/tmp/e2sar/rgeorge-fio_test-m_SeqW-16K-128-32",
        "direct" : "1",
        "buffered" : "0",
        "randrepeat" : "0",
        "size" : "128M",
        "ioengine" : "pvsync",
        "lat_percentiles" : "1"
      },
      "read" : {
        "io_bytes" : 0,
        "io_kbytes" : 0,
        "bw_bytes" : 0,
        "bw" : 0,
        "iops" : 0.000000,
        "runtime" : 0,
        "total_ios" : 0,
        "short_ios" : 0,
        "drop_ios" : 0,
        "slat_ns" : {
          "min" : 0,
          "max" : 0,
          "mean" : 0.000000,
          "stddev" : 0.000000,
          "N" : 0
        },
        "clat_ns" : {
          "min" : 0,
          "max" : 0,
          "mean" : 0.000000,
          "stddev" : 0.000000,
          "N" : 0
        },
        "lat_ns" : {
          "min" : 0,
          "max" : 0,
          "mean" : 0.000000,
          "stddev" : 0.000000,
          "N" : 0
        },
        "bw_min" : 0,
        "bw_max" : 0,
        "bw_agg" : 0.000000,
        "bw_mean" : 0.000000,
        "bw_dev" : 0.000000,
        "bw_samples" : 0,
        "iops_min" : 0,
        "iops_max" : 0,
        "iops_mean" : 0.000000,
        "iops_stddev" : 0.000000,
        "iops_samples" : 0
      },
      "write" : {
        "io_bytes" : 59205713920,
        "io_kbytes" : 57818080,
        "bw_bytes" : 986663232,
        "bw" : 963538,
        "iops" : 60221.144552,
        "runtime" : 60006,
        "total_ios" : 3613630,
        "short_ios" : 0,
        "drop_ios" : 0,
        "slat_ns" : {
          "min" : 0,
          "max" : 0,
          "mean" : 0.000000,
          "stddev" : 0.000000,
          "N" : 0
        },
        "clat_ns" : {
          "min" : 160485,
          "max" : 131489964,
          "mean" : 2110474.631118,
          "stddev" : 874067.955572,
          "N" : 3613630,
          "percentile" : {
            "1.000000" : 1662976,
            "5.000000" : 1974272,
            "10.000000" : 2007040,
            "20.000000" : 2039808,
            "30.000000" : 2056192,
            "40.000000" : 2072576,
            "50.000000" : 2113536,
            "60.000000" : 2113536,
            "70.000000" : 2146304,
            "80.000000" : 2179072,
            "90.000000" : 2211840,
            "95.000000" : 2244608,
            "99.000000" : 2310144,
            "99.500000" : 2375680,
            "99.900000" : 3162112,
            "99.950000" : 14221312,
            "99.990000" : 49545216
          }
        },
        "lat_ns" : {
          "min" : 160514,
          "max" : 131490225,
          "mean" : 2110591.280285,
          "stddev" : 874068.504860,
          "N" : 3613630,
          "percentile" : {
            "1.000000" : 1662976,
            "5.000000" : 1974272,
            "10.000000" : 2007040,
            "20.000000" : 2039808,
            "30.000000" : 2056192,
            "40.000000" : 2072576,
            "50.000000" : 2113536,
            "60.000000" : 2113536,
            "70.000000" : 2146304,
            "80.000000" : 2179072,
            "90.000000" : 2211840,
            "95.000000" : 2244608,
            "99.000000" : 2310144,
            "99.500000" : 2375680,
            "99.900000" : 3162112,
            "99.950000" : 14221312,
            "99.990000" : 49545216
          }
        },
        "bw_min" : 613225,
        "bw_max" : 1302597,
        "bw_agg" : 100.000000,
        "bw_mean" : 966384.910412,
        "bw_dev" : 599.458007,
        "bw_samples" : 15212,
        "iops_min" : 38324,
        "iops_max" : 81411,
        "iops_mean" : 60399.027347,
        "iops_stddev" : 37.466575,
        "iops_samples" : 15212
      },
      "trim" : {
        "io_bytes" : 0,
        "io_kbytes" : 0,
        "bw_bytes" : 0,
        "bw" : 0,
        "iops" : 0.000000,
        "runtime" : 0,
        "total_ios" : 0,
        "short_ios" : 0,
        "drop_ios" : 0,
        "slat_ns" : {
          "min" : 0,
          "max" : 0,
          "mean" : 0.000000,
          "stddev" : 0.000000,
          "N" : 0
        },
        "clat_ns" : {
          "min" : 0,
          "max" : 0,
          "mean" : 0.000000,
          "stddev" : 0.000000,
          "N" : 0
        },
        "lat_ns" : {
          "min" : 0,
          "max" : 0,
          "mean" : 0.000000,
          "stddev" : 0.000000,
          "N" : 0
        },
        "bw_min" : 0,
        "bw_max" : 0,
        "bw_agg" : 0.000000,
        "bw_mean" : 0.000000,
        "bw_dev" : 0.000000,
        "bw_samples" : 0,
        "iops_min" : 0,
        "iops_max" : 0,
        "iops_mean" : 0.000000,
        "iops_stddev" : 0.000000,
        "iops_samples" : 0
      },
      "sync" : {
        "total_ios" : 0,
        "lat_ns" : {
          "min" : 0,
          "max" : 0,
          "mean" : 0.000000,
          "stddev" : 0.000000,
          "N" : 0
        }
      },
      "job_runtime" : 7680061,
      "usr_cpu" : 0.306820,
      "sys_cpu" : 0.340401,
      "ctx" : 3614624,
      "majf" : 0,
      "minf" : 1551,
      "iodepth_level" : {
        "1" : 100.000000,
        "2" : 0.000000,
        "4" : 0.000000,
        "8" : 0.000000,
        "16" : 0.000000,
        "32" : 0.000000,
        ">=64" : 0.000000
      },
      "iodepth_submit" : {
        "0" : 0.000000,
        "4" : 100.000000,
        "8" : 0.000000,
        "16" : 0.000000,
        "32" : 0.000000,
        "64" : 0.000000,
        ">=64" : 0.000000
      },
      "iodepth_complete" : {
        "0" : 0.000000,
        "4" : 100.000000,
        "8" : 0.000000,
        "16" : 0.000000,
        "32" : 0.000000,
        "64" : 0.000000,
        ">=64" : 0.000000
      },
      "latency_ns" : {
        "2" : 0.000000,
        "4" : 0.000000,
        "10" : 0.000000,
        "20" : 0.000000,
        "50" : 0.000000,
        "100" : 0.000000,
        "250" : 0.000000,
        "500" : 0.000000,
        "750" : 0.000000,
        "1000" : 0.000000
      },
      "latency_us" : {
        "2" : 0.000000,
        "4" : 0.000000,
        "10" : 0.000000,
        "20" : 0.000000,
        "50" : 0.000000,
        "100" : 0.000000,
        "250" : 0.032488,
        "500" : 0.149241,
        "750" : 0.121983,
        "1000" : 0.125082
      },
      "latency_ms" : {
        "2" : 9.600651,
        "4" : 89.884742,
        "10" : 0.026400,
        "20" : 0.020561,
        "50" : 0.028918,
        "100" : 0.010000,
        "250" : 0.010000,
        "500" : 0.000000,
        "750" : 0.000000,
        "1000" : 0.000000,
        "2000" : 0.000000,
        ">=2000" : 0.000000
      },
      "latency_depth" : 32,
      "latency_target" : 0,
      "latency_percentile" : 100.000000,
      "latency_window" : 0
    }
  ]
}
