{
  "fio version" : "fio-3.23",
  "timestamp" : 1756962041,
  "timestamp_ms" : 1756962041327,
  "time" : "Thu Sep  4 05:00:41 2025",
  "jobs" : [
    {
      "jobname" : "SeqR-1M-16-16",
      "groupid" : 0,
      "error" : 0,
      "eta" : 0,
      "elapsed" : 61,
      "job options" : {
        "name" : "SeqR-1M-16-16",
        "numjobs" : "16",
        "runtime" : "60",
        "directory" : "/tmp/e2sar/rgeorge-fio_test-p1s_SeqR-1M-16-16",
        "direct" : "1",
        "buffered" : "0",
        "rw" : "read",
        "unified_rw_reporting" : "0",
        "randrepeat" : "0",
        "bs" : "1M",
        "size" : "128M",
        "ioengine" : "pvsync",
        "iodepth" : "16",
        "lat_percentiles" : "1"
      },
      "read" : {
        "io_bytes" : 230592348160,
        "io_kbytes" : 225187840,
        "bw_bytes" : 3843013651,
        "bw" : 3752943,
        "iops" : 3664.983417,
        "runtime" : 60003,
        "total_ios" : 219910,
        "short_ios" : 0,
        "drop_ios" : 0,
        "slat_ns" : {
          "min" : 0,
          "max" : 0,
          "mean" : 0.000000,
          "stddev" : 0.000000,
          "N" : 0
        },
        "clat_ns" : {
          "min" : 490468,
          "max" : 749576015,
          "mean" : 4363930.398768,
          "stddev" : 5181627.399163,
          "N" : 219910,
          "percentile" : {
            "1.000000" : 1630208,
            "5.000000" : 3129344,
            "10.000000" : 3457024,
            "20.000000" : 3850240,
            "30.000000" : 3981312,
            "40.000000" : 4046848,
            "50.000000" : 4112384,
            "60.000000" : 4177920,
            "70.000000" : 4292608,
            "80.000000" : 4423680,
            "90.000000" : 4685824,
            "95.000000" : 4947968,
            "99.000000" : 7307264,
            "99.500000" : 15663104,
            "99.900000" : 77070336,
            "99.950000" : 96993280,
            "99.990000" : 208666624
          }
        },
        "lat_ns" : {
          "min" : 490499,
          "max" : 749576069,
          "mean" : 4363964.533946,
          "stddev" : 5181629.953458,
          "N" : 219910,
          "percentile" : {
            "1.000000" : 1630208,
            "5.000000" : 3129344,
            "10.000000" : 3457024,
            "20.000000" : 3850240,
            "30.000000" : 3981312,
            "40.000000" : 4046848,
            "50.000000" : 4112384,
            "60.000000" : 4177920,
            "70.000000" : 4292608,
            "80.000000" : 4423680,
            "90.000000" : 4685824,
            "95.000000" : 4947968,
            "99.000000" : 7307264,
            "99.500000" : 15663104,
            "99.900000" : 77070336,
            "99.950000" : 96993280,
            "99.990000" : 208666624
          }
        },
        "bw_min" : 776192,
        "bw_max" : 5072896,
        "bw_agg" : 100.000000,
        "bw_mean" : 3757436.517875,
        "bw_dev" : 40401.763423,
        "bw_samples" : 1903,
        "iops_min" : 758,
        "iops_max" : 4954,
        "iops_mean" : 3669.371599,
        "iops_stddev" : 39.454847,
        "iops_samples" : 1903
      },
      "write" : {
        "io_bytes" : 0,
        "io_kbytes" : 0,
        "bw_bytes" : 0,
        "bw" : 0,
        "iops" : 0.000000,
        "runtime" : 0,
        "total_ios" : 0,
        "short_ios" : 0,
        "drop_ios" : 0,
        "slat_ns" : {
          "min" : 0,
          "max" : 0,
          "mean" : 0.000000,
          "stddev" : 0.000000,
          "N" : 0
        },
        "clat_ns" : {
          "min" : 0,
          "max" : 0,
          "mean" : 0.000000,
          "stddev" : 0.000000,
          "N" : 0
        },
        "lat_ns" : {
          "min" : 0,
          "max" : 0,
          "mean" : 0.000000,
          "stddev" : 0.000000,
          "N" : 0
        },
        "bw_min" : 0,
        "bw_max" : 0,
        "bw_agg" : 0.000000,
        "bw_mean" : 0.000000,
        "bw_dev" : 0.000000,
        "bw_samples" : 0,
        "iops_min" : 0,
        "iops_max" : 0,
        "iops_mean" : 0.000000,
        "iops_stddev" : 0.000000,
        "iops_samples" : 0
      },
      "trim" : {
        "io_bytes" : 0,
        "io_kbytes" : 0,
        "bw_bytes" : 0,
        "bw" : 0,
        "iops" : 0.000000,
        "runtime" : 0,
        "total_ios" : 0,
        "short_ios" : 0,
        "drop_ios" : 0,
        "slat_ns" : {
          "min" : 0,
          "max" : 0,
          "mean" : 0.000000,
          "stddev" : 0.000000,
          "N" : 0
        },
        "clat_ns" : {
          "min" : 0,
          "max" : 0,
          "mean" : 0.000000,
          "stddev" : 0.000000,
          "N" : 0
        },
        "lat_ns" : {
          "min" : 0,
          "max" : 0,
          "mean" : 0.000000,
          "stddev" : 0.000000,
          "N" : 0
        },
        "bw_min" : 0,
        "bw_max" : 0,
        "bw_agg" : 0.000000,
        "bw_mean" : 0.000000,
        "bw_dev" : 0.000000,
        "bw_samples" : 0,
        "iops_min" : 0,
        "iops_max" : 0,
        "iops_mean" : 0.000000,
        "iops_stddev" : 0.000000,
        "iops_samples" : 0
      },
      "sync" : {
        "total_ios" : 0,
        "lat_ns" : {
          "min" : 0,
          "max" : 0,
          "mean" : 0.000000,
          "stddev" : 0.000000,
          "N" : 0
        }
      },
      "job_runtime" : 960013,
      "usr_cpu" : 0.027708,
      "sys_cpu" : 0.422807,
      "ctx" : 219992,
      "majf" : 0,
      "minf" : 4296,
      "iodepth_level" : {
        "1" : 100.000000,
        "2" : 0.000000,
        "4" : 0.000000,
        "8" : 0.000000,
        "16" : 0.000000,
        "32" : 0.000000,
        ">=64" : 0.000000
      },
      "iodepth_submit" : {
        "0" : 0.000000,
        "4" : 100.000000,
        "8" : 0.000000,
        "16" : 0.000000,
        "32" : 0.000000,
        "64" : 0.000000,
        ">=64" : 0.000000
      },
      "iodepth_complete" : {
        "0" : 0.000000,
        "4" : 100.000000,
        "8" : 0.000000,
        "16" : 0.000000,
        "32" : 0.000000,
        "64" : 0.000000,
        ">=64" : 0.000000
      },
      "latency_ns" : {
        "2" : 0.000000,
        "4" : 0.000000,
        "10" : 0.000000,
        "20" : 0.000000,
        "50" : 0.000000,
        "100" : 0.000000,
        "250" : 0.000000,
        "500" : 0.000000,
        "750" : 0.000000,
        "1000" : 0.000000
      },
      "latency_us" : {
        "2" : 0.000000,
        "4" : 0.000000,
        "10" : 0.000000,
        "20" : 0.000000,
        "50" : 0.000000,
        "100" : 0.000000,
        "250" : 0.000000,
        "500" : 0.010000,
        "750" : 0.260561,
        "1000" : 0.345141
      },
      "latency_ms" : {
        "2" : 0.679369,
        "4" : 30.537038,
        "10" : 67.473967,
        "20" : 0.296030,
        "50" : 0.193261,
        "100" : 0.170524,
        "250" : 0.040016,
        "500" : 0.010000,
        "750" : 0.010000,
        "1000" : 0.000000,
        "2000" : 0.000000,
        ">=2000" : 0.000000
      },
      "latency_depth" : 16,
      "latency_target" : 0,
      "latency_percentile" : 100.000000,
      "latency_window" : 0
    }
  ]
}
