{
  "fio version" : "fio-3.23",
  "timestamp" : 1757505787,
  "timestamp_ms" : 1757505787339,
  "time" : "Wed Sep 10 12:03:07 2025",
  "jobs" : [
    {
      "jobname" : "RandW-2M-128-64",
      "groupid" : 0,
      "error" : 0,
      "eta" : 0,
      "elapsed" : 62,
      "job options" : {
        "name" : "RandW-2M-128-64",
        "rw" : "randwrite",
        "unified_rw_reporting" : "0",
        "bs" : "2M",
        "numjobs" : "128",
        "iodepth" : "64",
        "runtime" : "60",
        "directory" : "/tmp/e2sar/rgeorge-fio_test-m_RandW-2M-128-64",
        "direct" : "1",
        "buffered" : "0",
        "randrepeat" : "0",
        "size" : "128M",
        "ioengine" : "pvsync",
        "lat_percentiles" : "1"
      },
      "read" : {
        "io_bytes" : 0,
        "io_kbytes" : 0,
        "bw_bytes" : 0,
        "bw" : 0,
        "iops" : 0.000000,
        "runtime" : 0,
        "total_ios" : 0,
        "short_ios" : 0,
        "drop_ios" : 0,
        "slat_ns" : {
          "min" : 0,
          "max" : 0,
          "mean" : 0.000000,
          "stddev" : 0.000000,
          "N" : 0
        },
        "clat_ns" : {
          "min" : 0,
          "max" : 0,
          "mean" : 0.000000,
          "stddev" : 0.000000,
          "N" : 0
        },
        "lat_ns" : {
          "min" : 0,
          "max" : 0,
          "mean" : 0.000000,
          "stddev" : 0.000000,
          "N" : 0
        },
        "bw_min" : 0,
        "bw_max" : 0,
        "bw_agg" : 0.000000,
        "bw_mean" : 0.000000,
        "bw_dev" : 0.000000,
        "bw_samples" : 0,
        "iops_min" : 0,
        "iops_max" : 0,
        "iops_mean" : 0.000000,
        "iops_stddev" : 0.000000,
        "iops_samples" : 0
      },
      "write" : {
        "io_bytes" : 918726639616,
        "io_kbytes" : 897193984,
        "bw_bytes" : 15307263360,
        "bw" : 14948499,
        "iops" : 7299.071961,
        "runtime" : 60019,
        "total_ios" : 438083,
        "short_ios" : 0,
        "drop_ios" : 0,
        "slat_ns" : {
          "min" : 0,
          "max" : 0,
          "mean" : 0.000000,
          "stddev" : 0.000000,
          "N" : 0
        },
        "clat_ns" : {
          "min" : 1983497,
          "max" : 123885185,
          "mean" : 16822336.804708,
          "stddev" : 5154220.590865,
          "N" : 438083,
          "percentile" : {
            "1.000000" : 9240576,
            "5.000000" : 11206656,
            "10.000000" : 12124160,
            "20.000000" : 13434880,
            "30.000000" : 14745600,
            "40.000000" : 15663104,
            "50.000000" : 16580608,
            "60.000000" : 17432576,
            "70.000000" : 18481152,
            "80.000000" : 19529728,
            "90.000000" : 21364736,
            "95.000000" : 22675456,
            "99.000000" : 25296896,
            "99.500000" : 26607616,
            "99.900000" : 99090432,
            "99.950000" : 103284736,
            "99.990000" : 111673344
          }
        },
        "lat_ns" : {
          "min" : 1983573,
          "max" : 123885621,
          "mean" : 16822797.426419,
          "stddev" : 5154226.519702,
          "N" : 438083,
          "percentile" : {
            "1.000000" : 9240576,
            "5.000000" : 11206656,
            "10.000000" : 12124160,
            "20.000000" : 13434880,
            "30.000000" : 14745600,
            "40.000000" : 15663104,
            "50.000000" : 16580608,
            "60.000000" : 17432576,
            "70.000000" : 18481152,
            "80.000000" : 19529728,
            "90.000000" : 21364736,
            "95.000000" : 22675456,
            "99.000000" : 25296896,
            "99.500000" : 26607616,
            "99.900000" : 99090432,
            "99.950000" : 103284736,
            "99.990000" : 111673344
          }
        },
        "bw_min" : 9328628,
        "bw_max" : 21254293,
        "bw_agg" : 99.949839,
        "bw_mean" : 14941001.899160,
        "bw_dev" : 12372.240341,
        "bw_samples" : 15232,
        "iops_min" : 4539,
        "iops_max" : 10367,
        "iops_mean" : 7284.789916,
        "iops_stddev" : 6.051349,
        "iops_samples" : 15232
      },
      "trim" : {
        "io_bytes" : 0,
        "io_kbytes" : 0,
        "bw_bytes" : 0,
        "bw" : 0,
        "iops" : 0.000000,
        "runtime" : 0,
        "total_ios" : 0,
        "short_ios" : 0,
        "drop_ios" : 0,
        "slat_ns" : {
          "min" : 0,
          "max" : 0,
          "mean" : 0.000000,
          "stddev" : 0.000000,
          "N" : 0
        },
        "clat_ns" : {
          "min" : 0,
          "max" : 0,
          "mean" : 0.000000,
          "stddev" : 0.000000,
          "N" : 0
        },
        "lat_ns" : {
          "min" : 0,
          "max" : 0,
          "mean" : 0.000000,
          "stddev" : 0.000000,
          "N" : 0
        },
        "bw_min" : 0,
        "bw_max" : 0,
        "bw_agg" : 0.000000,
        "bw_mean" : 0.000000,
        "bw_dev" : 0.000000,
        "bw_samples" : 0,
        "iops_min" : 0,
        "iops_max" : 0,
        "iops_mean" : 0.000000,
        "iops_stddev" : 0.000000,
        "iops_samples" : 0
      },
      "sync" : {
        "total_ios" : 0,
        "lat_ns" : {
          "min" : 0,
          "max" : 0,
          "mean" : 0.000000,
          "stddev" : 0.000000,
          "N" : 0
        }
      },
      "job_runtime" : 7680589,
      "usr_cpu" : 3.482754,
      "sys_cpu" : 0.463194,
      "ctx" : 903592,
      "majf" : 0,
      "minf" : 1421,
      "iodepth_level" : {
        "1" : 100.000000,
        "2" : 0.000000,
        "4" : 0.000000,
        "8" : 0.000000,
        "16" : 0.000000,
        "32" : 0.000000,
        ">=64" : 0.000000
      },
      "iodepth_submit" : {
        "0" : 0.000000,
        "4" : 100.000000,
        "8" : 0.000000,
        "16" : 0.000000,
        "32" : 0.000000,
        "64" : 0.000000,
        ">=64" : 0.000000
      },
      "iodepth_complete" : {
        "0" : 0.000000,
        "4" : 100.000000,
        "8" : 0.000000,
        "16" : 0.000000,
        "32" : 0.000000,
        "64" : 0.000000,
        ">=64" : 0.000000
      },
      "latency_ns" : {
        "2" : 0.000000,
        "4" : 0.000000,
        "10" : 0.000000,
        "20" : 0.000000,
        "50" : 0.000000,
        "100" : 0.000000,
        "250" : 0.000000,
        "500" : 0.000000,
        "750" : 0.000000,
        "1000" : 0.000000
      },
      "latency_us" : {
        "2" : 0.000000,
        "4" : 0.000000,
        "10" : 0.000000,
        "20" : 0.000000,
        "50" : 0.000000,
        "100" : 0.000000,
        "250" : 0.000000,
        "500" : 0.000000,
        "750" : 0.000000,
        "1000" : 0.000000
      },
      "latency_ms" : {
        "2" : 0.010000,
        "4" : 0.119840,
        "10" : 1.647861,
        "20" : 80.501412,
        "50" : 17.493260,
        "100" : 0.147004,
        "250" : 0.090394,
        "500" : 0.000000,
        "750" : 0.000000,
        "1000" : 0.000000,
        "2000" : 0.000000,
        ">=2000" : 0.000000
      },
      "latency_depth" : 64,
      "latency_target" : 0,
      "latency_percentile" : 100.000000,
      "latency_window" : 0
    }
  ]
}
