{
  "fio version" : "fio-3.23",
  "timestamp" : 1757524305,
  "timestamp_ms" : 1757524305297,
  "time" : "Wed Sep 10 17:11:45 2025",
  "jobs" : [
    {
      "jobname" : "RandW-2M-16-8",
      "groupid" : 0,
      "error" : 0,
      "eta" : 0,
      "elapsed" : 61,
      "job options" : {
        "name" : "RandW-2M-16-8",
        "rw" : "randwrite",
        "unified_rw_reporting" : "0",
        "bs" : "2M",
        "numjobs" : "16",
        "iodepth" : "8",
        "runtime" : "60",
        "directory" : "/tmp/e2sar/rgeorge-fio_test-m_RandW-2M-16-8",
        "direct" : "1",
        "buffered" : "0",
        "randrepeat" : "0",
        "size" : "128M",
        "ioengine" : "pvsync",
        "lat_percentiles" : "1"
      },
      "read" : {
        "io_bytes" : 0,
        "io_kbytes" : 0,
        "bw_bytes" : 0,
        "bw" : 0,
        "iops" : 0.000000,
        "runtime" : 0,
        "total_ios" : 0,
        "short_ios" : 0,
        "drop_ios" : 0,
        "slat_ns" : {
          "min" : 0,
          "max" : 0,
          "mean" : 0.000000,
          "stddev" : 0.000000,
          "N" : 0
        },
        "clat_ns" : {
          "min" : 0,
          "max" : 0,
          "mean" : 0.000000,
          "stddev" : 0.000000,
          "N" : 0
        },
        "lat_ns" : {
          "min" : 0,
          "max" : 0,
          "mean" : 0.000000,
          "stddev" : 0.000000,
          "N" : 0
        },
        "bw_min" : 0,
        "bw_max" : 0,
        "bw_agg" : 0.000000,
        "bw_mean" : 0.000000,
        "bw_dev" : 0.000000,
        "bw_samples" : 0,
        "iops_min" : 0,
        "iops_max" : 0,
        "iops_mean" : 0.000000,
        "iops_stddev" : 0.000000,
        "iops_samples" : 0
      },
      "write" : {
        "io_bytes" : 718528315392,
        "io_kbytes" : 701687808,
        "bw_bytes" : 11974673611,
        "bw" : 11694017,
        "iops" : 5709.969335,
        "runtime" : 60004,
        "total_ios" : 342621,
        "short_ios" : 0,
        "drop_ios" : 0,
        "slat_ns" : {
          "min" : 0,
          "max" : 0,
          "mean" : 0.000000,
          "stddev" : 0.000000,
          "N" : 0
        },
        "clat_ns" : {
          "min" : 1543032,
          "max" : 52114710,
          "mean" : 2365489.926578,
          "stddev" : 584253.320631,
          "N" : 342621,
          "percentile" : {
            "1.000000" : 1859584,
            "5.000000" : 1974272,
            "10.000000" : 2039808,
            "20.000000" : 2146304,
            "30.000000" : 2211840,
            "40.000000" : 2277376,
            "50.000000" : 2310144,
            "60.000000" : 2375680,
            "70.000000" : 2473984,
            "80.000000" : 2539520,
            "90.000000" : 2703360,
            "95.000000" : 2834432,
            "99.000000" : 3260416,
            "99.500000" : 3588096,
            "99.900000" : 4145152,
            "99.950000" : 4554752,
            "99.990000" : 37486592
          }
        },
        "lat_ns" : {
          "min" : 1543220,
          "max" : 52114812,
          "mean" : 2365645.185447,
          "stddev" : 584254.226930,
          "N" : 342621,
          "percentile" : {
            "1.000000" : 1859584,
            "5.000000" : 1974272,
            "10.000000" : 2039808,
            "20.000000" : 2146304,
            "30.000000" : 2211840,
            "40.000000" : 2277376,
            "50.000000" : 2310144,
            "60.000000" : 2375680,
            "70.000000" : 2473984,
            "80.000000" : 2539520,
            "90.000000" : 2703360,
            "95.000000" : 2834432,
            "99.000000" : 3260416,
            "99.500000" : 3588096,
            "99.900000" : 4145152,
            "99.950000" : 4554752,
            "99.990000" : 37486592
          }
        },
        "bw_min" : 10412032,
        "bw_max" : 12427264,
        "bw_agg" : 100.000000,
        "bw_mean" : 11713688.428571,
        "bw_dev" : 22025.101453,
        "bw_samples" : 1904,
        "iops_min" : 5084,
        "iops_max" : 6068,
        "iops_mean" : 5719.571429,
        "iops_stddev" : 10.755106,
        "iops_samples" : 1904
      },
      "trim" : {
        "io_bytes" : 0,
        "io_kbytes" : 0,
        "bw_bytes" : 0,
        "bw" : 0,
        "iops" : 0.000000,
        "runtime" : 0,
        "total_ios" : 0,
        "short_ios" : 0,
        "drop_ios" : 0,
        "slat_ns" : {
          "min" : 0,
          "max" : 0,
          "mean" : 0.000000,
          "stddev" : 0.000000,
          "N" : 0
        },
        "clat_ns" : {
          "min" : 0,
          "max" : 0,
          "mean" : 0.000000,
          "stddev" : 0.000000,
          "N" : 0
        },
        "lat_ns" : {
          "min" : 0,
          "max" : 0,
          "mean" : 0.000000,
          "stddev" : 0.000000,
          "N" : 0
        },
        "bw_min" : 0,
        "bw_max" : 0,
        "bw_agg" : 0.000000,
        "bw_mean" : 0.000000,
        "bw_dev" : 0.000000,
        "bw_samples" : 0,
        "iops_min" : 0,
        "iops_max" : 0,
        "iops_mean" : 0.000000,
        "iops_stddev" : 0.000000,
        "iops_samples" : 0
      },
      "sync" : {
        "total_ios" : 0,
        "lat_ns" : {
          "min" : 0,
          "max" : 0,
          "mean" : 0.000000,
          "stddev" : 0.000000,
          "N" : 0
        }
      },
      "job_runtime" : 960014,
      "usr_cpu" : 15.586752,
      "sys_cpu" : 0.904258,
      "ctx" : 685419,
      "majf" : 0,
      "minf" : 175,
      "iodepth_level" : {
        "1" : 100.000000,
        "2" : 0.000000,
        "4" : 0.000000,
        "8" : 0.000000,
        "16" : 0.000000,
        "32" : 0.000000,
        ">=64" : 0.000000
      },
      "iodepth_submit" : {
        "0" : 0.000000,
        "4" : 100.000000,
        "8" : 0.000000,
        "16" : 0.000000,
        "32" : 0.000000,
        "64" : 0.000000,
        ">=64" : 0.000000
      },
      "iodepth_complete" : {
        "0" : 0.000000,
        "4" : 100.000000,
        "8" : 0.000000,
        "16" : 0.000000,
        "32" : 0.000000,
        "64" : 0.000000,
        ">=64" : 0.000000
      },
      "latency_ns" : {
        "2" : 0.000000,
        "4" : 0.000000,
        "10" : 0.000000,
        "20" : 0.000000,
        "50" : 0.000000,
        "100" : 0.000000,
        "250" : 0.000000,
        "500" : 0.000000,
        "750" : 0.000000,
        "1000" : 0.000000
      },
      "latency_us" : {
        "2" : 0.000000,
        "4" : 0.000000,
        "10" : 0.000000,
        "20" : 0.000000,
        "50" : 0.000000,
        "100" : 0.000000,
        "250" : 0.000000,
        "500" : 0.000000,
        "750" : 0.000000,
        "1000" : 0.000000
      },
      "latency_ms" : {
        "2" : 6.498142,
        "4" : 93.344249,
        "10" : 0.129589,
        "20" : 0.010000,
        "50" : 0.021598,
        "100" : 0.010000,
        "250" : 0.000000,
        "500" : 0.000000,
        "750" : 0.000000,
        "1000" : 0.000000,
        "2000" : 0.000000,
        ">=2000" : 0.000000
      },
      "latency_depth" : 8,
      "latency_target" : 0,
      "latency_percentile" : 100.000000,
      "latency_window" : 0
    }
  ]
}
