{
  "fio version" : "fio-3.23",
  "timestamp" : 1757424608,
  "timestamp_ms" : 1757424608092,
  "time" : "Tue Sep  9 13:30:08 2025",
  "jobs" : [
    {
      "jobname" : "SeqRH-16K-128-64",
      "groupid" : 0,
      "error" : 0,
      "eta" : 0,
      "elapsed" : 62,
      "job options" : {
        "name" : "SeqRH-16K-128-64",
        "rw" : "rw",
        "rwmixread" : "80",
        "unified_rw_reporting" : "1",
        "bs" : "16K",
        "numjobs" : "128",
        "iodepth" : "64",
        "runtime" : "60",
        "directory" : "/tmp/e2sar/rgeorge-fio_test-m_SeqRH-16K-128-64",
        "direct" : "1",
        "buffered" : "0",
        "randrepeat" : "0",
        "size" : "128M",
        "ioengine" : "pvsync",
        "lat_percentiles" : "1"
      },
      "mixed" : {
        "io_bytes" : 48452042752,
        "io_kbytes" : 47316448,
        "bw_bytes" : 807453300,
        "bw" : 788528,
        "iops" : 49283.038363,
        "runtime" : 60006,
        "total_ios" : 2957278,
        "short_ios" : 0,
        "drop_ios" : 0,
        "slat_ns" : {
          "min" : 0,
          "max" : 0,
          "mean" : 0.000000,
          "stddev" : 0.000000,
          "N" : 0
        },
        "clat_ns" : {
          "min" : 136983,
          "max" : 95935766,
          "mean" : 2579739.482889,
          "stddev" : 1099925.459519,
          "N" : 2957278,
          "percentile" : {
            "1.000000" : 1564672,
            "5.000000" : 1843200,
            "10.000000" : 2056192,
            "20.000000" : 2310144,
            "30.000000" : 2441216,
            "40.000000" : 2539520,
            "50.000000" : 2572288,
            "60.000000" : 2637824,
            "70.000000" : 2703360,
            "80.000000" : 2801664,
            "90.000000" : 2965504,
            "95.000000" : 3129344,
            "99.000000" : 3588096,
            "99.500000" : 3784704,
            "99.900000" : 10944512,
            "99.950000" : 20578304,
            "99.990000" : 57409536
          }
        },
        "lat_ns" : {
          "min" : 137018,
          "max" : 95935828,
          "mean" : 2579805.884494,
          "stddev" : 1099923.268028,
          "N" : 2957278,
          "percentile" : {
            "1.000000" : 1564672,
            "5.000000" : 1843200,
            "10.000000" : 2056192,
            "20.000000" : 2310144,
            "30.000000" : 2441216,
            "40.000000" : 2539520,
            "50.000000" : 2572288,
            "60.000000" : 2637824,
            "70.000000" : 2703360,
            "80.000000" : 2801664,
            "90.000000" : 2965504,
            "95.000000" : 3129344,
            "99.000000" : 3588096,
            "99.500000" : 3784704,
            "99.900000" : 10944512,
            "99.950000" : 20578304,
            "99.990000" : 57409536
          }
        },
        "bw_min" : 512630,
        "bw_max" : 1188902,
        "bw_agg" : 100.000000,
        "bw_mean" : 792056.916892,
        "bw_dev" : 356.238908,
        "bw_samples" : 30379,
        "iops_min" : 32038,
        "iops_max" : 74306,
        "iops_mean" : 49503.083179,
        "iops_stddev" : 22.264998,
        "iops_samples" : 30379
      },
      "job_runtime" : 7680081,
      "usr_cpu" : 0.100741,
      "sys_cpu" : 0.230662,
      "ctx" : 2958252,
      "majf" : 0,
      "minf" : 2290,
      "iodepth_level" : {
        "1" : 100.000000,
        "2" : 0.000000,
        "4" : 0.000000,
        "8" : 0.000000,
        "16" : 0.000000,
        "32" : 0.000000,
        ">=64" : 0.000000
      },
      "iodepth_submit" : {
        "0" : 0.000000,
        "4" : 100.000000,
        "8" : 0.000000,
        "16" : 0.000000,
        "32" : 0.000000,
        "64" : 0.000000,
        ">=64" : 0.000000
      },
      "iodepth_complete" : {
        "0" : 0.000000,
        "4" : 100.000000,
        "8" : 0.000000,
        "16" : 0.000000,
        "32" : 0.000000,
        "64" : 0.000000,
        ">=64" : 0.000000
      },
      "latency_ns" : {
        "2" : 0.000000,
        "4" : 0.000000,
        "10" : 0.000000,
        "20" : 0.000000,
        "50" : 0.000000,
        "100" : 0.000000,
        "250" : 0.000000,
        "500" : 0.000000,
        "750" : 0.000000,
        "1000" : 0.000000
      },
      "latency_us" : {
        "2" : 0.000000,
        "4" : 0.000000,
        "10" : 0.000000,
        "20" : 0.000000,
        "50" : 0.000000,
        "100" : 0.000000,
        "250" : 0.021303,
        "500" : 0.125318,
        "750" : 0.144457,
        "1000" : 0.134516
      },
      "latency_ms" : {
        "2" : 8.030696,
        "4" : 91.237753,
        "10" : 0.199508,
        "20" : 0.055828,
        "50" : 0.035370,
        "100" : 0.015251,
        "250" : 0.000000,
        "500" : 0.000000,
        "750" : 0.000000,
        "1000" : 0.000000,
        "2000" : 0.000000,
        ">=2000" : 0.000000
      },
      "latency_depth" : 64,
      "latency_target" : 0,
      "latency_percentile" : 100.000000,
      "latency_window" : 0
    }
  ]
}
