{
  "fio version" : "fio-3.23",
  "timestamp" : 1757026632,
  "timestamp_ms" : 1757026632155,
  "time" : "Thu Sep  4 22:57:12 2025",
  "jobs" : [
    {
      "jobname" : "SeqRH-16K-32-128",
      "groupid" : 0,
      "error" : 0,
      "eta" : 0,
      "elapsed" : 61,
      "job options" : {
        "name" : "SeqRH-16K-32-128",
        "numjobs" : "32",
        "runtime" : "60",
        "directory" : "/tmp/e2sar/rgeorge-fio_test-p2s_SeqRH-16K-32-128",
        "direct" : "1",
        "buffered" : "0",
        "rw" : "rw",
        "rwmixread" : "80",
        "unified_rw_reporting" : "1",
        "randrepeat" : "0",
        "bs" : "16K",
        "size" : "128M",
        "ioengine" : "pvsync",
        "iodepth" : "128",
        "lat_percentiles" : "1"
      },
      "mixed" : {
        "io_bytes" : 46167883776,
        "io_kbytes" : 45085824,
        "bw_bytes" : 769451905,
        "bw" : 751417,
        "iops" : 46963.617273,
        "runtime" : 60001,
        "total_ios" : 2817864,
        "short_ios" : 0,
        "drop_ios" : 0,
        "slat_ns" : {
          "min" : 0,
          "max" : 0,
          "mean" : 0.000000,
          "stddev" : 0.000000,
          "N" : 0
        },
        "clat_ns" : {
          "min" : 135602,
          "max" : 519877780,
          "mean" : 679228.302445,
          "stddev" : 2052454.058057,
          "N" : 2817864,
          "percentile" : {
            "1.000000" : 244736,
            "5.000000" : 378880,
            "10.000000" : 452608,
            "20.000000" : 536576,
            "30.000000" : 585728,
            "40.000000" : 610304,
            "50.000000" : 634880,
            "60.000000" : 651264,
            "70.000000" : 667648,
            "80.000000" : 692224,
            "90.000000" : 724992,
            "95.000000" : 765952,
            "99.000000" : 1073152,
            "99.500000" : 1155072,
            "99.900000" : 16318464,
            "99.950000" : 39059456,
            "99.990000" : 94896128
          }
        },
        "lat_ns" : {
          "min" : 135648,
          "max" : 519877813,
          "mean" : 679287.896801,
          "stddev" : 2052453.654115,
          "N" : 2817864,
          "percentile" : {
            "1.000000" : 244736,
            "5.000000" : 378880,
            "10.000000" : 452608,
            "20.000000" : 536576,
            "30.000000" : 585728,
            "40.000000" : 610304,
            "50.000000" : 634880,
            "60.000000" : 651264,
            "70.000000" : 667648,
            "80.000000" : 692224,
            "90.000000" : 724992,
            "95.000000" : 765952,
            "99.000000" : 1073152,
            "99.500000" : 1155072,
            "99.900000" : 16318464,
            "99.950000" : 39059456,
            "99.990000" : 94896128
          }
        },
        "bw_min" : 204510,
        "bw_max" : 915585,
        "bw_agg" : 99.959427,
        "bw_mean" : 751113.184874,
        "bw_dev" : 2166.979625,
        "bw_samples" : 7616,
        "iops_min" : 12767,
        "iops_max" : 57210,
        "iops_mean" : 46918.352941,
        "iops_stddev" : 135.410218,
        "iops_samples" : 7616
      },
      "job_runtime" : 1920000,
      "usr_cpu" : 0.351146,
      "sys_cpu" : 0.875104,
      "ctx" : 2818130,
      "majf" : 0,
      "minf" : 626,
      "iodepth_level" : {
        "1" : 100.000000,
        "2" : 0.000000,
        "4" : 0.000000,
        "8" : 0.000000,
        "16" : 0.000000,
        "32" : 0.000000,
        ">=64" : 0.000000
      },
      "iodepth_submit" : {
        "0" : 0.000000,
        "4" : 100.000000,
        "8" : 0.000000,
        "16" : 0.000000,
        "32" : 0.000000,
        "64" : 0.000000,
        ">=64" : 0.000000
      },
      "iodepth_complete" : {
        "0" : 0.000000,
        "4" : 100.000000,
        "8" : 0.000000,
        "16" : 0.000000,
        "32" : 0.000000,
        "64" : 0.000000,
        ">=64" : 0.000000
      },
      "latency_ns" : {
        "2" : 0.000000,
        "4" : 0.000000,
        "10" : 0.000000,
        "20" : 0.000000,
        "50" : 0.000000,
        "100" : 0.000000,
        "250" : 0.000000,
        "500" : 0.000000,
        "750" : 0.000000,
        "1000" : 0.000000
      },
      "latency_us" : {
        "2" : 0.000000,
        "4" : 0.000000,
        "10" : 0.000000,
        "20" : 0.000000,
        "50" : 0.000000,
        "100" : 0.000000,
        "250" : 1.115206,
        "500" : 14.089324,
        "750" : 78.414537,
        "1000" : 4.533292
      },
      "latency_ms" : {
        "2" : 1.551494,
        "4" : 0.049435,
        "10" : 0.105186,
        "20" : 0.054438,
        "50" : 0.048370,
        "100" : 0.031442,
        "250" : 0.010000,
        "500" : 0.010000,
        "750" : 0.010000,
        "1000" : 0.000000,
        "2000" : 0.000000,
        ">=2000" : 0.000000
      },
      "latency_depth" : 128,
      "latency_target" : 0,
      "latency_percentile" : 100.000000,
      "latency_window" : 0
    }
  ]
}
