{
  "fio version" : "fio-3.23",
  "timestamp" : 1757083431,
  "timestamp_ms" : 1757083431589,
  "time" : "Fri Sep  5 14:43:51 2025",
  "jobs" : [
    {
      "jobname" : "SeqRH-4K-64-8",
      "groupid" : 0,
      "error" : 0,
      "eta" : 0,
      "elapsed" : 61,
      "job options" : {
        "name" : "SeqRH-4K-64-8",
        "numjobs" : "64",
        "runtime" : "60",
        "directory" : "/tmp/e2sar/rgeorge-fio_test-p3s_SeqRH-4K-64-8",
        "direct" : "1",
        "buffered" : "0",
        "rw" : "rw",
        "rwmixread" : "80",
        "unified_rw_reporting" : "1",
        "randrepeat" : "0",
        "bs" : "4K",
        "size" : "128M",
        "ioengine" : "pvsync",
        "iodepth" : "8",
        "lat_percentiles" : "1"
      },
      "mixed" : {
        "io_bytes" : 11370872832,
        "io_kbytes" : 11104368,
        "bw_bytes" : 189508230,
        "bw" : 185066,
        "iops" : 46266.657778,
        "runtime" : 60002,
        "total_ios" : 2776092,
        "short_ios" : 0,
        "drop_ios" : 0,
        "slat_ns" : {
          "min" : 0,
          "max" : 0,
          "mean" : 0.000000,
          "stddev" : 0.000000,
          "N" : 0
        },
        "clat_ns" : {
          "min" : 129819,
          "max" : 609797940,
          "mean" : 1363793.370699,
          "stddev" : 7290942.287494,
          "N" : 2776092,
          "percentile" : {
            "1.000000" : 280576,
            "5.000000" : 675840,
            "10.000000" : 847872,
            "20.000000" : 1011712,
            "30.000000" : 1105920,
            "40.000000" : 1171456,
            "50.000000" : 1236992,
            "60.000000" : 1286144,
            "70.000000" : 1318912,
            "80.000000" : 1368064,
            "90.000000" : 1417216,
            "95.000000" : 1515520,
            "99.000000" : 1990656,
            "99.500000" : 2088960,
            "99.900000" : 16187392,
            "99.950000" : 87556096,
            "99.990000" : 375390208
          }
        },
        "lat_ns" : {
          "min" : 129964,
          "max" : 609798002,
          "mean" : 1363858.216998,
          "stddev" : 7290943.005305,
          "N" : 2776092,
          "percentile" : {
            "1.000000" : 280576,
            "5.000000" : 675840,
            "10.000000" : 847872,
            "20.000000" : 1011712,
            "30.000000" : 1105920,
            "40.000000" : 1171456,
            "50.000000" : 1236992,
            "60.000000" : 1286144,
            "70.000000" : 1318912,
            "80.000000" : 1368064,
            "90.000000" : 1417216,
            "95.000000" : 1515520,
            "99.000000" : 1990656,
            "99.500000" : 2088960,
            "99.900000" : 16187392,
            "99.950000" : 87556096,
            "99.990000" : 375390208
          }
        },
        "bw_min" : 2008,
        "bw_max" : 464680,
        "bw_agg" : 100.000000,
        "bw_mean" : 188852.383834,
        "bw_dev" : 665.107142,
        "bw_samples" : 14763,
        "iops_min" : 502,
        "iops_max" : 116170,
        "iops_mean" : 47213.095958,
        "iops_stddev" : 166.276785,
        "iops_samples" : 14763
      },
      "job_runtime" : 3840012,
      "usr_cpu" : 0.156718,
      "sys_cpu" : 0.416717,
      "ctx" : 2776585,
      "majf" : 0,
      "minf" : 1299,
      "iodepth_level" : {
        "1" : 100.000000,
        "2" : 0.000000,
        "4" : 0.000000,
        "8" : 0.000000,
        "16" : 0.000000,
        "32" : 0.000000,
        ">=64" : 0.000000
      },
      "iodepth_submit" : {
        "0" : 0.000000,
        "4" : 100.000000,
        "8" : 0.000000,
        "16" : 0.000000,
        "32" : 0.000000,
        "64" : 0.000000,
        ">=64" : 0.000000
      },
      "iodepth_complete" : {
        "0" : 0.000000,
        "4" : 100.000000,
        "8" : 0.000000,
        "16" : 0.000000,
        "32" : 0.000000,
        "64" : 0.000000,
        ">=64" : 0.000000
      },
      "latency_ns" : {
        "2" : 0.000000,
        "4" : 0.000000,
        "10" : 0.000000,
        "20" : 0.000000,
        "50" : 0.000000,
        "100" : 0.000000,
        "250" : 0.000000,
        "500" : 0.000000,
        "750" : 0.000000,
        "1000" : 0.000000
      },
      "latency_us" : {
        "2" : 0.000000,
        "4" : 0.000000,
        "10" : 0.000000,
        "20" : 0.000000,
        "50" : 0.000000,
        "100" : 0.000000,
        "250" : 0.710567,
        "500" : 1.868454,
        "750" : 4.179653,
        "1000" : 12.536580
      },
      "latency_ms" : {
        "2" : 79.786909,
        "4" : 0.637263,
        "10" : 0.134758,
        "20" : 0.064371,
        "50" : 0.019308,
        "100" : 0.015814,
        "250" : 0.016318,
        "500" : 0.029178,
        "750" : 0.010000,
        "1000" : 0.000000,
        "2000" : 0.000000,
        ">=2000" : 0.000000
      },
      "latency_depth" : 8,
      "latency_target" : 0,
      "latency_percentile" : 100.000000,
      "latency_window" : 0
    }
  ]
}
