{
  "fio version" : "fio-3.23",
  "timestamp" : 1757381836,
  "timestamp_ms" : 1757381836582,
  "time" : "Tue Sep  9 01:37:16 2025",
  "jobs" : [
    {
      "jobname" : "RandR-4K-128-128",
      "groupid" : 0,
      "error" : 0,
      "eta" : 0,
      "elapsed" : 61,
      "job options" : {
        "name" : "RandR-4K-128-128",
        "rw" : "randread",
        "unified_rw_reporting" : "0",
        "bs" : "4K",
        "numjobs" : "128",
        "iodepth" : "128",
        "runtime" : "60",
        "directory" : "/tmp/e2sar/rgeorge-fio_test-m_RandR-4K-128-128",
        "direct" : "1",
        "buffered" : "0",
        "randrepeat" : "0",
        "size" : "128M",
        "ioengine" : "pvsync",
        "lat_percentiles" : "1"
      },
      "read" : {
        "io_bytes" : 11473715200,
        "io_kbytes" : 11204800,
        "bw_bytes" : 191206279,
        "bw" : 186724,
        "iops" : 46681.220524,
        "runtime" : 60007,
        "total_ios" : 2801200,
        "short_ios" : 0,
        "drop_ios" : 0,
        "slat_ns" : {
          "min" : 0,
          "max" : 0,
          "mean" : 0.000000,
          "stddev" : 0.000000,
          "N" : 0
        },
        "clat_ns" : {
          "min" : 235045,
          "max" : 35109151,
          "mean" : 2738584.809671,
          "stddev" : 386888.588316,
          "N" : 2801200,
          "percentile" : {
            "1.000000" : 2310144,
            "5.000000" : 2473984,
            "10.000000" : 2539520,
            "20.000000" : 2605056,
            "30.000000" : 2637824,
            "40.000000" : 2670592,
            "50.000000" : 2703360,
            "60.000000" : 2736128,
            "70.000000" : 2768896,
            "80.000000" : 2834432,
            "90.000000" : 2932736,
            "95.000000" : 3063808,
            "99.000000" : 3260416,
            "99.500000" : 3391488,
            "99.900000" : 5865472,
            "99.950000" : 14483456,
            "99.990000" : 16187392
          }
        },
        "lat_ns" : {
          "min" : 235136,
          "max" : 35109843,
          "mean" : 2738643.989705,
          "stddev" : 386889.101769,
          "N" : 2801200,
          "percentile" : {
            "1.000000" : 2310144,
            "5.000000" : 2473984,
            "10.000000" : 2539520,
            "20.000000" : 2605056,
            "30.000000" : 2637824,
            "40.000000" : 2670592,
            "50.000000" : 2703360,
            "60.000000" : 2736128,
            "70.000000" : 2768896,
            "80.000000" : 2834432,
            "90.000000" : 2932736,
            "95.000000" : 3063808,
            "99.000000" : 3260416,
            "99.500000" : 3391488,
            "99.900000" : 5865472,
            "99.950000" : 14483456,
            "99.990000" : 16187392
          }
        },
        "bw_min" : 142266,
        "bw_max" : 192592,
        "bw_agg" : 100.000000,
        "bw_mean" : 186813.310924,
        "bw_dev" : 46.962475,
        "bw_samples" : 15232,
        "iops_min" : 35562,
        "iops_max" : 48148,
        "iops_mean" : 46681.285714,
        "iops_stddev" : 11.740260,
        "iops_samples" : 15232
      },
      "write" : {
        "io_bytes" : 0,
        "io_kbytes" : 0,
        "bw_bytes" : 0,
        "bw" : 0,
        "iops" : 0.000000,
        "runtime" : 0,
        "total_ios" : 0,
        "short_ios" : 0,
        "drop_ios" : 0,
        "slat_ns" : {
          "min" : 0,
          "max" : 0,
          "mean" : 0.000000,
          "stddev" : 0.000000,
          "N" : 0
        },
        "clat_ns" : {
          "min" : 0,
          "max" : 0,
          "mean" : 0.000000,
          "stddev" : 0.000000,
          "N" : 0
        },
        "lat_ns" : {
          "min" : 0,
          "max" : 0,
          "mean" : 0.000000,
          "stddev" : 0.000000,
          "N" : 0
        },
        "bw_min" : 0,
        "bw_max" : 0,
        "bw_agg" : 0.000000,
        "bw_mean" : 0.000000,
        "bw_dev" : 0.000000,
        "bw_samples" : 0,
        "iops_min" : 0,
        "iops_max" : 0,
        "iops_mean" : 0.000000,
        "iops_stddev" : 0.000000,
        "iops_samples" : 0
      },
      "trim" : {
        "io_bytes" : 0,
        "io_kbytes" : 0,
        "bw_bytes" : 0,
        "bw" : 0,
        "iops" : 0.000000,
        "runtime" : 0,
        "total_ios" : 0,
        "short_ios" : 0,
        "drop_ios" : 0,
        "slat_ns" : {
          "min" : 0,
          "max" : 0,
          "mean" : 0.000000,
          "stddev" : 0.000000,
          "N" : 0
        },
        "clat_ns" : {
          "min" : 0,
          "max" : 0,
          "mean" : 0.000000,
          "stddev" : 0.000000,
          "N" : 0
        },
        "lat_ns" : {
          "min" : 0,
          "max" : 0,
          "mean" : 0.000000,
          "stddev" : 0.000000,
          "N" : 0
        },
        "bw_min" : 0,
        "bw_max" : 0,
        "bw_agg" : 0.000000,
        "bw_mean" : 0.000000,
        "bw_dev" : 0.000000,
        "bw_samples" : 0,
        "iops_min" : 0,
        "iops_max" : 0,
        "iops_mean" : 0.000000,
        "iops_stddev" : 0.000000,
        "iops_samples" : 0
      },
      "sync" : {
        "total_ios" : 0,
        "lat_ns" : {
          "min" : 0,
          "max" : 0,
          "mean" : 0.000000,
          "stddev" : 0.000000,
          "N" : 0
        }
      },
      "job_runtime" : 7680094,
      "usr_cpu" : 0.070468,
      "sys_cpu" : 0.205310,
      "ctx" : 2801899,
      "majf" : 0,
      "minf" : 1408,
      "iodepth_level" : {
        "1" : 100.000000,
        "2" : 0.000000,
        "4" : 0.000000,
        "8" : 0.000000,
        "16" : 0.000000,
        "32" : 0.000000,
        ">=64" : 0.000000
      },
      "iodepth_submit" : {
        "0" : 0.000000,
        "4" : 100.000000,
        "8" : 0.000000,
        "16" : 0.000000,
        "32" : 0.000000,
        "64" : 0.000000,
        ">=64" : 0.000000
      },
      "iodepth_complete" : {
        "0" : 0.000000,
        "4" : 100.000000,
        "8" : 0.000000,
        "16" : 0.000000,
        "32" : 0.000000,
        "64" : 0.000000,
        ">=64" : 0.000000
      },
      "latency_ns" : {
        "2" : 0.000000,
        "4" : 0.000000,
        "10" : 0.000000,
        "20" : 0.000000,
        "50" : 0.000000,
        "100" : 0.000000,
        "250" : 0.000000,
        "500" : 0.000000,
        "750" : 0.000000,
        "1000" : 0.000000
      },
      "latency_us" : {
        "2" : 0.000000,
        "4" : 0.000000,
        "10" : 0.000000,
        "20" : 0.000000,
        "50" : 0.000000,
        "100" : 0.000000,
        "250" : 0.010000,
        "500" : 0.010000,
        "750" : 0.000000,
        "1000" : 0.000000
      },
      "latency_ms" : {
        "2" : 0.100314,
        "4" : 99.723726,
        "10" : 0.115879,
        "20" : 0.058011,
        "50" : 0.010000,
        "100" : 0.000000,
        "250" : 0.000000,
        "500" : 0.000000,
        "750" : 0.000000,
        "1000" : 0.000000,
        "2000" : 0.000000,
        ">=2000" : 0.000000
      },
      "latency_depth" : 128,
      "latency_target" : 0,
      "latency_percentile" : 100.000000,
      "latency_window" : 0
    }
  ]
}
