{
  "fio version" : "fio-3.23",
  "timestamp" : 1757016710,
  "timestamp_ms" : 1757016710381,
  "time" : "Thu Sep  4 20:11:50 2025",
  "jobs" : [
    {
      "jobname" : "SeqW-1M-32-16",
      "groupid" : 0,
      "error" : 0,
      "eta" : 0,
      "elapsed" : 61,
      "job options" : {
        "name" : "SeqW-1M-32-16",
        "numjobs" : "32",
        "runtime" : "60",
        "directory" : "/tmp/e2sar/rgeorge-fio_test-p2s_SeqW-1M-32-16",
        "direct" : "1",
        "buffered" : "0",
        "rw" : "write",
        "unified_rw_reporting" : "0",
        "randrepeat" : "0",
        "bs" : "1M",
        "size" : "128M",
        "ioengine" : "pvsync",
        "iodepth" : "16",
        "lat_percentiles" : "1"
      },
      "read" : {
        "io_bytes" : 0,
        "io_kbytes" : 0,
        "bw_bytes" : 0,
        "bw" : 0,
        "iops" : 0.000000,
        "runtime" : 0,
        "total_ios" : 0,
        "short_ios" : 0,
        "drop_ios" : 0,
        "slat_ns" : {
          "min" : 0,
          "max" : 0,
          "mean" : 0.000000,
          "stddev" : 0.000000,
          "N" : 0
        },
        "clat_ns" : {
          "min" : 0,
          "max" : 0,
          "mean" : 0.000000,
          "stddev" : 0.000000,
          "N" : 0
        },
        "lat_ns" : {
          "min" : 0,
          "max" : 0,
          "mean" : 0.000000,
          "stddev" : 0.000000,
          "N" : 0
        },
        "bw_min" : 0,
        "bw_max" : 0,
        "bw_agg" : 0.000000,
        "bw_mean" : 0.000000,
        "bw_dev" : 0.000000,
        "bw_samples" : 0,
        "iops_min" : 0,
        "iops_max" : 0,
        "iops_mean" : 0.000000,
        "iops_stddev" : 0.000000,
        "iops_samples" : 0
      },
      "write" : {
        "io_bytes" : 567298490368,
        "io_kbytes" : 554002432,
        "bw_bytes" : 9454344549,
        "bw" : 9232758,
        "iops" : 9016.365576,
        "runtime" : 60004,
        "total_ios" : 541018,
        "short_ios" : 0,
        "drop_ios" : 0,
        "slat_ns" : {
          "min" : 0,
          "max" : 0,
          "mean" : 0.000000,
          "stddev" : 0.000000,
          "N" : 0
        },
        "clat_ns" : {
          "min" : 931397,
          "max" : 450043568,
          "mean" : 3320458.472681,
          "stddev" : 6236191.253038,
          "N" : 541018,
          "percentile" : {
            "1.000000" : 1253376,
            "5.000000" : 1449984,
            "10.000000" : 1581056,
            "20.000000" : 1826816,
            "30.000000" : 2244608,
            "40.000000" : 2703360,
            "50.000000" : 3096576,
            "60.000000" : 3293184,
            "70.000000" : 3489792,
            "80.000000" : 3653632,
            "90.000000" : 3883008,
            "95.000000" : 4046848,
            "99.000000" : 10813440,
            "99.500000" : 38010880,
            "99.900000" : 92798976,
            "99.950000" : 110624768,
            "99.990000" : 214958080
          }
        },
        "lat_ns" : {
          "min" : 931437,
          "max" : 450043604,
          "mean" : 3320577.623491,
          "stddev" : 6236199.630053,
          "N" : 541018,
          "percentile" : {
            "1.000000" : 1253376,
            "5.000000" : 1449984,
            "10.000000" : 1597440,
            "20.000000" : 1826816,
            "30.000000" : 2244608,
            "40.000000" : 2703360,
            "50.000000" : 3096576,
            "60.000000" : 3293184,
            "70.000000" : 3489792,
            "80.000000" : 3653632,
            "90.000000" : 3883008,
            "95.000000" : 4046848,
            "99.000000" : 10813440,
            "99.500000" : 38010880,
            "99.900000" : 92798976,
            "99.950000" : 110624768,
            "99.990000" : 214958080
          }
        },
        "bw_min" : 931840,
        "bw_max" : 12161024,
        "bw_agg" : 99.987995,
        "bw_mean" : 9231650.100840,
        "bw_dev" : 83439.926661,
        "bw_samples" : 3808,
        "iops_min" : 910,
        "iops_max" : 11876,
        "iops_mean" : 9015.277311,
        "iops_stddev" : 81.484213,
        "iops_samples" : 3808
      },
      "trim" : {
        "io_bytes" : 0,
        "io_kbytes" : 0,
        "bw_bytes" : 0,
        "bw" : 0,
        "iops" : 0.000000,
        "runtime" : 0,
        "total_ios" : 0,
        "short_ios" : 0,
        "drop_ios" : 0,
        "slat_ns" : {
          "min" : 0,
          "max" : 0,
          "mean" : 0.000000,
          "stddev" : 0.000000,
          "N" : 0
        },
        "clat_ns" : {
          "min" : 0,
          "max" : 0,
          "mean" : 0.000000,
          "stddev" : 0.000000,
          "N" : 0
        },
        "lat_ns" : {
          "min" : 0,
          "max" : 0,
          "mean" : 0.000000,
          "stddev" : 0.000000,
          "N" : 0
        },
        "bw_min" : 0,
        "bw_max" : 0,
        "bw_agg" : 0.000000,
        "bw_mean" : 0.000000,
        "bw_dev" : 0.000000,
        "bw_samples" : 0,
        "iops_min" : 0,
        "iops_max" : 0,
        "iops_mean" : 0.000000,
        "iops_stddev" : 0.000000,
        "iops_samples" : 0
      },
      "sync" : {
        "total_ios" : 0,
        "lat_ns" : {
          "min" : 0,
          "max" : 0,
          "mean" : 0.000000,
          "stddev" : 0.000000,
          "N" : 0
        }
      },
      "job_runtime" : 1920013,
      "usr_cpu" : 6.346467,
      "sys_cpu" : 0.352341,
      "ctx" : 542480,
      "majf" : 0,
      "minf" : 419,
      "iodepth_level" : {
        "1" : 100.000000,
        "2" : 0.000000,
        "4" : 0.000000,
        "8" : 0.000000,
        "16" : 0.000000,
        "32" : 0.000000,
        ">=64" : 0.000000
      },
      "iodepth_submit" : {
        "0" : 0.000000,
        "4" : 100.000000,
        "8" : 0.000000,
        "16" : 0.000000,
        "32" : 0.000000,
        "64" : 0.000000,
        ">=64" : 0.000000
      },
      "iodepth_complete" : {
        "0" : 0.000000,
        "4" : 100.000000,
        "8" : 0.000000,
        "16" : 0.000000,
        "32" : 0.000000,
        "64" : 0.000000,
        ">=64" : 0.000000
      },
      "latency_ns" : {
        "2" : 0.000000,
        "4" : 0.000000,
        "10" : 0.000000,
        "20" : 0.000000,
        "50" : 0.000000,
        "100" : 0.000000,
        "250" : 0.000000,
        "500" : 0.000000,
        "750" : 0.000000,
        "1000" : 0.000000
      },
      "latency_us" : {
        "2" : 0.000000,
        "4" : 0.000000,
        "10" : 0.000000,
        "20" : 0.000000,
        "50" : 0.000000,
        "100" : 0.000000,
        "250" : 0.000000,
        "500" : 0.000000,
        "750" : 0.000000,
        "1000" : 0.010000
      },
      "latency_ms" : {
        "2" : 24.683282,
        "4" : 68.933936,
        "10" : 5.346218,
        "20" : 0.308123,
        "50" : 0.332336,
        "100" : 0.325313,
        "250" : 0.061366,
        "500" : 0.010000,
        "750" : 0.000000,
        "1000" : 0.000000,
        "2000" : 0.000000,
        ">=2000" : 0.000000
      },
      "latency_depth" : 16,
      "latency_target" : 0,
      "latency_percentile" : 100.000000,
      "latency_window" : 0
    }
  ]
}
