{
  "fio version" : "fio-3.23",
  "timestamp" : 1756939075,
  "timestamp_ms" : 1756939075580,
  "time" : "Wed Sep  3 22:37:55 2025",
  "jobs" : [
    {
      "jobname" : "RandBal-16K-16-1",
      "groupid" : 0,
      "error" : 0,
      "eta" : 0,
      "elapsed" : 61,
      "job options" : {
        "name" : "RandBal-16K-16-1",
        "numjobs" : "16",
        "runtime" : "60",
        "directory" : "/tmp/e2sar/rgeorge-fio_test-p1r1_RandBal-16K-16-1",
        "direct" : "1",
        "buffered" : "0",
        "rw" : "randrw",
        "unified_rw_reporting" : "1",
        "randrepeat" : "0",
        "bs" : "16K",
        "size" : "128M",
        "ioengine" : "pvsync",
        "iodepth" : "1",
        "lat_percentiles" : "1"
      },
      "mixed" : {
        "io_bytes" : 38725894144,
        "io_kbytes" : 37818256,
        "bw_bytes" : 645410055,
        "bw" : 630283,
        "iops" : 39392.703577,
        "runtime" : 60002,
        "total_ios" : 2363641,
        "short_ios" : 0,
        "drop_ios" : 0,
        "slat_ns" : {
          "min" : 0,
          "max" : 0,
          "mean" : 0.000000,
          "stddev" : 0.000000,
          "N" : 0
        },
        "clat_ns" : {
          "min" : 166857,
          "max" : 386729686,
          "mean" : 403457.328195,
          "stddev" : 1677009.431503,
          "N" : 2363641,
          "percentile" : {
            "1.000000" : 244736,
            "5.000000" : 268288,
            "10.000000" : 284672,
            "20.000000" : 305152,
            "30.000000" : 317440,
            "40.000000" : 329728,
            "50.000000" : 346112,
            "60.000000" : 358400,
            "70.000000" : 374784,
            "80.000000" : 403456,
            "90.000000" : 452608,
            "95.000000" : 501760,
            "99.000000" : 651264,
            "99.500000" : 724992,
            "99.900000" : 9895936,
            "99.950000" : 25034752,
            "99.990000" : 84410368
          }
        },
        "lat_ns" : {
          "min" : 166907,
          "max" : 386729894,
          "mean" : 403538.364921,
          "stddev" : 1677008.533033,
          "N" : 2363641,
          "percentile" : {
            "1.000000" : 244736,
            "5.000000" : 268288,
            "10.000000" : 284672,
            "20.000000" : 305152,
            "30.000000" : 317440,
            "40.000000" : 333824,
            "50.000000" : 346112,
            "60.000000" : 358400,
            "70.000000" : 374784,
            "80.000000" : 403456,
            "90.000000" : 452608,
            "95.000000" : 501760,
            "99.000000" : 651264,
            "99.500000" : 724992,
            "99.900000" : 9895936,
            "99.950000" : 25034752,
            "99.990000" : 84410368
          }
        },
        "bw_min" : 40256,
        "bw_max" : 758432,
        "bw_agg" : 100.000000,
        "bw_mean" : 630699.563025,
        "bw_dev" : 5366.379749,
        "bw_samples" : 3808,
        "iops_min" : 2516,
        "iops_max" : 47402,
        "iops_mean" : 39418.722689,
        "iops_stddev" : 335.398462,
        "iops_samples" : 3808
      },
      "job_runtime" : 960002,
      "usr_cpu" : 0.891561,
      "sys_cpu" : 1.476143,
      "ctx" : 2363761,
      "majf" : 0,
      "minf" : 299,
      "iodepth_level" : {
        "1" : 100.000000,
        "2" : 0.000000,
        "4" : 0.000000,
        "8" : 0.000000,
        "16" : 0.000000,
        "32" : 0.000000,
        ">=64" : 0.000000
      },
      "iodepth_submit" : {
        "0" : 0.000000,
        "4" : 100.000000,
        "8" : 0.000000,
        "16" : 0.000000,
        "32" : 0.000000,
        "64" : 0.000000,
        ">=64" : 0.000000
      },
      "iodepth_complete" : {
        "0" : 0.000000,
        "4" : 100.000000,
        "8" : 0.000000,
        "16" : 0.000000,
        "32" : 0.000000,
        "64" : 0.000000,
        ">=64" : 0.000000
      },
      "latency_ns" : {
        "2" : 0.000000,
        "4" : 0.000000,
        "10" : 0.000000,
        "20" : 0.000000,
        "50" : 0.000000,
        "100" : 0.000000,
        "250" : 0.000000,
        "500" : 0.000000,
        "750" : 0.000000,
        "1000" : 0.000000
      },
      "latency_us" : {
        "2" : 0.000000,
        "4" : 0.000000,
        "10" : 0.000000,
        "20" : 0.000000,
        "50" : 0.000000,
        "100" : 0.000000,
        "250" : 1.628208,
        "500" : 93.332532,
        "750" : 4.617664,
        "1000" : 0.167707
      },
      "latency_ms" : {
        "2" : 0.037908,
        "4" : 0.041758,
        "10" : 0.074419,
        "20" : 0.040869,
        "50" : 0.030546,
        "100" : 0.024411,
        "250" : 0.010000,
        "500" : 0.010000,
        "750" : 0.000000,
        "1000" : 0.000000,
        "2000" : 0.000000,
        ">=2000" : 0.000000
      },
      "latency_depth" : 1,
      "latency_target" : 0,
      "latency_percentile" : 100.000000,
      "latency_window" : 0
    }
  ]
}
