{
  "fio version" : "fio-3.23",
  "timestamp" : 1757453168,
  "timestamp_ms" : 1757453168250,
  "time" : "Tue Sep  9 21:26:08 2025",
  "jobs" : [
    {
      "jobname" : "RandRH-1M-64-64",
      "groupid" : 0,
      "error" : 0,
      "eta" : 0,
      "elapsed" : 61,
      "job options" : {
        "name" : "RandRH-1M-64-64",
        "rw" : "randrw",
        "rwmixread" : "80",
        "unified_rw_reporting" : "1",
        "bs" : "1M",
        "numjobs" : "64",
        "iodepth" : "64",
        "runtime" : "60",
        "directory" : "/tmp/e2sar/rgeorge-fio_test-m_RandRH-1M-64-64",
        "direct" : "1",
        "buffered" : "0",
        "randrepeat" : "0",
        "size" : "128M",
        "ioengine" : "pvsync",
        "lat_percentiles" : "1"
      },
      "mixed" : {
        "io_bytes" : 173049643008,
        "io_kbytes" : 168993792,
        "bw_bytes" : 2883055545,
        "bw" : 2815483,
        "iops" : 2749.496027,
        "runtime" : 60023,
        "total_ios" : 165033,
        "short_ios" : 0,
        "drop_ios" : 0,
        "slat_ns" : {
          "min" : 0,
          "max" : 0,
          "mean" : 0.000000,
          "stddev" : 0.000000,
          "N" : 0
        },
        "clat_ns" : {
          "min" : 522441,
          "max" : 241436171,
          "mean" : 23183285.541140,
          "stddev" : 5152089.291736,
          "N" : 165033,
          "percentile" : {
            "1.000000" : 15794176,
            "5.000000" : 19791872,
            "10.000000" : 20840448,
            "20.000000" : 21626880,
            "30.000000" : 22151168,
            "40.000000" : 22675456,
            "50.000000" : 22937600,
            "60.000000" : 23461888,
            "70.000000" : 23724032,
            "80.000000" : 24248320,
            "90.000000" : 25034752,
            "95.000000" : 25559040,
            "99.000000" : 32112640,
            "99.500000" : 49020928,
            "99.900000" : 95944704,
            "99.950000" : 110624768,
            "99.990000" : 143654912
          }
        },
        "lat_ns" : {
          "min" : 522557,
          "max" : 241436230,
          "mean" : 23183385.865336,
          "stddev" : 5152087.601661,
          "N" : 165033,
          "percentile" : {
            "1.000000" : 15794176,
            "5.000000" : 19791872,
            "10.000000" : 20840448,
            "20.000000" : 21626880,
            "30.000000" : 22151168,
            "40.000000" : 22675456,
            "50.000000" : 22937600,
            "60.000000" : 23461888,
            "70.000000" : 23724032,
            "80.000000" : 24248320,
            "90.000000" : 25034752,
            "95.000000" : 25559040,
            "99.000000" : 32112640,
            "99.500000" : 49020928,
            "99.900000" : 95944704,
            "99.950000" : 110624768,
            "99.990000" : 143654912
          }
        },
        "bw_min" : 1582889,
        "bw_max" : 4732682,
        "bw_agg" : 100.000000,
        "bw_mean" : 2822569.140100,
        "bw_dev" : 4361.543999,
        "bw_samples" : 15176,
        "iops_min" : 1537,
        "iops_max" : 4620,
        "iops_mean" : 2753.937383,
        "iops_stddev" : 4.262892,
        "iops_samples" : 15176
      },
      "job_runtime" : 3840419,
      "usr_cpu" : 0.196958,
      "sys_cpu" : 0.060592,
      "ctx" : 165482,
      "majf" : 0,
      "minf" : 922,
      "iodepth_level" : {
        "1" : 100.000000,
        "2" : 0.000000,
        "4" : 0.000000,
        "8" : 0.000000,
        "16" : 0.000000,
        "32" : 0.000000,
        ">=64" : 0.000000
      },
      "iodepth_submit" : {
        "0" : 0.000000,
        "4" : 100.000000,
        "8" : 0.000000,
        "16" : 0.000000,
        "32" : 0.000000,
        "64" : 0.000000,
        ">=64" : 0.000000
      },
      "iodepth_complete" : {
        "0" : 0.000000,
        "4" : 100.000000,
        "8" : 0.000000,
        "16" : 0.000000,
        "32" : 0.000000,
        "64" : 0.000000,
        ">=64" : 0.000000
      },
      "latency_ns" : {
        "2" : 0.000000,
        "4" : 0.000000,
        "10" : 0.000000,
        "20" : 0.000000,
        "50" : 0.000000,
        "100" : 0.000000,
        "250" : 0.000000,
        "500" : 0.000000,
        "750" : 0.000000,
        "1000" : 0.000000
      },
      "latency_us" : {
        "2" : 0.000000,
        "4" : 0.000000,
        "10" : 0.000000,
        "20" : 0.000000,
        "50" : 0.000000,
        "100" : 0.000000,
        "250" : 0.000000,
        "500" : 0.000000,
        "750" : 0.020602,
        "1000" : 0.022420
      },
      "latency_ms" : {
        "2" : 0.073319,
        "4" : 0.063018,
        "10" : 0.289033,
        "20" : 5.422552,
        "50" : 93.620670,
        "100" : 0.409615,
        "250" : 0.078772,
        "500" : 0.000000,
        "750" : 0.000000,
        "1000" : 0.000000,
        "2000" : 0.000000,
        ">=2000" : 0.000000
      },
      "latency_depth" : 64,
      "latency_target" : 0,
      "latency_percentile" : 100.000000,
      "latency_window" : 0
    }
  ]
}
