{
  "fio version" : "fio-3.23",
  "timestamp" : 1757214614,
  "timestamp_ms" : 1757214614872,
  "time" : "Sun Sep  7 03:10:14 2025",
  "jobs" : [
    {
      "jobname" : "SeqWH-2M-64-32",
      "groupid" : 0,
      "error" : 0,
      "eta" : 0,
      "elapsed" : 61,
      "job options" : {
        "name" : "SeqWH-2M-64-32",
        "numjobs" : "64",
        "runtime" : "60",
        "directory" : "/tmp/e2sar/rgeorge-fio_test-p3s_SeqWH-2M-64-32",
        "direct" : "1",
        "buffered" : "0",
        "rw" : "rw",
        "rwmixread" : "20",
        "unified_rw_reporting" : "1",
        "randrepeat" : "0",
        "bs" : "2M",
        "size" : "128M",
        "ioengine" : "pvsync",
        "iodepth" : "32",
        "lat_percentiles" : "1"
      },
      "mixed" : {
        "io_bytes" : 293550948352,
        "io_kbytes" : 286670848,
        "bw_bytes" : 4889419173,
        "bw" : 4774823,
        "iops" : 2331.456744,
        "runtime" : 60038,
        "total_ios" : 139976,
        "short_ios" : 0,
        "drop_ios" : 0,
        "slat_ns" : {
          "min" : 0,
          "max" : 0,
          "mean" : 0.000000,
          "stddev" : 0.000000,
          "N" : 0
        },
        "clat_ns" : {
          "min" : 2289934,
          "max" : 1748527834,
          "mean" : 26976884.322155,
          "stddev" : 57718813.883249,
          "N" : 139976,
          "percentile" : {
            "1.000000" : 3817472,
            "5.000000" : 7569408,
            "10.000000" : 11206656,
            "20.000000" : 14352384,
            "30.000000" : 15794176,
            "40.000000" : 16908288,
            "50.000000" : 17956864,
            "60.000000" : 19005440,
            "70.000000" : 20578304,
            "80.000000" : 22937600,
            "90.000000" : 30801920,
            "95.000000" : 50593792,
            "99.000000" : 329252864,
            "99.500000" : 467664896,
            "99.900000" : 817889280,
            "99.950000" : 943718400,
            "99.990000" : 1216348160
          }
        },
        "lat_ns" : {
          "min" : 2290034,
          "max" : 1748527857,
          "mean" : 26977143.547872,
          "stddev" : 57718815.637505,
          "N" : 139976,
          "percentile" : {
            "1.000000" : 3817472,
            "5.000000" : 7569408,
            "10.000000" : 11206656,
            "20.000000" : 14352384,
            "30.000000" : 15794176,
            "40.000000" : 16908288,
            "50.000000" : 17956864,
            "60.000000" : 19005440,
            "70.000000" : 20578304,
            "80.000000" : 22937600,
            "90.000000" : 30801920,
            "95.000000" : 50593792,
            "99.000000" : 329252864,
            "99.500000" : 467664896,
            "99.900000" : 817889280,
            "99.950000" : 943718400,
            "99.990000" : 1216348160
          }
        },
        "bw_min" : 524270,
        "bw_max" : 11927453,
        "bw_agg" : 100.000000,
        "bw_mean" : 5045747.888084,
        "bw_dev" : 23662.669675,
        "bw_samples" : 13987,
        "iops_min" : 254,
        "iops_max" : 5823,
        "iops_mean" : 2462.941507,
        "iops_stddev" : 11.551067,
        "iops_samples" : 13987
      },
      "job_runtime" : 3840382,
      "usr_cpu" : 1.479775,
      "sys_cpu" : 0.093220,
      "ctx" : 282899,
      "majf" : 0,
      "minf" : 1272,
      "iodepth_level" : {
        "1" : 100.000000,
        "2" : 0.000000,
        "4" : 0.000000,
        "8" : 0.000000,
        "16" : 0.000000,
        "32" : 0.000000,
        ">=64" : 0.000000
      },
      "iodepth_submit" : {
        "0" : 0.000000,
        "4" : 100.000000,
        "8" : 0.000000,
        "16" : 0.000000,
        "32" : 0.000000,
        "64" : 0.000000,
        ">=64" : 0.000000
      },
      "iodepth_complete" : {
        "0" : 0.000000,
        "4" : 100.000000,
        "8" : 0.000000,
        "16" : 0.000000,
        "32" : 0.000000,
        "64" : 0.000000,
        ">=64" : 0.000000
      },
      "latency_ns" : {
        "2" : 0.000000,
        "4" : 0.000000,
        "10" : 0.000000,
        "20" : 0.000000,
        "50" : 0.000000,
        "100" : 0.000000,
        "250" : 0.000000,
        "500" : 0.000000,
        "750" : 0.000000,
        "1000" : 0.000000
      },
      "latency_us" : {
        "2" : 0.000000,
        "4" : 0.000000,
        "10" : 0.000000,
        "20" : 0.000000,
        "50" : 0.000000,
        "100" : 0.000000,
        "250" : 0.000000,
        "500" : 0.000000,
        "750" : 0.000000,
        "1000" : 0.000000
      },
      "latency_ms" : {
        "2" : 0.000000,
        "4" : 1.156627,
        "10" : 7.066926,
        "20" : 58.364291,
        "50" : 28.347717,
        "100" : 2.386838,
        "250" : 1.440247,
        "500" : 0.910870,
        "750" : 0.208607,
        "1000" : 0.090015,
        "2000" : 0.027862,
        ">=2000" : 0.000000
      },
      "latency_depth" : 32,
      "latency_target" : 0,
      "latency_percentile" : 100.000000,
      "latency_window" : 0
    }
  ]
}
