{
  "fio version" : "fio-3.23",
  "timestamp" : 1757509245,
  "timestamp_ms" : 1757509245250,
  "time" : "Wed Sep 10 13:00:45 2025",
  "jobs" : [
    {
      "jobname" : "SeqW-4M-128-128",
      "groupid" : 0,
      "error" : 0,
      "eta" : 0,
      "elapsed" : 64,
      "job options" : {
        "name" : "SeqW-4M-128-128",
        "rw" : "write",
        "unified_rw_reporting" : "0",
        "bs" : "4M",
        "numjobs" : "128",
        "iodepth" : "128",
        "runtime" : "60",
        "directory" : "/tmp/e2sar/rgeorge-fio_test-m_SeqW-4M-128-128",
        "direct" : "1",
        "buffered" : "0",
        "randrepeat" : "0",
        "size" : "128M",
        "ioengine" : "pvsync",
        "lat_percentiles" : "1"
      },
      "read" : {
        "io_bytes" : 0,
        "io_kbytes" : 0,
        "bw_bytes" : 0,
        "bw" : 0,
        "iops" : 0.000000,
        "runtime" : 0,
        "total_ios" : 0,
        "short_ios" : 0,
        "drop_ios" : 0,
        "slat_ns" : {
          "min" : 0,
          "max" : 0,
          "mean" : 0.000000,
          "stddev" : 0.000000,
          "N" : 0
        },
        "clat_ns" : {
          "min" : 0,
          "max" : 0,
          "mean" : 0.000000,
          "stddev" : 0.000000,
          "N" : 0
        },
        "lat_ns" : {
          "min" : 0,
          "max" : 0,
          "mean" : 0.000000,
          "stddev" : 0.000000,
          "N" : 0
        },
        "bw_min" : 0,
        "bw_max" : 0,
        "bw_agg" : 0.000000,
        "bw_mean" : 0.000000,
        "bw_dev" : 0.000000,
        "bw_samples" : 0,
        "iops_min" : 0,
        "iops_max" : 0,
        "iops_mean" : 0.000000,
        "iops_stddev" : 0.000000,
        "iops_samples" : 0
      },
      "write" : {
        "io_bytes" : 926337204224,
        "io_kbytes" : 904626176,
        "bw_bytes" : 15415060060,
        "bw" : 15053769,
        "iops" : 3675.236716,
        "runtime" : 60093,
        "total_ios" : 220856,
        "short_ios" : 0,
        "drop_ios" : 0,
        "slat_ns" : {
          "min" : 0,
          "max" : 0,
          "mean" : 0.000000,
          "stddev" : 0.000000,
          "N" : 0
        },
        "clat_ns" : {
          "min" : 3877581,
          "max" : 176342444,
          "mean" : 33451718.368122,
          "stddev" : 8477599.607961,
          "N" : 220856,
          "percentile" : {
            "1.000000" : 8028160,
            "5.000000" : 23199744,
            "10.000000" : 26869760,
            "20.000000" : 29491200,
            "30.000000" : 31064064,
            "40.000000" : 32374784,
            "50.000000" : 33423360,
            "60.000000" : 34340864,
            "70.000000" : 35913728,
            "80.000000" : 37486592,
            "90.000000" : 40108032,
            "95.000000" : 42205184,
            "99.000000" : 46923776,
            "99.500000" : 87556096,
            "99.900000" : 122159104,
            "99.950000" : 125304832,
            "99.990000" : 131596288
          }
        },
        "lat_ns" : {
          "min" : 3877698,
          "max" : 176342715,
          "mean" : 33452261.273930,
          "stddev" : 8477627.714288,
          "N" : 220856,
          "percentile" : {
            "1.000000" : 8028160,
            "5.000000" : 23199744,
            "10.000000" : 26869760,
            "20.000000" : 29491200,
            "30.000000" : 31064064,
            "40.000000" : 32374784,
            "50.000000" : 33423360,
            "60.000000" : 34340864,
            "70.000000" : 35913728,
            "80.000000" : 37486592,
            "90.000000" : 40108032,
            "95.000000" : 42205184,
            "99.000000" : 46923776,
            "99.500000" : 87556096,
            "99.900000" : 122159104,
            "99.950000" : 125304832,
            "99.990000" : 131596288
          }
        },
        "bw_min" : 11476438,
        "bw_max" : 32766884,
        "bw_agg" : 99.579676,
        "bw_mean" : 14990495.983193,
        "bw_dev" : 23462.394233,
        "bw_samples" : 15232,
        "iops_min" : 2756,
        "iops_max" : 7965,
        "iops_mean" : 3642.033613,
        "iops_stddev" : 5.732654,
        "iops_samples" : 15232
      },
      "trim" : {
        "io_bytes" : 0,
        "io_kbytes" : 0,
        "bw_bytes" : 0,
        "bw" : 0,
        "iops" : 0.000000,
        "runtime" : 0,
        "total_ios" : 0,
        "short_ios" : 0,
        "drop_ios" : 0,
        "slat_ns" : {
          "min" : 0,
          "max" : 0,
          "mean" : 0.000000,
          "stddev" : 0.000000,
          "N" : 0
        },
        "clat_ns" : {
          "min" : 0,
          "max" : 0,
          "mean" : 0.000000,
          "stddev" : 0.000000,
          "N" : 0
        },
        "lat_ns" : {
          "min" : 0,
          "max" : 0,
          "mean" : 0.000000,
          "stddev" : 0.000000,
          "N" : 0
        },
        "bw_min" : 0,
        "bw_max" : 0,
        "bw_agg" : 0.000000,
        "bw_mean" : 0.000000,
        "bw_dev" : 0.000000,
        "bw_samples" : 0,
        "iops_min" : 0,
        "iops_max" : 0,
        "iops_mean" : 0.000000,
        "iops_stddev" : 0.000000,
        "iops_samples" : 0
      },
      "sync" : {
        "total_ios" : 0,
        "lat_ns" : {
          "min" : 0,
          "max" : 0,
          "mean" : 0.000000,
          "stddev" : 0.000000,
          "N" : 0
        }
      },
      "job_runtime" : 7681488,
      "usr_cpu" : 3.604523,
      "sys_cpu" : 0.363211,
      "ctx" : 906493,
      "majf" : 0,
      "minf" : 1354,
      "iodepth_level" : {
        "1" : 100.000000,
        "2" : 0.000000,
        "4" : 0.000000,
        "8" : 0.000000,
        "16" : 0.000000,
        "32" : 0.000000,
        ">=64" : 0.000000
      },
      "iodepth_submit" : {
        "0" : 0.000000,
        "4" : 100.000000,
        "8" : 0.000000,
        "16" : 0.000000,
        "32" : 0.000000,
        "64" : 0.000000,
        ">=64" : 0.000000
      },
      "iodepth_complete" : {
        "0" : 0.000000,
        "4" : 100.000000,
        "8" : 0.000000,
        "16" : 0.000000,
        "32" : 0.000000,
        "64" : 0.000000,
        ">=64" : 0.000000
      },
      "latency_ns" : {
        "2" : 0.000000,
        "4" : 0.000000,
        "10" : 0.000000,
        "20" : 0.000000,
        "50" : 0.000000,
        "100" : 0.000000,
        "250" : 0.000000,
        "500" : 0.000000,
        "750" : 0.000000,
        "1000" : 0.000000
      },
      "latency_us" : {
        "2" : 0.000000,
        "4" : 0.000000,
        "10" : 0.000000,
        "20" : 0.000000,
        "50" : 0.000000,
        "100" : 0.000000,
        "250" : 0.000000,
        "500" : 0.000000,
        "750" : 0.000000,
        "1000" : 0.000000
      },
      "latency_ms" : {
        "2" : 0.000000,
        "4" : 0.010000,
        "10" : 1.382801,
        "20" : 2.215018,
        "50" : 95.790470,
        "100" : 0.210544,
        "250" : 0.400261,
        "500" : 0.000000,
        "750" : 0.000000,
        "1000" : 0.000000,
        "2000" : 0.000000,
        ">=2000" : 0.000000
      },
      "latency_depth" : 128,
      "latency_target" : 0,
      "latency_percentile" : 100.000000,
      "latency_window" : 0
    }
  ]
}
