{
  "fio version" : "fio-3.23",
  "timestamp" : 1757469426,
  "timestamp_ms" : 1757469426265,
  "time" : "Wed Sep 10 01:57:06 2025",
  "jobs" : [
    {
      "jobname" : "RandW-2M-64-4",
      "groupid" : 0,
      "error" : 0,
      "eta" : 0,
      "elapsed" : 61,
      "job options" : {
        "name" : "RandW-2M-64-4",
        "rw" : "randwrite",
        "unified_rw_reporting" : "0",
        "bs" : "2M",
        "numjobs" : "64",
        "iodepth" : "4",
        "runtime" : "60",
        "directory" : "/tmp/e2sar/rgeorge-fio_test-m_RandW-2M-64-4",
        "direct" : "1",
        "buffered" : "0",
        "randrepeat" : "0",
        "size" : "128M",
        "ioengine" : "pvsync",
        "lat_percentiles" : "1"
      },
      "read" : {
        "io_bytes" : 0,
        "io_kbytes" : 0,
        "bw_bytes" : 0,
        "bw" : 0,
        "iops" : 0.000000,
        "runtime" : 0,
        "total_ios" : 0,
        "short_ios" : 0,
        "drop_ios" : 0,
        "slat_ns" : {
          "min" : 0,
          "max" : 0,
          "mean" : 0.000000,
          "stddev" : 0.000000,
          "N" : 0
        },
        "clat_ns" : {
          "min" : 0,
          "max" : 0,
          "mean" : 0.000000,
          "stddev" : 0.000000,
          "N" : 0
        },
        "lat_ns" : {
          "min" : 0,
          "max" : 0,
          "mean" : 0.000000,
          "stddev" : 0.000000,
          "N" : 0
        },
        "bw_min" : 0,
        "bw_max" : 0,
        "bw_agg" : 0.000000,
        "bw_mean" : 0.000000,
        "bw_dev" : 0.000000,
        "bw_samples" : 0,
        "iops_min" : 0,
        "iops_max" : 0,
        "iops_mean" : 0.000000,
        "iops_stddev" : 0.000000,
        "iops_samples" : 0
      },
      "write" : {
        "io_bytes" : 811302125568,
        "io_kbytes" : 792287232,
        "bw_bytes" : 13519674141,
        "bw" : 13202806,
        "iops" : 6446.682998,
        "runtime" : 60009,
        "total_ios" : 386859,
        "short_ios" : 0,
        "drop_ios" : 0,
        "slat_ns" : {
          "min" : 0,
          "max" : 0,
          "mean" : 0.000000,
          "stddev" : 0.000000,
          "N" : 0
        },
        "clat_ns" : {
          "min" : 1931223,
          "max" : 152006888,
          "mean" : 9305532.271727,
          "stddev" : 3233736.130134,
          "N" : 386859,
          "percentile" : {
            "1.000000" : 5275648,
            "5.000000" : 6062080,
            "10.000000" : 6717440,
            "20.000000" : 7634944,
            "30.000000" : 8290304,
            "40.000000" : 8847360,
            "50.000000" : 9371648,
            "60.000000" : 9764864,
            "70.000000" : 10158080,
            "80.000000" : 10682368,
            "90.000000" : 11468800,
            "95.000000" : 12124160,
            "99.000000" : 13434880,
            "99.500000" : 13959168,
            "99.900000" : 60555264,
            "99.950000" : 91750400,
            "99.990000" : 101187584
          }
        },
        "lat_ns" : {
          "min" : 1931295,
          "max" : 152007579,
          "mean" : 9305906.030029,
          "stddev" : 3233742.937127,
          "N" : 386859,
          "percentile" : {
            "1.000000" : 5275648,
            "5.000000" : 6062080,
            "10.000000" : 6717440,
            "20.000000" : 7634944,
            "30.000000" : 8290304,
            "40.000000" : 8847360,
            "50.000000" : 9371648,
            "60.000000" : 9764864,
            "70.000000" : 10158080,
            "80.000000" : 10682368,
            "90.000000" : 11468800,
            "95.000000" : 12124160,
            "99.000000" : 13434880,
            "99.500000" : 13959168,
            "99.900000" : 60555264,
            "99.950000" : 91750400,
            "99.990000" : 101187584
          }
        },
        "bw_min" : 9350963,
        "bw_max" : 15404524,
        "bw_agg" : 100.000000,
        "bw_mean" : 13221637.428571,
        "bw_dev" : 11512.499474,
        "bw_samples" : 7616,
        "iops_min" : 4565,
        "iops_max" : 7521,
        "iops_mean" : 6455.857143,
        "iops_stddev" : 5.621960,
        "iops_samples" : 7616
      },
      "trim" : {
        "io_bytes" : 0,
        "io_kbytes" : 0,
        "bw_bytes" : 0,
        "bw" : 0,
        "iops" : 0.000000,
        "runtime" : 0,
        "total_ios" : 0,
        "short_ios" : 0,
        "drop_ios" : 0,
        "slat_ns" : {
          "min" : 0,
          "max" : 0,
          "mean" : 0.000000,
          "stddev" : 0.000000,
          "N" : 0
        },
        "clat_ns" : {
          "min" : 0,
          "max" : 0,
          "mean" : 0.000000,
          "stddev" : 0.000000,
          "N" : 0
        },
        "lat_ns" : {
          "min" : 0,
          "max" : 0,
          "mean" : 0.000000,
          "stddev" : 0.000000,
          "N" : 0
        },
        "bw_min" : 0,
        "bw_max" : 0,
        "bw_agg" : 0.000000,
        "bw_mean" : 0.000000,
        "bw_dev" : 0.000000,
        "bw_samples" : 0,
        "iops_min" : 0,
        "iops_max" : 0,
        "iops_mean" : 0.000000,
        "iops_stddev" : 0.000000,
        "iops_samples" : 0
      },
      "sync" : {
        "total_ios" : 0,
        "lat_ns" : {
          "min" : 0,
          "max" : 0,
          "mean" : 0.000000,
          "stddev" : 0.000000,
          "N" : 0
        }
      },
      "job_runtime" : 3840175,
      "usr_cpu" : 6.066338,
      "sys_cpu" : 0.506487,
      "ctx" : 780136,
      "majf" : 0,
      "minf" : 757,
      "iodepth_level" : {
        "1" : 100.000000,
        "2" : 0.000000,
        "4" : 0.000000,
        "8" : 0.000000,
        "16" : 0.000000,
        "32" : 0.000000,
        ">=64" : 0.000000
      },
      "iodepth_submit" : {
        "0" : 0.000000,
        "4" : 100.000000,
        "8" : 0.000000,
        "16" : 0.000000,
        "32" : 0.000000,
        "64" : 0.000000,
        ">=64" : 0.000000
      },
      "iodepth_complete" : {
        "0" : 0.000000,
        "4" : 100.000000,
        "8" : 0.000000,
        "16" : 0.000000,
        "32" : 0.000000,
        "64" : 0.000000,
        ">=64" : 0.000000
      },
      "latency_ns" : {
        "2" : 0.000000,
        "4" : 0.000000,
        "10" : 0.000000,
        "20" : 0.000000,
        "50" : 0.000000,
        "100" : 0.000000,
        "250" : 0.000000,
        "500" : 0.000000,
        "750" : 0.000000,
        "1000" : 0.000000
      },
      "latency_us" : {
        "2" : 0.000000,
        "4" : 0.000000,
        "10" : 0.000000,
        "20" : 0.000000,
        "50" : 0.000000,
        "100" : 0.000000,
        "250" : 0.000000,
        "500" : 0.000000,
        "750" : 0.000000,
        "1000" : 0.000000
      },
      "latency_ms" : {
        "2" : 0.010000,
        "4" : 0.264954,
        "10" : 65.405742,
        "20" : 34.161801,
        "50" : 0.055834,
        "100" : 0.098227,
        "250" : 0.012666,
        "500" : 0.000000,
        "750" : 0.000000,
        "1000" : 0.000000,
        "2000" : 0.000000,
        ">=2000" : 0.000000
      },
      "latency_depth" : 4,
      "latency_target" : 0,
      "latency_percentile" : 100.000000,
      "latency_window" : 0
    }
  ]
}
