{
  "fio version" : "fio-3.23",
  "timestamp" : 1757183620,
  "timestamp_ms" : 1757183620922,
  "time" : "Sat Sep  6 18:33:40 2025",
  "jobs" : [
    {
      "jobname" : "SeqW-4M-128-1",
      "groupid" : 0,
      "error" : 0,
      "eta" : 0,
      "elapsed" : 63,
      "job options" : {
        "name" : "SeqW-4M-128-1",
        "numjobs" : "128",
        "runtime" : "60",
        "directory" : "/tmp/e2sar/rgeorge-fio_test-p4s_SeqW-4M-128-1",
        "direct" : "1",
        "buffered" : "0",
        "rw" : "write",
        "unified_rw_reporting" : "0",
        "randrepeat" : "0",
        "bs" : "4M",
        "size" : "128M",
        "ioengine" : "pvsync",
        "iodepth" : "1",
        "lat_percentiles" : "1"
      },
      "read" : {
        "io_bytes" : 0,
        "io_kbytes" : 0,
        "bw_bytes" : 0,
        "bw" : 0,
        "iops" : 0.000000,
        "runtime" : 0,
        "total_ios" : 0,
        "short_ios" : 0,
        "drop_ios" : 0,
        "slat_ns" : {
          "min" : 0,
          "max" : 0,
          "mean" : 0.000000,
          "stddev" : 0.000000,
          "N" : 0
        },
        "clat_ns" : {
          "min" : 0,
          "max" : 0,
          "mean" : 0.000000,
          "stddev" : 0.000000,
          "N" : 0
        },
        "lat_ns" : {
          "min" : 0,
          "max" : 0,
          "mean" : 0.000000,
          "stddev" : 0.000000,
          "N" : 0
        },
        "bw_min" : 0,
        "bw_max" : 0,
        "bw_agg" : 0.000000,
        "bw_mean" : 0.000000,
        "bw_dev" : 0.000000,
        "bw_samples" : 0,
        "iops_min" : 0,
        "iops_max" : 0,
        "iops_mean" : 0.000000,
        "iops_stddev" : 0.000000,
        "iops_samples" : 0
      },
      "write" : {
        "io_bytes" : 662242852864,
        "io_kbytes" : 646721536,
        "bw_bytes" : 11031497415,
        "bw" : 10772946,
        "iops" : 2630.113939,
        "runtime" : 60032,
        "total_ios" : 157891,
        "short_ios" : 0,
        "drop_ios" : 0,
        "slat_ns" : {
          "min" : 0,
          "max" : 0,
          "mean" : 0.000000,
          "stddev" : 0.000000,
          "N" : 0
        },
        "clat_ns" : {
          "min" : 5389528,
          "max" : 1830734267,
          "mean" : 46913587.113306,
          "stddev" : 80069419.396600,
          "N" : 157891,
          "percentile" : {
            "1.000000" : 18743296,
            "5.000000" : 24772608,
            "10.000000" : 26869760,
            "20.000000" : 28966912,
            "30.000000" : 30277632,
            "40.000000" : 31588352,
            "50.000000" : 32636928,
            "60.000000" : 33816576,
            "70.000000" : 35389440,
            "80.000000" : 36962304,
            "90.000000" : 40632320,
            "95.000000" : 101187584,
            "99.000000" : 455081984,
            "99.500000" : 641728512,
            "99.900000" : 1027604480,
            "99.950000" : 1149239296,
            "99.990000" : 1484783616
          }
        },
        "lat_ns" : {
          "min" : 5390169,
          "max" : 1830734499,
          "mean" : 46914165.423260,
          "stddev" : 80069417.402845,
          "N" : 157891,
          "percentile" : {
            "1.000000" : 18743296,
            "5.000000" : 24772608,
            "10.000000" : 26869760,
            "20.000000" : 28966912,
            "30.000000" : 30277632,
            "40.000000" : 31588352,
            "50.000000" : 32636928,
            "60.000000" : 33816576,
            "70.000000" : 35389440,
            "80.000000" : 36962304,
            "90.000000" : 40632320,
            "95.000000" : 101187584,
            "99.000000" : 455081984,
            "99.500000" : 641728512,
            "99.900000" : 1027604480,
            "99.950000" : 1149239296,
            "99.990000" : 1484783616
          }
        },
        "bw_min" : 1046876,
        "bw_max" : 21368413,
        "bw_agg" : 100.000000,
        "bw_mean" : 11272547.609855,
        "bw_dev" : 43532.063368,
        "bw_samples" : 14558,
        "iops_min" : 156,
        "iops_max" : 5206,
        "iops_mean" : 2726.153644,
        "iops_stddev" : 10.601962,
        "iops_samples" : 14558
      },
      "trim" : {
        "io_bytes" : 0,
        "io_kbytes" : 0,
        "bw_bytes" : 0,
        "bw" : 0,
        "iops" : 0.000000,
        "runtime" : 0,
        "total_ios" : 0,
        "short_ios" : 0,
        "drop_ios" : 0,
        "slat_ns" : {
          "min" : 0,
          "max" : 0,
          "mean" : 0.000000,
          "stddev" : 0.000000,
          "N" : 0
        },
        "clat_ns" : {
          "min" : 0,
          "max" : 0,
          "mean" : 0.000000,
          "stddev" : 0.000000,
          "N" : 0
        },
        "lat_ns" : {
          "min" : 0,
          "max" : 0,
          "mean" : 0.000000,
          "stddev" : 0.000000,
          "N" : 0
        },
        "bw_min" : 0,
        "bw_max" : 0,
        "bw_agg" : 0.000000,
        "bw_mean" : 0.000000,
        "bw_dev" : 0.000000,
        "bw_samples" : 0,
        "iops_min" : 0,
        "iops_max" : 0,
        "iops_mean" : 0.000000,
        "iops_stddev" : 0.000000,
        "iops_samples" : 0
      },
      "sync" : {
        "total_ios" : 0,
        "lat_ns" : {
          "min" : 0,
          "max" : 0,
          "mean" : 0.000000,
          "stddev" : 0.000000,
          "N" : 0
        }
      },
      "job_runtime" : 7681527,
      "usr_cpu" : 2.848926,
      "sys_cpu" : 0.299654,
      "ctx" : 647763,
      "majf" : 0,
      "minf" : 1652,
      "iodepth_level" : {
        "1" : 100.000000,
        "2" : 0.000000,
        "4" : 0.000000,
        "8" : 0.000000,
        "16" : 0.000000,
        "32" : 0.000000,
        ">=64" : 0.000000
      },
      "iodepth_submit" : {
        "0" : 0.000000,
        "4" : 100.000000,
        "8" : 0.000000,
        "16" : 0.000000,
        "32" : 0.000000,
        "64" : 0.000000,
        ">=64" : 0.000000
      },
      "iodepth_complete" : {
        "0" : 0.000000,
        "4" : 100.000000,
        "8" : 0.000000,
        "16" : 0.000000,
        "32" : 0.000000,
        "64" : 0.000000,
        ">=64" : 0.000000
      },
      "latency_ns" : {
        "2" : 0.000000,
        "4" : 0.000000,
        "10" : 0.000000,
        "20" : 0.000000,
        "50" : 0.000000,
        "100" : 0.000000,
        "250" : 0.000000,
        "500" : 0.000000,
        "750" : 0.000000,
        "1000" : 0.000000
      },
      "latency_us" : {
        "2" : 0.000000,
        "4" : 0.000000,
        "10" : 0.000000,
        "20" : 0.000000,
        "50" : 0.000000,
        "100" : 0.000000,
        "250" : 0.000000,
        "500" : 0.000000,
        "750" : 0.000000,
        "1000" : 0.000000
      },
      "latency_ms" : {
        "2" : 0.000000,
        "4" : 0.000000,
        "10" : 0.223572,
        "20" : 1.244529,
        "50" : 92.000811,
        "100" : 1.508002,
        "250" : 2.712631,
        "500" : 1.469368,
        "750" : 0.604848,
        "1000" : 0.127936,
        "2000" : 0.108303,
        ">=2000" : 0.000000
      },
      "latency_depth" : 1,
      "latency_target" : 0,
      "latency_percentile" : 100.000000,
      "latency_window" : 0
    }
  ]
}
