{
  "fio version" : "fio-3.23",
  "timestamp" : 1757205954,
  "timestamp_ms" : 1757205954718,
  "time" : "Sun Sep  7 00:45:54 2025",
  "jobs" : [
    {
      "jobname" : "SeqRH-16K-64-1",
      "groupid" : 0,
      "error" : 0,
      "eta" : 0,
      "elapsed" : 61,
      "job options" : {
        "name" : "SeqRH-16K-64-1",
        "numjobs" : "64",
        "runtime" : "60",
        "directory" : "/tmp/e2sar/rgeorge-fio_test-p3s_SeqRH-16K-64-1",
        "direct" : "1",
        "buffered" : "0",
        "rw" : "rw",
        "rwmixread" : "80",
        "unified_rw_reporting" : "1",
        "randrepeat" : "0",
        "bs" : "16K",
        "size" : "128M",
        "ioengine" : "pvsync",
        "iodepth" : "1",
        "lat_percentiles" : "1"
      },
      "mixed" : {
        "io_bytes" : 42635706368,
        "io_kbytes" : 41636432,
        "bw_bytes" : 710571420,
        "bw" : 693917,
        "iops" : 43369.837672,
        "runtime" : 60002,
        "total_ios" : 2602277,
        "short_ios" : 0,
        "drop_ios" : 0,
        "slat_ns" : {
          "min" : 0,
          "max" : 0,
          "mean" : 0.000000,
          "stddev" : 0.000000,
          "N" : 0
        },
        "clat_ns" : {
          "min" : 122191,
          "max" : 876165846,
          "mean" : 1437641.234993,
          "stddev" : 10663172.658493,
          "N" : 2602277,
          "percentile" : {
            "1.000000" : 195584,
            "5.000000" : 272384,
            "10.000000" : 399360,
            "20.000000" : 815104,
            "30.000000" : 1003520,
            "40.000000" : 1122304,
            "50.000000" : 1187840,
            "60.000000" : 1236992,
            "70.000000" : 1286144,
            "80.000000" : 1318912,
            "90.000000" : 1384448,
            "95.000000" : 1466368,
            "99.000000" : 1826816,
            "99.500000" : 3522560,
            "99.900000" : 85458944,
            "99.950000" : 362807296,
            "99.990000" : 484442112
          }
        },
        "lat_ns" : {
          "min" : 122220,
          "max" : 876165898,
          "mean" : 1437701.962428,
          "stddev" : 10663173.860462,
          "N" : 2602277,
          "percentile" : {
            "1.000000" : 195584,
            "5.000000" : 272384,
            "10.000000" : 399360,
            "20.000000" : 815104,
            "30.000000" : 1003520,
            "40.000000" : 1122304,
            "50.000000" : 1187840,
            "60.000000" : 1236992,
            "70.000000" : 1286144,
            "80.000000" : 1318912,
            "90.000000" : 1384448,
            "95.000000" : 1466368,
            "99.000000" : 1826816,
            "99.500000" : 3522560,
            "99.900000" : 85458944,
            "99.950000" : 362807296,
            "99.990000" : 484442112
          }
        },
        "bw_min" : 4160,
        "bw_max" : 2373888,
        "bw_agg" : 100.000000,
        "bw_mean" : 723655.889602,
        "bw_dev" : 3491.598516,
        "bw_samples" : 14301,
        "iops_min" : 260,
        "iops_max" : 148368,
        "iops_mean" : 45228.493100,
        "iops_stddev" : 218.224914,
        "iops_samples" : 14301
      },
      "job_runtime" : 3840014,
      "usr_cpu" : 0.172083,
      "sys_cpu" : 0.352030,
      "ctx" : 2602822,
      "majf" : 0,
      "minf" : 1377,
      "iodepth_level" : {
        "1" : 100.000000,
        "2" : 0.000000,
        "4" : 0.000000,
        "8" : 0.000000,
        "16" : 0.000000,
        "32" : 0.000000,
        ">=64" : 0.000000
      },
      "iodepth_submit" : {
        "0" : 0.000000,
        "4" : 100.000000,
        "8" : 0.000000,
        "16" : 0.000000,
        "32" : 0.000000,
        "64" : 0.000000,
        ">=64" : 0.000000
      },
      "iodepth_complete" : {
        "0" : 0.000000,
        "4" : 100.000000,
        "8" : 0.000000,
        "16" : 0.000000,
        "32" : 0.000000,
        "64" : 0.000000,
        ">=64" : 0.000000
      },
      "latency_ns" : {
        "2" : 0.000000,
        "4" : 0.000000,
        "10" : 0.000000,
        "20" : 0.000000,
        "50" : 0.000000,
        "100" : 0.000000,
        "250" : 0.000000,
        "500" : 0.000000,
        "750" : 0.000000,
        "1000" : 0.000000
      },
      "latency_us" : {
        "2" : 0.000000,
        "4" : 0.000000,
        "10" : 0.000000,
        "20" : 0.000000,
        "50" : 0.000000,
        "100" : 0.000000,
        "250" : 3.925216,
        "500" : 8.646889,
        "750" : 5.573081,
        "1000" : 11.820033
      },
      "latency_ms" : {
        "2" : 69.429619,
        "4" : 0.129925,
        "10" : 0.193292,
        "20" : 0.080814,
        "50" : 0.068017,
        "100" : 0.043961,
        "250" : 0.021789,
        "500" : 0.065789,
        "750" : 0.010000,
        "1000" : 0.010000,
        "2000" : 0.000000,
        ">=2000" : 0.000000
      },
      "latency_depth" : 1,
      "latency_target" : 0,
      "latency_percentile" : 100.000000,
      "latency_window" : 0
    }
  ]
}
