{
  "fio version" : "fio-3.23",
  "timestamp" : 1757211789,
  "timestamp_ms" : 1757211789971,
  "time" : "Sun Sep  7 02:23:09 2025",
  "jobs" : [
    {
      "jobname" : "SeqW-1M-64-16",
      "groupid" : 0,
      "error" : 0,
      "eta" : 0,
      "elapsed" : 62,
      "job options" : {
        "name" : "SeqW-1M-64-16",
        "numjobs" : "64",
        "runtime" : "60",
        "directory" : "/tmp/e2sar/rgeorge-fio_test-p3s_SeqW-1M-64-16",
        "direct" : "1",
        "buffered" : "0",
        "rw" : "write",
        "unified_rw_reporting" : "0",
        "randrepeat" : "0",
        "bs" : "1M",
        "size" : "128M",
        "ioengine" : "pvsync",
        "iodepth" : "16",
        "lat_percentiles" : "1"
      },
      "read" : {
        "io_bytes" : 0,
        "io_kbytes" : 0,
        "bw_bytes" : 0,
        "bw" : 0,
        "iops" : 0.000000,
        "runtime" : 0,
        "total_ios" : 0,
        "short_ios" : 0,
        "drop_ios" : 0,
        "slat_ns" : {
          "min" : 0,
          "max" : 0,
          "mean" : 0.000000,
          "stddev" : 0.000000,
          "N" : 0
        },
        "clat_ns" : {
          "min" : 0,
          "max" : 0,
          "mean" : 0.000000,
          "stddev" : 0.000000,
          "N" : 0
        },
        "lat_ns" : {
          "min" : 0,
          "max" : 0,
          "mean" : 0.000000,
          "stddev" : 0.000000,
          "N" : 0
        },
        "bw_min" : 0,
        "bw_max" : 0,
        "bw_agg" : 0.000000,
        "bw_mean" : 0.000000,
        "bw_dev" : 0.000000,
        "bw_samples" : 0,
        "iops_min" : 0,
        "iops_max" : 0,
        "iops_mean" : 0.000000,
        "iops_stddev" : 0.000000,
        "iops_samples" : 0
      },
      "write" : {
        "io_bytes" : 519834697728,
        "io_kbytes" : 507651072,
        "bw_bytes" : 8587057464,
        "bw" : 8385798,
        "iops" : 8189.256157,
        "runtime" : 60537,
        "total_ios" : 495753,
        "short_ios" : 0,
        "drop_ios" : 0,
        "slat_ns" : {
          "min" : 0,
          "max" : 0,
          "mean" : 0.000000,
          "stddev" : 0.000000,
          "N" : 0
        },
        "clat_ns" : {
          "min" : 866319,
          "max" : 1363582394,
          "mean" : 7443182.374081,
          "stddev" : 31941244.965681,
          "N" : 495753,
          "percentile" : {
            "1.000000" : 1286144,
            "5.000000" : 1597440,
            "10.000000" : 2375680,
            "20.000000" : 3031040,
            "30.000000" : 3817472,
            "40.000000" : 4423680,
            "50.000000" : 4816896,
            "60.000000" : 5079040,
            "70.000000" : 5341184,
            "80.000000" : 5603328,
            "90.000000" : 6324224,
            "95.000000" : 6979584,
            "99.000000" : 66846720,
            "99.500000" : 248512512,
            "99.900000" : 484442112,
            "99.950000" : 541065216,
            "99.990000" : 608174080
          }
        },
        "lat_ns" : {
          "min" : 866433,
          "max" : 1363582472,
          "mean" : 7443337.740802,
          "stddev" : 31941244.945657,
          "N" : 495753,
          "percentile" : {
            "1.000000" : 1286144,
            "5.000000" : 1597440,
            "10.000000" : 2375680,
            "20.000000" : 3031040,
            "30.000000" : 3817472,
            "40.000000" : 4423680,
            "50.000000" : 4816896,
            "60.000000" : 5079040,
            "70.000000" : 5341184,
            "80.000000" : 5603328,
            "90.000000" : 6324224,
            "95.000000" : 6979584,
            "99.000000" : 66846720,
            "99.500000" : 248512512,
            "99.900000" : 484442112,
            "99.950000" : 541065216,
            "99.990000" : 608174080
          }
        },
        "bw_min" : 155528,
        "bw_max" : 17789292,
        "bw_agg" : 100.000000,
        "bw_mean" : 8609530.556381,
        "bw_dev" : 83984.455456,
        "bw_samples" : 7531,
        "iops_min" : 132,
        "iops_max" : 17367,
        "iops_mean" : 8404.266506,
        "iops_stddev" : 82.033860,
        "iops_samples" : 7531
      },
      "trim" : {
        "io_bytes" : 0,
        "io_kbytes" : 0,
        "bw_bytes" : 0,
        "bw" : 0,
        "iops" : 0.000000,
        "runtime" : 0,
        "total_ios" : 0,
        "short_ios" : 0,
        "drop_ios" : 0,
        "slat_ns" : {
          "min" : 0,
          "max" : 0,
          "mean" : 0.000000,
          "stddev" : 0.000000,
          "N" : 0
        },
        "clat_ns" : {
          "min" : 0,
          "max" : 0,
          "mean" : 0.000000,
          "stddev" : 0.000000,
          "N" : 0
        },
        "lat_ns" : {
          "min" : 0,
          "max" : 0,
          "mean" : 0.000000,
          "stddev" : 0.000000,
          "N" : 0
        },
        "bw_min" : 0,
        "bw_max" : 0,
        "bw_agg" : 0.000000,
        "bw_mean" : 0.000000,
        "bw_dev" : 0.000000,
        "bw_samples" : 0,
        "iops_min" : 0,
        "iops_max" : 0,
        "iops_mean" : 0.000000,
        "iops_stddev" : 0.000000,
        "iops_samples" : 0
      },
      "sync" : {
        "total_ios" : 0,
        "lat_ns" : {
          "min" : 0,
          "max" : 0,
          "mean" : 0.000000,
          "stddev" : 0.000000,
          "N" : 0
        }
      },
      "job_runtime" : 3845773,
      "usr_cpu" : 3.164149,
      "sys_cpu" : 0.204614,
      "ctx" : 513021,
      "majf" : 0,
      "minf" : 803,
      "iodepth_level" : {
        "1" : 100.000000,
        "2" : 0.000000,
        "4" : 0.000000,
        "8" : 0.000000,
        "16" : 0.000000,
        "32" : 0.000000,
        ">=64" : 0.000000
      },
      "iodepth_submit" : {
        "0" : 0.000000,
        "4" : 100.000000,
        "8" : 0.000000,
        "16" : 0.000000,
        "32" : 0.000000,
        "64" : 0.000000,
        ">=64" : 0.000000
      },
      "iodepth_complete" : {
        "0" : 0.000000,
        "4" : 100.000000,
        "8" : 0.000000,
        "16" : 0.000000,
        "32" : 0.000000,
        "64" : 0.000000,
        ">=64" : 0.000000
      },
      "latency_ns" : {
        "2" : 0.000000,
        "4" : 0.000000,
        "10" : 0.000000,
        "20" : 0.000000,
        "50" : 0.000000,
        "100" : 0.000000,
        "250" : 0.000000,
        "500" : 0.000000,
        "750" : 0.000000,
        "1000" : 0.000000
      },
      "latency_us" : {
        "2" : 0.000000,
        "4" : 0.000000,
        "10" : 0.000000,
        "20" : 0.000000,
        "50" : 0.000000,
        "100" : 0.000000,
        "250" : 0.000000,
        "500" : 0.000000,
        "750" : 0.000000,
        "1000" : 0.011901
      },
      "latency_ms" : {
        "2" : 8.064096,
        "4" : 24.282657,
        "10" : 65.180241,
        "20" : 0.585977,
        "50" : 0.636406,
        "100" : 0.578110,
        "250" : 0.162581,
        "500" : 0.422186,
        "750" : 0.071810,
        "1000" : 0.010000,
        "2000" : 0.010000,
        ">=2000" : 0.000000
      },
      "latency_depth" : 16,
      "latency_target" : 0,
      "latency_percentile" : 100.000000,
      "latency_window" : 0
    }
  ]
}
