{
  "fio version" : "fio-3.23",
  "timestamp" : 1757452500,
  "timestamp_ms" : 1757452500261,
  "time" : "Tue Sep  9 21:15:00 2025",
  "jobs" : [
    {
      "jobname" : "RandR-1M-128-32",
      "groupid" : 0,
      "error" : 0,
      "eta" : 0,
      "elapsed" : 61,
      "job options" : {
        "name" : "RandR-1M-128-32",
        "rw" : "randread",
        "unified_rw_reporting" : "0",
        "bs" : "1M",
        "numjobs" : "128",
        "iodepth" : "32",
        "runtime" : "60",
        "directory" : "/tmp/e2sar/rgeorge-fio_test-m_RandR-1M-128-32",
        "direct" : "1",
        "buffered" : "0",
        "randrepeat" : "0",
        "size" : "128M",
        "ioengine" : "pvsync",
        "lat_percentiles" : "1"
      },
      "read" : {
        "io_bytes" : 133693440000,
        "io_kbytes" : 130560000,
        "bw_bytes" : 2225923878,
        "bw" : 2173753,
        "iops" : 2122.806433,
        "runtime" : 60062,
        "total_ios" : 127500,
        "short_ios" : 0,
        "drop_ios" : 0,
        "slat_ns" : {
          "min" : 0,
          "max" : 0,
          "mean" : 0.000000,
          "stddev" : 0.000000,
          "N" : 0
        },
        "clat_ns" : {
          "min" : 1169584,
          "max" : 178453730,
          "mean" : 60199656.552651,
          "stddev" : 5395184.090137,
          "N" : 127500,
          "percentile" : {
            "1.000000" : 57409536,
            "5.000000" : 57933824,
            "10.000000" : 58458112,
            "20.000000" : 58982400,
            "30.000000" : 58982400,
            "40.000000" : 59506688,
            "50.000000" : 59506688,
            "60.000000" : 60030976,
            "70.000000" : 60555264,
            "80.000000" : 60555264,
            "90.000000" : 61079552,
            "95.000000" : 61603840,
            "99.000000" : 68681728,
            "99.500000" : 101187584,
            "99.900000" : 141557760,
            "99.950000" : 152043520,
            "99.990000" : 164626432
          }
        },
        "lat_ns" : {
          "min" : 1169654,
          "max" : 178453794,
          "mean" : 60199783.496941,
          "stddev" : 5395184.869100,
          "N" : 127500,
          "percentile" : {
            "1.000000" : 57409536,
            "5.000000" : 57933824,
            "10.000000" : 58458112,
            "20.000000" : 58982400,
            "30.000000" : 58982400,
            "40.000000" : 59506688,
            "50.000000" : 59506688,
            "60.000000" : 60030976,
            "70.000000" : 60555264,
            "80.000000" : 60555264,
            "90.000000" : 61079552,
            "95.000000" : 61603840,
            "99.000000" : 68681728,
            "99.500000" : 101187584,
            "99.900000" : 141557760,
            "99.950000" : 152043520,
            "99.990000" : 164626432
          }
        },
        "bw_min" : 1691469,
        "bw_max" : 2367488,
        "bw_agg" : 100.000000,
        "bw_mean" : 2177073.815126,
        "bw_dev" : 1109.617410,
        "bw_samples" : 15232,
        "iops_min" : 1645,
        "iops_max" : 2312,
        "iops_mean" : 2125.983193,
        "iops_stddev" : 1.085553,
        "iops_samples" : 15232
      },
      "write" : {
        "io_bytes" : 0,
        "io_kbytes" : 0,
        "bw_bytes" : 0,
        "bw" : 0,
        "iops" : 0.000000,
        "runtime" : 0,
        "total_ios" : 0,
        "short_ios" : 0,
        "drop_ios" : 0,
        "slat_ns" : {
          "min" : 0,
          "max" : 0,
          "mean" : 0.000000,
          "stddev" : 0.000000,
          "N" : 0
        },
        "clat_ns" : {
          "min" : 0,
          "max" : 0,
          "mean" : 0.000000,
          "stddev" : 0.000000,
          "N" : 0
        },
        "lat_ns" : {
          "min" : 0,
          "max" : 0,
          "mean" : 0.000000,
          "stddev" : 0.000000,
          "N" : 0
        },
        "bw_min" : 0,
        "bw_max" : 0,
        "bw_agg" : 0.000000,
        "bw_mean" : 0.000000,
        "bw_dev" : 0.000000,
        "bw_samples" : 0,
        "iops_min" : 0,
        "iops_max" : 0,
        "iops_mean" : 0.000000,
        "iops_stddev" : 0.000000,
        "iops_samples" : 0
      },
      "trim" : {
        "io_bytes" : 0,
        "io_kbytes" : 0,
        "bw_bytes" : 0,
        "bw" : 0,
        "iops" : 0.000000,
        "runtime" : 0,
        "total_ios" : 0,
        "short_ios" : 0,
        "drop_ios" : 0,
        "slat_ns" : {
          "min" : 0,
          "max" : 0,
          "mean" : 0.000000,
          "stddev" : 0.000000,
          "N" : 0
        },
        "clat_ns" : {
          "min" : 0,
          "max" : 0,
          "mean" : 0.000000,
          "stddev" : 0.000000,
          "N" : 0
        },
        "lat_ns" : {
          "min" : 0,
          "max" : 0,
          "mean" : 0.000000,
          "stddev" : 0.000000,
          "N" : 0
        },
        "bw_min" : 0,
        "bw_max" : 0,
        "bw_agg" : 0.000000,
        "bw_mean" : 0.000000,
        "bw_dev" : 0.000000,
        "bw_samples" : 0,
        "iops_min" : 0,
        "iops_max" : 0,
        "iops_mean" : 0.000000,
        "iops_stddev" : 0.000000,
        "iops_samples" : 0
      },
      "sync" : {
        "total_ios" : 0,
        "lat_ns" : {
          "min" : 0,
          "max" : 0,
          "mean" : 0.000000,
          "stddev" : 0.000000,
          "N" : 0
        }
      },
      "job_runtime" : 7683923,
      "usr_cpu" : 0.008160,
      "sys_cpu" : 0.036323,
      "ctx" : 128384,
      "majf" : 0,
      "minf" : 30315,
      "iodepth_level" : {
        "1" : 100.000000,
        "2" : 0.000000,
        "4" : 0.000000,
        "8" : 0.000000,
        "16" : 0.000000,
        "32" : 0.000000,
        ">=64" : 0.000000
      },
      "iodepth_submit" : {
        "0" : 0.000000,
        "4" : 100.000000,
        "8" : 0.000000,
        "16" : 0.000000,
        "32" : 0.000000,
        "64" : 0.000000,
        ">=64" : 0.000000
      },
      "iodepth_complete" : {
        "0" : 0.000000,
        "4" : 100.000000,
        "8" : 0.000000,
        "16" : 0.000000,
        "32" : 0.000000,
        "64" : 0.000000,
        ">=64" : 0.000000
      },
      "latency_ns" : {
        "2" : 0.000000,
        "4" : 0.000000,
        "10" : 0.000000,
        "20" : 0.000000,
        "50" : 0.000000,
        "100" : 0.000000,
        "250" : 0.000000,
        "500" : 0.000000,
        "750" : 0.000000,
        "1000" : 0.000000
      },
      "latency_us" : {
        "2" : 0.000000,
        "4" : 0.000000,
        "10" : 0.000000,
        "20" : 0.000000,
        "50" : 0.000000,
        "100" : 0.000000,
        "250" : 0.000000,
        "500" : 0.000000,
        "750" : 0.000000,
        "1000" : 0.000000
      },
      "latency_ms" : {
        "2" : 0.010000,
        "4" : 0.010000,
        "10" : 0.010000,
        "20" : 0.010000,
        "50" : 0.075294,
        "100" : 99.408627,
        "250" : 0.505098,
        "500" : 0.000000,
        "750" : 0.000000,
        "1000" : 0.000000,
        "2000" : 0.000000,
        ">=2000" : 0.000000
      },
      "latency_depth" : 32,
      "latency_target" : 0,
      "latency_percentile" : 100.000000,
      "latency_window" : 0
    }
  ]
}
