{
  "fio version" : "fio-3.23",
  "timestamp" : 1757189667,
  "timestamp_ms" : 1757189667675,
  "time" : "Sat Sep  6 20:14:27 2025",
  "jobs" : [
    {
      "jobname" : "SeqW-16K-128-8",
      "groupid" : 0,
      "error" : 0,
      "eta" : 0,
      "elapsed" : 62,
      "job options" : {
        "name" : "SeqW-16K-128-8",
        "numjobs" : "128",
        "runtime" : "60",
        "directory" : "/tmp/e2sar/rgeorge-fio_test-p4s_SeqW-16K-128-8",
        "direct" : "1",
        "buffered" : "0",
        "rw" : "write",
        "unified_rw_reporting" : "0",
        "randrepeat" : "0",
        "bs" : "16K",
        "size" : "128M",
        "ioengine" : "pvsync",
        "iodepth" : "8",
        "lat_percentiles" : "1"
      },
      "read" : {
        "io_bytes" : 0,
        "io_kbytes" : 0,
        "bw_bytes" : 0,
        "bw" : 0,
        "iops" : 0.000000,
        "runtime" : 0,
        "total_ios" : 0,
        "short_ios" : 0,
        "drop_ios" : 0,
        "slat_ns" : {
          "min" : 0,
          "max" : 0,
          "mean" : 0.000000,
          "stddev" : 0.000000,
          "N" : 0
        },
        "clat_ns" : {
          "min" : 0,
          "max" : 0,
          "mean" : 0.000000,
          "stddev" : 0.000000,
          "N" : 0
        },
        "lat_ns" : {
          "min" : 0,
          "max" : 0,
          "mean" : 0.000000,
          "stddev" : 0.000000,
          "N" : 0
        },
        "bw_min" : 0,
        "bw_max" : 0,
        "bw_agg" : 0.000000,
        "bw_mean" : 0.000000,
        "bw_dev" : 0.000000,
        "bw_samples" : 0,
        "iops_min" : 0,
        "iops_max" : 0,
        "iops_mean" : 0.000000,
        "iops_stddev" : 0.000000,
        "iops_samples" : 0
      },
      "write" : {
        "io_bytes" : 51496353792,
        "io_kbytes" : 50289408,
        "bw_bytes" : 857715048,
        "bw" : 837612,
        "iops" : 52350.771998,
        "runtime" : 60039,
        "total_ios" : 3143088,
        "short_ios" : 0,
        "drop_ios" : 0,
        "slat_ns" : {
          "min" : 0,
          "max" : 0,
          "mean" : 0.000000,
          "stddev" : 0.000000,
          "N" : 0
        },
        "clat_ns" : {
          "min" : 149329,
          "max" : 609092701,
          "mean" : 2423772.836918,
          "stddev" : 9747305.974483,
          "N" : 3143088,
          "percentile" : {
            "1.000000" : 1044480,
            "5.000000" : 1400832,
            "10.000000" : 1581056,
            "20.000000" : 1892352,
            "30.000000" : 1957888,
            "40.000000" : 1990656,
            "50.000000" : 2007040,
            "60.000000" : 2039808,
            "70.000000" : 2056192,
            "80.000000" : 2088960,
            "90.000000" : 2146304,
            "95.000000" : 2211840,
            "99.000000" : 5996544,
            "99.500000" : 13828096,
            "99.900000" : 95944704,
            "99.950000" : 325058560,
            "99.990000" : 371195904
          }
        },
        "lat_ns" : {
          "min" : 149483,
          "max" : 609092779,
          "mean" : 2423889.098727,
          "stddev" : 9747306.766489,
          "N" : 3143088,
          "percentile" : {
            "1.000000" : 1044480,
            "5.000000" : 1400832,
            "10.000000" : 1581056,
            "20.000000" : 1892352,
            "30.000000" : 1957888,
            "40.000000" : 1990656,
            "50.000000" : 2007040,
            "60.000000" : 2039808,
            "70.000000" : 2056192,
            "80.000000" : 2088960,
            "90.000000" : 2146304,
            "95.000000" : 2211840,
            "99.000000" : 5996544,
            "99.500000" : 13828096,
            "99.900000" : 95944704,
            "99.950000" : 325058560,
            "99.990000" : 371195904
          }
        },
        "bw_min" : 6345,
        "bw_max" : 1569580,
        "bw_agg" : 100.000000,
        "bw_mean" : 841949.494303,
        "bw_dev" : 2610.238704,
        "bw_samples" : 15178,
        "iops_min" : 345,
        "iops_max" : 98051,
        "iops_mean" : 52603.796397,
        "iops_stddev" : 163.110378,
        "iops_samples" : 15178
      },
      "trim" : {
        "io_bytes" : 0,
        "io_kbytes" : 0,
        "bw_bytes" : 0,
        "bw" : 0,
        "iops" : 0.000000,
        "runtime" : 0,
        "total_ios" : 0,
        "short_ios" : 0,
        "drop_ios" : 0,
        "slat_ns" : {
          "min" : 0,
          "max" : 0,
          "mean" : 0.000000,
          "stddev" : 0.000000,
          "N" : 0
        },
        "clat_ns" : {
          "min" : 0,
          "max" : 0,
          "mean" : 0.000000,
          "stddev" : 0.000000,
          "N" : 0
        },
        "lat_ns" : {
          "min" : 0,
          "max" : 0,
          "mean" : 0.000000,
          "stddev" : 0.000000,
          "N" : 0
        },
        "bw_min" : 0,
        "bw_max" : 0,
        "bw_agg" : 0.000000,
        "bw_mean" : 0.000000,
        "bw_dev" : 0.000000,
        "bw_samples" : 0,
        "iops_min" : 0,
        "iops_max" : 0,
        "iops_mean" : 0.000000,
        "iops_stddev" : 0.000000,
        "iops_samples" : 0
      },
      "sync" : {
        "total_ios" : 0,
        "lat_ns" : {
          "min" : 0,
          "max" : 0,
          "mean" : 0.000000,
          "stddev" : 0.000000,
          "N" : 0
        }
      },
      "job_runtime" : 7680413,
      "usr_cpu" : 0.264621,
      "sys_cpu" : 0.294893,
      "ctx" : 3144096,
      "majf" : 0,
      "minf" : 1655,
      "iodepth_level" : {
        "1" : 100.000000,
        "2" : 0.000000,
        "4" : 0.000000,
        "8" : 0.000000,
        "16" : 0.000000,
        "32" : 0.000000,
        ">=64" : 0.000000
      },
      "iodepth_submit" : {
        "0" : 0.000000,
        "4" : 100.000000,
        "8" : 0.000000,
        "16" : 0.000000,
        "32" : 0.000000,
        "64" : 0.000000,
        ">=64" : 0.000000
      },
      "iodepth_complete" : {
        "0" : 0.000000,
        "4" : 100.000000,
        "8" : 0.000000,
        "16" : 0.000000,
        "32" : 0.000000,
        "64" : 0.000000,
        ">=64" : 0.000000
      },
      "latency_ns" : {
        "2" : 0.000000,
        "4" : 0.000000,
        "10" : 0.000000,
        "20" : 0.000000,
        "50" : 0.000000,
        "100" : 0.000000,
        "250" : 0.000000,
        "500" : 0.000000,
        "750" : 0.000000,
        "1000" : 0.000000
      },
      "latency_us" : {
        "2" : 0.000000,
        "4" : 0.000000,
        "10" : 0.000000,
        "20" : 0.000000,
        "50" : 0.000000,
        "100" : 0.000000,
        "250" : 0.037097,
        "500" : 0.160606,
        "750" : 0.280170,
        "1000" : 0.453153
      },
      "latency_ms" : {
        "2" : 43.457962,
        "4" : 54.087604,
        "10" : 0.888267,
        "20" : 0.236710,
        "50" : 0.201172,
        "100" : 0.101079,
        "250" : 0.033152,
        "500" : 0.062773,
        "750" : 0.010000,
        "1000" : 0.000000,
        "2000" : 0.000000,
        ">=2000" : 0.000000
      },
      "latency_depth" : 8,
      "latency_target" : 0,
      "latency_percentile" : 100.000000,
      "latency_window" : 0
    }
  ]
}
