{
  "fio version" : "fio-3.23",
  "timestamp" : 1756944745,
  "timestamp_ms" : 1756944745356,
  "time" : "Thu Sep  4 00:12:25 2025",
  "jobs" : [
    {
      "jobname" : "RandW-2M-16-16",
      "groupid" : 0,
      "error" : 0,
      "eta" : 0,
      "elapsed" : 61,
      "job options" : {
        "name" : "RandW-2M-16-16",
        "numjobs" : "16",
        "runtime" : "60",
        "directory" : "/tmp/e2sar/rgeorge-fio_test-p1r1_RandW-2M-16-16",
        "direct" : "1",
        "buffered" : "0",
        "rw" : "randwrite",
        "unified_rw_reporting" : "0",
        "randrepeat" : "0",
        "bs" : "2M",
        "size" : "128M",
        "ioengine" : "pvsync",
        "iodepth" : "16",
        "lat_percentiles" : "1"
      },
      "read" : {
        "io_bytes" : 0,
        "io_kbytes" : 0,
        "bw_bytes" : 0,
        "bw" : 0,
        "iops" : 0.000000,
        "runtime" : 0,
        "total_ios" : 0,
        "short_ios" : 0,
        "drop_ios" : 0,
        "slat_ns" : {
          "min" : 0,
          "max" : 0,
          "mean" : 0.000000,
          "stddev" : 0.000000,
          "N" : 0
        },
        "clat_ns" : {
          "min" : 0,
          "max" : 0,
          "mean" : 0.000000,
          "stddev" : 0.000000,
          "N" : 0
        },
        "lat_ns" : {
          "min" : 0,
          "max" : 0,
          "mean" : 0.000000,
          "stddev" : 0.000000,
          "N" : 0
        },
        "bw_min" : 0,
        "bw_max" : 0,
        "bw_agg" : 0.000000,
        "bw_mean" : 0.000000,
        "bw_dev" : 0.000000,
        "bw_samples" : 0,
        "iops_min" : 0,
        "iops_max" : 0,
        "iops_mean" : 0.000000,
        "iops_stddev" : 0.000000,
        "iops_samples" : 0
      },
      "write" : {
        "io_bytes" : 625026793472,
        "io_kbytes" : 610377728,
        "bw_bytes" : 10416592394,
        "bw" : 10172453,
        "iops" : 4967.018316,
        "runtime" : 60003,
        "total_ios" : 298036,
        "short_ios" : 0,
        "drop_ios" : 0,
        "slat_ns" : {
          "min" : 0,
          "max" : 0,
          "mean" : 0.000000,
          "stddev" : 0.000000,
          "N" : 0
        },
        "clat_ns" : {
          "min" : 1596585,
          "max" : 783364444,
          "mean" : 2795514.513455,
          "stddev" : 6205216.361819,
          "N" : 298036,
          "percentile" : {
            "1.000000" : 1908736,
            "5.000000" : 2039808,
            "10.000000" : 2113536,
            "20.000000" : 2211840,
            "30.000000" : 2277376,
            "40.000000" : 2342912,
            "50.000000" : 2408448,
            "60.000000" : 2473984,
            "70.000000" : 2539520,
            "80.000000" : 2637824,
            "90.000000" : 2801664,
            "95.000000" : 2965504,
            "99.000000" : 5406720,
            "99.500000" : 20578304,
            "99.900000" : 93847552,
            "99.950000" : 128450560,
            "99.990000" : 258998272
          }
        },
        "lat_ns" : {
          "min" : 1596661,
          "max" : 783364545,
          "mean" : 2795666.457113,
          "stddev" : 6205226.979497,
          "N" : 298036,
          "percentile" : {
            "1.000000" : 1908736,
            "5.000000" : 2039808,
            "10.000000" : 2113536,
            "20.000000" : 2211840,
            "30.000000" : 2277376,
            "40.000000" : 2342912,
            "50.000000" : 2408448,
            "60.000000" : 2473984,
            "70.000000" : 2539520,
            "80.000000" : 2637824,
            "90.000000" : 2801664,
            "95.000000" : 2965504,
            "99.000000" : 5406720,
            "99.500000" : 20578304,
            "99.900000" : 93847552,
            "99.950000" : 128450560,
            "99.990000" : 258998272
          }
        },
        "bw_min" : 765337,
        "bw_max" : 12075008,
        "bw_agg" : 100.000000,
        "bw_mean" : 10187967.351944,
        "bw_dev" : 181049.715191,
        "bw_samples" : 1903,
        "iops_min" : 368,
        "iops_max" : 5896,
        "iops_mean" : 4974.429355,
        "iops_stddev" : 88.435312,
        "iops_samples" : 1903
      },
      "trim" : {
        "io_bytes" : 0,
        "io_kbytes" : 0,
        "bw_bytes" : 0,
        "bw" : 0,
        "iops" : 0.000000,
        "runtime" : 0,
        "total_ios" : 0,
        "short_ios" : 0,
        "drop_ios" : 0,
        "slat_ns" : {
          "min" : 0,
          "max" : 0,
          "mean" : 0.000000,
          "stddev" : 0.000000,
          "N" : 0
        },
        "clat_ns" : {
          "min" : 0,
          "max" : 0,
          "mean" : 0.000000,
          "stddev" : 0.000000,
          "N" : 0
        },
        "lat_ns" : {
          "min" : 0,
          "max" : 0,
          "mean" : 0.000000,
          "stddev" : 0.000000,
          "N" : 0
        },
        "bw_min" : 0,
        "bw_max" : 0,
        "bw_agg" : 0.000000,
        "bw_mean" : 0.000000,
        "bw_dev" : 0.000000,
        "bw_samples" : 0,
        "iops_min" : 0,
        "iops_max" : 0,
        "iops_mean" : 0.000000,
        "iops_stddev" : 0.000000,
        "iops_samples" : 0
      },
      "sync" : {
        "total_ios" : 0,
        "lat_ns" : {
          "min" : 0,
          "max" : 0,
          "mean" : 0.000000,
          "stddev" : 0.000000,
          "N" : 0
        }
      },
      "job_runtime" : 960014,
      "usr_cpu" : 13.172100,
      "sys_cpu" : 0.711448,
      "ctx" : 596255,
      "majf" : 0,
      "minf" : 176,
      "iodepth_level" : {
        "1" : 100.000000,
        "2" : 0.000000,
        "4" : 0.000000,
        "8" : 0.000000,
        "16" : 0.000000,
        "32" : 0.000000,
        ">=64" : 0.000000
      },
      "iodepth_submit" : {
        "0" : 0.000000,
        "4" : 100.000000,
        "8" : 0.000000,
        "16" : 0.000000,
        "32" : 0.000000,
        "64" : 0.000000,
        ">=64" : 0.000000
      },
      "iodepth_complete" : {
        "0" : 0.000000,
        "4" : 100.000000,
        "8" : 0.000000,
        "16" : 0.000000,
        "32" : 0.000000,
        "64" : 0.000000,
        ">=64" : 0.000000
      },
      "latency_ns" : {
        "2" : 0.000000,
        "4" : 0.000000,
        "10" : 0.000000,
        "20" : 0.000000,
        "50" : 0.000000,
        "100" : 0.000000,
        "250" : 0.000000,
        "500" : 0.000000,
        "750" : 0.000000,
        "1000" : 0.000000
      },
      "latency_us" : {
        "2" : 0.000000,
        "4" : 0.000000,
        "10" : 0.000000,
        "20" : 0.000000,
        "50" : 0.000000,
        "100" : 0.000000,
        "250" : 0.000000,
        "500" : 0.000000,
        "750" : 0.000000,
        "1000" : 0.000000
      },
      "latency_ms" : {
        "2" : 3.277121,
        "4" : 95.489136,
        "10" : 0.480814,
        "20" : 0.245608,
        "50" : 0.260371,
        "100" : 0.163068,
        "250" : 0.071803,
        "500" : 0.011744,
        "750" : 0.000000,
        "1000" : 0.010000,
        "2000" : 0.000000,
        ">=2000" : 0.000000
      },
      "latency_depth" : 16,
      "latency_target" : 0,
      "latency_percentile" : 100.000000,
      "latency_window" : 0
    }
  ]
}
