{
  "fio version" : "fio-3.23",
  "timestamp" : 1757081681,
  "timestamp_ms" : 1757081681999,
  "time" : "Fri Sep  5 14:14:41 2025",
  "jobs" : [
    {
      "jobname" : "SeqBal-4K-64-1",
      "groupid" : 0,
      "error" : 0,
      "eta" : 0,
      "elapsed" : 61,
      "job options" : {
        "name" : "SeqBal-4K-64-1",
        "numjobs" : "64",
        "runtime" : "60",
        "directory" : "/tmp/e2sar/rgeorge-fio_test-p3s_SeqBal-4K-64-1",
        "direct" : "1",
        "buffered" : "0",
        "rw" : "rw",
        "unified_rw_reporting" : "1",
        "randrepeat" : "0",
        "bs" : "4K",
        "size" : "128M",
        "ioengine" : "pvsync",
        "iodepth" : "1",
        "lat_percentiles" : "1"
      },
      "mixed" : {
        "io_bytes" : 13043470336,
        "io_kbytes" : 12737764,
        "bw_bytes" : 217383926,
        "bw" : 212288,
        "iops" : 53072.247592,
        "runtime" : 60002,
        "total_ios" : 3184441,
        "short_ios" : 0,
        "drop_ios" : 0,
        "slat_ns" : {
          "min" : 0,
          "max" : 0,
          "mean" : 0.000000,
          "stddev" : 0.000000,
          "N" : 0
        },
        "clat_ns" : {
          "min" : 120679,
          "max" : 611327882,
          "mean" : 1201552.112640,
          "stddev" : 5789465.255533,
          "N" : 3184441,
          "percentile" : {
            "1.000000" : 259072,
            "5.000000" : 602112,
            "10.000000" : 749568,
            "20.000000" : 888832,
            "30.000000" : 962560,
            "40.000000" : 1028096,
            "50.000000" : 1073152,
            "60.000000" : 1122304,
            "70.000000" : 1187840,
            "80.000000" : 1253376,
            "90.000000" : 1335296,
            "95.000000" : 1515520,
            "99.000000" : 1859584,
            "99.500000" : 1957888,
            "99.900000" : 16580608,
            "99.950000" : 64749568,
            "99.990000" : 367001600
          }
        },
        "lat_ns" : {
          "min" : 120703,
          "max" : 611328008,
          "mean" : 1201626.670247,
          "stddev" : 5789465.387925,
          "N" : 3184441,
          "percentile" : {
            "1.000000" : 259072,
            "5.000000" : 602112,
            "10.000000" : 749568,
            "20.000000" : 888832,
            "30.000000" : 962560,
            "40.000000" : 1028096,
            "50.000000" : 1073152,
            "60.000000" : 1122304,
            "70.000000" : 1187840,
            "80.000000" : 1253376,
            "90.000000" : 1335296,
            "95.000000" : 1515520,
            "99.000000" : 1859584,
            "99.500000" : 1957888,
            "99.900000" : 16580608,
            "99.950000" : 64749568,
            "99.990000" : 367001600
          }
        },
        "bw_min" : 5624,
        "bw_max" : 508742,
        "bw_agg" : 100.000000,
        "bw_mean" : 214734.494767,
        "bw_dev" : 553.990959,
        "bw_samples" : 15075,
        "iops_min" : 1406,
        "iops_max" : 127184,
        "iops_mean" : 53683.598248,
        "iops_stddev" : 138.497322,
        "iops_samples" : 15075
      },
      "job_runtime" : 3840012,
      "usr_cpu" : 0.194609,
      "sys_cpu" : 0.489868,
      "ctx" : 3184927,
      "majf" : 0,
      "minf" : 1324,
      "iodepth_level" : {
        "1" : 100.000000,
        "2" : 0.000000,
        "4" : 0.000000,
        "8" : 0.000000,
        "16" : 0.000000,
        "32" : 0.000000,
        ">=64" : 0.000000
      },
      "iodepth_submit" : {
        "0" : 0.000000,
        "4" : 100.000000,
        "8" : 0.000000,
        "16" : 0.000000,
        "32" : 0.000000,
        "64" : 0.000000,
        ">=64" : 0.000000
      },
      "iodepth_complete" : {
        "0" : 0.000000,
        "4" : 100.000000,
        "8" : 0.000000,
        "16" : 0.000000,
        "32" : 0.000000,
        "64" : 0.000000,
        ">=64" : 0.000000
      },
      "latency_ns" : {
        "2" : 0.000000,
        "4" : 0.000000,
        "10" : 0.000000,
        "20" : 0.000000,
        "50" : 0.000000,
        "100" : 0.000000,
        "250" : 0.000000,
        "500" : 0.000000,
        "750" : 0.000000,
        "1000" : 0.000000
      },
      "latency_us" : {
        "2" : 0.000000,
        "4" : 0.000000,
        "10" : 0.000000,
        "20" : 0.000000,
        "50" : 0.000000,
        "100" : 0.000000,
        "250" : 0.906753,
        "500" : 2.354197,
        "750" : 6.831434,
        "1000" : 25.629239
      },
      "latency_ms" : {
        "2" : 63.885687,
        "4" : 0.131452,
        "10" : 0.129850,
        "20" : 0.040886,
        "50" : 0.031308,
        "100" : 0.024965,
        "250" : 0.016015,
        "500" : 0.017554,
        "750" : 0.010000,
        "1000" : 0.000000,
        "2000" : 0.000000,
        ">=2000" : 0.000000
      },
      "latency_depth" : 1,
      "latency_target" : 0,
      "latency_percentile" : 100.000000,
      "latency_window" : 0
    }
  ]
}
