{
  "fio version" : "fio-3.23",
  "timestamp" : 1757087596,
  "timestamp_ms" : 1757087596677,
  "time" : "Fri Sep  5 15:53:16 2025",
  "jobs" : [
    {
      "jobname" : "SeqR-4K-64-32",
      "groupid" : 0,
      "error" : 0,
      "eta" : 0,
      "elapsed" : 61,
      "job options" : {
        "name" : "SeqR-4K-64-32",
        "numjobs" : "64",
        "runtime" : "60",
        "directory" : "/tmp/e2sar/rgeorge-fio_test-p3s_SeqR-4K-64-32",
        "direct" : "1",
        "buffered" : "0",
        "rw" : "read",
        "unified_rw_reporting" : "0",
        "randrepeat" : "0",
        "bs" : "4K",
        "size" : "128M",
        "ioengine" : "pvsync",
        "iodepth" : "32",
        "lat_percentiles" : "1"
      },
      "read" : {
        "io_bytes" : 10512424960,
        "io_kbytes" : 10266040,
        "bw_bytes" : 175192483,
        "bw" : 171086,
        "iops" : 42771.602366,
        "runtime" : 60005,
        "total_ios" : 2566510,
        "short_ios" : 0,
        "drop_ios" : 0,
        "slat_ns" : {
          "min" : 0,
          "max" : 0,
          "mean" : 0.000000,
          "stddev" : 0.000000,
          "N" : 0
        },
        "clat_ns" : {
          "min" : 118064,
          "max" : 615426274,
          "mean" : 1494588.642397,
          "stddev" : 9285798.885021,
          "N" : 2566510,
          "percentile" : {
            "1.000000" : 218112,
            "5.000000" : 452608,
            "10.000000" : 798720,
            "20.000000" : 1089536,
            "30.000000" : 1187840,
            "40.000000" : 1253376,
            "50.000000" : 1302528,
            "60.000000" : 1351680,
            "70.000000" : 1384448,
            "80.000000" : 1417216,
            "90.000000" : 1499136,
            "95.000000" : 1712128,
            "99.000000" : 2072576,
            "99.500000" : 2179072,
            "99.900000" : 29753344,
            "99.950000" : 246415360,
            "99.990000" : 484442112
          }
        },
        "lat_ns" : {
          "min" : 118106,
          "max" : 615426350,
          "mean" : 1494644.276730,
          "stddev" : 9285800.412873,
          "N" : 2566510,
          "percentile" : {
            "1.000000" : 218112,
            "5.000000" : 452608,
            "10.000000" : 798720,
            "20.000000" : 1089536,
            "30.000000" : 1187840,
            "40.000000" : 1253376,
            "50.000000" : 1302528,
            "60.000000" : 1351680,
            "70.000000" : 1384448,
            "80.000000" : 1417216,
            "90.000000" : 1499136,
            "95.000000" : 1712128,
            "99.000000" : 2072576,
            "99.500000" : 2179072,
            "99.900000" : 29753344,
            "99.950000" : 246415360,
            "99.990000" : 484442112
          }
        },
        "bw_min" : 512,
        "bw_max" : 587272,
        "bw_agg" : 100.000000,
        "bw_mean" : 171391.076627,
        "bw_dev" : 1390.588483,
        "bw_samples" : 7613,
        "iops_min" : 128,
        "iops_max" : 146818,
        "iops_mean" : 42847.754451,
        "iops_stddev" : 347.646925,
        "iops_samples" : 7613
      },
      "write" : {
        "io_bytes" : 0,
        "io_kbytes" : 0,
        "bw_bytes" : 0,
        "bw" : 0,
        "iops" : 0.000000,
        "runtime" : 0,
        "total_ios" : 0,
        "short_ios" : 0,
        "drop_ios" : 0,
        "slat_ns" : {
          "min" : 0,
          "max" : 0,
          "mean" : 0.000000,
          "stddev" : 0.000000,
          "N" : 0
        },
        "clat_ns" : {
          "min" : 0,
          "max" : 0,
          "mean" : 0.000000,
          "stddev" : 0.000000,
          "N" : 0
        },
        "lat_ns" : {
          "min" : 0,
          "max" : 0,
          "mean" : 0.000000,
          "stddev" : 0.000000,
          "N" : 0
        },
        "bw_min" : 0,
        "bw_max" : 0,
        "bw_agg" : 0.000000,
        "bw_mean" : 0.000000,
        "bw_dev" : 0.000000,
        "bw_samples" : 0,
        "iops_min" : 0,
        "iops_max" : 0,
        "iops_mean" : 0.000000,
        "iops_stddev" : 0.000000,
        "iops_samples" : 0
      },
      "trim" : {
        "io_bytes" : 0,
        "io_kbytes" : 0,
        "bw_bytes" : 0,
        "bw" : 0,
        "iops" : 0.000000,
        "runtime" : 0,
        "total_ios" : 0,
        "short_ios" : 0,
        "drop_ios" : 0,
        "slat_ns" : {
          "min" : 0,
          "max" : 0,
          "mean" : 0.000000,
          "stddev" : 0.000000,
          "N" : 0
        },
        "clat_ns" : {
          "min" : 0,
          "max" : 0,
          "mean" : 0.000000,
          "stddev" : 0.000000,
          "N" : 0
        },
        "lat_ns" : {
          "min" : 0,
          "max" : 0,
          "mean" : 0.000000,
          "stddev" : 0.000000,
          "N" : 0
        },
        "bw_min" : 0,
        "bw_max" : 0,
        "bw_agg" : 0.000000,
        "bw_mean" : 0.000000,
        "bw_dev" : 0.000000,
        "bw_samples" : 0,
        "iops_min" : 0,
        "iops_max" : 0,
        "iops_mean" : 0.000000,
        "iops_stddev" : 0.000000,
        "iops_samples" : 0
      },
      "sync" : {
        "total_ios" : 0,
        "lat_ns" : {
          "min" : 0,
          "max" : 0,
          "mean" : 0.000000,
          "stddev" : 0.000000,
          "N" : 0
        }
      },
      "job_runtime" : 3840041,
      "usr_cpu" : 0.111171,
      "sys_cpu" : 0.355803,
      "ctx" : 2566851,
      "majf" : 0,
      "minf" : 924,
      "iodepth_level" : {
        "1" : 100.000000,
        "2" : 0.000000,
        "4" : 0.000000,
        "8" : 0.000000,
        "16" : 0.000000,
        "32" : 0.000000,
        ">=64" : 0.000000
      },
      "iodepth_submit" : {
        "0" : 0.000000,
        "4" : 100.000000,
        "8" : 0.000000,
        "16" : 0.000000,
        "32" : 0.000000,
        "64" : 0.000000,
        ">=64" : 0.000000
      },
      "iodepth_complete" : {
        "0" : 0.000000,
        "4" : 100.000000,
        "8" : 0.000000,
        "16" : 0.000000,
        "32" : 0.000000,
        "64" : 0.000000,
        ">=64" : 0.000000
      },
      "latency_ns" : {
        "2" : 0.000000,
        "4" : 0.000000,
        "10" : 0.000000,
        "20" : 0.000000,
        "50" : 0.000000,
        "100" : 0.000000,
        "250" : 0.000000,
        "500" : 0.000000,
        "750" : 0.000000,
        "1000" : 0.000000
      },
      "latency_us" : {
        "2" : 0.000000,
        "4" : 0.000000,
        "10" : 0.000000,
        "20" : 0.000000,
        "50" : 0.000000,
        "100" : 0.000000,
        "250" : 1.757601,
        "500" : 3.814791,
        "750" : 3.605986,
        "1000" : 5.454645
      },
      "latency_ms" : {
        "2" : 83.531605,
        "4" : 1.552770,
        "10" : 0.131463,
        "20" : 0.042977,
        "50" : 0.020027,
        "100" : 0.024313,
        "250" : 0.016053,
        "500" : 0.046756,
        "750" : 0.010000,
        "1000" : 0.000000,
        "2000" : 0.000000,
        ">=2000" : 0.000000
      },
      "latency_depth" : 32,
      "latency_target" : 0,
      "latency_percentile" : 100.000000,
      "latency_window" : 0
    }
  ]
}
