{
  "fio version" : "fio-3.23",
  "timestamp" : 1757513221,
  "timestamp_ms" : 1757513221759,
  "time" : "Wed Sep 10 14:07:01 2025",
  "jobs" : [
    {
      "jobname" : "RandWH-4M-64-8",
      "groupid" : 0,
      "error" : 0,
      "eta" : 0,
      "elapsed" : 61,
      "job options" : {
        "name" : "RandWH-4M-64-8",
        "rw" : "randrw",
        "rwmixread" : "20",
        "unified_rw_reporting" : "1",
        "bs" : "4M",
        "numjobs" : "64",
        "iodepth" : "8",
        "runtime" : "60",
        "directory" : "/tmp/e2sar/rgeorge-fio_test-m_RandWH-4M-64-8",
        "direct" : "1",
        "buffered" : "0",
        "randrepeat" : "0",
        "size" : "128M",
        "ioengine" : "pvsync",
        "lat_percentiles" : "1"
      },
      "mixed" : {
        "io_bytes" : 388698734592,
        "io_kbytes" : 379588608,
        "bw_bytes" : 6473672777,
        "bw" : 6321946,
        "iops" : 1543.443865,
        "runtime" : 60043,
        "total_ios" : 92673,
        "short_ios" : 0,
        "drop_ios" : 0,
        "slat_ns" : {
          "min" : 0,
          "max" : 0,
          "mean" : 0.000000,
          "stddev" : 0.000000,
          "N" : 0
        },
        "clat_ns" : {
          "min" : 4152583,
          "max" : 418210868,
          "mean" : 40511267.999223,
          "stddev" : 17091500.579813,
          "N" : 92673,
          "percentile" : {
            "1.000000" : 24248320,
            "5.000000" : 27656192,
            "10.000000" : 29753344,
            "20.000000" : 32112640,
            "30.000000" : 33816576,
            "40.000000" : 35389440,
            "50.000000" : 36962304,
            "60.000000" : 38535168,
            "70.000000" : 40108032,
            "80.000000" : 42729472,
            "90.000000" : 49545216,
            "95.000000" : 72876032,
            "99.000000" : 119013376,
            "99.500000" : 135266304,
            "99.900000" : 177209344,
            "99.950000" : 200278016,
            "99.990000" : 248512512
          }
        },
        "lat_ns" : {
          "min" : 4152643,
          "max" : 418211385,
          "mean" : 40511622.471982,
          "stddev" : 17091470.595731,
          "N" : 92673,
          "percentile" : {
            "1.000000" : 24248320,
            "5.000000" : 27656192,
            "10.000000" : 29753344,
            "20.000000" : 32112640,
            "30.000000" : 33816576,
            "40.000000" : 35389440,
            "50.000000" : 36962304,
            "60.000000" : 38535168,
            "70.000000" : 40108032,
            "80.000000" : 42729472,
            "90.000000" : 49545216,
            "95.000000" : 72876032,
            "99.000000" : 119013376,
            "99.500000" : 135266304,
            "99.900000" : 177209344,
            "99.950000" : 200278016,
            "99.990000" : 248512512
          }
        },
        "bw_min" : 2416506,
        "bw_max" : 11345642,
        "bw_agg" : 100.000000,
        "bw_mean" : 6396884.896256,
        "bw_dev" : 14848.436485,
        "bw_samples" : 14833,
        "iops_min" : 585,
        "iops_max" : 2769,
        "iops_mean" : 1561.371145,
        "iops_stddev" : 3.625291,
        "iops_samples" : 14833
      },
      "job_runtime" : 3840726,
      "usr_cpu" : 2.032480,
      "sys_cpu" : 0.215558,
      "ctx" : 373329,
      "majf" : 0,
      "minf" : 880,
      "iodepth_level" : {
        "1" : 100.000000,
        "2" : 0.000000,
        "4" : 0.000000,
        "8" : 0.000000,
        "16" : 0.000000,
        "32" : 0.000000,
        ">=64" : 0.000000
      },
      "iodepth_submit" : {
        "0" : 0.000000,
        "4" : 100.000000,
        "8" : 0.000000,
        "16" : 0.000000,
        "32" : 0.000000,
        "64" : 0.000000,
        ">=64" : 0.000000
      },
      "iodepth_complete" : {
        "0" : 0.000000,
        "4" : 100.000000,
        "8" : 0.000000,
        "16" : 0.000000,
        "32" : 0.000000,
        "64" : 0.000000,
        ">=64" : 0.000000
      },
      "latency_ns" : {
        "2" : 0.000000,
        "4" : 0.000000,
        "10" : 0.000000,
        "20" : 0.000000,
        "50" : 0.000000,
        "100" : 0.000000,
        "250" : 0.000000,
        "500" : 0.000000,
        "750" : 0.000000,
        "1000" : 0.000000
      },
      "latency_us" : {
        "2" : 0.000000,
        "4" : 0.000000,
        "10" : 0.000000,
        "20" : 0.000000,
        "50" : 0.000000,
        "100" : 0.000000,
        "250" : 0.000000,
        "500" : 0.000000,
        "750" : 0.000000,
        "1000" : 0.000000
      },
      "latency_ms" : {
        "2" : 0.000000,
        "4" : 0.000000,
        "10" : 0.152148,
        "20" : 0.225524,
        "50" : 89.768325,
        "100" : 7.768174,
        "250" : 2.076117,
        "500" : 0.010000,
        "750" : 0.000000,
        "1000" : 0.000000,
        "2000" : 0.000000,
        ">=2000" : 0.000000
      },
      "latency_depth" : 8,
      "latency_target" : 0,
      "latency_percentile" : 100.000000,
      "latency_window" : 0
    }
  ]
}
