{
  "fio version" : "fio-3.23",
  "timestamp" : 1756941171,
  "timestamp_ms" : 1756941171766,
  "time" : "Wed Sep  3 23:12:51 2025",
  "jobs" : [
    {
      "jobname" : "RandWH-4K-16-8",
      "groupid" : 0,
      "error" : 0,
      "eta" : 0,
      "elapsed" : 61,
      "job options" : {
        "name" : "RandWH-4K-16-8",
        "numjobs" : "16",
        "runtime" : "60",
        "directory" : "/tmp/e2sar/rgeorge-fio_test-p1r1_RandWH-4K-16-8",
        "direct" : "1",
        "buffered" : "0",
        "rw" : "randrw",
        "rwmixread" : "20",
        "unified_rw_reporting" : "1",
        "randrepeat" : "0",
        "bs" : "4K",
        "size" : "128M",
        "ioengine" : "pvsync",
        "iodepth" : "8",
        "lat_percentiles" : "1"
      },
      "mixed" : {
        "io_bytes" : 12157743104,
        "io_kbytes" : 11872796,
        "bw_bytes" : 202625674,
        "bw" : 197876,
        "iops" : 49469.158847,
        "runtime" : 60001,
        "total_ios" : 2968199,
        "short_ios" : 0,
        "drop_ios" : 0,
        "slat_ns" : {
          "min" : 0,
          "max" : 0,
          "mean" : 0.000000,
          "stddev" : 0.000000,
          "N" : 0
        },
        "clat_ns" : {
          "min" : 136443,
          "max" : 649092237,
          "mean" : 321974.428405,
          "stddev" : 1878028.599977,
          "N" : 2968199,
          "percentile" : {
            "1.000000" : 191488,
            "5.000000" : 207872,
            "10.000000" : 218112,
            "20.000000" : 230400,
            "30.000000" : 242688,
            "40.000000" : 250880,
            "50.000000" : 261120,
            "60.000000" : 272384,
            "70.000000" : 280576,
            "80.000000" : 296960,
            "90.000000" : 325632,
            "95.000000" : 362496,
            "99.000000" : 456704,
            "99.500000" : 522240,
            "99.900000" : 14352384,
            "99.950000" : 31064064,
            "99.990000" : 83361792
          }
        },
        "lat_ns" : {
          "min" : 136483,
          "max" : 649092270,
          "mean" : 322025.138172,
          "stddev" : 1878028.709132,
          "N" : 2968199,
          "percentile" : {
            "1.000000" : 191488,
            "5.000000" : 207872,
            "10.000000" : 218112,
            "20.000000" : 230400,
            "30.000000" : 242688,
            "40.000000" : 250880,
            "50.000000" : 261120,
            "60.000000" : 272384,
            "70.000000" : 280576,
            "80.000000" : 296960,
            "90.000000" : 325632,
            "95.000000" : 362496,
            "99.000000" : 456704,
            "99.500000" : 522240,
            "99.900000" : 14352384,
            "99.950000" : 31064064,
            "99.990000" : 83361792
          }
        },
        "bw_min" : 7984,
        "bw_max" : 251248,
        "bw_agg" : 99.995636,
        "bw_mean" : 197868.974790,
        "bw_dev" : 2411.325946,
        "bw_samples" : 3808,
        "iops_min" : 1996,
        "iops_max" : 62812,
        "iops_mean" : 49467.159664,
        "iops_stddev" : 602.830832,
        "iops_samples" : 3808
      },
      "job_runtime" : 960000,
      "usr_cpu" : 0.648958,
      "sys_cpu" : 1.401354,
      "ctx" : 2968319,
      "majf" : 0,
      "minf" : 305,
      "iodepth_level" : {
        "1" : 100.000000,
        "2" : 0.000000,
        "4" : 0.000000,
        "8" : 0.000000,
        "16" : 0.000000,
        "32" : 0.000000,
        ">=64" : 0.000000
      },
      "iodepth_submit" : {
        "0" : 0.000000,
        "4" : 100.000000,
        "8" : 0.000000,
        "16" : 0.000000,
        "32" : 0.000000,
        "64" : 0.000000,
        ">=64" : 0.000000
      },
      "iodepth_complete" : {
        "0" : 0.000000,
        "4" : 100.000000,
        "8" : 0.000000,
        "16" : 0.000000,
        "32" : 0.000000,
        "64" : 0.000000,
        ">=64" : 0.000000
      },
      "latency_ns" : {
        "2" : 0.000000,
        "4" : 0.000000,
        "10" : 0.000000,
        "20" : 0.000000,
        "50" : 0.000000,
        "100" : 0.000000,
        "250" : 0.000000,
        "500" : 0.000000,
        "750" : 0.000000,
        "1000" : 0.000000
      },
      "latency_us" : {
        "2" : 0.000000,
        "4" : 0.000000,
        "10" : 0.000000,
        "20" : 0.000000,
        "50" : 0.000000,
        "100" : 0.000000,
        "250" : 38.280789,
        "500" : 61.121576,
        "750" : 0.299104,
        "1000" : 0.017822
      },
      "latency_ms" : {
        "2" : 0.029041,
        "4" : 0.042046,
        "10" : 0.080284,
        "20" : 0.054680,
        "50" : 0.044269,
        "100" : 0.026245,
        "250" : 0.010000,
        "500" : 0.010000,
        "750" : 0.010000,
        "1000" : 0.000000,
        "2000" : 0.000000,
        ">=2000" : 0.000000
      },
      "latency_depth" : 8,
      "latency_target" : 0,
      "latency_percentile" : 100.000000,
      "latency_window" : 0
    }
  ]
}
