{
  "fio version" : "fio-3.23",
  "timestamp" : 1756943879,
  "timestamp_ms" : 1756943879622,
  "time" : "Wed Sep  3 23:57:59 2025",
  "jobs" : [
    {
      "jobname" : "RandBal-16K-16-16",
      "groupid" : 0,
      "error" : 0,
      "eta" : 0,
      "elapsed" : 61,
      "job options" : {
        "name" : "RandBal-16K-16-16",
        "numjobs" : "16",
        "runtime" : "60",
        "directory" : "/tmp/e2sar/rgeorge-fio_test-p1r1_RandBal-16K-16-16",
        "direct" : "1",
        "buffered" : "0",
        "rw" : "randrw",
        "unified_rw_reporting" : "1",
        "randrepeat" : "0",
        "bs" : "16K",
        "size" : "128M",
        "ioengine" : "pvsync",
        "iodepth" : "16",
        "lat_percentiles" : "1"
      },
      "mixed" : {
        "io_bytes" : 46836367360,
        "io_kbytes" : 45738640,
        "bw_bytes" : 780580103,
        "bw" : 762285,
        "iops" : 47642.828572,
        "runtime" : 60002,
        "total_ios" : 2858665,
        "short_ios" : 0,
        "drop_ios" : 0,
        "slat_ns" : {
          "min" : 0,
          "max" : 0,
          "mean" : 0.000000,
          "stddev" : 0.000000,
          "N" : 0
        },
        "clat_ns" : {
          "min" : 146458,
          "max" : 867902761,
          "mean" : 333580.922951,
          "stddev" : 1891001.564469,
          "N" : 2858665,
          "percentile" : {
            "1.000000" : 205824,
            "5.000000" : 222208,
            "10.000000" : 232448,
            "20.000000" : 246784,
            "30.000000" : 259072,
            "40.000000" : 268288,
            "50.000000" : 280576,
            "60.000000" : 296960,
            "70.000000" : 313344,
            "80.000000" : 342016,
            "90.000000" : 387072,
            "95.000000" : 432128,
            "99.000000" : 561152,
            "99.500000" : 626688,
            "99.900000" : 6979584,
            "99.950000" : 16187392,
            "99.990000" : 73924608
          }
        },
        "lat_ns" : {
          "min" : 146485,
          "max" : 867902802,
          "mean" : 333627.673384,
          "stddev" : 1891001.567379,
          "N" : 2858665,
          "percentile" : {
            "1.000000" : 205824,
            "5.000000" : 222208,
            "10.000000" : 232448,
            "20.000000" : 246784,
            "30.000000" : 259072,
            "40.000000" : 268288,
            "50.000000" : 280576,
            "60.000000" : 296960,
            "70.000000" : 313344,
            "80.000000" : 342016,
            "90.000000" : 387072,
            "95.000000" : 432128,
            "99.000000" : 561152,
            "99.500000" : 626688,
            "99.900000" : 6979584,
            "99.950000" : 16187392,
            "99.990000" : 73924608
          }
        },
        "bw_min" : 56832,
        "bw_max" : 932128,
        "bw_agg" : 100.000000,
        "bw_mean" : 763027.277026,
        "bw_dev" : 6473.042517,
        "bw_samples" : 3806,
        "iops_min" : 3552,
        "iops_max" : 58258,
        "iops_mean" : 47689.188007,
        "iops_stddev" : 404.565011,
        "iops_samples" : 3806
      },
      "job_runtime" : 960003,
      "usr_cpu" : 0.881560,
      "sys_cpu" : 1.309683,
      "ctx" : 2858794,
      "majf" : 0,
      "minf" : 320,
      "iodepth_level" : {
        "1" : 100.000000,
        "2" : 0.000000,
        "4" : 0.000000,
        "8" : 0.000000,
        "16" : 0.000000,
        "32" : 0.000000,
        ">=64" : 0.000000
      },
      "iodepth_submit" : {
        "0" : 0.000000,
        "4" : 100.000000,
        "8" : 0.000000,
        "16" : 0.000000,
        "32" : 0.000000,
        "64" : 0.000000,
        ">=64" : 0.000000
      },
      "iodepth_complete" : {
        "0" : 0.000000,
        "4" : 100.000000,
        "8" : 0.000000,
        "16" : 0.000000,
        "32" : 0.000000,
        "64" : 0.000000,
        ">=64" : 0.000000
      },
      "latency_ns" : {
        "2" : 0.000000,
        "4" : 0.000000,
        "10" : 0.000000,
        "20" : 0.000000,
        "50" : 0.000000,
        "100" : 0.000000,
        "250" : 0.000000,
        "500" : 0.000000,
        "750" : 0.000000,
        "1000" : 0.000000
      },
      "latency_us" : {
        "2" : 0.000000,
        "4" : 0.000000,
        "10" : 0.000000,
        "20" : 0.000000,
        "50" : 0.000000,
        "100" : 0.000000,
        "250" : 22.680727,
        "500" : 75.225184,
        "750" : 1.821410,
        "1000" : 0.075665
      },
      "latency_ms" : {
        "2" : 0.028090,
        "4" : 0.035331,
        "10" : 0.060063,
        "20" : 0.031343,
        "50" : 0.023333,
        "100" : 0.015042,
        "250" : 0.010000,
        "500" : 0.010000,
        "750" : 0.010000,
        "1000" : 0.010000,
        "2000" : 0.000000,
        ">=2000" : 0.000000
      },
      "latency_depth" : 16,
      "latency_target" : 0,
      "latency_percentile" : 100.000000,
      "latency_window" : 0
    }
  ]
}
