{
  "fio version" : "fio-3.23",
  "timestamp" : 1757194591,
  "timestamp_ms" : 1757194591987,
  "time" : "Sat Sep  6 21:36:31 2025",
  "jobs" : [
    {
      "jobname" : "SeqBal-4K-128-16",
      "groupid" : 0,
      "error" : 0,
      "eta" : 0,
      "elapsed" : 68,
      "job options" : {
        "name" : "SeqBal-4K-128-16",
        "numjobs" : "128",
        "runtime" : "60",
        "directory" : "/tmp/e2sar/rgeorge-fio_test-p4s_SeqBal-4K-128-16",
        "direct" : "1",
        "buffered" : "0",
        "rw" : "rw",
        "unified_rw_reporting" : "1",
        "randrepeat" : "0",
        "bs" : "4K",
        "size" : "128M",
        "ioengine" : "pvsync",
        "iodepth" : "16",
        "lat_percentiles" : "1"
      },
      "mixed" : {
        "io_bytes" : 12908761088,
        "io_kbytes" : 12606212,
        "bw_bytes" : 214848810,
        "bw" : 209813,
        "iops" : 52453.322903,
        "runtime" : 60083,
        "total_ios" : 3151553,
        "short_ios" : 0,
        "drop_ios" : 0,
        "slat_ns" : {
          "min" : 0,
          "max" : 0,
          "mean" : 0.000000,
          "stddev" : 0.000000,
          "N" : 0
        },
        "clat_ns" : {
          "min" : 123962,
          "max" : 980891045,
          "mean" : 2419175.010592,
          "stddev" : 5574475.335421,
          "N" : 3151553,
          "percentile" : {
            "1.000000" : 1335296,
            "5.000000" : 1744896,
            "10.000000" : 1892352,
            "20.000000" : 2023424,
            "30.000000" : 2113536,
            "40.000000" : 2211840,
            "50.000000" : 2277376,
            "60.000000" : 2342912,
            "70.000000" : 2441216,
            "80.000000" : 2539520,
            "90.000000" : 2637824,
            "95.000000" : 2670592,
            "99.000000" : 2834432,
            "99.500000" : 3653632,
            "99.900000" : 41156608,
            "99.950000" : 94896128,
            "99.990000" : 358612992
          }
        },
        "lat_ns" : {
          "min" : 123998,
          "max" : 980891098,
          "mean" : 2419251.274935,
          "stddev" : 5574475.403649,
          "N" : 3151553,
          "percentile" : {
            "1.000000" : 1335296,
            "5.000000" : 1744896,
            "10.000000" : 1892352,
            "20.000000" : 2023424,
            "30.000000" : 2113536,
            "40.000000" : 2211840,
            "50.000000" : 2277376,
            "60.000000" : 2342912,
            "70.000000" : 2441216,
            "80.000000" : 2539520,
            "90.000000" : 2637824,
            "95.000000" : 2670592,
            "99.000000" : 2834432,
            "99.500000" : 3653632,
            "99.900000" : 41156608,
            "99.950000" : 94896128,
            "99.990000" : 358612992
          }
        },
        "bw_min" : 47580,
        "bw_max" : 364360,
        "bw_agg" : 100.000000,
        "bw_mean" : 211518.561148,
        "bw_dev" : 171.804177,
        "bw_samples" : 30260,
        "iops_min" : 11792,
        "iops_max" : 91058,
        "iops_mean" : 52783.695961,
        "iops_stddev" : 42.982933,
        "iops_samples" : 30260
      },
      "job_runtime" : 7680704,
      "usr_cpu" : 0.116955,
      "sys_cpu" : 0.235356,
      "ctx" : 3152508,
      "majf" : 0,
      "minf" : 2533,
      "iodepth_level" : {
        "1" : 100.000000,
        "2" : 0.000000,
        "4" : 0.000000,
        "8" : 0.000000,
        "16" : 0.000000,
        "32" : 0.000000,
        ">=64" : 0.000000
      },
      "iodepth_submit" : {
        "0" : 0.000000,
        "4" : 100.000000,
        "8" : 0.000000,
        "16" : 0.000000,
        "32" : 0.000000,
        "64" : 0.000000,
        ">=64" : 0.000000
      },
      "iodepth_complete" : {
        "0" : 0.000000,
        "4" : 100.000000,
        "8" : 0.000000,
        "16" : 0.000000,
        "32" : 0.000000,
        "64" : 0.000000,
        ">=64" : 0.000000
      },
      "latency_ns" : {
        "2" : 0.000000,
        "4" : 0.000000,
        "10" : 0.000000,
        "20" : 0.000000,
        "50" : 0.000000,
        "100" : 0.000000,
        "250" : 0.000000,
        "500" : 0.000000,
        "750" : 0.000000,
        "1000" : 0.000000
      },
      "latency_us" : {
        "2" : 0.000000,
        "4" : 0.000000,
        "10" : 0.000000,
        "20" : 0.000000,
        "50" : 0.000000,
        "100" : 0.000000,
        "250" : 0.084530,
        "500" : 0.170138,
        "750" : 0.172486,
        "1000" : 0.162840
      },
      "latency_ms" : {
        "2" : 16.645793,
        "4" : 82.298949,
        "10" : 0.242833,
        "20" : 0.079612,
        "50" : 0.053561,
        "100" : 0.048992,
        "250" : 0.025892,
        "500" : 0.013866,
        "750" : 0.010000,
        "1000" : 0.010000,
        "2000" : 0.000000,
        ">=2000" : 0.000000
      },
      "latency_depth" : 16,
      "latency_target" : 0,
      "latency_percentile" : 100.000000,
      "latency_window" : 0
    }
  ]
}
