{
  "fio version" : "fio-3.23",
  "timestamp" : 1757421640,
  "timestamp_ms" : 1757421640649,
  "time" : "Tue Sep  9 12:40:40 2025",
  "jobs" : [
    {
      "jobname" : "SeqR-16K-32-4",
      "groupid" : 0,
      "error" : 0,
      "eta" : 0,
      "elapsed" : 61,
      "job options" : {
        "name" : "SeqR-16K-32-4",
        "rw" : "read",
        "unified_rw_reporting" : "0",
        "bs" : "16K",
        "numjobs" : "32",
        "iodepth" : "4",
        "runtime" : "60",
        "directory" : "/tmp/e2sar/rgeorge-fio_test-m_SeqR-16K-32-4",
        "direct" : "1",
        "buffered" : "0",
        "randrepeat" : "0",
        "size" : "128M",
        "ioengine" : "pvsync",
        "lat_percentiles" : "1"
      },
      "read" : {
        "io_bytes" : 38467174400,
        "io_kbytes" : 37565600,
        "bw_bytes" : 641055467,
        "bw" : 626030,
        "iops" : 39126.920641,
        "runtime" : 60006,
        "total_ios" : 2347850,
        "short_ios" : 0,
        "drop_ios" : 0,
        "slat_ns" : {
          "min" : 0,
          "max" : 0,
          "mean" : 0.000000,
          "stddev" : 0.000000,
          "N" : 0
        },
        "clat_ns" : {
          "min" : 131806,
          "max" : 47022180,
          "mean" : 816531.466824,
          "stddev" : 901129.830951,
          "N" : 2347850,
          "percentile" : {
            "1.000000" : 220160,
            "5.000000" : 261120,
            "10.000000" : 288768,
            "20.000000" : 325632,
            "30.000000" : 354304,
            "40.000000" : 382976,
            "50.000000" : 407552,
            "60.000000" : 440320,
            "70.000000" : 489472,
            "80.000000" : 2056192,
            "90.000000" : 2277376,
            "95.000000" : 2342912,
            "99.000000" : 2539520,
            "99.500000" : 5734400,
            "99.900000" : 8454144,
            "99.950000" : 9764864,
            "99.990000" : 11993088
          }
        },
        "lat_ns" : {
          "min" : 131874,
          "max" : 47022231,
          "mean" : 816573.814854,
          "stddev" : 901131.320704,
          "N" : 2347850,
          "percentile" : {
            "1.000000" : 222208,
            "5.000000" : 261120,
            "10.000000" : 288768,
            "20.000000" : 325632,
            "30.000000" : 354304,
            "40.000000" : 382976,
            "50.000000" : 407552,
            "60.000000" : 440320,
            "70.000000" : 489472,
            "80.000000" : 2056192,
            "90.000000" : 2277376,
            "95.000000" : 2342912,
            "99.000000" : 2539520,
            "99.500000" : 5734400,
            "99.900000" : 8454144,
            "99.950000" : 9764864,
            "99.990000" : 11993088
          }
        },
        "bw_min" : 497409,
        "bw_max" : 762816,
        "bw_agg" : 100.000000,
        "bw_mean" : 626898.226891,
        "bw_dev" : 1602.050294,
        "bw_samples" : 3808,
        "iops_min" : 31088,
        "iops_max" : 47678,
        "iops_mean" : 39181.126050,
        "iops_stddev" : 100.130847,
        "iops_samples" : 3808
      },
      "write" : {
        "io_bytes" : 0,
        "io_kbytes" : 0,
        "bw_bytes" : 0,
        "bw" : 0,
        "iops" : 0.000000,
        "runtime" : 0,
        "total_ios" : 0,
        "short_ios" : 0,
        "drop_ios" : 0,
        "slat_ns" : {
          "min" : 0,
          "max" : 0,
          "mean" : 0.000000,
          "stddev" : 0.000000,
          "N" : 0
        },
        "clat_ns" : {
          "min" : 0,
          "max" : 0,
          "mean" : 0.000000,
          "stddev" : 0.000000,
          "N" : 0
        },
        "lat_ns" : {
          "min" : 0,
          "max" : 0,
          "mean" : 0.000000,
          "stddev" : 0.000000,
          "N" : 0
        },
        "bw_min" : 0,
        "bw_max" : 0,
        "bw_agg" : 0.000000,
        "bw_mean" : 0.000000,
        "bw_dev" : 0.000000,
        "bw_samples" : 0,
        "iops_min" : 0,
        "iops_max" : 0,
        "iops_mean" : 0.000000,
        "iops_stddev" : 0.000000,
        "iops_samples" : 0
      },
      "trim" : {
        "io_bytes" : 0,
        "io_kbytes" : 0,
        "bw_bytes" : 0,
        "bw" : 0,
        "iops" : 0.000000,
        "runtime" : 0,
        "total_ios" : 0,
        "short_ios" : 0,
        "drop_ios" : 0,
        "slat_ns" : {
          "min" : 0,
          "max" : 0,
          "mean" : 0.000000,
          "stddev" : 0.000000,
          "N" : 0
        },
        "clat_ns" : {
          "min" : 0,
          "max" : 0,
          "mean" : 0.000000,
          "stddev" : 0.000000,
          "N" : 0
        },
        "lat_ns" : {
          "min" : 0,
          "max" : 0,
          "mean" : 0.000000,
          "stddev" : 0.000000,
          "N" : 0
        },
        "bw_min" : 0,
        "bw_max" : 0,
        "bw_agg" : 0.000000,
        "bw_mean" : 0.000000,
        "bw_dev" : 0.000000,
        "bw_samples" : 0,
        "iops_min" : 0,
        "iops_max" : 0,
        "iops_mean" : 0.000000,
        "iops_stddev" : 0.000000,
        "iops_samples" : 0
      },
      "sync" : {
        "total_ios" : 0,
        "lat_ns" : {
          "min" : 0,
          "max" : 0,
          "mean" : 0.000000,
          "stddev" : 0.000000,
          "N" : 0
        }
      },
      "job_runtime" : 1920035,
      "usr_cpu" : 0.172861,
      "sys_cpu" : 0.675821,
      "ctx" : 2348094,
      "majf" : 1,
      "minf" : 601,
      "iodepth_level" : {
        "1" : 100.000000,
        "2" : 0.000000,
        "4" : 0.000000,
        "8" : 0.000000,
        "16" : 0.000000,
        "32" : 0.000000,
        ">=64" : 0.000000
      },
      "iodepth_submit" : {
        "0" : 0.000000,
        "4" : 100.000000,
        "8" : 0.000000,
        "16" : 0.000000,
        "32" : 0.000000,
        "64" : 0.000000,
        ">=64" : 0.000000
      },
      "iodepth_complete" : {
        "0" : 0.000000,
        "4" : 100.000000,
        "8" : 0.000000,
        "16" : 0.000000,
        "32" : 0.000000,
        "64" : 0.000000,
        ">=64" : 0.000000
      },
      "latency_ns" : {
        "2" : 0.000000,
        "4" : 0.000000,
        "10" : 0.000000,
        "20" : 0.000000,
        "50" : 0.000000,
        "100" : 0.000000,
        "250" : 0.000000,
        "500" : 0.000000,
        "750" : 0.000000,
        "1000" : 0.000000
      },
      "latency_us" : {
        "2" : 0.000000,
        "4" : 0.000000,
        "10" : 0.000000,
        "20" : 0.000000,
        "50" : 0.000000,
        "100" : 0.000000,
        "250" : 3.476116,
        "500" : 67.834657,
        "750" : 6.618183,
        "1000" : 0.233192
      },
      "latency_ms" : {
        "2" : 1.279639,
        "4" : 19.942160,
        "10" : 0.592883,
        "20" : 0.022872,
        "50" : 0.010000,
        "100" : 0.000000,
        "250" : 0.000000,
        "500" : 0.000000,
        "750" : 0.000000,
        "1000" : 0.000000,
        "2000" : 0.000000,
        ">=2000" : 0.000000
      },
      "latency_depth" : 4,
      "latency_target" : 0,
      "latency_percentile" : 100.000000,
      "latency_window" : 0
    }
  ]
}
