{
  "fio version" : "fio-3.23",
  "timestamp" : 1757364614,
  "timestamp_ms" : 1757364614951,
  "time" : "Mon Sep  8 20:50:14 2025",
  "jobs" : [
    {
      "jobname" : "28",
      "groupid" : 0,
      "error" : 0,
      "eta" : 0,
      "elapsed" : 61,
      "job options" : {
        "name" : "28",
        "rw" : "write",
        "unified_rw_reporting" : "0",
        "bs" : "4K",
        "numjobs" : "16",
        "iodepth" : "4",
        "runtime" : "60",
        "directory" : "/tmp/e2sar/rgeorge-fio_test-m_28",
        "direct" : "1",
        "buffered" : "0",
        "randrepeat" : "0",
        "size" : "128M",
        "ioengine" : "pvsync",
        "lat_percentiles" : "1"
      },
      "read" : {
        "io_bytes" : 0,
        "io_kbytes" : 0,
        "bw_bytes" : 0,
        "bw" : 0,
        "iops" : 0.000000,
        "runtime" : 0,
        "total_ios" : 0,
        "short_ios" : 0,
        "drop_ios" : 0,
        "slat_ns" : {
          "min" : 0,
          "max" : 0,
          "mean" : 0.000000,
          "stddev" : 0.000000,
          "N" : 0
        },
        "clat_ns" : {
          "min" : 0,
          "max" : 0,
          "mean" : 0.000000,
          "stddev" : 0.000000,
          "N" : 0
        },
        "lat_ns" : {
          "min" : 0,
          "max" : 0,
          "mean" : 0.000000,
          "stddev" : 0.000000,
          "N" : 0
        },
        "bw_min" : 0,
        "bw_max" : 0,
        "bw_agg" : 0.000000,
        "bw_mean" : 0.000000,
        "bw_dev" : 0.000000,
        "bw_samples" : 0,
        "iops_min" : 0,
        "iops_max" : 0,
        "iops_mean" : 0.000000,
        "iops_stddev" : 0.000000,
        "iops_samples" : 0
      },
      "write" : {
        "io_bytes" : 15893721088,
        "io_kbytes" : 15521212,
        "bw_bytes" : 264890936,
        "bw" : 258682,
        "iops" : 64670.638823,
        "runtime" : 60001,
        "total_ios" : 3880303,
        "short_ios" : 0,
        "drop_ios" : 0,
        "slat_ns" : {
          "min" : 0,
          "max" : 0,
          "mean" : 0.000000,
          "stddev" : 0.000000,
          "N" : 0
        },
        "clat_ns" : {
          "min" : 119865,
          "max" : 33512336,
          "mean" : 245944.741173,
          "stddev" : 107021.862748,
          "N" : 3880303,
          "percentile" : {
            "1.000000" : 150528,
            "5.000000" : 191488,
            "10.000000" : 207872,
            "20.000000" : 220160,
            "30.000000" : 228352,
            "40.000000" : 234496,
            "50.000000" : 240640,
            "60.000000" : 246784,
            "70.000000" : 252928,
            "80.000000" : 261120,
            "90.000000" : 280576,
            "95.000000" : 325632,
            "99.000000" : 382976,
            "99.500000" : 407552,
            "99.900000" : 684032,
            "99.950000" : 2072576,
            "99.990000" : 2703360
          }
        },
        "lat_ns" : {
          "min" : 119903,
          "max" : 33512420,
          "mean" : 246031.142981,
          "stddev" : 107021.932959,
          "N" : 3880303,
          "percentile" : {
            "1.000000" : 152576,
            "5.000000" : 191488,
            "10.000000" : 207872,
            "20.000000" : 220160,
            "30.000000" : 228352,
            "40.000000" : 234496,
            "50.000000" : 240640,
            "60.000000" : 246784,
            "70.000000" : 252928,
            "80.000000" : 261120,
            "90.000000" : 280576,
            "95.000000" : 325632,
            "99.000000" : 382976,
            "99.500000" : 407552,
            "99.900000" : 684032,
            "99.950000" : 2072576,
            "99.990000" : 2703360
          }
        },
        "bw_min" : 224434,
        "bw_max" : 268104,
        "bw_agg" : 100.000000,
        "bw_mean" : 258989.260504,
        "bw_dev" : 339.043299,
        "bw_samples" : 1904,
        "iops_min" : 56107,
        "iops_max" : 67026,
        "iops_mean" : 64747.302521,
        "iops_stddev" : 84.766181,
        "iops_samples" : 1904
      },
      "trim" : {
        "io_bytes" : 0,
        "io_kbytes" : 0,
        "bw_bytes" : 0,
        "bw" : 0,
        "iops" : 0.000000,
        "runtime" : 0,
        "total_ios" : 0,
        "short_ios" : 0,
        "drop_ios" : 0,
        "slat_ns" : {
          "min" : 0,
          "max" : 0,
          "mean" : 0.000000,
          "stddev" : 0.000000,
          "N" : 0
        },
        "clat_ns" : {
          "min" : 0,
          "max" : 0,
          "mean" : 0.000000,
          "stddev" : 0.000000,
          "N" : 0
        },
        "lat_ns" : {
          "min" : 0,
          "max" : 0,
          "mean" : 0.000000,
          "stddev" : 0.000000,
          "N" : 0
        },
        "bw_min" : 0,
        "bw_max" : 0,
        "bw_agg" : 0.000000,
        "bw_mean" : 0.000000,
        "bw_dev" : 0.000000,
        "bw_samples" : 0,
        "iops_min" : 0,
        "iops_max" : 0,
        "iops_mean" : 0.000000,
        "iops_stddev" : 0.000000,
        "iops_samples" : 0
      },
      "sync" : {
        "total_ios" : 0,
        "lat_ns" : {
          "min" : 0,
          "max" : 0,
          "mean" : 0.000000,
          "stddev" : 0.000000,
          "N" : 0
        }
      },
      "job_runtime" : 960000,
      "usr_cpu" : 1.024375,
      "sys_cpu" : 2.397708,
      "ctx" : 3880423,
      "majf" : 0,
      "minf" : 194,
      "iodepth_level" : {
        "1" : 100.000000,
        "2" : 0.000000,
        "4" : 0.000000,
        "8" : 0.000000,
        "16" : 0.000000,
        "32" : 0.000000,
        ">=64" : 0.000000
      },
      "iodepth_submit" : {
        "0" : 0.000000,
        "4" : 100.000000,
        "8" : 0.000000,
        "16" : 0.000000,
        "32" : 0.000000,
        "64" : 0.000000,
        ">=64" : 0.000000
      },
      "iodepth_complete" : {
        "0" : 0.000000,
        "4" : 100.000000,
        "8" : 0.000000,
        "16" : 0.000000,
        "32" : 0.000000,
        "64" : 0.000000,
        ">=64" : 0.000000
      },
      "latency_ns" : {
        "2" : 0.000000,
        "4" : 0.000000,
        "10" : 0.000000,
        "20" : 0.000000,
        "50" : 0.000000,
        "100" : 0.000000,
        "250" : 0.000000,
        "500" : 0.000000,
        "750" : 0.000000,
        "1000" : 0.000000
      },
      "latency_us" : {
        "2" : 0.000000,
        "4" : 0.000000,
        "10" : 0.000000,
        "20" : 0.000000,
        "50" : 0.000000,
        "100" : 0.000000,
        "250" : 65.922172,
        "500" : 33.928923,
        "750" : 0.056722,
        "1000" : 0.013968
      },
      "latency_ms" : {
        "2" : 0.012551,
        "4" : 0.062804,
        "10" : 0.010000,
        "20" : 0.010000,
        "50" : 0.010000,
        "100" : 0.000000,
        "250" : 0.000000,
        "500" : 0.000000,
        "750" : 0.000000,
        "1000" : 0.000000,
        "2000" : 0.000000,
        ">=2000" : 0.000000
      },
      "latency_depth" : 4,
      "latency_target" : 0,
      "latency_percentile" : 100.000000,
      "latency_window" : 0
    }
  ]
}
