{
  "fio version" : "fio-3.23",
  "timestamp" : 1757420922,
  "timestamp_ms" : 1757420922228,
  "time" : "Tue Sep  9 12:28:42 2025",
  "jobs" : [
    {
      "jobname" : "RandW-4K-64-128",
      "groupid" : 0,
      "error" : 0,
      "eta" : 0,
      "elapsed" : 62,
      "job options" : {
        "name" : "RandW-4K-64-128",
        "rw" : "randwrite",
        "unified_rw_reporting" : "0",
        "bs" : "4K",
        "numjobs" : "64",
        "iodepth" : "128",
        "runtime" : "60",
        "directory" : "/tmp/e2sar/rgeorge-fio_test-m_RandW-4K-64-128",
        "direct" : "1",
        "buffered" : "0",
        "randrepeat" : "0",
        "size" : "128M",
        "ioengine" : "pvsync",
        "lat_percentiles" : "1"
      },
      "read" : {
        "io_bytes" : 0,
        "io_kbytes" : 0,
        "bw_bytes" : 0,
        "bw" : 0,
        "iops" : 0.000000,
        "runtime" : 0,
        "total_ios" : 0,
        "short_ios" : 0,
        "drop_ios" : 0,
        "slat_ns" : {
          "min" : 0,
          "max" : 0,
          "mean" : 0.000000,
          "stddev" : 0.000000,
          "N" : 0
        },
        "clat_ns" : {
          "min" : 0,
          "max" : 0,
          "mean" : 0.000000,
          "stddev" : 0.000000,
          "N" : 0
        },
        "lat_ns" : {
          "min" : 0,
          "max" : 0,
          "mean" : 0.000000,
          "stddev" : 0.000000,
          "N" : 0
        },
        "bw_min" : 0,
        "bw_max" : 0,
        "bw_agg" : 0.000000,
        "bw_mean" : 0.000000,
        "bw_dev" : 0.000000,
        "bw_samples" : 0,
        "iops_min" : 0,
        "iops_max" : 0,
        "iops_mean" : 0.000000,
        "iops_stddev" : 0.000000,
        "iops_samples" : 0
      },
      "write" : {
        "io_bytes" : 16287133696,
        "io_kbytes" : 15905404,
        "bw_bytes" : 271411516,
        "bw" : 265050,
        "iops" : 66262.577280,
        "runtime" : 60009,
        "total_ios" : 3976351,
        "short_ios" : 0,
        "drop_ios" : 0,
        "slat_ns" : {
          "min" : 0,
          "max" : 0,
          "mean" : 0.000000,
          "stddev" : 0.000000,
          "N" : 0
        },
        "clat_ns" : {
          "min" : 138668,
          "max" : 113644319,
          "mean" : 957540.901139,
          "stddev" : 1224205.608612,
          "N" : 3976351,
          "percentile" : {
            "1.000000" : 187392,
            "5.000000" : 203776,
            "10.000000" : 218112,
            "20.000000" : 240640,
            "30.000000" : 264192,
            "40.000000" : 292864,
            "50.000000" : 329728,
            "60.000000" : 1236992,
            "70.000000" : 1499136,
            "80.000000" : 1679360,
            "90.000000" : 1859584,
            "95.000000" : 2637824,
            "99.000000" : 5275648,
            "99.500000" : 6258688,
            "99.900000" : 9895936,
            "99.950000" : 12779520,
            "99.990000" : 36438016
          }
        },
        "lat_ns" : {
          "min" : 138710,
          "max" : 113644369,
          "mean" : 957600.979886,
          "stddev" : 1224205.710918,
          "N" : 3976351,
          "percentile" : {
            "1.000000" : 187392,
            "5.000000" : 203776,
            "10.000000" : 218112,
            "20.000000" : 240640,
            "30.000000" : 264192,
            "40.000000" : 292864,
            "50.000000" : 329728,
            "60.000000" : 1236992,
            "70.000000" : 1499136,
            "80.000000" : 1679360,
            "90.000000" : 1859584,
            "95.000000" : 2637824,
            "99.000000" : 5275648,
            "99.500000" : 6258688,
            "99.900000" : 9895936,
            "99.950000" : 12779520,
            "99.990000" : 36438016
          }
        },
        "bw_min" : 138268,
        "bw_max" : 307532,
        "bw_agg" : 100.000000,
        "bw_mean" : 266299.385059,
        "bw_dev" : 336.870976,
        "bw_samples" : 7591,
        "iops_min" : 34559,
        "iops_max" : 76853,
        "iops_mean" : 66543.241419,
        "iops_stddev" : 84.058400,
        "iops_samples" : 7591
      },
      "trim" : {
        "io_bytes" : 0,
        "io_kbytes" : 0,
        "bw_bytes" : 0,
        "bw" : 0,
        "iops" : 0.000000,
        "runtime" : 0,
        "total_ios" : 0,
        "short_ios" : 0,
        "drop_ios" : 0,
        "slat_ns" : {
          "min" : 0,
          "max" : 0,
          "mean" : 0.000000,
          "stddev" : 0.000000,
          "N" : 0
        },
        "clat_ns" : {
          "min" : 0,
          "max" : 0,
          "mean" : 0.000000,
          "stddev" : 0.000000,
          "N" : 0
        },
        "lat_ns" : {
          "min" : 0,
          "max" : 0,
          "mean" : 0.000000,
          "stddev" : 0.000000,
          "N" : 0
        },
        "bw_min" : 0,
        "bw_max" : 0,
        "bw_agg" : 0.000000,
        "bw_mean" : 0.000000,
        "bw_dev" : 0.000000,
        "bw_samples" : 0,
        "iops_min" : 0,
        "iops_max" : 0,
        "iops_mean" : 0.000000,
        "iops_stddev" : 0.000000,
        "iops_samples" : 0
      },
      "sync" : {
        "total_ios" : 0,
        "lat_ns" : {
          "min" : 0,
          "max" : 0,
          "mean" : 0.000000,
          "stddev" : 0.000000,
          "N" : 0
        }
      },
      "job_runtime" : 3840055,
      "usr_cpu" : 0.284111,
      "sys_cpu" : 0.468769,
      "ctx" : 3976825,
      "majf" : 0,
      "minf" : 733,
      "iodepth_level" : {
        "1" : 100.000000,
        "2" : 0.000000,
        "4" : 0.000000,
        "8" : 0.000000,
        "16" : 0.000000,
        "32" : 0.000000,
        ">=64" : 0.000000
      },
      "iodepth_submit" : {
        "0" : 0.000000,
        "4" : 100.000000,
        "8" : 0.000000,
        "16" : 0.000000,
        "32" : 0.000000,
        "64" : 0.000000,
        ">=64" : 0.000000
      },
      "iodepth_complete" : {
        "0" : 0.000000,
        "4" : 100.000000,
        "8" : 0.000000,
        "16" : 0.000000,
        "32" : 0.000000,
        "64" : 0.000000,
        ">=64" : 0.000000
      },
      "latency_ns" : {
        "2" : 0.000000,
        "4" : 0.000000,
        "10" : 0.000000,
        "20" : 0.000000,
        "50" : 0.000000,
        "100" : 0.000000,
        "250" : 0.000000,
        "500" : 0.000000,
        "750" : 0.000000,
        "1000" : 0.000000
      },
      "latency_us" : {
        "2" : 0.000000,
        "4" : 0.000000,
        "10" : 0.000000,
        "20" : 0.000000,
        "50" : 0.000000,
        "100" : 0.000000,
        "250" : 23.772122,
        "500" : 35.362748,
        "750" : 0.384322,
        "1000" : 0.242685
      },
      "latency_ms" : {
        "2" : 32.865635,
        "4" : 5.763098,
        "10" : 1.514932,
        "20" : 0.068279,
        "50" : 0.021804,
        "100" : 0.010000,
        "250" : 0.010000,
        "500" : 0.000000,
        "750" : 0.000000,
        "1000" : 0.000000,
        "2000" : 0.000000,
        ">=2000" : 0.000000
      },
      "latency_depth" : 128,
      "latency_target" : 0,
      "latency_percentile" : 100.000000,
      "latency_window" : 0
    }
  ]
}
