{
  "fio version" : "fio-3.23",
  "timestamp" : 1756940077,
  "timestamp_ms" : 1756940077913,
  "time" : "Wed Sep  3 22:54:37 2025",
  "jobs" : [
    {
      "jobname" : "RandRH-4M-16-1",
      "groupid" : 0,
      "error" : 0,
      "eta" : 0,
      "elapsed" : 61,
      "job options" : {
        "name" : "RandRH-4M-16-1",
        "numjobs" : "16",
        "runtime" : "60",
        "directory" : "/tmp/e2sar/rgeorge-fio_test-p1r1_RandRH-4M-16-1",
        "direct" : "1",
        "buffered" : "0",
        "rw" : "randrw",
        "rwmixread" : "80",
        "unified_rw_reporting" : "1",
        "randrepeat" : "0",
        "bs" : "4M",
        "size" : "128M",
        "ioengine" : "pvsync",
        "iodepth" : "1",
        "lat_percentiles" : "1"
      },
      "mixed" : {
        "io_bytes" : 195714613248,
        "io_kbytes" : 191127552,
        "bw_bytes" : 3261094947,
        "bw" : 3184663,
        "iops" : 777.505624,
        "runtime" : 60015,
        "total_ios" : 46662,
        "short_ios" : 0,
        "drop_ios" : 0,
        "slat_ns" : {
          "min" : 0,
          "max" : 0,
          "mean" : 0.000000,
          "stddev" : 0.000000,
          "N" : 0
        },
        "clat_ns" : {
          "min" : 2520969,
          "max" : 897649056,
          "mean" : 20428498.495950,
          "stddev" : 19759889.280196,
          "N" : 46662,
          "percentile" : {
            "1.000000" : 5079040,
            "5.000000" : 12517376,
            "10.000000" : 15138816,
            "20.000000" : 16580608,
            "30.000000" : 17432576,
            "40.000000" : 17956864,
            "50.000000" : 18481152,
            "60.000000" : 19005440,
            "70.000000" : 19267584,
            "80.000000" : 19791872,
            "90.000000" : 20578304,
            "95.000000" : 21889024,
            "99.000000" : 107479040,
            "99.500000" : 147849216,
            "99.900000" : 278921216,
            "99.950000" : 329252864,
            "99.990000" : 616562688
          }
        },
        "lat_ns" : {
          "min" : 2521026,
          "max" : 897649689,
          "mean" : 20428632.267927,
          "stddev" : 19759898.023948,
          "N" : 46662,
          "percentile" : {
            "1.000000" : 5079040,
            "5.000000" : 12517376,
            "10.000000" : 15138816,
            "20.000000" : 16580608,
            "30.000000" : 17432576,
            "40.000000" : 17956864,
            "50.000000" : 18481152,
            "60.000000" : 19005440,
            "70.000000" : 19267584,
            "80.000000" : 19791872,
            "90.000000" : 20578304,
            "95.000000" : 21889024,
            "99.000000" : 107479040,
            "99.500000" : 147849216,
            "99.900000" : 278921216,
            "99.950000" : 329252864,
            "99.990000" : 616562688
          }
        },
        "bw_min" : 409583,
        "bw_max" : 7298695,
        "bw_agg" : 100.000000,
        "bw_mean" : 3207420.958055,
        "bw_dev" : 36608.624588,
        "bw_samples" : 3757,
        "iops_min" : 99,
        "iops_max" : 1780,
        "iops_mean" : 778.770308,
        "iops_stddev" : 8.908204,
        "iops_samples" : 3757
      },
      "job_runtime" : 960138,
      "usr_cpu" : 0.656260,
      "sys_cpu" : 0.380362,
      "ctx" : 186761,
      "majf" : 0,
      "minf" : 270,
      "iodepth_level" : {
        "1" : 100.000000,
        "2" : 0.000000,
        "4" : 0.000000,
        "8" : 0.000000,
        "16" : 0.000000,
        "32" : 0.000000,
        ">=64" : 0.000000
      },
      "iodepth_submit" : {
        "0" : 0.000000,
        "4" : 100.000000,
        "8" : 0.000000,
        "16" : 0.000000,
        "32" : 0.000000,
        "64" : 0.000000,
        ">=64" : 0.000000
      },
      "iodepth_complete" : {
        "0" : 0.000000,
        "4" : 100.000000,
        "8" : 0.000000,
        "16" : 0.000000,
        "32" : 0.000000,
        "64" : 0.000000,
        ">=64" : 0.000000
      },
      "latency_ns" : {
        "2" : 0.000000,
        "4" : 0.000000,
        "10" : 0.000000,
        "20" : 0.000000,
        "50" : 0.000000,
        "100" : 0.000000,
        "250" : 0.000000,
        "500" : 0.000000,
        "750" : 0.000000,
        "1000" : 0.000000
      },
      "latency_us" : {
        "2" : 0.000000,
        "4" : 0.000000,
        "10" : 0.000000,
        "20" : 0.000000,
        "50" : 0.000000,
        "100" : 0.000000,
        "250" : 0.000000,
        "500" : 0.000000,
        "750" : 0.000000,
        "1000" : 0.000000
      },
      "latency_ms" : {
        "2" : 0.000000,
        "4" : 0.542197,
        "10" : 2.899576,
        "20" : 78.363551,
        "50" : 15.869444,
        "100" : 1.178689,
        "250" : 1.000814,
        "500" : 0.132870,
        "750" : 0.010000,
        "1000" : 0.010000,
        "2000" : 0.000000,
        ">=2000" : 0.000000
      },
      "latency_depth" : 1,
      "latency_target" : 0,
      "latency_percentile" : 100.000000,
      "latency_window" : 0
    }
  ]
}
