{
  "fio version" : "fio-3.23",
  "timestamp" : 1756944677,
  "timestamp_ms" : 1756944677610,
  "time" : "Thu Sep  4 00:11:17 2025",
  "jobs" : [
    {
      "jobname" : "RandWH-2M-16-16",
      "groupid" : 0,
      "error" : 0,
      "eta" : 0,
      "elapsed" : 61,
      "job options" : {
        "name" : "RandWH-2M-16-16",
        "numjobs" : "16",
        "runtime" : "60",
        "directory" : "/tmp/e2sar/rgeorge-fio_test-p1r1_RandWH-2M-16-16",
        "direct" : "1",
        "buffered" : "0",
        "rw" : "randrw",
        "rwmixread" : "20",
        "unified_rw_reporting" : "1",
        "randrepeat" : "0",
        "bs" : "2M",
        "size" : "128M",
        "ioengine" : "pvsync",
        "iodepth" : "16",
        "lat_percentiles" : "1"
      },
      "mixed" : {
        "io_bytes" : 375350362112,
        "io_kbytes" : 366553088,
        "bw_bytes" : 6254484230,
        "bw" : 6107894,
        "iops" : 2982.370486,
        "runtime" : 60013,
        "total_ios" : 178981,
        "short_ios" : 0,
        "drop_ios" : 0,
        "slat_ns" : {
          "min" : 0,
          "max" : 0,
          "mean" : 0.000000,
          "stddev" : 0.000000,
          "N" : 0
        },
        "clat_ns" : {
          "min" : 1384061,
          "max" : 451247963,
          "mean" : 4983857.503484,
          "stddev" : 7409517.251205,
          "N" : 178981,
          "percentile" : {
            "1.000000" : 2310144,
            "5.000000" : 2637824,
            "10.000000" : 2867200,
            "20.000000" : 3194880,
            "30.000000" : 3457024,
            "40.000000" : 3686400,
            "50.000000" : 3948544,
            "60.000000" : 4227072,
            "70.000000" : 4554752,
            "80.000000" : 5013504,
            "90.000000" : 6193152,
            "95.000000" : 9502720,
            "99.000000" : 22937600,
            "99.500000" : 36962304,
            "99.900000" : 107479040,
            "99.950000" : 141557760,
            "99.990000" : 274726912
          }
        },
        "lat_ns" : {
          "min" : 1384089,
          "max" : 451248191,
          "mean" : 4983986.597946,
          "stddev" : 7409522.823264,
          "N" : 178981,
          "percentile" : {
            "1.000000" : 2310144,
            "5.000000" : 2637824,
            "10.000000" : 2867200,
            "20.000000" : 3194880,
            "30.000000" : 3457024,
            "40.000000" : 3686400,
            "50.000000" : 3948544,
            "60.000000" : 4227072,
            "70.000000" : 4554752,
            "80.000000" : 5013504,
            "90.000000" : 6193152,
            "95.000000" : 9502720,
            "99.000000" : 22937600,
            "99.500000" : 36962304,
            "99.900000" : 107479040,
            "99.950000" : 141557760,
            "99.990000" : 274726912
          }
        },
        "bw_min" : 544768,
        "bw_max" : 8470528,
        "bw_agg" : 100.000000,
        "bw_mean" : 6168456.090257,
        "bw_dev" : 58136.067866,
        "bw_samples" : 3776,
        "iops_min" : 266,
        "iops_max" : 4136,
        "iops_mean" : 3008.353365,
        "iops_stddev" : 28.415474,
        "iops_samples" : 3776
      },
      "job_runtime" : 960051,
      "usr_cpu" : 6.228836,
      "sys_cpu" : 0.423519,
      "ctx" : 358107,
      "majf" : 0,
      "minf" : 263,
      "iodepth_level" : {
        "1" : 100.000000,
        "2" : 0.000000,
        "4" : 0.000000,
        "8" : 0.000000,
        "16" : 0.000000,
        "32" : 0.000000,
        ">=64" : 0.000000
      },
      "iodepth_submit" : {
        "0" : 0.000000,
        "4" : 100.000000,
        "8" : 0.000000,
        "16" : 0.000000,
        "32" : 0.000000,
        "64" : 0.000000,
        ">=64" : 0.000000
      },
      "iodepth_complete" : {
        "0" : 0.000000,
        "4" : 100.000000,
        "8" : 0.000000,
        "16" : 0.000000,
        "32" : 0.000000,
        "64" : 0.000000,
        ">=64" : 0.000000
      },
      "latency_ns" : {
        "2" : 0.000000,
        "4" : 0.000000,
        "10" : 0.000000,
        "20" : 0.000000,
        "50" : 0.000000,
        "100" : 0.000000,
        "250" : 0.000000,
        "500" : 0.000000,
        "750" : 0.000000,
        "1000" : 0.000000
      },
      "latency_us" : {
        "2" : 0.000000,
        "4" : 0.000000,
        "10" : 0.000000,
        "20" : 0.000000,
        "50" : 0.000000,
        "100" : 0.000000,
        "250" : 0.000000,
        "500" : 0.000000,
        "750" : 0.000000,
        "1000" : 0.000000
      },
      "latency_ms" : {
        "2" : 0.094423,
        "4" : 52.282645,
        "10" : 43.007917,
        "20" : 3.355663,
        "50" : 0.923562,
        "100" : 0.221811,
        "250" : 0.098893,
        "500" : 0.015085,
        "750" : 0.000000,
        "1000" : 0.000000,
        "2000" : 0.000000,
        ">=2000" : 0.000000
      },
      "latency_depth" : 16,
      "latency_target" : 0,
      "latency_percentile" : 100.000000,
      "latency_window" : 0
    }
  ]
}
