{
  "fio version" : "fio-3.23",
  "timestamp" : 1757465145,
  "timestamp_ms" : 1757465145903,
  "time" : "Wed Sep 10 00:45:45 2025",
  "jobs" : [
    {
      "jobname" : "RandRH-2M-64-64",
      "groupid" : 0,
      "error" : 0,
      "eta" : 0,
      "elapsed" : 61,
      "job options" : {
        "name" : "RandRH-2M-64-64",
        "rw" : "randrw",
        "rwmixread" : "80",
        "unified_rw_reporting" : "1",
        "bs" : "2M",
        "numjobs" : "64",
        "iodepth" : "64",
        "runtime" : "60",
        "directory" : "/tmp/e2sar/rgeorge-fio_test-m_RandRH-2M-64-64",
        "direct" : "1",
        "buffered" : "0",
        "randrepeat" : "0",
        "size" : "128M",
        "ioengine" : "pvsync",
        "lat_percentiles" : "1"
      },
      "mixed" : {
        "io_bytes" : 145187930112,
        "io_kbytes" : 141785088,
        "bw_bytes" : 2417784015,
        "bw" : 2361117,
        "iops" : 1152.889259,
        "runtime" : 60050,
        "total_ios" : 69231,
        "short_ios" : 0,
        "drop_ios" : 0,
        "slat_ns" : {
          "min" : 0,
          "max" : 0,
          "mean" : 0.000000,
          "stddev" : 0.000000,
          "N" : 0
        },
        "clat_ns" : {
          "min" : 1321579,
          "max" : 232005234,
          "mean" : 55321827.732302,
          "stddev" : 8370135.258443,
          "N" : 69231,
          "percentile" : {
            "1.000000" : 43778048,
            "5.000000" : 48496640,
            "10.000000" : 50593792,
            "20.000000" : 52166656,
            "30.000000" : 53215232,
            "40.000000" : 54263808,
            "50.000000" : 54788096,
            "60.000000" : 55836672,
            "70.000000" : 56360960,
            "80.000000" : 57409536,
            "90.000000" : 58982400,
            "95.000000" : 60030976,
            "99.000000" : 87556096,
            "99.500000" : 119013376,
            "99.900000" : 154140672,
            "99.950000" : 166723584,
            "99.990000" : 189792256
          }
        },
        "lat_ns" : {
          "min" : 1321678,
          "max" : 232005412,
          "mean" : 55321985.581228,
          "stddev" : 8370124.727355,
          "N" : 69231,
          "percentile" : {
            "1.000000" : 43778048,
            "5.000000" : 48496640,
            "10.000000" : 50593792,
            "20.000000" : 52166656,
            "30.000000" : 53215232,
            "40.000000" : 54263808,
            "50.000000" : 54788096,
            "60.000000" : 55836672,
            "70.000000" : 56360960,
            "80.000000" : 57409536,
            "90.000000" : 58982400,
            "95.000000" : 60030976,
            "99.000000" : 87556096,
            "99.500000" : 119013376,
            "99.900000" : 154140672,
            "99.950000" : 166723584,
            "99.990000" : 189792256
          }
        },
        "bw_min" : 1195360,
        "bw_max" : 4198138,
        "bw_agg" : 100.000000,
        "bw_mean" : 2438268.556162,
        "bw_dev" : 4859.442473,
        "bw_samples" : 14176,
        "iops_min" : 520,
        "iops_max" : 2047,
        "iops_mean" : 1182.996643,
        "iops_stddev" : 2.382703,
        "iops_samples" : 14176
      },
      "job_runtime" : 3841034,
      "usr_cpu" : 0.155531,
      "sys_cpu" : 0.084118,
      "ctx" : 138914,
      "majf" : 0,
      "minf" : 868,
      "iodepth_level" : {
        "1" : 100.000000,
        "2" : 0.000000,
        "4" : 0.000000,
        "8" : 0.000000,
        "16" : 0.000000,
        "32" : 0.000000,
        ">=64" : 0.000000
      },
      "iodepth_submit" : {
        "0" : 0.000000,
        "4" : 100.000000,
        "8" : 0.000000,
        "16" : 0.000000,
        "32" : 0.000000,
        "64" : 0.000000,
        ">=64" : 0.000000
      },
      "iodepth_complete" : {
        "0" : 0.000000,
        "4" : 100.000000,
        "8" : 0.000000,
        "16" : 0.000000,
        "32" : 0.000000,
        "64" : 0.000000,
        ">=64" : 0.000000
      },
      "latency_ns" : {
        "2" : 0.000000,
        "4" : 0.000000,
        "10" : 0.000000,
        "20" : 0.000000,
        "50" : 0.000000,
        "100" : 0.000000,
        "250" : 0.000000,
        "500" : 0.000000,
        "750" : 0.000000,
        "1000" : 0.000000
      },
      "latency_us" : {
        "2" : 0.000000,
        "4" : 0.000000,
        "10" : 0.000000,
        "20" : 0.000000,
        "50" : 0.000000,
        "100" : 0.000000,
        "250" : 0.000000,
        "500" : 0.000000,
        "750" : 0.000000,
        "1000" : 0.000000
      },
      "latency_ms" : {
        "2" : 0.017333,
        "4" : 0.021667,
        "10" : 0.115555,
        "20" : 0.086666,
        "50" : 8.200084,
        "100" : 90.748364,
        "250" : 0.810331,
        "500" : 0.000000,
        "750" : 0.000000,
        "1000" : 0.000000,
        "2000" : 0.000000,
        ">=2000" : 0.000000
      },
      "latency_depth" : 64,
      "latency_target" : 0,
      "latency_percentile" : 100.000000,
      "latency_window" : 0
    }
  ]
}
