{
  "fio version" : "fio-3.23",
  "timestamp" : 1757434200,
  "timestamp_ms" : 1757434200816,
  "time" : "Tue Sep  9 16:10:00 2025",
  "jobs" : [
    {
      "jobname" : "RandRH-16K-128-128",
      "groupid" : 0,
      "error" : 0,
      "eta" : 0,
      "elapsed" : 62,
      "job options" : {
        "name" : "RandRH-16K-128-128",
        "rw" : "randrw",
        "rwmixread" : "80",
        "unified_rw_reporting" : "1",
        "bs" : "16K",
        "numjobs" : "128",
        "iodepth" : "128",
        "runtime" : "60",
        "directory" : "/tmp/e2sar/rgeorge-fio_test-m_RandRH-16K-128-128",
        "direct" : "1",
        "buffered" : "0",
        "randrepeat" : "0",
        "size" : "128M",
        "ioengine" : "pvsync",
        "lat_percentiles" : "1"
      },
      "mixed" : {
        "io_bytes" : 45819101184,
        "io_kbytes" : 44745216,
        "bw_bytes" : 763537155,
        "bw" : 745641,
        "iops" : 46602.609609,
        "runtime" : 60009,
        "total_ios" : 2796576,
        "short_ios" : 0,
        "drop_ios" : 0,
        "slat_ns" : {
          "min" : 0,
          "max" : 0,
          "mean" : 0.000000,
          "stddev" : 0.000000,
          "N" : 0
        },
        "clat_ns" : {
          "min" : 186291,
          "max" : 433977373,
          "mean" : 2728676.149234,
          "stddev" : 2195770.913501,
          "N" : 2796576,
          "percentile" : {
            "1.000000" : 1531904,
            "5.000000" : 1794048,
            "10.000000" : 2007040,
            "20.000000" : 2244608,
            "30.000000" : 2375680,
            "40.000000" : 2506752,
            "50.000000" : 2605056,
            "60.000000" : 2703360,
            "70.000000" : 2801664,
            "80.000000" : 2965504,
            "90.000000" : 3293184,
            "95.000000" : 3588096,
            "99.000000" : 4227072,
            "99.500000" : 6717440,
            "99.900000" : 37486592,
            "99.950000" : 51642368,
            "99.990000" : 79167488
          }
        },
        "lat_ns" : {
          "min" : 186321,
          "max" : 433977431,
          "mean" : 2728744.787500,
          "stddev" : 2195769.264322,
          "N" : 2796576,
          "percentile" : {
            "1.000000" : 1531904,
            "5.000000" : 1794048,
            "10.000000" : 2007040,
            "20.000000" : 2244608,
            "30.000000" : 2375680,
            "40.000000" : 2506752,
            "50.000000" : 2605056,
            "60.000000" : 2703360,
            "70.000000" : 2801664,
            "80.000000" : 2965504,
            "90.000000" : 3293184,
            "95.000000" : 3588096,
            "99.000000" : 4227072,
            "99.500000" : 6717440,
            "99.900000" : 37486592,
            "99.950000" : 51642368,
            "99.990000" : 79167488
          }
        },
        "bw_min" : 448698,
        "bw_max" : 1126591,
        "bw_agg" : 100.000000,
        "bw_mean" : 749646.505484,
        "bw_dev" : 375.788701,
        "bw_samples" : 30382,
        "iops_min" : 28040,
        "iops_max" : 70411,
        "iops_mean" : 46852.868252,
        "iops_stddev" : 23.487225,
        "iops_samples" : 30382
      },
      "job_runtime" : 7680100,
      "usr_cpu" : 0.094348,
      "sys_cpu" : 0.222744,
      "ctx" : 2797566,
      "majf" : 0,
      "minf" : 2143,
      "iodepth_level" : {
        "1" : 100.000000,
        "2" : 0.000000,
        "4" : 0.000000,
        "8" : 0.000000,
        "16" : 0.000000,
        "32" : 0.000000,
        ">=64" : 0.000000
      },
      "iodepth_submit" : {
        "0" : 0.000000,
        "4" : 100.000000,
        "8" : 0.000000,
        "16" : 0.000000,
        "32" : 0.000000,
        "64" : 0.000000,
        ">=64" : 0.000000
      },
      "iodepth_complete" : {
        "0" : 0.000000,
        "4" : 100.000000,
        "8" : 0.000000,
        "16" : 0.000000,
        "32" : 0.000000,
        "64" : 0.000000,
        ">=64" : 0.000000
      },
      "latency_ns" : {
        "2" : 0.000000,
        "4" : 0.000000,
        "10" : 0.000000,
        "20" : 0.000000,
        "50" : 0.000000,
        "100" : 0.000000,
        "250" : 0.000000,
        "500" : 0.000000,
        "750" : 0.000000,
        "1000" : 0.000000
      },
      "latency_us" : {
        "2" : 0.000000,
        "4" : 0.000000,
        "10" : 0.000000,
        "20" : 0.000000,
        "50" : 0.000000,
        "100" : 0.000000,
        "250" : 0.010000,
        "500" : 0.131268,
        "750" : 0.110921,
        "1000" : 0.112173
      },
      "latency_ms" : {
        "2" : 9.492930,
        "4" : 88.451056,
        "10" : 1.308278,
        "20" : 0.169278,
        "50" : 0.168992,
        "100" : 0.052493,
        "250" : 0.010000,
        "500" : 0.010000,
        "750" : 0.000000,
        "1000" : 0.000000,
        "2000" : 0.000000,
        ">=2000" : 0.000000
      },
      "latency_depth" : 128,
      "latency_target" : 0,
      "latency_percentile" : 100.000000,
      "latency_window" : 0
    }
  ]
}
