{
  "fio version" : "fio-3.23",
  "timestamp" : 1756939174,
  "timestamp_ms" : 1756939174220,
  "time" : "Wed Sep  3 22:39:34 2025",
  "jobs" : [
    {
      "jobname" : "RandWH-16K-16-1",
      "groupid" : 0,
      "error" : 0,
      "eta" : 0,
      "elapsed" : 61,
      "job options" : {
        "name" : "RandWH-16K-16-1",
        "numjobs" : "16",
        "runtime" : "60",
        "directory" : "/tmp/e2sar/rgeorge-fio_test-p1r1_RandWH-16K-16-1",
        "direct" : "1",
        "buffered" : "0",
        "rw" : "randrw",
        "rwmixread" : "20",
        "unified_rw_reporting" : "1",
        "randrepeat" : "0",
        "bs" : "16K",
        "size" : "128M",
        "ioengine" : "pvsync",
        "iodepth" : "1",
        "lat_percentiles" : "1"
      },
      "mixed" : {
        "io_bytes" : 42801479680,
        "io_kbytes" : 41798320,
        "bw_bytes" : 713334216,
        "bw" : 696615,
        "iops" : 43538.465384,
        "runtime" : 60002,
        "total_ios" : 2612395,
        "short_ios" : 0,
        "drop_ios" : 0,
        "slat_ns" : {
          "min" : 0,
          "max" : 0,
          "mean" : 0.000000,
          "stddev" : 0.000000,
          "N" : 0
        },
        "clat_ns" : {
          "min" : 157913,
          "max" : 580061742,
          "mean" : 363837.276540,
          "stddev" : 1760307.599116,
          "N" : 2612395,
          "percentile" : {
            "1.000000" : 218112,
            "5.000000" : 238592,
            "10.000000" : 250880,
            "20.000000" : 268288,
            "30.000000" : 284672,
            "40.000000" : 296960,
            "50.000000" : 305152,
            "60.000000" : 317440,
            "70.000000" : 333824,
            "80.000000" : 354304,
            "90.000000" : 415744,
            "95.000000" : 493568,
            "99.000000" : 684032,
            "99.500000" : 806912,
            "99.900000" : 8847360,
            "99.950000" : 19791872,
            "99.990000" : 79167488
          }
        },
        "lat_ns" : {
          "min" : 157961,
          "max" : 580061776,
          "mean" : 363909.665851,
          "stddev" : 1760307.225249,
          "N" : 2612395,
          "percentile" : {
            "1.000000" : 218112,
            "5.000000" : 238592,
            "10.000000" : 250880,
            "20.000000" : 268288,
            "30.000000" : 284672,
            "40.000000" : 296960,
            "50.000000" : 305152,
            "60.000000" : 317440,
            "70.000000" : 333824,
            "80.000000" : 354304,
            "90.000000" : 415744,
            "95.000000" : 493568,
            "99.000000" : 684032,
            "99.500000" : 806912,
            "99.900000" : 8847360,
            "99.950000" : 19791872,
            "99.990000" : 79167488
          }
        },
        "bw_min" : 46656,
        "bw_max" : 864064,
        "bw_agg" : 100.000000,
        "bw_mean" : 697137.715995,
        "bw_dev" : 6619.323344,
        "bw_samples" : 3806,
        "iops_min" : 2916,
        "iops_max" : 54004,
        "iops_mean" : 43571.107250,
        "iops_stddev" : 413.707709,
        "iops_samples" : 3806
      },
      "job_runtime" : 960002,
      "usr_cpu" : 1.201039,
      "sys_cpu" : 1.388226,
      "ctx" : 2612520,
      "majf" : 0,
      "minf" : 318,
      "iodepth_level" : {
        "1" : 100.000000,
        "2" : 0.000000,
        "4" : 0.000000,
        "8" : 0.000000,
        "16" : 0.000000,
        "32" : 0.000000,
        ">=64" : 0.000000
      },
      "iodepth_submit" : {
        "0" : 0.000000,
        "4" : 100.000000,
        "8" : 0.000000,
        "16" : 0.000000,
        "32" : 0.000000,
        "64" : 0.000000,
        ">=64" : 0.000000
      },
      "iodepth_complete" : {
        "0" : 0.000000,
        "4" : 100.000000,
        "8" : 0.000000,
        "16" : 0.000000,
        "32" : 0.000000,
        "64" : 0.000000,
        ">=64" : 0.000000
      },
      "latency_ns" : {
        "2" : 0.000000,
        "4" : 0.000000,
        "10" : 0.000000,
        "20" : 0.000000,
        "50" : 0.000000,
        "100" : 0.000000,
        "250" : 0.000000,
        "500" : 0.000000,
        "750" : 0.000000,
        "1000" : 0.000000
      },
      "latency_us" : {
        "2" : 0.000000,
        "4" : 0.000000,
        "10" : 0.000000,
        "20" : 0.000000,
        "50" : 0.000000,
        "100" : 0.000000,
        "250" : 9.659757,
        "500" : 85.741972,
        "750" : 3.943010,
        "1000" : 0.391977
      },
      "latency_ms" : {
        "2" : 0.065228,
        "4" : 0.037169,
        "10" : 0.069247,
        "20" : 0.042107,
        "50" : 0.028059,
        "100" : 0.017149,
        "250" : 0.010000,
        "500" : 0.010000,
        "750" : 0.010000,
        "1000" : 0.000000,
        "2000" : 0.000000,
        ">=2000" : 0.000000
      },
      "latency_depth" : 1,
      "latency_target" : 0,
      "latency_percentile" : 100.000000,
      "latency_window" : 0
    }
  ]
}
