{
  "fio version" : "fio-3.23",
  "timestamp" : 1757422599,
  "timestamp_ms" : 1757422599524,
  "time" : "Tue Sep  9 12:56:39 2025",
  "jobs" : [
    {
      "jobname" : "SeqR-16K-128-32",
      "groupid" : 0,
      "error" : 0,
      "eta" : 0,
      "elapsed" : 62,
      "job options" : {
        "name" : "SeqR-16K-128-32",
        "rw" : "read",
        "unified_rw_reporting" : "0",
        "bs" : "16K",
        "numjobs" : "128",
        "iodepth" : "32",
        "runtime" : "60",
        "directory" : "/tmp/e2sar/rgeorge-fio_test-m_SeqR-16K-128-32",
        "direct" : "1",
        "buffered" : "0",
        "randrepeat" : "0",
        "size" : "128M",
        "ioengine" : "pvsync",
        "lat_percentiles" : "1"
      },
      "read" : {
        "io_bytes" : 43706318848,
        "io_kbytes" : 42681952,
        "bw_bytes" : 728353672,
        "bw" : 711282,
        "iops" : 44455.180229,
        "runtime" : 60007,
        "total_ios" : 2667622,
        "short_ios" : 0,
        "drop_ios" : 0,
        "slat_ns" : {
          "min" : 0,
          "max" : 0,
          "mean" : 0.000000,
          "stddev" : 0.000000,
          "N" : 0
        },
        "clat_ns" : {
          "min" : 616416,
          "max" : 33504894,
          "mean" : 2875432.002487,
          "stddev" : 319720.270171,
          "N" : 2667622,
          "percentile" : {
            "1.000000" : 2441216,
            "5.000000" : 2670592,
            "10.000000" : 2736128,
            "20.000000" : 2801664,
            "30.000000" : 2834432,
            "40.000000" : 2834432,
            "50.000000" : 2867200,
            "60.000000" : 2867200,
            "70.000000" : 2899968,
            "80.000000" : 2932736,
            "90.000000" : 2998272,
            "95.000000" : 3096576,
            "99.000000" : 3391488,
            "99.500000" : 3489792,
            "99.900000" : 4014080,
            "99.950000" : 9502720,
            "99.990000" : 16318464
          }
        },
        "lat_ns" : {
          "min" : 616503,
          "max" : 33504947,
          "mean" : 2875484.972025,
          "stddev" : 319720.781618,
          "N" : 2667622,
          "percentile" : {
            "1.000000" : 2441216,
            "5.000000" : 2670592,
            "10.000000" : 2736128,
            "20.000000" : 2801664,
            "30.000000" : 2834432,
            "40.000000" : 2834432,
            "50.000000" : 2867200,
            "60.000000" : 2867200,
            "70.000000" : 2899968,
            "80.000000" : 2932736,
            "90.000000" : 2998272,
            "95.000000" : 3096576,
            "99.000000" : 3391488,
            "99.500000" : 3489792,
            "99.900000" : 4014080,
            "99.950000" : 9502720,
            "99.990000" : 16318464
          }
        },
        "bw_min" : 594568,
        "bw_max" : 732384,
        "bw_agg" : 100.000000,
        "bw_mean" : 712608.067227,
        "bw_dev" : 103.144661,
        "bw_samples" : 15232,
        "iops_min" : 37156,
        "iops_max" : 45774,
        "iops_mean" : 44537.966387,
        "iops_stddev" : 6.449225,
        "iops_samples" : 15232
      },
      "write" : {
        "io_bytes" : 0,
        "io_kbytes" : 0,
        "bw_bytes" : 0,
        "bw" : 0,
        "iops" : 0.000000,
        "runtime" : 0,
        "total_ios" : 0,
        "short_ios" : 0,
        "drop_ios" : 0,
        "slat_ns" : {
          "min" : 0,
          "max" : 0,
          "mean" : 0.000000,
          "stddev" : 0.000000,
          "N" : 0
        },
        "clat_ns" : {
          "min" : 0,
          "max" : 0,
          "mean" : 0.000000,
          "stddev" : 0.000000,
          "N" : 0
        },
        "lat_ns" : {
          "min" : 0,
          "max" : 0,
          "mean" : 0.000000,
          "stddev" : 0.000000,
          "N" : 0
        },
        "bw_min" : 0,
        "bw_max" : 0,
        "bw_agg" : 0.000000,
        "bw_mean" : 0.000000,
        "bw_dev" : 0.000000,
        "bw_samples" : 0,
        "iops_min" : 0,
        "iops_max" : 0,
        "iops_mean" : 0.000000,
        "iops_stddev" : 0.000000,
        "iops_samples" : 0
      },
      "trim" : {
        "io_bytes" : 0,
        "io_kbytes" : 0,
        "bw_bytes" : 0,
        "bw" : 0,
        "iops" : 0.000000,
        "runtime" : 0,
        "total_ios" : 0,
        "short_ios" : 0,
        "drop_ios" : 0,
        "slat_ns" : {
          "min" : 0,
          "max" : 0,
          "mean" : 0.000000,
          "stddev" : 0.000000,
          "N" : 0
        },
        "clat_ns" : {
          "min" : 0,
          "max" : 0,
          "mean" : 0.000000,
          "stddev" : 0.000000,
          "N" : 0
        },
        "lat_ns" : {
          "min" : 0,
          "max" : 0,
          "mean" : 0.000000,
          "stddev" : 0.000000,
          "N" : 0
        },
        "bw_min" : 0,
        "bw_max" : 0,
        "bw_agg" : 0.000000,
        "bw_mean" : 0.000000,
        "bw_dev" : 0.000000,
        "bw_samples" : 0,
        "iops_min" : 0,
        "iops_max" : 0,
        "iops_mean" : 0.000000,
        "iops_stddev" : 0.000000,
        "iops_samples" : 0
      },
      "sync" : {
        "total_ios" : 0,
        "lat_ns" : {
          "min" : 0,
          "max" : 0,
          "mean" : 0.000000,
          "stddev" : 0.000000,
          "N" : 0
        }
      },
      "job_runtime" : 7680189,
      "usr_cpu" : 0.059790,
      "sys_cpu" : 0.209240,
      "ctx" : 2668409,
      "majf" : 0,
      "minf" : 1903,
      "iodepth_level" : {
        "1" : 100.000000,
        "2" : 0.000000,
        "4" : 0.000000,
        "8" : 0.000000,
        "16" : 0.000000,
        "32" : 0.000000,
        ">=64" : 0.000000
      },
      "iodepth_submit" : {
        "0" : 0.000000,
        "4" : 100.000000,
        "8" : 0.000000,
        "16" : 0.000000,
        "32" : 0.000000,
        "64" : 0.000000,
        ">=64" : 0.000000
      },
      "iodepth_complete" : {
        "0" : 0.000000,
        "4" : 100.000000,
        "8" : 0.000000,
        "16" : 0.000000,
        "32" : 0.000000,
        "64" : 0.000000,
        ">=64" : 0.000000
      },
      "latency_ns" : {
        "2" : 0.000000,
        "4" : 0.000000,
        "10" : 0.000000,
        "20" : 0.000000,
        "50" : 0.000000,
        "100" : 0.000000,
        "250" : 0.000000,
        "500" : 0.000000,
        "750" : 0.000000,
        "1000" : 0.000000
      },
      "latency_us" : {
        "2" : 0.000000,
        "4" : 0.000000,
        "10" : 0.000000,
        "20" : 0.000000,
        "50" : 0.000000,
        "100" : 0.000000,
        "250" : 0.000000,
        "500" : 0.000000,
        "750" : 0.010000,
        "1000" : 0.010000
      },
      "latency_ms" : {
        "2" : 0.010000,
        "4" : 99.895787,
        "10" : 0.056642,
        "20" : 0.043185,
        "50" : 0.010000,
        "100" : 0.000000,
        "250" : 0.000000,
        "500" : 0.000000,
        "750" : 0.000000,
        "1000" : 0.000000,
        "2000" : 0.000000,
        ">=2000" : 0.000000
      },
      "latency_depth" : 32,
      "latency_target" : 0,
      "latency_percentile" : 100.000000,
      "latency_window" : 0
    }
  ]
}
