{
  "fio version" : "fio-3.23",
  "timestamp" : 1757276227,
  "timestamp_ms" : 1757276227568,
  "time" : "Sun Sep  7 20:17:07 2025",
  "jobs" : [
    {
      "jobname" : "RandBal-1M-128-1",
      "groupid" : 0,
      "error" : 0,
      "eta" : 0,
      "elapsed" : 62,
      "job options" : {
        "name" : "RandBal-1M-128-1",
        "numjobs" : "128",
        "runtime" : "60",
        "directory" : "/tmp/e2sar/rgeorge-fio_test-p4r_RandBal-1M-128-1",
        "direct" : "1",
        "buffered" : "0",
        "rw" : "randrw",
        "unified_rw_reporting" : "1",
        "randrepeat" : "0",
        "bs" : "1M",
        "size" : "128M",
        "ioengine" : "pvsync",
        "iodepth" : "1",
        "lat_percentiles" : "1"
      },
      "mixed" : {
        "io_bytes" : 207929475072,
        "io_kbytes" : 203056128,
        "bw_bytes" : 3447163830,
        "bw" : 3366370,
        "iops" : 3287.471609,
        "runtime" : 60319,
        "total_ios" : 198297,
        "short_ios" : 0,
        "drop_ios" : 0,
        "slat_ns" : {
          "min" : 0,
          "max" : 0,
          "mean" : 0.000000,
          "stddev" : 0.000000,
          "N" : 0
        },
        "clat_ns" : {
          "min" : 632092,
          "max" : 1201763259,
          "mean" : 38560679.078014,
          "stddev" : 45443792.689919,
          "N" : 198297,
          "percentile" : {
            "1.000000" : 18743296,
            "5.000000" : 22937600,
            "10.000000" : 24772608,
            "20.000000" : 26869760,
            "30.000000" : 28442624,
            "40.000000" : 29491200,
            "50.000000" : 30539776,
            "60.000000" : 31326208,
            "70.000000" : 32374784,
            "80.000000" : 33816576,
            "90.000000" : 40632320,
            "95.000000" : 78118912,
            "99.000000" : 252706816,
            "99.500000" : 421527552,
            "99.900000" : 566231040,
            "99.950000" : 616562688,
            "99.990000" : 750780416
          }
        },
        "lat_ns" : {
          "min" : 632123,
          "max" : 1201763373,
          "mean" : 38560822.644094,
          "stddev" : 45443803.668533,
          "N" : 198297,
          "percentile" : {
            "1.000000" : 18743296,
            "5.000000" : 22937600,
            "10.000000" : 24772608,
            "20.000000" : 26869760,
            "30.000000" : 28442624,
            "40.000000" : 29491200,
            "50.000000" : 30539776,
            "60.000000" : 31326208,
            "70.000000" : 32374784,
            "80.000000" : 33816576,
            "90.000000" : 40632320,
            "95.000000" : 78118912,
            "99.000000" : 252706816,
            "99.500000" : 421527552,
            "99.900000" : 566231040,
            "99.950000" : 616562688,
            "99.990000" : 750780416
          }
        },
        "bw_min" : 524268,
        "bw_max" : 7973668,
        "bw_agg" : 100.000000,
        "bw_mean" : 3469131.753253,
        "bw_dev" : 5910.983175,
        "bw_samples" : 29929,
        "iops_min" : 508,
        "iops_max" : 7774,
        "iops_mean" : 3383.034291,
        "iops_stddev" : 5.770385,
        "iops_samples" : 29929
      },
      "job_runtime" : 7704268,
      "usr_cpu" : 0.289268,
      "sys_cpu" : 0.055138,
      "ctx" : 199867,
      "majf" : 0,
      "minf" : 2333,
      "iodepth_level" : {
        "1" : 100.000000,
        "2" : 0.000000,
        "4" : 0.000000,
        "8" : 0.000000,
        "16" : 0.000000,
        "32" : 0.000000,
        ">=64" : 0.000000
      },
      "iodepth_submit" : {
        "0" : 0.000000,
        "4" : 100.000000,
        "8" : 0.000000,
        "16" : 0.000000,
        "32" : 0.000000,
        "64" : 0.000000,
        ">=64" : 0.000000
      },
      "iodepth_complete" : {
        "0" : 0.000000,
        "4" : 100.000000,
        "8" : 0.000000,
        "16" : 0.000000,
        "32" : 0.000000,
        "64" : 0.000000,
        ">=64" : 0.000000
      },
      "latency_ns" : {
        "2" : 0.000000,
        "4" : 0.000000,
        "10" : 0.000000,
        "20" : 0.000000,
        "50" : 0.000000,
        "100" : 0.000000,
        "250" : 0.000000,
        "500" : 0.000000,
        "750" : 0.000000,
        "1000" : 0.000000
      },
      "latency_us" : {
        "2" : 0.000000,
        "4" : 0.000000,
        "10" : 0.000000,
        "20" : 0.000000,
        "50" : 0.000000,
        "100" : 0.000000,
        "250" : 0.000000,
        "500" : 0.000000,
        "750" : 0.010000,
        "1000" : 0.012607
      },
      "latency_ms" : {
        "2" : 0.071105,
        "4" : 0.094303,
        "10" : 0.226932,
        "20" : 1.054983,
        "50" : 90.109785,
        "100" : 4.826094,
        "250" : 2.588037,
        "500" : 0.784682,
        "750" : 0.218359,
        "1000" : 0.010000,
        "2000" : 0.010000,
        ">=2000" : 0.000000
      },
      "latency_depth" : 1,
      "latency_target" : 0,
      "latency_percentile" : 100.000000,
      "latency_window" : 0
    }
  ]
}
