{
  "fio version" : "fio-3.23",
  "timestamp" : 1757274592,
  "timestamp_ms" : 1757274592575,
  "time" : "Sun Sep  7 19:49:52 2025",
  "jobs" : [
    {
      "jobname" : "RandRH-16K-128-1",
      "groupid" : 0,
      "error" : 0,
      "eta" : 0,
      "elapsed" : 62,
      "job options" : {
        "name" : "RandRH-16K-128-1",
        "numjobs" : "128",
        "runtime" : "60",
        "directory" : "/tmp/e2sar/rgeorge-fio_test-p4r_RandRH-16K-128-1",
        "direct" : "1",
        "buffered" : "0",
        "rw" : "randrw",
        "rwmixread" : "80",
        "unified_rw_reporting" : "1",
        "randrepeat" : "0",
        "bs" : "16K",
        "size" : "128M",
        "ioengine" : "pvsync",
        "iodepth" : "1",
        "lat_percentiles" : "1"
      },
      "mixed" : {
        "io_bytes" : 39965310976,
        "io_kbytes" : 39028624,
        "bw_bytes" : 664350133,
        "bw" : 648779,
        "iops" : 40548.714198,
        "runtime" : 60157,
        "total_ios" : 2439289,
        "short_ios" : 0,
        "drop_ios" : 0,
        "slat_ns" : {
          "min" : 0,
          "max" : 0,
          "mean" : 0.000000,
          "stddev" : 0.000000,
          "N" : 0
        },
        "clat_ns" : {
          "min" : 183287,
          "max" : 743638525,
          "mean" : 3122875.652874,
          "stddev" : 11639023.785248,
          "N" : 2439289,
          "percentile" : {
            "1.000000" : 1105920,
            "5.000000" : 1646592,
            "10.000000" : 1794048,
            "20.000000" : 2007040,
            "30.000000" : 2211840,
            "40.000000" : 2375680,
            "50.000000" : 2506752,
            "60.000000" : 2637824,
            "70.000000" : 2768896,
            "80.000000" : 2899968,
            "90.000000" : 3227648,
            "95.000000" : 3719168,
            "99.000000" : 10420224,
            "99.500000" : 23986176,
            "99.900000" : 152043520,
            "99.950000" : 337641472,
            "99.990000" : 467664896
          }
        },
        "lat_ns" : {
          "min" : 183320,
          "max" : 743638576,
          "mean" : 3122943.086392,
          "stddev" : 11639023.648546,
          "N" : 2439289,
          "percentile" : {
            "1.000000" : 1105920,
            "5.000000" : 1646592,
            "10.000000" : 1794048,
            "20.000000" : 2007040,
            "30.000000" : 2211840,
            "40.000000" : 2375680,
            "50.000000" : 2506752,
            "60.000000" : 2637824,
            "70.000000" : 2768896,
            "80.000000" : 2899968,
            "90.000000" : 3227648,
            "95.000000" : 3719168,
            "99.000000" : 10420224,
            "99.500000" : 23986176,
            "99.900000" : 152043520,
            "99.950000" : 337641472,
            "99.990000" : 467664896
          }
        },
        "bw_min" : 47296,
        "bw_max" : 1447079,
        "bw_agg" : 100.000000,
        "bw_mean" : 653765.382118,
        "bw_dev" : 1068.062889,
        "bw_samples" : 30318,
        "iops_min" : 2956,
        "iops_max" : 90439,
        "iops_mean" : 40860.281663,
        "iops_stddev" : 66.753344,
        "iops_samples" : 30318
      },
      "job_runtime" : 7680864,
      "usr_cpu" : 0.091565,
      "sys_cpu" : 0.172546,
      "ctx" : 2440216,
      "majf" : 0,
      "minf" : 2588,
      "iodepth_level" : {
        "1" : 100.000000,
        "2" : 0.000000,
        "4" : 0.000000,
        "8" : 0.000000,
        "16" : 0.000000,
        "32" : 0.000000,
        ">=64" : 0.000000
      },
      "iodepth_submit" : {
        "0" : 0.000000,
        "4" : 100.000000,
        "8" : 0.000000,
        "16" : 0.000000,
        "32" : 0.000000,
        "64" : 0.000000,
        ">=64" : 0.000000
      },
      "iodepth_complete" : {
        "0" : 0.000000,
        "4" : 100.000000,
        "8" : 0.000000,
        "16" : 0.000000,
        "32" : 0.000000,
        "64" : 0.000000,
        ">=64" : 0.000000
      },
      "latency_ns" : {
        "2" : 0.000000,
        "4" : 0.000000,
        "10" : 0.000000,
        "20" : 0.000000,
        "50" : 0.000000,
        "100" : 0.000000,
        "250" : 0.000000,
        "500" : 0.000000,
        "750" : 0.000000,
        "1000" : 0.000000
      },
      "latency_us" : {
        "2" : 0.000000,
        "4" : 0.000000,
        "10" : 0.000000,
        "20" : 0.000000,
        "50" : 0.000000,
        "100" : 0.000000,
        "250" : 0.012422,
        "500" : 0.231912,
        "750" : 0.254910,
        "1000" : 0.316035
      },
      "latency_ms" : {
        "2" : 18.787893,
        "4" : 76.776839,
        "10" : 2.583335,
        "20" : 0.464070,
        "50" : 0.327841,
        "100" : 0.129587,
        "250" : 0.030870,
        "500" : 0.082278,
        "750" : 0.010000,
        "1000" : 0.000000,
        "2000" : 0.000000,
        ">=2000" : 0.000000
      },
      "latency_depth" : 1,
      "latency_target" : 0,
      "latency_percentile" : 100.000000,
      "latency_window" : 0
    }
  ]
}
