{
  "fio version" : "fio-3.23",
  "timestamp" : 1757459702,
  "timestamp_ms" : 1757459702705,
  "time" : "Tue Sep  9 23:15:02 2025",
  "jobs" : [
    {
      "jobname" : "SeqW-2M-64-4",
      "groupid" : 0,
      "error" : 0,
      "eta" : 0,
      "elapsed" : 61,
      "job options" : {
        "name" : "SeqW-2M-64-4",
        "rw" : "write",
        "unified_rw_reporting" : "0",
        "bs" : "2M",
        "numjobs" : "64",
        "iodepth" : "4",
        "runtime" : "60",
        "directory" : "/tmp/e2sar/rgeorge-fio_test-m_SeqW-2M-64-4",
        "direct" : "1",
        "buffered" : "0",
        "randrepeat" : "0",
        "size" : "128M",
        "ioengine" : "pvsync",
        "lat_percentiles" : "1"
      },
      "read" : {
        "io_bytes" : 0,
        "io_kbytes" : 0,
        "bw_bytes" : 0,
        "bw" : 0,
        "iops" : 0.000000,
        "runtime" : 0,
        "total_ios" : 0,
        "short_ios" : 0,
        "drop_ios" : 0,
        "slat_ns" : {
          "min" : 0,
          "max" : 0,
          "mean" : 0.000000,
          "stddev" : 0.000000,
          "N" : 0
        },
        "clat_ns" : {
          "min" : 0,
          "max" : 0,
          "mean" : 0.000000,
          "stddev" : 0.000000,
          "N" : 0
        },
        "lat_ns" : {
          "min" : 0,
          "max" : 0,
          "mean" : 0.000000,
          "stddev" : 0.000000,
          "N" : 0
        },
        "bw_min" : 0,
        "bw_max" : 0,
        "bw_agg" : 0.000000,
        "bw_mean" : 0.000000,
        "bw_dev" : 0.000000,
        "bw_samples" : 0,
        "iops_min" : 0,
        "iops_max" : 0,
        "iops_mean" : 0.000000,
        "iops_stddev" : 0.000000,
        "iops_samples" : 0
      },
      "write" : {
        "io_bytes" : 828372942848,
        "io_kbytes" : 808957952,
        "bw_bytes" : 13804145092,
        "bw" : 13480610,
        "iops" : 6582.329317,
        "runtime" : 60009,
        "total_ios" : 394999,
        "short_ios" : 0,
        "drop_ios" : 0,
        "slat_ns" : {
          "min" : 0,
          "max" : 0,
          "mean" : 0.000000,
          "stddev" : 0.000000,
          "N" : 0
        },
        "clat_ns" : {
          "min" : 1944308,
          "max" : 508105330,
          "mean" : 9094566.438659,
          "stddev" : 4042740.423870,
          "N" : 394999,
          "percentile" : {
            "1.000000" : 5144576,
            "5.000000" : 5865472,
            "10.000000" : 6324224,
            "20.000000" : 7241728,
            "30.000000" : 7897088,
            "40.000000" : 8585216,
            "50.000000" : 9109504,
            "60.000000" : 9502720,
            "70.000000" : 10027008,
            "80.000000" : 10682368,
            "90.000000" : 11468800,
            "95.000000" : 12124160,
            "99.000000" : 13434880,
            "99.500000" : 13959168,
            "99.900000" : 67633152,
            "99.950000" : 88604672,
            "99.990000" : 102236160
          }
        },
        "lat_ns" : {
          "min" : 1944512,
          "max" : 508105507,
          "mean" : 9094933.557784,
          "stddev" : 4042747.567412,
          "N" : 394999,
          "percentile" : {
            "1.000000" : 5144576,
            "5.000000" : 5865472,
            "10.000000" : 6324224,
            "20.000000" : 7241728,
            "30.000000" : 7897088,
            "40.000000" : 8585216,
            "50.000000" : 9109504,
            "60.000000" : 9502720,
            "70.000000" : 10027008,
            "80.000000" : 10682368,
            "90.000000" : 11468800,
            "95.000000" : 12124160,
            "99.000000" : 13434880,
            "99.500000" : 13959168,
            "99.900000" : 67633152,
            "99.950000" : 88604672,
            "99.990000" : 102236160
          }
        },
        "bw_min" : 8169095,
        "bw_max" : 16481837,
        "bw_agg" : 100.000000,
        "bw_mean" : 13508704.941176,
        "bw_dev" : 15016.816848,
        "bw_samples" : 7616,
        "iops_min" : 3981,
        "iops_max" : 8047,
        "iops_mean" : 6592.915966,
        "iops_stddev" : 7.349962,
        "iops_samples" : 7616
      },
      "trim" : {
        "io_bytes" : 0,
        "io_kbytes" : 0,
        "bw_bytes" : 0,
        "bw" : 0,
        "iops" : 0.000000,
        "runtime" : 0,
        "total_ios" : 0,
        "short_ios" : 0,
        "drop_ios" : 0,
        "slat_ns" : {
          "min" : 0,
          "max" : 0,
          "mean" : 0.000000,
          "stddev" : 0.000000,
          "N" : 0
        },
        "clat_ns" : {
          "min" : 0,
          "max" : 0,
          "mean" : 0.000000,
          "stddev" : 0.000000,
          "N" : 0
        },
        "lat_ns" : {
          "min" : 0,
          "max" : 0,
          "mean" : 0.000000,
          "stddev" : 0.000000,
          "N" : 0
        },
        "bw_min" : 0,
        "bw_max" : 0,
        "bw_agg" : 0.000000,
        "bw_mean" : 0.000000,
        "bw_dev" : 0.000000,
        "bw_samples" : 0,
        "iops_min" : 0,
        "iops_max" : 0,
        "iops_mean" : 0.000000,
        "iops_stddev" : 0.000000,
        "iops_samples" : 0
      },
      "sync" : {
        "total_ios" : 0,
        "lat_ns" : {
          "min" : 0,
          "max" : 0,
          "mean" : 0.000000,
          "stddev" : 0.000000,
          "N" : 0
        }
      },
      "job_runtime" : 3840163,
      "usr_cpu" : 6.152291,
      "sys_cpu" : 0.452793,
      "ctx" : 805100,
      "majf" : 0,
      "minf" : 784,
      "iodepth_level" : {
        "1" : 100.000000,
        "2" : 0.000000,
        "4" : 0.000000,
        "8" : 0.000000,
        "16" : 0.000000,
        "32" : 0.000000,
        ">=64" : 0.000000
      },
      "iodepth_submit" : {
        "0" : 0.000000,
        "4" : 100.000000,
        "8" : 0.000000,
        "16" : 0.000000,
        "32" : 0.000000,
        "64" : 0.000000,
        ">=64" : 0.000000
      },
      "iodepth_complete" : {
        "0" : 0.000000,
        "4" : 100.000000,
        "8" : 0.000000,
        "16" : 0.000000,
        "32" : 0.000000,
        "64" : 0.000000,
        ">=64" : 0.000000
      },
      "latency_ns" : {
        "2" : 0.000000,
        "4" : 0.000000,
        "10" : 0.000000,
        "20" : 0.000000,
        "50" : 0.000000,
        "100" : 0.000000,
        "250" : 0.000000,
        "500" : 0.000000,
        "750" : 0.000000,
        "1000" : 0.000000
      },
      "latency_us" : {
        "2" : 0.000000,
        "4" : 0.000000,
        "10" : 0.000000,
        "20" : 0.000000,
        "50" : 0.000000,
        "100" : 0.000000,
        "250" : 0.000000,
        "500" : 0.000000,
        "750" : 0.000000,
        "1000" : 0.000000
      },
      "latency_ms" : {
        "2" : 0.010000,
        "4" : 0.309621,
        "10" : 68.936630,
        "20" : 30.581596,
        "50" : 0.049114,
        "100" : 0.107848,
        "250" : 0.011139,
        "500" : 0.010000,
        "750" : 0.010000,
        "1000" : 0.000000,
        "2000" : 0.000000,
        ">=2000" : 0.000000
      },
      "latency_depth" : 4,
      "latency_target" : 0,
      "latency_percentile" : 100.000000,
      "latency_window" : 0
    }
  ]
}
