{
  "fio version" : "fio-3.23",
  "timestamp" : 1757015677,
  "timestamp_ms" : 1757015677494,
  "time" : "Thu Sep  4 19:54:37 2025",
  "jobs" : [
    {
      "jobname" : "SeqWH-4K-32-16",
      "groupid" : 0,
      "error" : 0,
      "eta" : 0,
      "elapsed" : 61,
      "job options" : {
        "name" : "SeqWH-4K-32-16",
        "numjobs" : "32",
        "runtime" : "60",
        "directory" : "/tmp/e2sar/rgeorge-fio_test-p2s_SeqWH-4K-32-16",
        "direct" : "1",
        "buffered" : "0",
        "rw" : "rw",
        "rwmixread" : "20",
        "unified_rw_reporting" : "1",
        "randrepeat" : "0",
        "bs" : "4K",
        "size" : "128M",
        "ioengine" : "pvsync",
        "iodepth" : "16",
        "lat_percentiles" : "1"
      },
      "mixed" : {
        "io_bytes" : 15317516288,
        "io_kbytes" : 14958512,
        "bw_bytes" : 255283428,
        "bw" : 249300,
        "iops" : 62325.055831,
        "runtime" : 60002,
        "total_ios" : 3739628,
        "short_ios" : 0,
        "drop_ios" : 0,
        "slat_ns" : {
          "min" : 0,
          "max" : 0,
          "mean" : 0.000000,
          "stddev" : 0.000000,
          "N" : 0
        },
        "clat_ns" : {
          "min" : 117614,
          "max" : 316068505,
          "mean" : 511171.407391,
          "stddev" : 1493168.835327,
          "N" : 3739628,
          "percentile" : {
            "1.000000" : 226304,
            "5.000000" : 329728,
            "10.000000" : 374784,
            "20.000000" : 415744,
            "30.000000" : 440320,
            "40.000000" : 456704,
            "50.000000" : 473088,
            "60.000000" : 493568,
            "70.000000" : 509952,
            "80.000000" : 536576,
            "90.000000" : 593920,
            "95.000000" : 651264,
            "99.000000" : 954368,
            "99.500000" : 1019904,
            "99.900000" : 4292608,
            "99.950000" : 11862016,
            "99.990000" : 68681728
          }
        },
        "lat_ns" : {
          "min" : 117638,
          "max" : 316068573,
          "mean" : 511241.318553,
          "stddev" : 1493168.611872,
          "N" : 3739628,
          "percentile" : {
            "1.000000" : 226304,
            "5.000000" : 329728,
            "10.000000" : 374784,
            "20.000000" : 415744,
            "30.000000" : 440320,
            "40.000000" : 456704,
            "50.000000" : 473088,
            "60.000000" : 493568,
            "70.000000" : 509952,
            "80.000000" : 536576,
            "90.000000" : 593920,
            "95.000000" : 651264,
            "99.000000" : 954368,
            "99.500000" : 1019904,
            "99.900000" : 4292608,
            "99.950000" : 11862016,
            "99.990000" : 68681728
          }
        },
        "bw_min" : 134208,
        "bw_max" : 335208,
        "bw_agg" : 100.000000,
        "bw_mean" : 250241.369748,
        "bw_dev" : 504.508043,
        "bw_samples" : 7616,
        "iops_min" : 33552,
        "iops_max" : 83802,
        "iops_mean" : 62560.336134,
        "iops_stddev" : 126.127258,
        "iops_samples" : 7616
      },
      "job_runtime" : 1920001,
      "usr_cpu" : 0.526041,
      "sys_cpu" : 1.121458,
      "ctx" : 3739867,
      "majf" : 0,
      "minf" : 633,
      "iodepth_level" : {
        "1" : 100.000000,
        "2" : 0.000000,
        "4" : 0.000000,
        "8" : 0.000000,
        "16" : 0.000000,
        "32" : 0.000000,
        ">=64" : 0.000000
      },
      "iodepth_submit" : {
        "0" : 0.000000,
        "4" : 100.000000,
        "8" : 0.000000,
        "16" : 0.000000,
        "32" : 0.000000,
        "64" : 0.000000,
        ">=64" : 0.000000
      },
      "iodepth_complete" : {
        "0" : 0.000000,
        "4" : 100.000000,
        "8" : 0.000000,
        "16" : 0.000000,
        "32" : 0.000000,
        "64" : 0.000000,
        ">=64" : 0.000000
      },
      "latency_ns" : {
        "2" : 0.000000,
        "4" : 0.000000,
        "10" : 0.000000,
        "20" : 0.000000,
        "50" : 0.000000,
        "100" : 0.000000,
        "250" : 0.000000,
        "500" : 0.000000,
        "750" : 0.000000,
        "1000" : 0.000000
      },
      "latency_us" : {
        "2" : 0.000000,
        "4" : 0.000000,
        "10" : 0.000000,
        "20" : 0.000000,
        "50" : 0.000000,
        "100" : 0.000000,
        "250" : 1.446213,
        "500" : 63.099966,
        "750" : 32.127126,
        "1000" : 2.709601
      },
      "latency_ms" : {
        "2" : 0.482695,
        "4" : 0.028506,
        "10" : 0.051663,
        "20" : 0.023318,
        "50" : 0.017729,
        "100" : 0.010000,
        "250" : 0.010000,
        "500" : 0.010000,
        "750" : 0.000000,
        "1000" : 0.000000,
        "2000" : 0.000000,
        ">=2000" : 0.000000
      },
      "latency_depth" : 16,
      "latency_target" : 0,
      "latency_percentile" : 100.000000,
      "latency_window" : 0
    }
  ]
}
