{
  "fio version" : "fio-3.23",
  "timestamp" : 1757210322,
  "timestamp_ms" : 1757210322328,
  "time" : "Sun Sep  7 01:58:42 2025",
  "jobs" : [
    {
      "jobname" : "SeqW-4M-64-8",
      "groupid" : 0,
      "error" : 0,
      "eta" : 0,
      "elapsed" : 61,
      "job options" : {
        "name" : "SeqW-4M-64-8",
        "numjobs" : "64",
        "runtime" : "60",
        "directory" : "/tmp/e2sar/rgeorge-fio_test-p3s_SeqW-4M-64-8",
        "direct" : "1",
        "buffered" : "0",
        "rw" : "write",
        "unified_rw_reporting" : "0",
        "randrepeat" : "0",
        "bs" : "4M",
        "size" : "128M",
        "ioengine" : "pvsync",
        "iodepth" : "8",
        "lat_percentiles" : "1"
      },
      "read" : {
        "io_bytes" : 0,
        "io_kbytes" : 0,
        "bw_bytes" : 0,
        "bw" : 0,
        "iops" : 0.000000,
        "runtime" : 0,
        "total_ios" : 0,
        "short_ios" : 0,
        "drop_ios" : 0,
        "slat_ns" : {
          "min" : 0,
          "max" : 0,
          "mean" : 0.000000,
          "stddev" : 0.000000,
          "N" : 0
        },
        "clat_ns" : {
          "min" : 0,
          "max" : 0,
          "mean" : 0.000000,
          "stddev" : 0.000000,
          "N" : 0
        },
        "lat_ns" : {
          "min" : 0,
          "max" : 0,
          "mean" : 0.000000,
          "stddev" : 0.000000,
          "N" : 0
        },
        "bw_min" : 0,
        "bw_max" : 0,
        "bw_agg" : 0.000000,
        "bw_mean" : 0.000000,
        "bw_dev" : 0.000000,
        "bw_samples" : 0,
        "iops_min" : 0,
        "iops_max" : 0,
        "iops_mean" : 0.000000,
        "iops_stddev" : 0.000000,
        "iops_samples" : 0
      },
      "write" : {
        "io_bytes" : 565442510848,
        "io_kbytes" : 552189952,
        "bw_bytes" : 9401634618,
        "bw" : 9181283,
        "iops" : 2241.524367,
        "runtime" : 60143,
        "total_ios" : 134812,
        "short_ios" : 0,
        "drop_ios" : 0,
        "slat_ns" : {
          "min" : 0,
          "max" : 0,
          "mean" : 0.000000,
          "stddev" : 0.000000,
          "N" : 0
        },
        "clat_ns" : {
          "min" : 4454044,
          "max" : 1743637431,
          "mean" : 26533276.001521,
          "stddev" : 61462676.916636,
          "N" : 134812,
          "percentile" : {
            "1.000000" : 5472256,
            "5.000000" : 7372800,
            "10.000000" : 12910592,
            "20.000000" : 15925248,
            "30.000000" : 17170432,
            "40.000000" : 17956864,
            "50.000000" : 18743296,
            "60.000000" : 19267584,
            "70.000000" : 19791872,
            "80.000000" : 20578304,
            "90.000000" : 21889024,
            "95.000000" : 24510464,
            "99.000000" : 371195904,
            "99.500000" : 467664896,
            "99.900000" : 851443712,
            "99.950000" : 952107008,
            "99.990000" : 1249902592
          }
        },
        "lat_ns" : {
          "min" : 4454155,
          "max" : 1743637664,
          "mean" : 26533673.369663,
          "stddev" : 61462679.504777,
          "N" : 134812,
          "percentile" : {
            "1.000000" : 5472256,
            "5.000000" : 7372800,
            "10.000000" : 12910592,
            "20.000000" : 15925248,
            "30.000000" : 17170432,
            "40.000000" : 17956864,
            "50.000000" : 18743296,
            "60.000000" : 19267584,
            "70.000000" : 19791872,
            "80.000000" : 20578304,
            "90.000000" : 21889024,
            "95.000000" : 24510464,
            "99.000000" : 371195904,
            "99.500000" : 467664896,
            "99.900000" : 851443712,
            "99.950000" : 952107008,
            "99.990000" : 1249902592
          }
        },
        "bw_min" : 523846,
        "bw_max" : 20241941,
        "bw_agg" : 100.000000,
        "bw_mean" : 9710878.894465,
        "bw_dev" : 80979.099945,
        "bw_samples" : 7212,
        "iops_min" : 102,
        "iops_max" : 4941,
        "iops_mean" : 2368.910049,
        "iops_stddev" : 19.781586,
        "iops_samples" : 7212
      },
      "trim" : {
        "io_bytes" : 0,
        "io_kbytes" : 0,
        "bw_bytes" : 0,
        "bw" : 0,
        "iops" : 0.000000,
        "runtime" : 0,
        "total_ios" : 0,
        "short_ios" : 0,
        "drop_ios" : 0,
        "slat_ns" : {
          "min" : 0,
          "max" : 0,
          "mean" : 0.000000,
          "stddev" : 0.000000,
          "N" : 0
        },
        "clat_ns" : {
          "min" : 0,
          "max" : 0,
          "mean" : 0.000000,
          "stddev" : 0.000000,
          "N" : 0
        },
        "lat_ns" : {
          "min" : 0,
          "max" : 0,
          "mean" : 0.000000,
          "stddev" : 0.000000,
          "N" : 0
        },
        "bw_min" : 0,
        "bw_max" : 0,
        "bw_agg" : 0.000000,
        "bw_mean" : 0.000000,
        "bw_dev" : 0.000000,
        "bw_samples" : 0,
        "iops_min" : 0,
        "iops_max" : 0,
        "iops_mean" : 0.000000,
        "iops_stddev" : 0.000000,
        "iops_samples" : 0
      },
      "sync" : {
        "total_ios" : 0,
        "lat_ns" : {
          "min" : 0,
          "max" : 0,
          "mean" : 0.000000,
          "stddev" : 0.000000,
          "N" : 0
        }
      },
      "job_runtime" : 3843058,
      "usr_cpu" : 4.084091,
      "sys_cpu" : 0.212981,
      "ctx" : 544767,
      "majf" : 0,
      "minf" : 757,
      "iodepth_level" : {
        "1" : 100.000000,
        "2" : 0.000000,
        "4" : 0.000000,
        "8" : 0.000000,
        "16" : 0.000000,
        "32" : 0.000000,
        ">=64" : 0.000000
      },
      "iodepth_submit" : {
        "0" : 0.000000,
        "4" : 100.000000,
        "8" : 0.000000,
        "16" : 0.000000,
        "32" : 0.000000,
        "64" : 0.000000,
        ">=64" : 0.000000
      },
      "iodepth_complete" : {
        "0" : 0.000000,
        "4" : 100.000000,
        "8" : 0.000000,
        "16" : 0.000000,
        "32" : 0.000000,
        "64" : 0.000000,
        ">=64" : 0.000000
      },
      "latency_ns" : {
        "2" : 0.000000,
        "4" : 0.000000,
        "10" : 0.000000,
        "20" : 0.000000,
        "50" : 0.000000,
        "100" : 0.000000,
        "250" : 0.000000,
        "500" : 0.000000,
        "750" : 0.000000,
        "1000" : 0.000000
      },
      "latency_us" : {
        "2" : 0.000000,
        "4" : 0.000000,
        "10" : 0.000000,
        "20" : 0.000000,
        "50" : 0.000000,
        "100" : 0.000000,
        "250" : 0.000000,
        "500" : 0.000000,
        "750" : 0.000000,
        "1000" : 0.000000
      },
      "latency_ms" : {
        "2" : 0.000000,
        "4" : 0.000000,
        "10" : 6.728629,
        "20" : 65.805715,
        "50" : 23.857668,
        "100" : 1.046643,
        "250" : 1.030324,
        "500" : 1.240246,
        "750" : 0.132036,
        "1000" : 0.125360,
        "2000" : 0.033380,
        ">=2000" : 0.000000
      },
      "latency_depth" : 8,
      "latency_target" : 0,
      "latency_percentile" : 100.000000,
      "latency_window" : 0
    }
  ]
}
