{
  "fio version" : "fio-3.23",
  "timestamp" : 1756940451,
  "timestamp_ms" : 1756940451066,
  "time" : "Wed Sep  3 23:00:51 2025",
  "jobs" : [
    {
      "jobname" : "RandR-4K-16-8",
      "groupid" : 0,
      "error" : 0,
      "eta" : 0,
      "elapsed" : 61,
      "job options" : {
        "name" : "RandR-4K-16-8",
        "numjobs" : "16",
        "runtime" : "60",
        "directory" : "/tmp/e2sar/rgeorge-fio_test-p1r1_RandR-4K-16-8",
        "direct" : "1",
        "buffered" : "0",
        "rw" : "randread",
        "unified_rw_reporting" : "0",
        "randrepeat" : "0",
        "bs" : "4K",
        "size" : "128M",
        "ioengine" : "pvsync",
        "iodepth" : "8",
        "lat_percentiles" : "1"
      },
      "read" : {
        "io_bytes" : 9070788608,
        "io_kbytes" : 8858192,
        "bw_bytes" : 151177290,
        "bw" : 147634,
        "iops" : 36908.518191,
        "runtime" : 60001,
        "total_ios" : 2214548,
        "short_ios" : 0,
        "drop_ios" : 0,
        "slat_ns" : {
          "min" : 0,
          "max" : 0,
          "mean" : 0.000000,
          "stddev" : 0.000000,
          "N" : 0
        },
        "clat_ns" : {
          "min" : 141274,
          "max" : 256290991,
          "mean" : 432944.468711,
          "stddev" : 1507609.854694,
          "N" : 2214548,
          "percentile" : {
            "1.000000" : 244736,
            "5.000000" : 321536,
            "10.000000" : 362496,
            "20.000000" : 378880,
            "30.000000" : 387072,
            "40.000000" : 391168,
            "50.000000" : 399360,
            "60.000000" : 403456,
            "70.000000" : 411648,
            "80.000000" : 419840,
            "90.000000" : 432128,
            "95.000000" : 444416,
            "99.000000" : 477184,
            "99.500000" : 522240,
            "99.900000" : 7766016,
            "99.950000" : 20054016,
            "99.990000" : 80216064
          }
        },
        "lat_ns" : {
          "min" : 141307,
          "max" : 256291028,
          "mean" : 432984.160389,
          "stddev" : 1507610.023953,
          "N" : 2214548,
          "percentile" : {
            "1.000000" : 244736,
            "5.000000" : 321536,
            "10.000000" : 362496,
            "20.000000" : 378880,
            "30.000000" : 387072,
            "40.000000" : 391168,
            "50.000000" : 399360,
            "60.000000" : 403456,
            "70.000000" : 411648,
            "80.000000" : 419840,
            "90.000000" : 432128,
            "95.000000" : 444416,
            "99.000000" : 477184,
            "99.500000" : 522240,
            "99.900000" : 7766016,
            "99.950000" : 20054016,
            "99.990000" : 80216064
          }
        },
        "bw_min" : 21160,
        "bw_max" : 165616,
        "bw_agg" : 100.000000,
        "bw_mean" : 147701.243697,
        "bw_dev" : 2022.182751,
        "bw_samples" : 1904,
        "iops_min" : 5290,
        "iops_max" : 41404,
        "iops_mean" : 36925.310924,
        "iops_stddev" : 505.545688,
        "iops_samples" : 1904
      },
      "write" : {
        "io_bytes" : 0,
        "io_kbytes" : 0,
        "bw_bytes" : 0,
        "bw" : 0,
        "iops" : 0.000000,
        "runtime" : 0,
        "total_ios" : 0,
        "short_ios" : 0,
        "drop_ios" : 0,
        "slat_ns" : {
          "min" : 0,
          "max" : 0,
          "mean" : 0.000000,
          "stddev" : 0.000000,
          "N" : 0
        },
        "clat_ns" : {
          "min" : 0,
          "max" : 0,
          "mean" : 0.000000,
          "stddev" : 0.000000,
          "N" : 0
        },
        "lat_ns" : {
          "min" : 0,
          "max" : 0,
          "mean" : 0.000000,
          "stddev" : 0.000000,
          "N" : 0
        },
        "bw_min" : 0,
        "bw_max" : 0,
        "bw_agg" : 0.000000,
        "bw_mean" : 0.000000,
        "bw_dev" : 0.000000,
        "bw_samples" : 0,
        "iops_min" : 0,
        "iops_max" : 0,
        "iops_mean" : 0.000000,
        "iops_stddev" : 0.000000,
        "iops_samples" : 0
      },
      "trim" : {
        "io_bytes" : 0,
        "io_kbytes" : 0,
        "bw_bytes" : 0,
        "bw" : 0,
        "iops" : 0.000000,
        "runtime" : 0,
        "total_ios" : 0,
        "short_ios" : 0,
        "drop_ios" : 0,
        "slat_ns" : {
          "min" : 0,
          "max" : 0,
          "mean" : 0.000000,
          "stddev" : 0.000000,
          "N" : 0
        },
        "clat_ns" : {
          "min" : 0,
          "max" : 0,
          "mean" : 0.000000,
          "stddev" : 0.000000,
          "N" : 0
        },
        "lat_ns" : {
          "min" : 0,
          "max" : 0,
          "mean" : 0.000000,
          "stddev" : 0.000000,
          "N" : 0
        },
        "bw_min" : 0,
        "bw_max" : 0,
        "bw_agg" : 0.000000,
        "bw_mean" : 0.000000,
        "bw_dev" : 0.000000,
        "bw_samples" : 0,
        "iops_min" : 0,
        "iops_max" : 0,
        "iops_mean" : 0.000000,
        "iops_stddev" : 0.000000,
        "iops_samples" : 0
      },
      "sync" : {
        "total_ios" : 0,
        "lat_ns" : {
          "min" : 0,
          "max" : 0,
          "mean" : 0.000000,
          "stddev" : 0.000000,
          "N" : 0
        }
      },
      "job_runtime" : 960000,
      "usr_cpu" : 0.328229,
      "sys_cpu" : 1.242917,
      "ctx" : 2214634,
      "majf" : 0,
      "minf" : 207,
      "iodepth_level" : {
        "1" : 100.000000,
        "2" : 0.000000,
        "4" : 0.000000,
        "8" : 0.000000,
        "16" : 0.000000,
        "32" : 0.000000,
        ">=64" : 0.000000
      },
      "iodepth_submit" : {
        "0" : 0.000000,
        "4" : 100.000000,
        "8" : 0.000000,
        "16" : 0.000000,
        "32" : 0.000000,
        "64" : 0.000000,
        ">=64" : 0.000000
      },
      "iodepth_complete" : {
        "0" : 0.000000,
        "4" : 100.000000,
        "8" : 0.000000,
        "16" : 0.000000,
        "32" : 0.000000,
        "64" : 0.000000,
        ">=64" : 0.000000
      },
      "latency_ns" : {
        "2" : 0.000000,
        "4" : 0.000000,
        "10" : 0.000000,
        "20" : 0.000000,
        "50" : 0.000000,
        "100" : 0.000000,
        "250" : 0.000000,
        "500" : 0.000000,
        "750" : 0.000000,
        "1000" : 0.000000
      },
      "latency_us" : {
        "2" : 0.000000,
        "4" : 0.000000,
        "10" : 0.000000,
        "20" : 0.000000,
        "50" : 0.000000,
        "100" : 0.000000,
        "250" : 1.312683,
        "500" : 98.004965,
        "750" : 0.445463,
        "1000" : 0.013592
      },
      "latency_ms" : {
        "2" : 0.027816,
        "4" : 0.044388,
        "10" : 0.068998,
        "20" : 0.032061,
        "50" : 0.024520,
        "100" : 0.022172,
        "250" : 0.010000,
        "500" : 0.010000,
        "750" : 0.000000,
        "1000" : 0.000000,
        "2000" : 0.000000,
        ">=2000" : 0.000000
      },
      "latency_depth" : 8,
      "latency_target" : 0,
      "latency_percentile" : 100.000000,
      "latency_window" : 0
    }
  ]
}
