{
  "fio version" : "fio-3.23",
  "timestamp" : 1757432687,
  "timestamp_ms" : 1757432687905,
  "time" : "Tue Sep  9 15:44:47 2025",
  "jobs" : [
    {
      "jobname" : "RandRH-16K-64-128",
      "groupid" : 0,
      "error" : 0,
      "eta" : 0,
      "elapsed" : 61,
      "job options" : {
        "name" : "RandRH-16K-64-128",
        "rw" : "randrw",
        "rwmixread" : "80",
        "unified_rw_reporting" : "1",
        "bs" : "16K",
        "numjobs" : "64",
        "iodepth" : "128",
        "runtime" : "60",
        "directory" : "/tmp/e2sar/rgeorge-fio_test-m_RandRH-16K-64-128",
        "direct" : "1",
        "buffered" : "0",
        "randrepeat" : "0",
        "size" : "128M",
        "ioengine" : "pvsync",
        "lat_percentiles" : "1"
      },
      "mixed" : {
        "io_bytes" : 47981166592,
        "io_kbytes" : 46856608,
        "bw_bytes" : 799659454,
        "bw" : 780917,
        "iops" : 48807.339755,
        "runtime" : 60002,
        "total_ios" : 2928538,
        "short_ios" : 0,
        "drop_ios" : 0,
        "slat_ns" : {
          "min" : 0,
          "max" : 0,
          "mean" : 0.000000,
          "stddev" : 0.000000,
          "N" : 0
        },
        "clat_ns" : {
          "min" : 161355,
          "max" : 302244170,
          "mean" : 1306433.714007,
          "stddev" : 1465931.873546,
          "N" : 2928538,
          "percentile" : {
            "1.000000" : 329728,
            "5.000000" : 806912,
            "10.000000" : 913408,
            "20.000000" : 1056768,
            "30.000000" : 1171456,
            "40.000000" : 1236992,
            "50.000000" : 1286144,
            "60.000000" : 1318912,
            "70.000000" : 1351680,
            "80.000000" : 1400832,
            "90.000000" : 1548288,
            "95.000000" : 1679360,
            "99.000000" : 1892352,
            "99.500000" : 2023424,
            "99.900000" : 23461888,
            "99.950000" : 35913728,
            "99.990000" : 60030976
          }
        },
        "lat_ns" : {
          "min" : 161400,
          "max" : 302244212,
          "mean" : 1306500.425379,
          "stddev" : 1465930.581170,
          "N" : 2928538,
          "percentile" : {
            "1.000000" : 329728,
            "5.000000" : 806912,
            "10.000000" : 913408,
            "20.000000" : 1056768,
            "30.000000" : 1171456,
            "40.000000" : 1236992,
            "50.000000" : 1286144,
            "60.000000" : 1318912,
            "70.000000" : 1351680,
            "80.000000" : 1400832,
            "90.000000" : 1548288,
            "95.000000" : 1679360,
            "99.000000" : 1892352,
            "99.500000" : 2023424,
            "99.900000" : 23461888,
            "99.950000" : 35913728,
            "99.990000" : 60030976
          }
        },
        "bw_min" : 495333,
        "bw_max" : 967990,
        "bw_agg" : 100.000000,
        "bw_mean" : 781786.621849,
        "bw_dev" : 555.335026,
        "bw_samples" : 15232,
        "iops_min" : 30949,
        "iops_max" : 60486,
        "iops_mean" : 48842.201681,
        "iops_stddev" : 34.713835,
        "iops_samples" : 15232
      },
      "job_runtime" : 3840001,
      "usr_cpu" : 0.200990,
      "sys_cpu" : 0.434062,
      "ctx" : 2928997,
      "majf" : 0,
      "minf" : 1111,
      "iodepth_level" : {
        "1" : 100.000000,
        "2" : 0.000000,
        "4" : 0.000000,
        "8" : 0.000000,
        "16" : 0.000000,
        "32" : 0.000000,
        ">=64" : 0.000000
      },
      "iodepth_submit" : {
        "0" : 0.000000,
        "4" : 100.000000,
        "8" : 0.000000,
        "16" : 0.000000,
        "32" : 0.000000,
        "64" : 0.000000,
        ">=64" : 0.000000
      },
      "iodepth_complete" : {
        "0" : 0.000000,
        "4" : 100.000000,
        "8" : 0.000000,
        "16" : 0.000000,
        "32" : 0.000000,
        "64" : 0.000000,
        ">=64" : 0.000000
      },
      "latency_ns" : {
        "2" : 0.000000,
        "4" : 0.000000,
        "10" : 0.000000,
        "20" : 0.000000,
        "50" : 0.000000,
        "100" : 0.000000,
        "250" : 0.000000,
        "500" : 0.000000,
        "750" : 0.000000,
        "1000" : 0.000000
      },
      "latency_us" : {
        "2" : 0.000000,
        "4" : 0.000000,
        "10" : 0.000000,
        "20" : 0.000000,
        "50" : 0.000000,
        "100" : 0.000000,
        "250" : 0.130816,
        "500" : 2.034121,
        "750" : 1.671346,
        "1000" : 12.511055
      },
      "latency_ms" : {
        "2" : 83.077631,
        "4" : 0.261496,
        "10" : 0.081406,
        "20" : 0.111284,
        "50" : 0.098923,
        "100" : 0.021717,
        "250" : 0.010000,
        "500" : 0.010000,
        "750" : 0.000000,
        "1000" : 0.000000,
        "2000" : 0.000000,
        ">=2000" : 0.000000
      },
      "latency_depth" : 128,
      "latency_target" : 0,
      "latency_percentile" : 100.000000,
      "latency_window" : 0
    }
  ]
}
