{
  "fio version" : "fio-3.23",
  "timestamp" : 1757216821,
  "timestamp_ms" : 1757216821140,
  "time" : "Sun Sep  7 03:47:01 2025",
  "jobs" : [
    {
      "jobname" : "SeqRH-2M-64-64",
      "groupid" : 0,
      "error" : 0,
      "eta" : 0,
      "elapsed" : 62,
      "job options" : {
        "name" : "SeqRH-2M-64-64",
        "numjobs" : "64",
        "runtime" : "60",
        "directory" : "/tmp/e2sar/rgeorge-fio_test-p3s_SeqRH-2M-64-64",
        "direct" : "1",
        "buffered" : "0",
        "rw" : "rw",
        "rwmixread" : "80",
        "unified_rw_reporting" : "1",
        "randrepeat" : "0",
        "bs" : "2M",
        "size" : "128M",
        "ioengine" : "pvsync",
        "iodepth" : "64",
        "lat_percentiles" : "1"
      },
      "mixed" : {
        "io_bytes" : 140916031488,
        "io_kbytes" : 137613312,
        "bw_bytes" : 2346566833,
        "bw" : 2291569,
        "iops" : 1118.930260,
        "runtime" : 60052,
        "total_ios" : 67194,
        "short_ios" : 0,
        "drop_ios" : 0,
        "slat_ns" : {
          "min" : 0,
          "max" : 0,
          "mean" : 0.000000,
          "stddev" : 0.000000,
          "N" : 0
        },
        "clat_ns" : {
          "min" : 1396478,
          "max" : 1326889366,
          "mean" : 57021851.457347,
          "stddev" : 69238238.587258,
          "N" : 67194,
          "percentile" : {
            "1.000000" : 11337728,
            "5.000000" : 16711680,
            "10.000000" : 33161216,
            "20.000000" : 42205184,
            "30.000000" : 44826624,
            "40.000000" : 45875200,
            "50.000000" : 46923776,
            "60.000000" : 47972352,
            "70.000000" : 49020928,
            "80.000000" : 50069504,
            "90.000000" : 52166656,
            "95.000000" : 103284736,
            "99.000000" : 463470592,
            "99.500000" : 513802240,
            "99.900000" : 759169024,
            "99.950000" : 926941184,
            "99.990000" : 1082130432
          }
        },
        "lat_ns" : {
          "min" : 1396613,
          "max" : 1326889605,
          "mean" : 57022030.316353,
          "stddev" : 69238238.746560,
          "N" : 67194,
          "percentile" : {
            "1.000000" : 11337728,
            "5.000000" : 16711680,
            "10.000000" : 33161216,
            "20.000000" : 42205184,
            "30.000000" : 44826624,
            "40.000000" : 45875200,
            "50.000000" : 46923776,
            "60.000000" : 47972352,
            "70.000000" : 49020928,
            "80.000000" : 50069504,
            "90.000000" : 52166656,
            "95.000000" : 103284736,
            "99.000000" : 463470592,
            "99.500000" : 513802240,
            "99.900000" : 759169024,
            "99.950000" : 926941184,
            "99.990000" : 1082130432
          }
        },
        "bw_min" : 523433,
        "bw_max" : 5250001,
        "bw_agg" : 100.000000,
        "bw_mean" : 2446067.566086,
        "bw_dev" : 8737.691506,
        "bw_samples" : 13573,
        "iops_min" : 161,
        "iops_max" : 2552,
        "iops_mean" : 1182.649749,
        "iops_stddev" : 4.298573,
        "iops_samples" : 13573
      },
      "job_runtime" : 3840993,
      "usr_cpu" : 0.150716,
      "sys_cpu" : 0.048295,
      "ctx" : 134842,
      "majf" : 0,
      "minf" : 1254,
      "iodepth_level" : {
        "1" : 100.000000,
        "2" : 0.000000,
        "4" : 0.000000,
        "8" : 0.000000,
        "16" : 0.000000,
        "32" : 0.000000,
        ">=64" : 0.000000
      },
      "iodepth_submit" : {
        "0" : 0.000000,
        "4" : 100.000000,
        "8" : 0.000000,
        "16" : 0.000000,
        "32" : 0.000000,
        "64" : 0.000000,
        ">=64" : 0.000000
      },
      "iodepth_complete" : {
        "0" : 0.000000,
        "4" : 100.000000,
        "8" : 0.000000,
        "16" : 0.000000,
        "32" : 0.000000,
        "64" : 0.000000,
        ">=64" : 0.000000
      },
      "latency_ns" : {
        "2" : 0.000000,
        "4" : 0.000000,
        "10" : 0.000000,
        "20" : 0.000000,
        "50" : 0.000000,
        "100" : 0.000000,
        "250" : 0.000000,
        "500" : 0.000000,
        "750" : 0.000000,
        "1000" : 0.000000
      },
      "latency_us" : {
        "2" : 0.000000,
        "4" : 0.000000,
        "10" : 0.000000,
        "20" : 0.000000,
        "50" : 0.000000,
        "100" : 0.000000,
        "250" : 0.000000,
        "500" : 0.000000,
        "750" : 0.000000,
        "1000" : 0.000000
      },
      "latency_ms" : {
        "2" : 0.029765,
        "4" : 0.052088,
        "10" : 0.343781,
        "20" : 5.942495,
        "50" : 74.637616,
        "100" : 13.856892,
        "250" : 2.701134,
        "500" : 1.842426,
        "750" : 0.488139,
        "1000" : 0.077388,
        "2000" : 0.028276,
        ">=2000" : 0.000000
      },
      "latency_depth" : 64,
      "latency_target" : 0,
      "latency_percentile" : 100.000000,
      "latency_window" : 0
    }
  ]
}
