{
  "fio version" : "fio-3.23",
  "timestamp" : 1757020741,
  "timestamp_ms" : 1757020741336,
  "time" : "Thu Sep  4 21:19:01 2025",
  "jobs" : [
    {
      "jobname" : "SeqRH-4K-32-64",
      "groupid" : 0,
      "error" : 0,
      "eta" : 0,
      "elapsed" : 61,
      "job options" : {
        "name" : "SeqRH-4K-32-64",
        "numjobs" : "32",
        "runtime" : "60",
        "directory" : "/tmp/e2sar/rgeorge-fio_test-p2s_SeqRH-4K-32-64",
        "direct" : "1",
        "buffered" : "0",
        "rw" : "rw",
        "rwmixread" : "80",
        "unified_rw_reporting" : "1",
        "randrepeat" : "0",
        "bs" : "4K",
        "size" : "128M",
        "ioengine" : "pvsync",
        "iodepth" : "64",
        "lat_percentiles" : "1"
      },
      "mixed" : {
        "io_bytes" : 12055605248,
        "io_kbytes" : 11773052,
        "bw_bytes" : 200899967,
        "bw" : 196191,
        "iops" : 49047.843621,
        "runtime" : 60008,
        "total_ios" : 2943263,
        "short_ios" : 0,
        "drop_ios" : 0,
        "slat_ns" : {
          "min" : 0,
          "max" : 0,
          "mean" : 0.000000,
          "stddev" : 0.000000,
          "N" : 0
        },
        "clat_ns" : {
          "min" : 120920,
          "max" : 251408149,
          "mean" : 650741.371657,
          "stddev" : 1500594.379114,
          "N" : 2943263,
          "percentile" : {
            "1.000000" : 309248,
            "5.000000" : 468992,
            "10.000000" : 514048,
            "20.000000" : 561152,
            "30.000000" : 585728,
            "40.000000" : 610304,
            "50.000000" : 626688,
            "60.000000" : 643072,
            "70.000000" : 659456,
            "80.000000" : 684032,
            "90.000000" : 708608,
            "95.000000" : 733184,
            "99.000000" : 970752,
            "99.500000" : 1138688,
            "99.900000" : 7045120,
            "99.950000" : 13565952,
            "99.990000" : 76021760
          }
        },
        "lat_ns" : {
          "min" : 120966,
          "max" : 251408193,
          "mean" : 650795.184929,
          "stddev" : 1500594.406053,
          "N" : 2943263,
          "percentile" : {
            "1.000000" : 309248,
            "5.000000" : 468992,
            "10.000000" : 514048,
            "20.000000" : 561152,
            "30.000000" : 585728,
            "40.000000" : 610304,
            "50.000000" : 626688,
            "60.000000" : 643072,
            "70.000000" : 659456,
            "80.000000" : 684032,
            "90.000000" : 708608,
            "95.000000" : 733184,
            "99.000000" : 970752,
            "99.500000" : 1138688,
            "99.900000" : 7045120,
            "99.950000" : 13565952,
            "99.990000" : 76021760
          }
        },
        "bw_min" : 96616,
        "bw_max" : 249512,
        "bw_agg" : 100.000000,
        "bw_mean" : 196460.445378,
        "bw_dev" : 372.523818,
        "bw_samples" : 7616,
        "iops_min" : 24154,
        "iops_max" : 62378,
        "iops_mean" : 49115.092437,
        "iops_stddev" : 93.130904,
        "iops_samples" : 7616
      },
      "job_runtime" : 1920015,
      "usr_cpu" : 0.277602,
      "sys_cpu" : 0.843900,
      "ctx" : 2943502,
      "majf" : 0,
      "minf" : 638,
      "iodepth_level" : {
        "1" : 100.000000,
        "2" : 0.000000,
        "4" : 0.000000,
        "8" : 0.000000,
        "16" : 0.000000,
        "32" : 0.000000,
        ">=64" : 0.000000
      },
      "iodepth_submit" : {
        "0" : 0.000000,
        "4" : 100.000000,
        "8" : 0.000000,
        "16" : 0.000000,
        "32" : 0.000000,
        "64" : 0.000000,
        ">=64" : 0.000000
      },
      "iodepth_complete" : {
        "0" : 0.000000,
        "4" : 100.000000,
        "8" : 0.000000,
        "16" : 0.000000,
        "32" : 0.000000,
        "64" : 0.000000,
        ">=64" : 0.000000
      },
      "latency_ns" : {
        "2" : 0.000000,
        "4" : 0.000000,
        "10" : 0.000000,
        "20" : 0.000000,
        "50" : 0.000000,
        "100" : 0.000000,
        "250" : 0.000000,
        "500" : 0.000000,
        "750" : 0.000000,
        "1000" : 0.000000
      },
      "latency_us" : {
        "2" : 0.000000,
        "4" : 0.000000,
        "10" : 0.000000,
        "20" : 0.000000,
        "50" : 0.000000,
        "100" : 0.000000,
        "250" : 0.469173,
        "500" : 7.601224,
        "750" : 88.445171,
        "1000" : 2.572655
      },
      "latency_ms" : {
        "2" : 0.728239,
        "4" : 0.042368,
        "10" : 0.077159,
        "20" : 0.035131,
        "50" : 0.013896,
        "100" : 0.010000,
        "250" : 0.010000,
        "500" : 0.010000,
        "750" : 0.000000,
        "1000" : 0.000000,
        "2000" : 0.000000,
        ">=2000" : 0.000000
      },
      "latency_depth" : 64,
      "latency_target" : 0,
      "latency_percentile" : 100.000000,
      "latency_window" : 0
    }
  ]
}
