{
  "fio version" : "fio-3.23",
  "timestamp" : 1757209414,
  "timestamp_ms" : 1757209414190,
  "time" : "Sun Sep  7 01:43:34 2025",
  "jobs" : [
    {
      "jobname" : "SeqW-1M-64-8",
      "groupid" : 0,
      "error" : 0,
      "eta" : 0,
      "elapsed" : 61,
      "job options" : {
        "name" : "SeqW-1M-64-8",
        "numjobs" : "64",
        "runtime" : "60",
        "directory" : "/tmp/e2sar/rgeorge-fio_test-p3s_SeqW-1M-64-8",
        "direct" : "1",
        "buffered" : "0",
        "rw" : "write",
        "unified_rw_reporting" : "0",
        "randrepeat" : "0",
        "bs" : "1M",
        "size" : "128M",
        "ioengine" : "pvsync",
        "iodepth" : "8",
        "lat_percentiles" : "1"
      },
      "read" : {
        "io_bytes" : 0,
        "io_kbytes" : 0,
        "bw_bytes" : 0,
        "bw" : 0,
        "iops" : 0.000000,
        "runtime" : 0,
        "total_ios" : 0,
        "short_ios" : 0,
        "drop_ios" : 0,
        "slat_ns" : {
          "min" : 0,
          "max" : 0,
          "mean" : 0.000000,
          "stddev" : 0.000000,
          "N" : 0
        },
        "clat_ns" : {
          "min" : 0,
          "max" : 0,
          "mean" : 0.000000,
          "stddev" : 0.000000,
          "N" : 0
        },
        "lat_ns" : {
          "min" : 0,
          "max" : 0,
          "mean" : 0.000000,
          "stddev" : 0.000000,
          "N" : 0
        },
        "bw_min" : 0,
        "bw_max" : 0,
        "bw_agg" : 0.000000,
        "bw_mean" : 0.000000,
        "bw_dev" : 0.000000,
        "bw_samples" : 0,
        "iops_min" : 0,
        "iops_max" : 0,
        "iops_mean" : 0.000000,
        "iops_stddev" : 0.000000,
        "iops_samples" : 0
      },
      "write" : {
        "io_bytes" : 557546733568,
        "io_kbytes" : 544479232,
        "bw_bytes" : 9291361567,
        "bw" : 9073595,
        "iops" : 8860.932891,
        "runtime" : 60007,
        "total_ios" : 531718,
        "short_ios" : 0,
        "drop_ios" : 0,
        "slat_ns" : {
          "min" : 0,
          "max" : 0,
          "mean" : 0.000000,
          "stddev" : 0.000000,
          "N" : 0
        },
        "clat_ns" : {
          "min" : 869131,
          "max" : 755975131,
          "mean" : 6938214.498825,
          "stddev" : 27869843.675472,
          "N" : 531718,
          "percentile" : {
            "1.000000" : 1204224,
            "5.000000" : 1449984,
            "10.000000" : 2146304,
            "20.000000" : 2932736,
            "30.000000" : 3915776,
            "40.000000" : 4489216,
            "50.000000" : 4751360,
            "60.000000" : 5013504,
            "70.000000" : 5210112,
            "80.000000" : 5537792,
            "90.000000" : 6193152,
            "95.000000" : 6782976,
            "99.000000" : 61603840,
            "99.500000" : 121110528,
            "99.900000" : 471859200,
            "99.950000" : 501219328,
            "99.990000" : 591396864
          }
        },
        "lat_ns" : {
          "min" : 869190,
          "max" : 755975191,
          "mean" : 6938362.224997,
          "stddev" : 27869844.600941,
          "N" : 531718,
          "percentile" : {
            "1.000000" : 1204224,
            "5.000000" : 1449984,
            "10.000000" : 2146304,
            "20.000000" : 2932736,
            "30.000000" : 3915776,
            "40.000000" : 4489216,
            "50.000000" : 4751360,
            "60.000000" : 5013504,
            "70.000000" : 5210112,
            "80.000000" : 5537792,
            "90.000000" : 6193152,
            "95.000000" : 6782976,
            "99.000000" : 61603840,
            "99.500000" : 121110528,
            "99.900000" : 471859200,
            "99.950000" : 501219328,
            "99.990000" : 591396864
          }
        },
        "bw_min" : 167868,
        "bw_max" : 20743068,
        "bw_agg" : 100.000000,
        "bw_mean" : 9101783.722630,
        "bw_dev" : 84850.111428,
        "bw_samples" : 7585,
        "iops_min" : 152,
        "iops_max" : 20255,
        "iops_mean" : 8885.677961,
        "iops_stddev" : 82.887292,
        "iops_samples" : 7585
      },
      "trim" : {
        "io_bytes" : 0,
        "io_kbytes" : 0,
        "bw_bytes" : 0,
        "bw" : 0,
        "iops" : 0.000000,
        "runtime" : 0,
        "total_ios" : 0,
        "short_ios" : 0,
        "drop_ios" : 0,
        "slat_ns" : {
          "min" : 0,
          "max" : 0,
          "mean" : 0.000000,
          "stddev" : 0.000000,
          "N" : 0
        },
        "clat_ns" : {
          "min" : 0,
          "max" : 0,
          "mean" : 0.000000,
          "stddev" : 0.000000,
          "N" : 0
        },
        "lat_ns" : {
          "min" : 0,
          "max" : 0,
          "mean" : 0.000000,
          "stddev" : 0.000000,
          "N" : 0
        },
        "bw_min" : 0,
        "bw_max" : 0,
        "bw_agg" : 0.000000,
        "bw_mean" : 0.000000,
        "bw_dev" : 0.000000,
        "bw_samples" : 0,
        "iops_min" : 0,
        "iops_max" : 0,
        "iops_mean" : 0.000000,
        "iops_stddev" : 0.000000,
        "iops_samples" : 0
      },
      "sync" : {
        "total_ios" : 0,
        "lat_ns" : {
          "min" : 0,
          "max" : 0,
          "mean" : 0.000000,
          "stddev" : 0.000000,
          "N" : 0
        }
      },
      "job_runtime" : 3840059,
      "usr_cpu" : 3.656246,
      "sys_cpu" : 0.218851,
      "ctx" : 538529,
      "majf" : 0,
      "minf" : 800,
      "iodepth_level" : {
        "1" : 100.000000,
        "2" : 0.000000,
        "4" : 0.000000,
        "8" : 0.000000,
        "16" : 0.000000,
        "32" : 0.000000,
        ">=64" : 0.000000
      },
      "iodepth_submit" : {
        "0" : 0.000000,
        "4" : 100.000000,
        "8" : 0.000000,
        "16" : 0.000000,
        "32" : 0.000000,
        "64" : 0.000000,
        ">=64" : 0.000000
      },
      "iodepth_complete" : {
        "0" : 0.000000,
        "4" : 100.000000,
        "8" : 0.000000,
        "16" : 0.000000,
        "32" : 0.000000,
        "64" : 0.000000,
        ">=64" : 0.000000
      },
      "latency_ns" : {
        "2" : 0.000000,
        "4" : 0.000000,
        "10" : 0.000000,
        "20" : 0.000000,
        "50" : 0.000000,
        "100" : 0.000000,
        "250" : 0.000000,
        "500" : 0.000000,
        "750" : 0.000000,
        "1000" : 0.000000
      },
      "latency_us" : {
        "2" : 0.000000,
        "4" : 0.000000,
        "10" : 0.000000,
        "20" : 0.000000,
        "50" : 0.000000,
        "100" : 0.000000,
        "250" : 0.000000,
        "500" : 0.000000,
        "750" : 0.000000,
        "1000" : 0.030279
      },
      "latency_ms" : {
        "2" : 9.357028,
        "4" : 21.813631,
        "10" : 66.356603,
        "20" : 0.573424,
        "50" : 0.670092,
        "100" : 0.650345,
        "250" : 0.143685,
        "500" : 0.353759,
        "750" : 0.050967,
        "1000" : 0.010000,
        "2000" : 0.000000,
        ">=2000" : 0.000000
      },
      "latency_depth" : 8,
      "latency_target" : 0,
      "latency_percentile" : 100.000000,
      "latency_window" : 0
    }
  ]
}
