{
  "fio version" : "fio-3.23",
  "timestamp" : 1757458688,
  "timestamp_ms" : 1757458688256,
  "time" : "Tue Sep  9 22:58:08 2025",
  "jobs" : [
    {
      "jobname" : "SeqBal-2M-128-64",
      "groupid" : 0,
      "error" : 0,
      "eta" : 0,
      "elapsed" : 62,
      "job options" : {
        "name" : "SeqBal-2M-128-64",
        "rw" : "rw",
        "unified_rw_reporting" : "1",
        "bs" : "2M",
        "numjobs" : "128",
        "iodepth" : "64",
        "runtime" : "60",
        "directory" : "/tmp/e2sar/rgeorge-fio_test-m_SeqBal-2M-128-64",
        "direct" : "1",
        "buffered" : "0",
        "randrepeat" : "0",
        "size" : "128M",
        "ioengine" : "pvsync",
        "lat_percentiles" : "1"
      },
      "mixed" : {
        "io_bytes" : 205919354880,
        "io_kbytes" : 201093120,
        "bw_bytes" : 3420814587,
        "bw" : 3340639,
        "iops" : 1631.171506,
        "runtime" : 60196,
        "total_ios" : 98190,
        "short_ios" : 0,
        "drop_ios" : 0,
        "slat_ns" : {
          "min" : 0,
          "max" : 0,
          "mean" : 0.000000,
          "stddev" : 0.000000,
          "N" : 0
        },
        "clat_ns" : {
          "min" : 2381447,
          "max" : 513526359,
          "mean" : 77886958.584622,
          "stddev" : 21535538.094531,
          "N" : 98190,
          "percentile" : {
            "1.000000" : 49020928,
            "5.000000" : 64749568,
            "10.000000" : 67633152,
            "20.000000" : 69730304,
            "30.000000" : 71827456,
            "40.000000" : 73924608,
            "50.000000" : 74973184,
            "60.000000" : 77070336,
            "70.000000" : 79167488,
            "80.000000" : 80216064,
            "90.000000" : 83361792,
            "95.000000" : 87556096,
            "99.000000" : 200278016,
            "99.500000" : 238026752,
            "99.900000" : 270532608,
            "99.950000" : 283115520,
            "99.990000" : 308281344
          }
        },
        "lat_ns" : {
          "min" : 2381511,
          "max" : 513526494,
          "mean" : 77887170.482850,
          "stddev" : 21535536.831684,
          "N" : 98190,
          "percentile" : {
            "1.000000" : 49020928,
            "5.000000" : 64749568,
            "10.000000" : 67633152,
            "20.000000" : 69730304,
            "30.000000" : 71827456,
            "40.000000" : 73924608,
            "50.000000" : 74973184,
            "60.000000" : 77070336,
            "70.000000" : 79167488,
            "80.000000" : 80216064,
            "90.000000" : 83361792,
            "95.000000" : 87556096,
            "99.000000" : 200278016,
            "99.500000" : 238026752,
            "99.900000" : 270532608,
            "99.950000" : 283115520,
            "99.990000" : 308281344
          }
        },
        "bw_min" : 1047262,
        "bw_max" : 7527556,
        "bw_agg" : 100.000000,
        "bw_mean" : 3401873.848419,
        "bw_dev" : 5348.310767,
        "bw_samples" : 30014,
        "iops_min" : 394,
        "iops_max" : 3664,
        "iops_mean" : 1642.788074,
        "iops_stddev" : 2.617746,
        "iops_samples" : 30014
      },
      "job_runtime" : 7683699,
      "usr_cpu" : 0.324791,
      "sys_cpu" : 0.071398,
      "ctx" : 197740,
      "majf" : 0,
      "minf" : 2005,
      "iodepth_level" : {
        "1" : 100.000000,
        "2" : 0.000000,
        "4" : 0.000000,
        "8" : 0.000000,
        "16" : 0.000000,
        "32" : 0.000000,
        ">=64" : 0.000000
      },
      "iodepth_submit" : {
        "0" : 0.000000,
        "4" : 100.000000,
        "8" : 0.000000,
        "16" : 0.000000,
        "32" : 0.000000,
        "64" : 0.000000,
        ">=64" : 0.000000
      },
      "iodepth_complete" : {
        "0" : 0.000000,
        "4" : 100.000000,
        "8" : 0.000000,
        "16" : 0.000000,
        "32" : 0.000000,
        "64" : 0.000000,
        ">=64" : 0.000000
      },
      "latency_ns" : {
        "2" : 0.000000,
        "4" : 0.000000,
        "10" : 0.000000,
        "20" : 0.000000,
        "50" : 0.000000,
        "100" : 0.000000,
        "250" : 0.000000,
        "500" : 0.000000,
        "750" : 0.000000,
        "1000" : 0.000000
      },
      "latency_us" : {
        "2" : 0.000000,
        "4" : 0.000000,
        "10" : 0.000000,
        "20" : 0.000000,
        "50" : 0.000000,
        "100" : 0.000000,
        "250" : 0.000000,
        "500" : 0.000000,
        "750" : 0.000000,
        "1000" : 0.000000
      },
      "latency_ms" : {
        "2" : 0.000000,
        "4" : 0.040737,
        "10" : 0.056014,
        "20" : 0.268866,
        "50" : 0.652816,
        "100" : 95.885528,
        "250" : 2.764029,
        "500" : 0.330991,
        "750" : 0.010000,
        "1000" : 0.000000,
        "2000" : 0.000000,
        ">=2000" : 0.000000
      },
      "latency_depth" : 64,
      "latency_target" : 0,
      "latency_percentile" : 100.000000,
      "latency_window" : 0
    }
  ]
}
