{
  "fio version" : "fio-3.23",
  "timestamp" : 1757021462,
  "timestamp_ms" : 1757021462547,
  "time" : "Thu Sep  4 21:31:02 2025",
  "jobs" : [
    {
      "jobname" : "SeqR-16K-32-64",
      "groupid" : 0,
      "error" : 0,
      "eta" : 0,
      "elapsed" : 61,
      "job options" : {
        "name" : "SeqR-16K-32-64",
        "numjobs" : "32",
        "runtime" : "60",
        "directory" : "/tmp/e2sar/rgeorge-fio_test-p2s_SeqR-16K-32-64",
        "direct" : "1",
        "buffered" : "0",
        "rw" : "read",
        "unified_rw_reporting" : "0",
        "randrepeat" : "0",
        "bs" : "16K",
        "size" : "128M",
        "ioengine" : "pvsync",
        "iodepth" : "64",
        "lat_percentiles" : "1"
      },
      "read" : {
        "io_bytes" : 43920654336,
        "io_kbytes" : 42891264,
        "bw_bytes" : 731986506,
        "bw" : 714830,
        "iops" : 44676.910770,
        "runtime" : 60002,
        "total_ios" : 2680704,
        "short_ios" : 0,
        "drop_ios" : 0,
        "slat_ns" : {
          "min" : 0,
          "max" : 0,
          "mean" : 0.000000,
          "stddev" : 0.000000,
          "N" : 0
        },
        "clat_ns" : {
          "min" : 126649,
          "max" : 296512391,
          "mean" : 715453.450959,
          "stddev" : 1714299.675425,
          "N" : 2680704,
          "percentile" : {
            "1.000000" : 268288,
            "5.000000" : 505856,
            "10.000000" : 602112,
            "20.000000" : 634880,
            "30.000000" : 651264,
            "40.000000" : 667648,
            "50.000000" : 684032,
            "60.000000" : 692224,
            "70.000000" : 708608,
            "80.000000" : 724992,
            "90.000000" : 749568,
            "95.000000" : 774144,
            "99.000000" : 905216,
            "99.500000" : 1138688,
            "99.900000" : 9109504,
            "99.950000" : 25296896,
            "99.990000" : 86507520
          }
        },
        "lat_ns" : {
          "min" : 126681,
          "max" : 296512430,
          "mean" : 715503.136199,
          "stddev" : 1714299.606247,
          "N" : 2680704,
          "percentile" : {
            "1.000000" : 268288,
            "5.000000" : 505856,
            "10.000000" : 602112,
            "20.000000" : 634880,
            "30.000000" : 651264,
            "40.000000" : 667648,
            "50.000000" : 684032,
            "60.000000" : 692224,
            "70.000000" : 708608,
            "80.000000" : 724992,
            "90.000000" : 749568,
            "95.000000" : 774144,
            "99.000000" : 905216,
            "99.500000" : 1138688,
            "99.900000" : 9109504,
            "99.950000" : 25296896,
            "99.990000" : 86507520
          }
        },
        "bw_min" : 380064,
        "bw_max" : 818624,
        "bw_agg" : 100.000000,
        "bw_mean" : 715457.117647,
        "bw_dev" : 2256.598260,
        "bw_samples" : 3808,
        "iops_min" : 23754,
        "iops_max" : 51164,
        "iops_mean" : 44716.058824,
        "iops_stddev" : 141.037489,
        "iops_samples" : 3808
      },
      "write" : {
        "io_bytes" : 0,
        "io_kbytes" : 0,
        "bw_bytes" : 0,
        "bw" : 0,
        "iops" : 0.000000,
        "runtime" : 0,
        "total_ios" : 0,
        "short_ios" : 0,
        "drop_ios" : 0,
        "slat_ns" : {
          "min" : 0,
          "max" : 0,
          "mean" : 0.000000,
          "stddev" : 0.000000,
          "N" : 0
        },
        "clat_ns" : {
          "min" : 0,
          "max" : 0,
          "mean" : 0.000000,
          "stddev" : 0.000000,
          "N" : 0
        },
        "lat_ns" : {
          "min" : 0,
          "max" : 0,
          "mean" : 0.000000,
          "stddev" : 0.000000,
          "N" : 0
        },
        "bw_min" : 0,
        "bw_max" : 0,
        "bw_agg" : 0.000000,
        "bw_mean" : 0.000000,
        "bw_dev" : 0.000000,
        "bw_samples" : 0,
        "iops_min" : 0,
        "iops_max" : 0,
        "iops_mean" : 0.000000,
        "iops_stddev" : 0.000000,
        "iops_samples" : 0
      },
      "trim" : {
        "io_bytes" : 0,
        "io_kbytes" : 0,
        "bw_bytes" : 0,
        "bw" : 0,
        "iops" : 0.000000,
        "runtime" : 0,
        "total_ios" : 0,
        "short_ios" : 0,
        "drop_ios" : 0,
        "slat_ns" : {
          "min" : 0,
          "max" : 0,
          "mean" : 0.000000,
          "stddev" : 0.000000,
          "N" : 0
        },
        "clat_ns" : {
          "min" : 0,
          "max" : 0,
          "mean" : 0.000000,
          "stddev" : 0.000000,
          "N" : 0
        },
        "lat_ns" : {
          "min" : 0,
          "max" : 0,
          "mean" : 0.000000,
          "stddev" : 0.000000,
          "N" : 0
        },
        "bw_min" : 0,
        "bw_max" : 0,
        "bw_agg" : 0.000000,
        "bw_mean" : 0.000000,
        "bw_dev" : 0.000000,
        "bw_samples" : 0,
        "iops_min" : 0,
        "iops_max" : 0,
        "iops_mean" : 0.000000,
        "iops_stddev" : 0.000000,
        "iops_samples" : 0
      },
      "sync" : {
        "total_ios" : 0,
        "lat_ns" : {
          "min" : 0,
          "max" : 0,
          "mean" : 0.000000,
          "stddev" : 0.000000,
          "N" : 0
        }
      },
      "job_runtime" : 1920007,
      "usr_cpu" : 0.201926,
      "sys_cpu" : 0.777185,
      "ctx" : 2680886,
      "majf" : 0,
      "minf" : 555,
      "iodepth_level" : {
        "1" : 100.000000,
        "2" : 0.000000,
        "4" : 0.000000,
        "8" : 0.000000,
        "16" : 0.000000,
        "32" : 0.000000,
        ">=64" : 0.000000
      },
      "iodepth_submit" : {
        "0" : 0.000000,
        "4" : 100.000000,
        "8" : 0.000000,
        "16" : 0.000000,
        "32" : 0.000000,
        "64" : 0.000000,
        ">=64" : 0.000000
      },
      "iodepth_complete" : {
        "0" : 0.000000,
        "4" : 100.000000,
        "8" : 0.000000,
        "16" : 0.000000,
        "32" : 0.000000,
        "64" : 0.000000,
        ">=64" : 0.000000
      },
      "latency_ns" : {
        "2" : 0.000000,
        "4" : 0.000000,
        "10" : 0.000000,
        "20" : 0.000000,
        "50" : 0.000000,
        "100" : 0.000000,
        "250" : 0.000000,
        "500" : 0.000000,
        "750" : 0.000000,
        "1000" : 0.000000
      },
      "latency_us" : {
        "2" : 0.000000,
        "4" : 0.000000,
        "10" : 0.000000,
        "20" : 0.000000,
        "50" : 0.000000,
        "100" : 0.000000,
        "250" : 0.783600,
        "500" : 4.099259,
        "750" : 85.653246,
        "1000" : 8.718158
      },
      "latency_ms" : {
        "2" : 0.526541,
        "4" : 0.040064,
        "10" : 0.086619,
        "20" : 0.036893,
        "50" : 0.025329,
        "100" : 0.025143,
        "250" : 0.010000,
        "500" : 0.010000,
        "750" : 0.000000,
        "1000" : 0.000000,
        "2000" : 0.000000,
        ">=2000" : 0.000000
      },
      "latency_depth" : 64,
      "latency_target" : 0,
      "latency_percentile" : 100.000000,
      "latency_window" : 0
    }
  ]
}
