{
  "fio version" : "fio-3.23",
  "timestamp" : 1757180587,
  "timestamp_ms" : 1757180587307,
  "time" : "Sat Sep  6 17:43:07 2025",
  "jobs" : [
    {
      "jobname" : "SeqR-16K-128-1",
      "groupid" : 0,
      "error" : 0,
      "eta" : 0,
      "elapsed" : 62,
      "job options" : {
        "name" : "SeqR-16K-128-1",
        "numjobs" : "128",
        "runtime" : "60",
        "directory" : "/tmp/e2sar/rgeorge-fio_test-p4s_SeqR-16K-128-1",
        "direct" : "1",
        "buffered" : "0",
        "rw" : "read",
        "unified_rw_reporting" : "0",
        "randrepeat" : "0",
        "bs" : "16K",
        "size" : "128M",
        "ioengine" : "pvsync",
        "iodepth" : "1",
        "lat_percentiles" : "1"
      },
      "read" : {
        "io_bytes" : 37831770112,
        "io_kbytes" : 36945088,
        "bw_bytes" : 629763289,
        "bw" : 615003,
        "iops" : 38437.700797,
        "runtime" : 60073,
        "total_ios" : 2309068,
        "short_ios" : 0,
        "drop_ios" : 0,
        "slat_ns" : {
          "min" : 0,
          "max" : 0,
          "mean" : 0.000000,
          "stddev" : 0.000000,
          "N" : 0
        },
        "clat_ns" : {
          "min" : 162854,
          "max" : 613111352,
          "mean" : 3321425.284145,
          "stddev" : 11900329.457435,
          "N" : 2309068,
          "percentile" : {
            "1.000000" : 1843200,
            "5.000000" : 2146304,
            "10.000000" : 2506752,
            "20.000000" : 2768896,
            "30.000000" : 2801664,
            "40.000000" : 2834432,
            "50.000000" : 2867200,
            "60.000000" : 2899968,
            "70.000000" : 2899968,
            "80.000000" : 2932736,
            "90.000000" : 2965504,
            "95.000000" : 3063808,
            "99.000000" : 6651904,
            "99.500000" : 13303808,
            "99.900000" : 96993280,
            "99.950000" : 367001600,
            "99.990000" : 488636416
          }
        },
        "lat_ns" : {
          "min" : 162911,
          "max" : 613111405,
          "mean" : 3321478.786340,
          "stddev" : 11900330.363620,
          "N" : 2309068,
          "percentile" : {
            "1.000000" : 1843200,
            "5.000000" : 2146304,
            "10.000000" : 2506752,
            "20.000000" : 2768896,
            "30.000000" : 2801664,
            "40.000000" : 2834432,
            "50.000000" : 2867200,
            "60.000000" : 2899968,
            "70.000000" : 2899968,
            "80.000000" : 2932736,
            "90.000000" : 2965504,
            "95.000000" : 3063808,
            "99.000000" : 6651904,
            "99.500000" : 13303808,
            "99.900000" : 96993280,
            "99.950000" : 367001600,
            "99.990000" : 488636416
          }
        },
        "bw_min" : 4672,
        "bw_max" : 893024,
        "bw_agg" : 100.000000,
        "bw_mean" : 616641.557292,
        "bw_dev" : 1683.504890,
        "bw_samples" : 15216,
        "iops_min" : 292,
        "iops_max" : 55814,
        "iops_mean" : 38540.067363,
        "iops_stddev" : 105.219165,
        "iops_samples" : 15216
      },
      "write" : {
        "io_bytes" : 0,
        "io_kbytes" : 0,
        "bw_bytes" : 0,
        "bw" : 0,
        "iops" : 0.000000,
        "runtime" : 0,
        "total_ios" : 0,
        "short_ios" : 0,
        "drop_ios" : 0,
        "slat_ns" : {
          "min" : 0,
          "max" : 0,
          "mean" : 0.000000,
          "stddev" : 0.000000,
          "N" : 0
        },
        "clat_ns" : {
          "min" : 0,
          "max" : 0,
          "mean" : 0.000000,
          "stddev" : 0.000000,
          "N" : 0
        },
        "lat_ns" : {
          "min" : 0,
          "max" : 0,
          "mean" : 0.000000,
          "stddev" : 0.000000,
          "N" : 0
        },
        "bw_min" : 0,
        "bw_max" : 0,
        "bw_agg" : 0.000000,
        "bw_mean" : 0.000000,
        "bw_dev" : 0.000000,
        "bw_samples" : 0,
        "iops_min" : 0,
        "iops_max" : 0,
        "iops_mean" : 0.000000,
        "iops_stddev" : 0.000000,
        "iops_samples" : 0
      },
      "trim" : {
        "io_bytes" : 0,
        "io_kbytes" : 0,
        "bw_bytes" : 0,
        "bw" : 0,
        "iops" : 0.000000,
        "runtime" : 0,
        "total_ios" : 0,
        "short_ios" : 0,
        "drop_ios" : 0,
        "slat_ns" : {
          "min" : 0,
          "max" : 0,
          "mean" : 0.000000,
          "stddev" : 0.000000,
          "N" : 0
        },
        "clat_ns" : {
          "min" : 0,
          "max" : 0,
          "mean" : 0.000000,
          "stddev" : 0.000000,
          "N" : 0
        },
        "lat_ns" : {
          "min" : 0,
          "max" : 0,
          "mean" : 0.000000,
          "stddev" : 0.000000,
          "N" : 0
        },
        "bw_min" : 0,
        "bw_max" : 0,
        "bw_agg" : 0.000000,
        "bw_mean" : 0.000000,
        "bw_dev" : 0.000000,
        "bw_samples" : 0,
        "iops_min" : 0,
        "iops_max" : 0,
        "iops_mean" : 0.000000,
        "iops_stddev" : 0.000000,
        "iops_samples" : 0
      },
      "sync" : {
        "total_ios" : 0,
        "lat_ns" : {
          "min" : 0,
          "max" : 0,
          "mean" : 0.000000,
          "stddev" : 0.000000,
          "N" : 0
        }
      },
      "job_runtime" : 7680652,
      "usr_cpu" : 0.055503,
      "sys_cpu" : 0.168059,
      "ctx" : 2309823,
      "majf" : 0,
      "minf" : 2343,
      "iodepth_level" : {
        "1" : 100.000000,
        "2" : 0.000000,
        "4" : 0.000000,
        "8" : 0.000000,
        "16" : 0.000000,
        "32" : 0.000000,
        ">=64" : 0.000000
      },
      "iodepth_submit" : {
        "0" : 0.000000,
        "4" : 100.000000,
        "8" : 0.000000,
        "16" : 0.000000,
        "32" : 0.000000,
        "64" : 0.000000,
        ">=64" : 0.000000
      },
      "iodepth_complete" : {
        "0" : 0.000000,
        "4" : 100.000000,
        "8" : 0.000000,
        "16" : 0.000000,
        "32" : 0.000000,
        "64" : 0.000000,
        ">=64" : 0.000000
      },
      "latency_ns" : {
        "2" : 0.000000,
        "4" : 0.000000,
        "10" : 0.000000,
        "20" : 0.000000,
        "50" : 0.000000,
        "100" : 0.000000,
        "250" : 0.000000,
        "500" : 0.000000,
        "750" : 0.000000,
        "1000" : 0.000000
      },
      "latency_us" : {
        "2" : 0.000000,
        "4" : 0.000000,
        "10" : 0.000000,
        "20" : 0.000000,
        "50" : 0.000000,
        "100" : 0.000000,
        "250" : 0.010000,
        "500" : 0.010000,
        "750" : 0.010000,
        "1000" : 0.010000
      },
      "latency_ms" : {
        "2" : 3.059849,
        "4" : 94.700459,
        "10" : 1.603461,
        "20" : 0.267554,
        "50" : 0.165695,
        "100" : 0.101253,
        "250" : 0.027067,
        "500" : 0.066607,
        "750" : 0.010000,
        "1000" : 0.000000,
        "2000" : 0.000000,
        ">=2000" : 0.000000
      },
      "latency_depth" : 1,
      "latency_target" : 0,
      "latency_percentile" : 100.000000,
      "latency_window" : 0
    }
  ]
}
