{
  "fio version" : "fio-3.23",
  "timestamp" : 1756946452,
  "timestamp_ms" : 1756946452845,
  "time" : "Thu Sep  4 00:40:52 2025",
  "jobs" : [
    {
      "jobname" : "RandR-16K-16-32",
      "groupid" : 0,
      "error" : 0,
      "eta" : 0,
      "elapsed" : 61,
      "job options" : {
        "name" : "RandR-16K-16-32",
        "numjobs" : "16",
        "runtime" : "60",
        "directory" : "/tmp/e2sar/rgeorge-fio_test-p1r2_RandR-16K-16-32",
        "direct" : "1",
        "buffered" : "0",
        "rw" : "randread",
        "unified_rw_reporting" : "0",
        "randrepeat" : "0",
        "bs" : "16K",
        "size" : "128M",
        "ioengine" : "pvsync",
        "iodepth" : "32",
        "lat_percentiles" : "1"
      },
      "read" : {
        "io_bytes" : 40410218496,
        "io_kbytes" : 39463104,
        "bw_bytes" : 673492416,
        "bw" : 657707,
        "iops" : 41106.714888,
        "runtime" : 60001,
        "total_ios" : 2466444,
        "short_ios" : 0,
        "drop_ios" : 0,
        "slat_ns" : {
          "min" : 0,
          "max" : 0,
          "mean" : 0.000000,
          "stddev" : 0.000000,
          "N" : 0
        },
        "clat_ns" : {
          "min" : 139265,
          "max" : 408835835,
          "mean" : 388653.662556,
          "stddev" : 1697477.592790,
          "N" : 2466444,
          "percentile" : {
            "1.000000" : 226304,
            "5.000000" : 261120,
            "10.000000" : 284672,
            "20.000000" : 309248,
            "30.000000" : 325632,
            "40.000000" : 333824,
            "50.000000" : 346112,
            "60.000000" : 354304,
            "70.000000" : 362496,
            "80.000000" : 374784,
            "90.000000" : 387072,
            "95.000000" : 407552,
            "99.000000" : 464896,
            "99.500000" : 493568,
            "99.900000" : 10813440,
            "99.950000" : 32112640,
            "99.990000" : 81264640
          }
        },
        "lat_ns" : {
          "min" : 139309,
          "max" : 408835881,
          "mean" : 388700.472618,
          "stddev" : 1697477.716633,
          "N" : 2466444,
          "percentile" : {
            "1.000000" : 226304,
            "5.000000" : 261120,
            "10.000000" : 284672,
            "20.000000" : 309248,
            "30.000000" : 325632,
            "40.000000" : 333824,
            "50.000000" : 346112,
            "60.000000" : 354304,
            "70.000000" : 362496,
            "80.000000" : 374784,
            "90.000000" : 387072,
            "95.000000" : 407552,
            "99.000000" : 464896,
            "99.500000" : 493568,
            "99.900000" : 10813440,
            "99.950000" : 32112640,
            "99.990000" : 81264640
          }
        },
        "bw_min" : 60832,
        "bw_max" : 791136,
        "bw_agg" : 100.000000,
        "bw_mean" : 657881.815126,
        "bw_dev" : 10726.144522,
        "bw_samples" : 1904,
        "iops_min" : 3802,
        "iops_max" : 49446,
        "iops_mean" : 41117.613445,
        "iops_stddev" : 670.384033,
        "iops_samples" : 1904
      },
      "write" : {
        "io_bytes" : 0,
        "io_kbytes" : 0,
        "bw_bytes" : 0,
        "bw" : 0,
        "iops" : 0.000000,
        "runtime" : 0,
        "total_ios" : 0,
        "short_ios" : 0,
        "drop_ios" : 0,
        "slat_ns" : {
          "min" : 0,
          "max" : 0,
          "mean" : 0.000000,
          "stddev" : 0.000000,
          "N" : 0
        },
        "clat_ns" : {
          "min" : 0,
          "max" : 0,
          "mean" : 0.000000,
          "stddev" : 0.000000,
          "N" : 0
        },
        "lat_ns" : {
          "min" : 0,
          "max" : 0,
          "mean" : 0.000000,
          "stddev" : 0.000000,
          "N" : 0
        },
        "bw_min" : 0,
        "bw_max" : 0,
        "bw_agg" : 0.000000,
        "bw_mean" : 0.000000,
        "bw_dev" : 0.000000,
        "bw_samples" : 0,
        "iops_min" : 0,
        "iops_max" : 0,
        "iops_mean" : 0.000000,
        "iops_stddev" : 0.000000,
        "iops_samples" : 0
      },
      "trim" : {
        "io_bytes" : 0,
        "io_kbytes" : 0,
        "bw_bytes" : 0,
        "bw" : 0,
        "iops" : 0.000000,
        "runtime" : 0,
        "total_ios" : 0,
        "short_ios" : 0,
        "drop_ios" : 0,
        "slat_ns" : {
          "min" : 0,
          "max" : 0,
          "mean" : 0.000000,
          "stddev" : 0.000000,
          "N" : 0
        },
        "clat_ns" : {
          "min" : 0,
          "max" : 0,
          "mean" : 0.000000,
          "stddev" : 0.000000,
          "N" : 0
        },
        "lat_ns" : {
          "min" : 0,
          "max" : 0,
          "mean" : 0.000000,
          "stddev" : 0.000000,
          "N" : 0
        },
        "bw_min" : 0,
        "bw_max" : 0,
        "bw_agg" : 0.000000,
        "bw_mean" : 0.000000,
        "bw_dev" : 0.000000,
        "bw_samples" : 0,
        "iops_min" : 0,
        "iops_max" : 0,
        "iops_mean" : 0.000000,
        "iops_stddev" : 0.000000,
        "iops_samples" : 0
      },
      "sync" : {
        "total_ios" : 0,
        "lat_ns" : {
          "min" : 0,
          "max" : 0,
          "mean" : 0.000000,
          "stddev" : 0.000000,
          "N" : 0
        }
      },
      "job_runtime" : 960000,
      "usr_cpu" : 0.346771,
      "sys_cpu" : 1.206042,
      "ctx" : 2466531,
      "majf" : 0,
      "minf" : 257,
      "iodepth_level" : {
        "1" : 100.000000,
        "2" : 0.000000,
        "4" : 0.000000,
        "8" : 0.000000,
        "16" : 0.000000,
        "32" : 0.000000,
        ">=64" : 0.000000
      },
      "iodepth_submit" : {
        "0" : 0.000000,
        "4" : 100.000000,
        "8" : 0.000000,
        "16" : 0.000000,
        "32" : 0.000000,
        "64" : 0.000000,
        ">=64" : 0.000000
      },
      "iodepth_complete" : {
        "0" : 0.000000,
        "4" : 100.000000,
        "8" : 0.000000,
        "16" : 0.000000,
        "32" : 0.000000,
        "64" : 0.000000,
        ">=64" : 0.000000
      },
      "latency_ns" : {
        "2" : 0.000000,
        "4" : 0.000000,
        "10" : 0.000000,
        "20" : 0.000000,
        "50" : 0.000000,
        "100" : 0.000000,
        "250" : 0.000000,
        "500" : 0.000000,
        "750" : 0.000000,
        "1000" : 0.000000
      },
      "latency_us" : {
        "2" : 0.000000,
        "4" : 0.000000,
        "10" : 0.000000,
        "20" : 0.000000,
        "50" : 0.000000,
        "100" : 0.000000,
        "250" : 3.319475,
        "500" : 96.227727,
        "750" : 0.207262,
        "1000" : 0.010379
      },
      "latency_ms" : {
        "2" : 0.025502,
        "4" : 0.040463,
        "10" : 0.065763,
        "20" : 0.034179,
        "50" : 0.036855,
        "100" : 0.029597,
        "250" : 0.010000,
        "500" : 0.010000,
        "750" : 0.000000,
        "1000" : 0.000000,
        "2000" : 0.000000,
        ">=2000" : 0.000000
      },
      "latency_depth" : 32,
      "latency_target" : 0,
      "latency_percentile" : 100.000000,
      "latency_window" : 0
    }
  ]
}
