{
  "fio version" : "fio-3.23",
  "timestamp" : 1757182741,
  "timestamp_ms" : 1757182741551,
  "time" : "Sat Sep  6 18:19:01 2025",
  "jobs" : [
    {
      "jobname" : "SeqRH-2M-128-1",
      "groupid" : 0,
      "error" : 0,
      "eta" : 0,
      "elapsed" : 62,
      "job options" : {
        "name" : "SeqRH-2M-128-1",
        "numjobs" : "128",
        "runtime" : "60",
        "directory" : "/tmp/e2sar/rgeorge-fio_test-p4s_SeqRH-2M-128-1",
        "direct" : "1",
        "buffered" : "0",
        "rw" : "rw",
        "rwmixread" : "80",
        "unified_rw_reporting" : "1",
        "randrepeat" : "0",
        "bs" : "2M",
        "size" : "128M",
        "ioengine" : "pvsync",
        "iodepth" : "1",
        "lat_percentiles" : "1"
      },
      "mixed" : {
        "io_bytes" : 143686369280,
        "io_kbytes" : 140318720,
        "bw_bytes" : 2391703468,
        "bw" : 2335647,
        "iops" : 1140.453085,
        "runtime" : 60077,
        "total_ios" : 68515,
        "short_ios" : 0,
        "drop_ios" : 0,
        "slat_ns" : {
          "min" : 0,
          "max" : 0,
          "mean" : 0.000000,
          "stddev" : 0.000000,
          "N" : 0
        },
        "clat_ns" : {
          "min" : 1263563,
          "max" : 1188254161,
          "mean" : 111517928.171802,
          "stddev" : 71079058.773653,
          "N" : 68515,
          "percentile" : {
            "1.000000" : 66846720,
            "5.000000" : 81264640,
            "10.000000" : 84410368,
            "20.000000" : 88604672,
            "30.000000" : 90701824,
            "40.000000" : 92798976,
            "50.000000" : 93847552,
            "60.000000" : 95944704,
            "70.000000" : 96993280,
            "80.000000" : 100139008,
            "90.000000" : 152043520,
            "95.000000" : 212860928,
            "99.000000" : 513802240,
            "99.500000" : 583008256,
            "99.900000" : 708837376,
            "99.950000" : 859832320,
            "99.990000" : 1082130432
          }
        },
        "lat_ns" : {
          "min" : 1263867,
          "max" : 1188254681,
          "mean" : 111518097.756156,
          "stddev" : 71079065.663654,
          "N" : 68515,
          "percentile" : {
            "1.000000" : 66846720,
            "5.000000" : 81264640,
            "10.000000" : 84410368,
            "20.000000" : 88604672,
            "30.000000" : 90701824,
            "40.000000" : 92798976,
            "50.000000" : 93847552,
            "60.000000" : 95944704,
            "70.000000" : 96993280,
            "80.000000" : 100139008,
            "90.000000" : 152043520,
            "95.000000" : 212860928,
            "99.000000" : 513802240,
            "99.500000" : 583008256,
            "99.900000" : 708837376,
            "99.950000" : 859832320,
            "99.990000" : 1082130432
          }
        },
        "bw_min" : 1052547,
        "bw_max" : 5881856,
        "bw_agg" : 100.000000,
        "bw_mean" : 2685574.221171,
        "bw_dev" : 4819.688356,
        "bw_samples" : 24138,
        "iops_min" : 501,
        "iops_max" : 2872,
        "iops_mean" : 1310.602876,
        "iops_stddev" : 2.353502,
        "iops_samples" : 24138
      },
      "job_runtime" : 7684891,
      "usr_cpu" : 0.069981,
      "sys_cpu" : 0.047938,
      "ctx" : 137968,
      "majf" : 1,
      "minf" : 2018,
      "iodepth_level" : {
        "1" : 100.000000,
        "2" : 0.000000,
        "4" : 0.000000,
        "8" : 0.000000,
        "16" : 0.000000,
        "32" : 0.000000,
        ">=64" : 0.000000
      },
      "iodepth_submit" : {
        "0" : 0.000000,
        "4" : 100.000000,
        "8" : 0.000000,
        "16" : 0.000000,
        "32" : 0.000000,
        "64" : 0.000000,
        ">=64" : 0.000000
      },
      "iodepth_complete" : {
        "0" : 0.000000,
        "4" : 100.000000,
        "8" : 0.000000,
        "16" : 0.000000,
        "32" : 0.000000,
        "64" : 0.000000,
        ">=64" : 0.000000
      },
      "latency_ns" : {
        "2" : 0.000000,
        "4" : 0.000000,
        "10" : 0.000000,
        "20" : 0.000000,
        "50" : 0.000000,
        "100" : 0.000000,
        "250" : 0.000000,
        "500" : 0.000000,
        "750" : 0.000000,
        "1000" : 0.000000
      },
      "latency_us" : {
        "2" : 0.000000,
        "4" : 0.000000,
        "10" : 0.000000,
        "20" : 0.000000,
        "50" : 0.000000,
        "100" : 0.000000,
        "250" : 0.000000,
        "500" : 0.000000,
        "750" : 0.000000,
        "1000" : 0.000000
      },
      "latency_ms" : {
        "2" : 0.013136,
        "4" : 0.045246,
        "10" : 0.128439,
        "20" : 0.163468,
        "50" : 0.370722,
        "100" : 79.696417,
        "250" : 16.196453,
        "500" : 2.276874,
        "750" : 1.033350,
        "1000" : 0.058381,
        "2000" : 0.017514,
        ">=2000" : 0.000000
      },
      "latency_depth" : 1,
      "latency_target" : 0,
      "latency_percentile" : 100.000000,
      "latency_window" : 0
    }
  ]
}
