{
  "fio version" : "fio-3.23",
  "timestamp" : 1756969371,
  "timestamp_ms" : 1756969371774,
  "time" : "Thu Sep  4 07:02:51 2025",
  "jobs" : [
    {
      "jobname" : "SeqR-4M-16-128",
      "groupid" : 0,
      "error" : 0,
      "eta" : 0,
      "elapsed" : 61,
      "job options" : {
        "name" : "SeqR-4M-16-128",
        "numjobs" : "16",
        "runtime" : "60",
        "directory" : "/tmp/e2sar/rgeorge-fio_test-p1s_SeqR-4M-16-128",
        "direct" : "1",
        "buffered" : "0",
        "rw" : "read",
        "unified_rw_reporting" : "0",
        "randrepeat" : "0",
        "bs" : "4M",
        "size" : "128M",
        "ioengine" : "pvsync",
        "iodepth" : "128",
        "lat_percentiles" : "1"
      },
      "read" : {
        "io_bytes" : 183735681024,
        "io_kbytes" : 179429376,
        "bw_bytes" : 3061649020,
        "bw" : 2989891,
        "iops" : 729.954009,
        "runtime" : 60012,
        "total_ios" : 43806,
        "short_ios" : 0,
        "drop_ios" : 0,
        "slat_ns" : {
          "min" : 0,
          "max" : 0,
          "mean" : 0.000000,
          "stddev" : 0.000000,
          "N" : 0
        },
        "clat_ns" : {
          "min" : 2255651,
          "max" : 504960654,
          "mean" : 21909945.585742,
          "stddev" : 18530096.651768,
          "N" : 43806,
          "percentile" : {
            "1.000000" : 6258688,
            "5.000000" : 17694720,
            "10.000000" : 17956864,
            "20.000000" : 18481152,
            "30.000000" : 18743296,
            "40.000000" : 18743296,
            "50.000000" : 19005440,
            "60.000000" : 19267584,
            "70.000000" : 19529728,
            "80.000000" : 19791872,
            "90.000000" : 20316160,
            "95.000000" : 23986176,
            "99.000000" : 119013376,
            "99.500000" : 152043520,
            "99.900000" : 248512512,
            "99.950000" : 287309824,
            "99.990000" : 333447168
          }
        },
        "lat_ns" : {
          "min" : 2255680,
          "max" : 504960779,
          "mean" : 21909987.802653,
          "stddev" : 18530112.723826,
          "N" : 43806,
          "percentile" : {
            "1.000000" : 6258688,
            "5.000000" : 17694720,
            "10.000000" : 17956864,
            "20.000000" : 18481152,
            "30.000000" : 18743296,
            "40.000000" : 18743296,
            "50.000000" : 19005440,
            "60.000000" : 19267584,
            "70.000000" : 19529728,
            "80.000000" : 19791872,
            "90.000000" : 20316160,
            "95.000000" : 23986176,
            "99.000000" : 119013376,
            "99.500000" : 152043520,
            "99.900000" : 248512512,
            "99.950000" : 287309824,
            "99.990000" : 333447168
          }
        },
        "bw_min" : 475136,
        "bw_max" : 3678208,
        "bw_agg" : 99.997069,
        "bw_mean" : 2989804.638655,
        "bw_dev" : 53155.891360,
        "bw_samples" : 1904,
        "iops_min" : 116,
        "iops_max" : 898,
        "iops_mean" : 729.932773,
        "iops_stddev" : 12.977513,
        "iops_samples" : 1904
      },
      "write" : {
        "io_bytes" : 0,
        "io_kbytes" : 0,
        "bw_bytes" : 0,
        "bw" : 0,
        "iops" : 0.000000,
        "runtime" : 0,
        "total_ios" : 0,
        "short_ios" : 0,
        "drop_ios" : 0,
        "slat_ns" : {
          "min" : 0,
          "max" : 0,
          "mean" : 0.000000,
          "stddev" : 0.000000,
          "N" : 0
        },
        "clat_ns" : {
          "min" : 0,
          "max" : 0,
          "mean" : 0.000000,
          "stddev" : 0.000000,
          "N" : 0
        },
        "lat_ns" : {
          "min" : 0,
          "max" : 0,
          "mean" : 0.000000,
          "stddev" : 0.000000,
          "N" : 0
        },
        "bw_min" : 0,
        "bw_max" : 0,
        "bw_agg" : 0.000000,
        "bw_mean" : 0.000000,
        "bw_dev" : 0.000000,
        "bw_samples" : 0,
        "iops_min" : 0,
        "iops_max" : 0,
        "iops_mean" : 0.000000,
        "iops_stddev" : 0.000000,
        "iops_samples" : 0
      },
      "trim" : {
        "io_bytes" : 0,
        "io_kbytes" : 0,
        "bw_bytes" : 0,
        "bw" : 0,
        "iops" : 0.000000,
        "runtime" : 0,
        "total_ios" : 0,
        "short_ios" : 0,
        "drop_ios" : 0,
        "slat_ns" : {
          "min" : 0,
          "max" : 0,
          "mean" : 0.000000,
          "stddev" : 0.000000,
          "N" : 0
        },
        "clat_ns" : {
          "min" : 0,
          "max" : 0,
          "mean" : 0.000000,
          "stddev" : 0.000000,
          "N" : 0
        },
        "lat_ns" : {
          "min" : 0,
          "max" : 0,
          "mean" : 0.000000,
          "stddev" : 0.000000,
          "N" : 0
        },
        "bw_min" : 0,
        "bw_max" : 0,
        "bw_agg" : 0.000000,
        "bw_mean" : 0.000000,
        "bw_dev" : 0.000000,
        "bw_samples" : 0,
        "iops_min" : 0,
        "iops_max" : 0,
        "iops_mean" : 0.000000,
        "iops_stddev" : 0.000000,
        "iops_samples" : 0
      },
      "sync" : {
        "total_ios" : 0,
        "lat_ns" : {
          "min" : 0,
          "max" : 0,
          "mean" : 0.000000,
          "stddev" : 0.000000,
          "N" : 0
        }
      },
      "job_runtime" : 960099,
      "usr_cpu" : 0.005729,
      "sys_cpu" : 0.274659,
      "ctx" : 175322,
      "majf" : 0,
      "minf" : 4124,
      "iodepth_level" : {
        "1" : 100.000000,
        "2" : 0.000000,
        "4" : 0.000000,
        "8" : 0.000000,
        "16" : 0.000000,
        "32" : 0.000000,
        ">=64" : 0.000000
      },
      "iodepth_submit" : {
        "0" : 0.000000,
        "4" : 100.000000,
        "8" : 0.000000,
        "16" : 0.000000,
        "32" : 0.000000,
        "64" : 0.000000,
        ">=64" : 0.000000
      },
      "iodepth_complete" : {
        "0" : 0.000000,
        "4" : 100.000000,
        "8" : 0.000000,
        "16" : 0.000000,
        "32" : 0.000000,
        "64" : 0.000000,
        ">=64" : 0.000000
      },
      "latency_ns" : {
        "2" : 0.000000,
        "4" : 0.000000,
        "10" : 0.000000,
        "20" : 0.000000,
        "50" : 0.000000,
        "100" : 0.000000,
        "250" : 0.000000,
        "500" : 0.000000,
        "750" : 0.000000,
        "1000" : 0.000000
      },
      "latency_us" : {
        "2" : 0.000000,
        "4" : 0.000000,
        "10" : 0.000000,
        "20" : 0.000000,
        "50" : 0.000000,
        "100" : 0.000000,
        "250" : 0.000000,
        "500" : 0.000000,
        "750" : 0.000000,
        "1000" : 0.000000
      },
      "latency_ms" : {
        "2" : 0.000000,
        "4" : 0.650596,
        "10" : 0.751039,
        "20" : 84.846825,
        "50" : 10.642378,
        "100" : 1.696115,
        "250" : 1.317171,
        "500" : 0.093594,
        "750" : 0.010000,
        "1000" : 0.000000,
        "2000" : 0.000000,
        ">=2000" : 0.000000
      },
      "latency_depth" : 128,
      "latency_target" : 0,
      "latency_percentile" : 100.000000,
      "latency_window" : 0
    }
  ]
}
