{
  "fio version" : "fio-3.23",
  "timestamp" : 1756998534,
  "timestamp_ms" : 1756998534037,
  "time" : "Thu Sep  4 15:08:54 2025",
  "jobs" : [
    {
      "jobname" : "RandR-4K-32-64",
      "groupid" : 0,
      "error" : 0,
      "eta" : 0,
      "elapsed" : 61,
      "job options" : {
        "name" : "RandR-4K-32-64",
        "numjobs" : "32",
        "runtime" : "60",
        "directory" : "/tmp/e2sar/rgeorge-fio_test-p2r_RandR-4K-32-64",
        "direct" : "1",
        "buffered" : "0",
        "rw" : "randread",
        "unified_rw_reporting" : "0",
        "randrepeat" : "0",
        "bs" : "4K",
        "size" : "128M",
        "ioengine" : "pvsync",
        "iodepth" : "64",
        "lat_percentiles" : "1"
      },
      "read" : {
        "io_bytes" : 10853654528,
        "io_kbytes" : 10599272,
        "bw_bytes" : 180888212,
        "bw" : 176648,
        "iops" : 44162.161261,
        "runtime" : 60002,
        "total_ios" : 2649818,
        "short_ios" : 0,
        "drop_ios" : 0,
        "slat_ns" : {
          "min" : 0,
          "max" : 0,
          "mean" : 0.000000,
          "stddev" : 0.000000,
          "N" : 0
        },
        "clat_ns" : {
          "min" : 133162,
          "max" : 282767070,
          "mean" : 723736.395593,
          "stddev" : 1885263.798074,
          "N" : 2649818,
          "percentile" : {
            "1.000000" : 268288,
            "5.000000" : 528384,
            "10.000000" : 593920,
            "20.000000" : 626688,
            "30.000000" : 643072,
            "40.000000" : 659456,
            "50.000000" : 675840,
            "60.000000" : 684032,
            "70.000000" : 700416,
            "80.000000" : 716800,
            "90.000000" : 741376,
            "95.000000" : 774144,
            "99.000000" : 937984,
            "99.500000" : 1044480,
            "99.900000" : 13565952,
            "99.950000" : 40632320,
            "99.990000" : 88604672
          }
        },
        "lat_ns" : {
          "min" : 133205,
          "max" : 282767321,
          "mean" : 723790.570104,
          "stddev" : 1885263.895789,
          "N" : 2649818,
          "percentile" : {
            "1.000000" : 268288,
            "5.000000" : 528384,
            "10.000000" : 593920,
            "20.000000" : 626688,
            "30.000000" : 643072,
            "40.000000" : 659456,
            "50.000000" : 675840,
            "60.000000" : 684032,
            "70.000000" : 700416,
            "80.000000" : 716800,
            "90.000000" : 741376,
            "95.000000" : 774144,
            "99.000000" : 937984,
            "99.500000" : 1044480,
            "99.900000" : 13565952,
            "99.950000" : 40632320,
            "99.990000" : 88604672
          }
        },
        "bw_min" : 40864,
        "bw_max" : 200720,
        "bw_agg" : 100.000000,
        "bw_mean" : 176756.210084,
        "bw_dev" : 986.708608,
        "bw_samples" : 3808,
        "iops_min" : 10216,
        "iops_max" : 50180,
        "iops_mean" : 44189.050420,
        "iops_stddev" : 246.677157,
        "iops_samples" : 3808
      },
      "write" : {
        "io_bytes" : 0,
        "io_kbytes" : 0,
        "bw_bytes" : 0,
        "bw" : 0,
        "iops" : 0.000000,
        "runtime" : 0,
        "total_ios" : 0,
        "short_ios" : 0,
        "drop_ios" : 0,
        "slat_ns" : {
          "min" : 0,
          "max" : 0,
          "mean" : 0.000000,
          "stddev" : 0.000000,
          "N" : 0
        },
        "clat_ns" : {
          "min" : 0,
          "max" : 0,
          "mean" : 0.000000,
          "stddev" : 0.000000,
          "N" : 0
        },
        "lat_ns" : {
          "min" : 0,
          "max" : 0,
          "mean" : 0.000000,
          "stddev" : 0.000000,
          "N" : 0
        },
        "bw_min" : 0,
        "bw_max" : 0,
        "bw_agg" : 0.000000,
        "bw_mean" : 0.000000,
        "bw_dev" : 0.000000,
        "bw_samples" : 0,
        "iops_min" : 0,
        "iops_max" : 0,
        "iops_mean" : 0.000000,
        "iops_stddev" : 0.000000,
        "iops_samples" : 0
      },
      "trim" : {
        "io_bytes" : 0,
        "io_kbytes" : 0,
        "bw_bytes" : 0,
        "bw" : 0,
        "iops" : 0.000000,
        "runtime" : 0,
        "total_ios" : 0,
        "short_ios" : 0,
        "drop_ios" : 0,
        "slat_ns" : {
          "min" : 0,
          "max" : 0,
          "mean" : 0.000000,
          "stddev" : 0.000000,
          "N" : 0
        },
        "clat_ns" : {
          "min" : 0,
          "max" : 0,
          "mean" : 0.000000,
          "stddev" : 0.000000,
          "N" : 0
        },
        "lat_ns" : {
          "min" : 0,
          "max" : 0,
          "mean" : 0.000000,
          "stddev" : 0.000000,
          "N" : 0
        },
        "bw_min" : 0,
        "bw_max" : 0,
        "bw_agg" : 0.000000,
        "bw_mean" : 0.000000,
        "bw_dev" : 0.000000,
        "bw_samples" : 0,
        "iops_min" : 0,
        "iops_max" : 0,
        "iops_mean" : 0.000000,
        "iops_stddev" : 0.000000,
        "iops_samples" : 0
      },
      "sync" : {
        "total_ios" : 0,
        "lat_ns" : {
          "min" : 0,
          "max" : 0,
          "mean" : 0.000000,
          "stddev" : 0.000000,
          "N" : 0
        }
      },
      "job_runtime" : 1920001,
      "usr_cpu" : 0.214427,
      "sys_cpu" : 0.707135,
      "ctx" : 2649990,
      "majf" : 0,
      "minf" : 445,
      "iodepth_level" : {
        "1" : 100.000000,
        "2" : 0.000000,
        "4" : 0.000000,
        "8" : 0.000000,
        "16" : 0.000000,
        "32" : 0.000000,
        ">=64" : 0.000000
      },
      "iodepth_submit" : {
        "0" : 0.000000,
        "4" : 100.000000,
        "8" : 0.000000,
        "16" : 0.000000,
        "32" : 0.000000,
        "64" : 0.000000,
        ">=64" : 0.000000
      },
      "iodepth_complete" : {
        "0" : 0.000000,
        "4" : 100.000000,
        "8" : 0.000000,
        "16" : 0.000000,
        "32" : 0.000000,
        "64" : 0.000000,
        ">=64" : 0.000000
      },
      "latency_ns" : {
        "2" : 0.000000,
        "4" : 0.000000,
        "10" : 0.000000,
        "20" : 0.000000,
        "50" : 0.000000,
        "100" : 0.000000,
        "250" : 0.000000,
        "500" : 0.000000,
        "750" : 0.000000,
        "1000" : 0.000000
      },
      "latency_us" : {
        "2" : 0.000000,
        "4" : 0.000000,
        "10" : 0.000000,
        "20" : 0.000000,
        "50" : 0.000000,
        "100" : 0.000000,
        "250" : 0.540943,
        "500" : 3.979368,
        "750" : 86.848833,
        "1000" : 7.989907
      },
      "latency_ms" : {
        "2" : 0.338891,
        "4" : 0.070571,
        "10" : 0.110423,
        "20" : 0.044833,
        "50" : 0.036342,
        "100" : 0.035172,
        "250" : 0.010000,
        "500" : 0.010000,
        "750" : 0.000000,
        "1000" : 0.000000,
        "2000" : 0.000000,
        ">=2000" : 0.000000
      },
      "latency_depth" : 64,
      "latency_target" : 0,
      "latency_percentile" : 100.000000,
      "latency_window" : 0
    }
  ]
}
