{
  "fio version" : "fio-3.23",
  "timestamp" : 1757091195,
  "timestamp_ms" : 1757091195615,
  "time" : "Fri Sep  5 16:53:15 2025",
  "jobs" : [
    {
      "jobname" : "SeqBal-4K-64-64",
      "groupid" : 0,
      "error" : 0,
      "eta" : 0,
      "elapsed" : 61,
      "job options" : {
        "name" : "SeqBal-4K-64-64",
        "numjobs" : "64",
        "runtime" : "60",
        "directory" : "/tmp/e2sar/rgeorge-fio_test-p3s_SeqBal-4K-64-64",
        "direct" : "1",
        "buffered" : "0",
        "rw" : "rw",
        "unified_rw_reporting" : "1",
        "randrepeat" : "0",
        "bs" : "4K",
        "size" : "128M",
        "ioengine" : "pvsync",
        "iodepth" : "64",
        "lat_percentiles" : "1"
      },
      "mixed" : {
        "io_bytes" : 13216555008,
        "io_kbytes" : 12906792,
        "bw_bytes" : 220228200,
        "bw" : 215066,
        "iops" : 53766.650559,
        "runtime" : 60013,
        "total_ios" : 3226698,
        "short_ios" : 0,
        "drop_ios" : 0,
        "slat_ns" : {
          "min" : 0,
          "max" : 0,
          "mean" : 0.000000,
          "stddev" : 0.000000,
          "N" : 0
        },
        "clat_ns" : {
          "min" : 122640,
          "max" : 730684521,
          "mean" : 1180869.916616,
          "stddev" : 7125639.204772,
          "N" : 3226698,
          "percentile" : {
            "1.000000" : 214016,
            "5.000000" : 358400,
            "10.000000" : 561152,
            "20.000000" : 798720,
            "30.000000" : 905216,
            "40.000000" : 978944,
            "50.000000" : 1036288,
            "60.000000" : 1089536,
            "70.000000" : 1155072,
            "80.000000" : 1220608,
            "90.000000" : 1302528,
            "95.000000" : 1433600,
            "99.000000" : 1843200,
            "99.500000" : 1941504,
            "99.900000" : 21364736,
            "99.950000" : 93847552,
            "99.990000" : 367001600
          }
        },
        "lat_ns" : {
          "min" : 122712,
          "max" : 730684568,
          "mean" : 1180938.630295,
          "stddev" : 7125639.556236,
          "N" : 3226698,
          "percentile" : {
            "1.000000" : 214016,
            "5.000000" : 358400,
            "10.000000" : 561152,
            "20.000000" : 798720,
            "30.000000" : 905216,
            "40.000000" : 978944,
            "50.000000" : 1036288,
            "60.000000" : 1089536,
            "70.000000" : 1155072,
            "80.000000" : 1220608,
            "90.000000" : 1302528,
            "95.000000" : 1433600,
            "99.000000" : 1843200,
            "99.500000" : 1941504,
            "99.900000" : 21364736,
            "99.950000" : 93847552,
            "99.990000" : 367001600
          }
        },
        "bw_min" : 3976,
        "bw_max" : 674712,
        "bw_agg" : 100.000000,
        "bw_mean" : 220073.317764,
        "bw_dev" : 799.155589,
        "bw_samples" : 14903,
        "iops_min" : 994,
        "iops_max" : 168676,
        "iops_mean" : 55018.278591,
        "iops_stddev" : 199.788060,
        "iops_samples" : 14903
      },
      "job_runtime" : 3840028,
      "usr_cpu" : 0.199061,
      "sys_cpu" : 0.469241,
      "ctx" : 3227181,
      "majf" : 0,
      "minf" : 1419,
      "iodepth_level" : {
        "1" : 100.000000,
        "2" : 0.000000,
        "4" : 0.000000,
        "8" : 0.000000,
        "16" : 0.000000,
        "32" : 0.000000,
        ">=64" : 0.000000
      },
      "iodepth_submit" : {
        "0" : 0.000000,
        "4" : 100.000000,
        "8" : 0.000000,
        "16" : 0.000000,
        "32" : 0.000000,
        "64" : 0.000000,
        ">=64" : 0.000000
      },
      "iodepth_complete" : {
        "0" : 0.000000,
        "4" : 100.000000,
        "8" : 0.000000,
        "16" : 0.000000,
        "32" : 0.000000,
        "64" : 0.000000,
        ">=64" : 0.000000
      },
      "latency_ns" : {
        "2" : 0.000000,
        "4" : 0.000000,
        "10" : 0.000000,
        "20" : 0.000000,
        "50" : 0.000000,
        "100" : 0.000000,
        "250" : 0.000000,
        "500" : 0.000000,
        "750" : 0.000000,
        "1000" : 0.000000
      },
      "latency_us" : {
        "2" : 0.000000,
        "4" : 0.000000,
        "10" : 0.000000,
        "20" : 0.000000,
        "50" : 0.000000,
        "100" : 0.000000,
        "250" : 1.752101,
        "500" : 6.814985,
        "750" : 8.559276,
        "1000" : 26.310178
      },
      "latency_ms" : {
        "2" : 56.174300,
        "4" : 0.105929,
        "10" : 0.134286,
        "20" : 0.047293,
        "50" : 0.032510,
        "100" : 0.022035,
        "250" : 0.018378,
        "500" : 0.027799,
        "750" : 0.010000,
        "1000" : 0.000000,
        "2000" : 0.000000,
        ">=2000" : 0.000000
      },
      "latency_depth" : 64,
      "latency_target" : 0,
      "latency_percentile" : 100.000000,
      "latency_window" : 0
    }
  ]
}
