{
  "fio version" : "fio-3.23",
  "timestamp" : 1757092377,
  "timestamp_ms" : 1757092377306,
  "time" : "Fri Sep  5 17:12:57 2025",
  "jobs" : [
    {
      "jobname" : "SeqR-4K-64-128",
      "groupid" : 0,
      "error" : 0,
      "eta" : 0,
      "elapsed" : 61,
      "job options" : {
        "name" : "SeqR-4K-64-128",
        "numjobs" : "64",
        "runtime" : "60",
        "directory" : "/tmp/e2sar/rgeorge-fio_test-p3s_SeqR-4K-64-128",
        "direct" : "1",
        "buffered" : "0",
        "rw" : "read",
        "unified_rw_reporting" : "0",
        "randrepeat" : "0",
        "bs" : "4K",
        "size" : "128M",
        "ioengine" : "pvsync",
        "iodepth" : "128",
        "lat_percentiles" : "1"
      },
      "read" : {
        "io_bytes" : 10548965376,
        "io_kbytes" : 10301724,
        "bw_bytes" : 175807299,
        "bw" : 171686,
        "iops" : 42921.703915,
        "runtime" : 60003,
        "total_ios" : 2575431,
        "short_ios" : 0,
        "drop_ios" : 0,
        "slat_ns" : {
          "min" : 0,
          "max" : 0,
          "mean" : 0.000000,
          "stddev" : 0.000000,
          "N" : 0
        },
        "clat_ns" : {
          "min" : 121150,
          "max" : 611553492,
          "mean" : 1489583.795516,
          "stddev" : 9180847.895384,
          "N" : 2575431,
          "percentile" : {
            "1.000000" : 205824,
            "5.000000" : 440320,
            "10.000000" : 823296,
            "20.000000" : 1089536,
            "30.000000" : 1187840,
            "40.000000" : 1253376,
            "50.000000" : 1302528,
            "60.000000" : 1351680,
            "70.000000" : 1384448,
            "80.000000" : 1433600,
            "90.000000" : 1515520,
            "95.000000" : 1826816,
            "99.000000" : 2113536,
            "99.500000" : 2211840,
            "99.900000" : 19267584,
            "99.950000" : 191889408,
            "99.990000" : 484442112
          }
        },
        "lat_ns" : {
          "min" : 121194,
          "max" : 611553551,
          "mean" : 1489640.475409,
          "stddev" : 9180849.663302,
          "N" : 2575431,
          "percentile" : {
            "1.000000" : 205824,
            "5.000000" : 440320,
            "10.000000" : 823296,
            "20.000000" : 1089536,
            "30.000000" : 1187840,
            "40.000000" : 1253376,
            "50.000000" : 1302528,
            "60.000000" : 1351680,
            "70.000000" : 1384448,
            "80.000000" : 1433600,
            "90.000000" : 1515520,
            "95.000000" : 1826816,
            "99.000000" : 2113536,
            "99.500000" : 2211840,
            "99.900000" : 19267584,
            "99.950000" : 191889408,
            "99.990000" : 484442112
          }
        },
        "bw_min" : 512,
        "bw_max" : 569208,
        "bw_agg" : 100.000000,
        "bw_mean" : 172000.235152,
        "bw_dev" : 1423.088229,
        "bw_samples" : 7612,
        "iops_min" : 128,
        "iops_max" : 142302,
        "iops_mean" : 43000.037744,
        "iops_stddev" : 355.772047,
        "iops_samples" : 7612
      },
      "write" : {
        "io_bytes" : 0,
        "io_kbytes" : 0,
        "bw_bytes" : 0,
        "bw" : 0,
        "iops" : 0.000000,
        "runtime" : 0,
        "total_ios" : 0,
        "short_ios" : 0,
        "drop_ios" : 0,
        "slat_ns" : {
          "min" : 0,
          "max" : 0,
          "mean" : 0.000000,
          "stddev" : 0.000000,
          "N" : 0
        },
        "clat_ns" : {
          "min" : 0,
          "max" : 0,
          "mean" : 0.000000,
          "stddev" : 0.000000,
          "N" : 0
        },
        "lat_ns" : {
          "min" : 0,
          "max" : 0,
          "mean" : 0.000000,
          "stddev" : 0.000000,
          "N" : 0
        },
        "bw_min" : 0,
        "bw_max" : 0,
        "bw_agg" : 0.000000,
        "bw_mean" : 0.000000,
        "bw_dev" : 0.000000,
        "bw_samples" : 0,
        "iops_min" : 0,
        "iops_max" : 0,
        "iops_mean" : 0.000000,
        "iops_stddev" : 0.000000,
        "iops_samples" : 0
      },
      "trim" : {
        "io_bytes" : 0,
        "io_kbytes" : 0,
        "bw_bytes" : 0,
        "bw" : 0,
        "iops" : 0.000000,
        "runtime" : 0,
        "total_ios" : 0,
        "short_ios" : 0,
        "drop_ios" : 0,
        "slat_ns" : {
          "min" : 0,
          "max" : 0,
          "mean" : 0.000000,
          "stddev" : 0.000000,
          "N" : 0
        },
        "clat_ns" : {
          "min" : 0,
          "max" : 0,
          "mean" : 0.000000,
          "stddev" : 0.000000,
          "N" : 0
        },
        "lat_ns" : {
          "min" : 0,
          "max" : 0,
          "mean" : 0.000000,
          "stddev" : 0.000000,
          "N" : 0
        },
        "bw_min" : 0,
        "bw_max" : 0,
        "bw_agg" : 0.000000,
        "bw_mean" : 0.000000,
        "bw_dev" : 0.000000,
        "bw_samples" : 0,
        "iops_min" : 0,
        "iops_max" : 0,
        "iops_mean" : 0.000000,
        "iops_stddev" : 0.000000,
        "iops_samples" : 0
      },
      "sync" : {
        "total_ios" : 0,
        "lat_ns" : {
          "min" : 0,
          "max" : 0,
          "mean" : 0.000000,
          "stddev" : 0.000000,
          "N" : 0
        }
      },
      "job_runtime" : 3840017,
      "usr_cpu" : 0.120520,
      "sys_cpu" : 0.351144,
      "ctx" : 2575782,
      "majf" : 0,
      "minf" : 992,
      "iodepth_level" : {
        "1" : 100.000000,
        "2" : 0.000000,
        "4" : 0.000000,
        "8" : 0.000000,
        "16" : 0.000000,
        "32" : 0.000000,
        ">=64" : 0.000000
      },
      "iodepth_submit" : {
        "0" : 0.000000,
        "4" : 100.000000,
        "8" : 0.000000,
        "16" : 0.000000,
        "32" : 0.000000,
        "64" : 0.000000,
        ">=64" : 0.000000
      },
      "iodepth_complete" : {
        "0" : 0.000000,
        "4" : 100.000000,
        "8" : 0.000000,
        "16" : 0.000000,
        "32" : 0.000000,
        "64" : 0.000000,
        ">=64" : 0.000000
      },
      "latency_ns" : {
        "2" : 0.000000,
        "4" : 0.000000,
        "10" : 0.000000,
        "20" : 0.000000,
        "50" : 0.000000,
        "100" : 0.000000,
        "250" : 0.000000,
        "500" : 0.000000,
        "750" : 0.000000,
        "1000" : 0.000000
      },
      "latency_us" : {
        "2" : 0.000000,
        "4" : 0.000000,
        "10" : 0.000000,
        "20" : 0.000000,
        "50" : 0.000000,
        "100" : 0.000000,
        "250" : 2.192254,
        "500" : 3.272501,
        "750" : 3.083096,
        "1000" : 6.346938
      },
      "latency_ms" : {
        "2" : 82.703944,
        "4" : 2.152416,
        "10" : 0.115321,
        "20" : 0.034014,
        "50" : 0.016619,
        "100" : 0.021239,
        "250" : 0.015531,
        "500" : 0.045002,
        "750" : 0.010000,
        "1000" : 0.000000,
        "2000" : 0.000000,
        ">=2000" : 0.000000
      },
      "latency_depth" : 128,
      "latency_target" : 0,
      "latency_percentile" : 100.000000,
      "latency_window" : 0
    }
  ]
}
