{
  "fio version" : "fio-3.23",
  "timestamp" : 1756957526,
  "timestamp_ms" : 1756957526374,
  "time" : "Thu Sep  4 03:45:26 2025",
  "jobs" : [
    {
      "jobname" : "SeqR-1M-16-1",
      "groupid" : 0,
      "error" : 0,
      "eta" : 0,
      "elapsed" : 61,
      "job options" : {
        "name" : "SeqR-1M-16-1",
        "numjobs" : "16",
        "runtime" : "60",
        "directory" : "/tmp/e2sar/rgeorge-fio_test-p1s_SeqR-1M-16-1",
        "direct" : "1",
        "buffered" : "0",
        "rw" : "read",
        "unified_rw_reporting" : "0",
        "randrepeat" : "0",
        "bs" : "1M",
        "size" : "128M",
        "ioengine" : "pvsync",
        "iodepth" : "1",
        "lat_percentiles" : "1"
      },
      "read" : {
        "io_bytes" : 278488154112,
        "io_kbytes" : 271961088,
        "bw_bytes" : 4641237173,
        "bw" : 4532458,
        "iops" : 4426.228689,
        "runtime" : 60003,
        "total_ios" : 265587,
        "short_ios" : 0,
        "drop_ios" : 0,
        "slat_ns" : {
          "min" : 0,
          "max" : 0,
          "mean" : 0.000000,
          "stddev" : 0.000000,
          "N" : 0
        },
        "clat_ns" : {
          "min" : 449172,
          "max" : 643193201,
          "mean" : 3613213.871797,
          "stddev" : 5405894.040849,
          "N" : 265587,
          "percentile" : {
            "1.000000" : 831488,
            "5.000000" : 2473984,
            "10.000000" : 2736128,
            "20.000000" : 3096576,
            "30.000000" : 3227648,
            "40.000000" : 3260416,
            "50.000000" : 3325952,
            "60.000000" : 3391488,
            "70.000000" : 3457024,
            "80.000000" : 3555328,
            "90.000000" : 3784704,
            "95.000000" : 4014080,
            "99.000000" : 7766016,
            "99.500000" : 20578304,
            "99.900000" : 82313216,
            "99.950000" : 92798976,
            "99.990000" : 185597952
          }
        },
        "lat_ns" : {
          "min" : 449202,
          "max" : 643193260,
          "mean" : 3613249.851333,
          "stddev" : 5405896.938304,
          "N" : 265587,
          "percentile" : {
            "1.000000" : 831488,
            "5.000000" : 2473984,
            "10.000000" : 2736128,
            "20.000000" : 3096576,
            "30.000000" : 3227648,
            "40.000000" : 3260416,
            "50.000000" : 3325952,
            "60.000000" : 3391488,
            "70.000000" : 3457024,
            "80.000000" : 3555328,
            "90.000000" : 3784704,
            "95.000000" : 4014080,
            "99.000000" : 7766016,
            "99.500000" : 20578304,
            "99.900000" : 82313216,
            "99.950000" : 92798976,
            "99.990000" : 185597952
          }
        },
        "bw_min" : 595968,
        "bw_max" : 7008256,
        "bw_agg" : 100.000000,
        "bw_mean" : 4533785.890756,
        "bw_dev" : 67107.020765,
        "bw_samples" : 1904,
        "iops_min" : 582,
        "iops_max" : 6844,
        "iops_mean" : 4427.521008,
        "iops_stddev" : 65.534323,
        "iops_samples" : 1904
      },
      "write" : {
        "io_bytes" : 0,
        "io_kbytes" : 0,
        "bw_bytes" : 0,
        "bw" : 0,
        "iops" : 0.000000,
        "runtime" : 0,
        "total_ios" : 0,
        "short_ios" : 0,
        "drop_ios" : 0,
        "slat_ns" : {
          "min" : 0,
          "max" : 0,
          "mean" : 0.000000,
          "stddev" : 0.000000,
          "N" : 0
        },
        "clat_ns" : {
          "min" : 0,
          "max" : 0,
          "mean" : 0.000000,
          "stddev" : 0.000000,
          "N" : 0
        },
        "lat_ns" : {
          "min" : 0,
          "max" : 0,
          "mean" : 0.000000,
          "stddev" : 0.000000,
          "N" : 0
        },
        "bw_min" : 0,
        "bw_max" : 0,
        "bw_agg" : 0.000000,
        "bw_mean" : 0.000000,
        "bw_dev" : 0.000000,
        "bw_samples" : 0,
        "iops_min" : 0,
        "iops_max" : 0,
        "iops_mean" : 0.000000,
        "iops_stddev" : 0.000000,
        "iops_samples" : 0
      },
      "trim" : {
        "io_bytes" : 0,
        "io_kbytes" : 0,
        "bw_bytes" : 0,
        "bw" : 0,
        "iops" : 0.000000,
        "runtime" : 0,
        "total_ios" : 0,
        "short_ios" : 0,
        "drop_ios" : 0,
        "slat_ns" : {
          "min" : 0,
          "max" : 0,
          "mean" : 0.000000,
          "stddev" : 0.000000,
          "N" : 0
        },
        "clat_ns" : {
          "min" : 0,
          "max" : 0,
          "mean" : 0.000000,
          "stddev" : 0.000000,
          "N" : 0
        },
        "lat_ns" : {
          "min" : 0,
          "max" : 0,
          "mean" : 0.000000,
          "stddev" : 0.000000,
          "N" : 0
        },
        "bw_min" : 0,
        "bw_max" : 0,
        "bw_agg" : 0.000000,
        "bw_mean" : 0.000000,
        "bw_dev" : 0.000000,
        "bw_samples" : 0,
        "iops_min" : 0,
        "iops_max" : 0,
        "iops_mean" : 0.000000,
        "iops_stddev" : 0.000000,
        "iops_samples" : 0
      },
      "sync" : {
        "total_ios" : 0,
        "lat_ns" : {
          "min" : 0,
          "max" : 0,
          "mean" : 0.000000,
          "stddev" : 0.000000,
          "N" : 0
        }
      },
      "job_runtime" : 960019,
      "usr_cpu" : 0.026666,
      "sys_cpu" : 0.401138,
      "ctx" : 265681,
      "majf" : 0,
      "minf" : 4316,
      "iodepth_level" : {
        "1" : 100.000000,
        "2" : 0.000000,
        "4" : 0.000000,
        "8" : 0.000000,
        "16" : 0.000000,
        "32" : 0.000000,
        ">=64" : 0.000000
      },
      "iodepth_submit" : {
        "0" : 0.000000,
        "4" : 100.000000,
        "8" : 0.000000,
        "16" : 0.000000,
        "32" : 0.000000,
        "64" : 0.000000,
        ">=64" : 0.000000
      },
      "iodepth_complete" : {
        "0" : 0.000000,
        "4" : 100.000000,
        "8" : 0.000000,
        "16" : 0.000000,
        "32" : 0.000000,
        "64" : 0.000000,
        ">=64" : 0.000000
      },
      "latency_ns" : {
        "2" : 0.000000,
        "4" : 0.000000,
        "10" : 0.000000,
        "20" : 0.000000,
        "50" : 0.000000,
        "100" : 0.000000,
        "250" : 0.000000,
        "500" : 0.000000,
        "750" : 0.000000,
        "1000" : 0.000000
      },
      "latency_us" : {
        "2" : 0.000000,
        "4" : 0.000000,
        "10" : 0.000000,
        "20" : 0.000000,
        "50" : 0.000000,
        "100" : 0.000000,
        "250" : 0.000000,
        "500" : 0.040288,
        "750" : 0.789572,
        "1000" : 0.395727
      },
      "latency_ms" : {
        "2" : 1.271147,
        "4" : 92.006009,
        "10" : 4.680575,
        "20" : 0.309503,
        "50" : 0.248883,
        "100" : 0.221020,
        "250" : 0.033511,
        "500" : 0.010000,
        "750" : 0.010000,
        "1000" : 0.000000,
        "2000" : 0.000000,
        ">=2000" : 0.000000
      },
      "latency_depth" : 1,
      "latency_target" : 0,
      "latency_percentile" : 100.000000,
      "latency_window" : 0
    }
  ]
}
