{
  "fio version" : "fio-3.23",
  "timestamp" : 1756946649,
  "timestamp_ms" : 1756946649990,
  "time" : "Thu Sep  4 00:44:09 2025",
  "jobs" : [
    {
      "jobname" : "RandBal-16K-16-32",
      "groupid" : 0,
      "error" : 0,
      "eta" : 0,
      "elapsed" : 61,
      "job options" : {
        "name" : "RandBal-16K-16-32",
        "numjobs" : "16",
        "runtime" : "60",
        "directory" : "/tmp/e2sar/rgeorge-fio_test-p1r2_RandBal-16K-16-32",
        "direct" : "1",
        "buffered" : "0",
        "rw" : "randrw",
        "unified_rw_reporting" : "1",
        "randrepeat" : "0",
        "bs" : "16K",
        "size" : "128M",
        "ioengine" : "pvsync",
        "iodepth" : "32",
        "lat_percentiles" : "1"
      },
      "mixed" : {
        "io_bytes" : 44101419008,
        "io_kbytes" : 43067792,
        "bw_bytes" : 735011399,
        "bw" : 717784,
        "iops" : 44861.535641,
        "runtime" : 60001,
        "total_ios" : 2691737,
        "short_ios" : 0,
        "drop_ios" : 0,
        "slat_ns" : {
          "min" : 0,
          "max" : 0,
          "mean" : 0.000000,
          "stddev" : 0.000000,
          "N" : 0
        },
        "clat_ns" : {
          "min" : 145407,
          "max" : 480050109,
          "mean" : 354330.963948,
          "stddev" : 1770591.196427,
          "N" : 2691737,
          "percentile" : {
            "1.000000" : 209920,
            "5.000000" : 228352,
            "10.000000" : 238592,
            "20.000000" : 252928,
            "30.000000" : 264192,
            "40.000000" : 276480,
            "50.000000" : 288768,
            "60.000000" : 305152,
            "70.000000" : 321536,
            "80.000000" : 350208,
            "90.000000" : 395264,
            "95.000000" : 436224,
            "99.000000" : 577536,
            "99.500000" : 643072,
            "99.900000" : 12517376,
            "99.950000" : 28180480,
            "99.990000" : 81264640
          }
        },
        "lat_ns" : {
          "min" : 145442,
          "max" : 480050155,
          "mean" : 354381.250955,
          "stddev" : 1770591.204499,
          "N" : 2691737,
          "percentile" : {
            "1.000000" : 209920,
            "5.000000" : 228352,
            "10.000000" : 238592,
            "20.000000" : 252928,
            "30.000000" : 264192,
            "40.000000" : 276480,
            "50.000000" : 288768,
            "60.000000" : 305152,
            "70.000000" : 321536,
            "80.000000" : 350208,
            "90.000000" : 395264,
            "95.000000" : 436224,
            "99.000000" : 577536,
            "99.500000" : 643072,
            "99.900000" : 12517376,
            "99.950000" : 28180480,
            "99.990000" : 81264640
          }
        },
        "bw_min" : 41440,
        "bw_max" : 901088,
        "bw_agg" : 100.000000,
        "bw_mean" : 717991.462185,
        "bw_dev" : 6647.916291,
        "bw_samples" : 3808,
        "iops_min" : 2590,
        "iops_max" : 56318,
        "iops_mean" : 44874.445378,
        "iops_stddev" : 415.494270,
        "iops_samples" : 3808
      },
      "job_runtime" : 960000,
      "usr_cpu" : 0.828750,
      "sys_cpu" : 1.209167,
      "ctx" : 2691856,
      "majf" : 0,
      "minf" : 302,
      "iodepth_level" : {
        "1" : 100.000000,
        "2" : 0.000000,
        "4" : 0.000000,
        "8" : 0.000000,
        "16" : 0.000000,
        "32" : 0.000000,
        ">=64" : 0.000000
      },
      "iodepth_submit" : {
        "0" : 0.000000,
        "4" : 100.000000,
        "8" : 0.000000,
        "16" : 0.000000,
        "32" : 0.000000,
        "64" : 0.000000,
        ">=64" : 0.000000
      },
      "iodepth_complete" : {
        "0" : 0.000000,
        "4" : 100.000000,
        "8" : 0.000000,
        "16" : 0.000000,
        "32" : 0.000000,
        "64" : 0.000000,
        ">=64" : 0.000000
      },
      "latency_ns" : {
        "2" : 0.000000,
        "4" : 0.000000,
        "10" : 0.000000,
        "20" : 0.000000,
        "50" : 0.000000,
        "100" : 0.000000,
        "250" : 0.000000,
        "500" : 0.000000,
        "750" : 0.000000,
        "1000" : 0.000000
      },
      "latency_us" : {
        "2" : 0.000000,
        "4" : 0.000000,
        "10" : 0.000000,
        "20" : 0.000000,
        "50" : 0.000000,
        "100" : 0.000000,
        "250" : 18.233728,
        "500" : 79.482431,
        "750" : 1.942352,
        "1000" : 0.074301
      },
      "latency_ms" : {
        "2" : 0.026563,
        "4" : 0.043169,
        "10" : 0.080691,
        "20" : 0.050116,
        "50" : 0.039194,
        "100" : 0.023294,
        "250" : 0.010000,
        "500" : 0.010000,
        "750" : 0.000000,
        "1000" : 0.000000,
        "2000" : 0.000000,
        ">=2000" : 0.000000
      },
      "latency_depth" : 32,
      "latency_target" : 0,
      "latency_percentile" : 100.000000,
      "latency_window" : 0
    }
  ]
}
