{
  "fio version" : "fio-3.23",
  "timestamp" : 1757464284,
  "timestamp_ms" : 1757464284188,
  "time" : "Wed Sep 10 00:31:24 2025",
  "jobs" : [
    {
      "jobname" : "RandR-2M-128-4",
      "groupid" : 0,
      "error" : 0,
      "eta" : 0,
      "elapsed" : 62,
      "job options" : {
        "name" : "RandR-2M-128-4",
        "rw" : "randread",
        "unified_rw_reporting" : "0",
        "bs" : "2M",
        "numjobs" : "128",
        "iodepth" : "4",
        "runtime" : "60",
        "directory" : "/tmp/e2sar/rgeorge-fio_test-m_RandR-2M-128-4",
        "direct" : "1",
        "buffered" : "0",
        "randrepeat" : "0",
        "size" : "128M",
        "ioengine" : "pvsync",
        "lat_percentiles" : "1"
      },
      "read" : {
        "io_bytes" : 102852722688,
        "io_kbytes" : 100442112,
        "bw_bytes" : 1710904296,
        "bw" : 1670804,
        "iops" : 815.822743,
        "runtime" : 60116,
        "total_ios" : 49044,
        "short_ios" : 0,
        "drop_ios" : 0,
        "slat_ns" : {
          "min" : 0,
          "max" : 0,
          "mean" : 0.000000,
          "stddev" : 0.000000,
          "N" : 0
        },
        "clat_ns" : {
          "min" : 2044491,
          "max" : 283660413,
          "mean" : 156597748.042044,
          "stddev" : 8994362.182475,
          "N" : 49044,
          "percentile" : {
            "1.000000" : 149946368,
            "5.000000" : 152043520,
            "10.000000" : 154140672,
            "20.000000" : 154140672,
            "30.000000" : 154140672,
            "40.000000" : 154140672,
            "50.000000" : 156237824,
            "60.000000" : 156237824,
            "70.000000" : 156237824,
            "80.000000" : 158334976,
            "90.000000" : 158334976,
            "95.000000" : 158334976,
            "99.000000" : 212860928,
            "99.500000" : 231735296,
            "99.900000" : 258998272,
            "99.950000" : 261095424,
            "99.990000" : 274726912
          }
        },
        "lat_ns" : {
          "min" : 2044561,
          "max" : 283660455,
          "mean" : 156597839.161651,
          "stddev" : 8994360.126571,
          "N" : 49044,
          "percentile" : {
            "1.000000" : 149946368,
            "5.000000" : 152043520,
            "10.000000" : 154140672,
            "20.000000" : 154140672,
            "30.000000" : 154140672,
            "40.000000" : 154140672,
            "50.000000" : 156237824,
            "60.000000" : 156237824,
            "70.000000" : 156237824,
            "80.000000" : 158334976,
            "90.000000" : 158334976,
            "95.000000" : 158334976,
            "99.000000" : 212860928,
            "99.500000" : 231735296,
            "99.900000" : 258998272,
            "99.950000" : 261095424,
            "99.990000" : 274726912
          }
        },
        "bw_min" : 1087365,
        "bw_max" : 2117632,
        "bw_agg" : 100.000000,
        "bw_mean" : 1671374.033613,
        "bw_dev" : 1811.985456,
        "bw_samples" : 15232,
        "iops_min" : 409,
        "iops_max" : 1034,
        "iops_mean" : 774.470588,
        "iops_stddev" : 1.033269,
        "iops_samples" : 15232
      },
      "write" : {
        "io_bytes" : 0,
        "io_kbytes" : 0,
        "bw_bytes" : 0,
        "bw" : 0,
        "iops" : 0.000000,
        "runtime" : 0,
        "total_ios" : 0,
        "short_ios" : 0,
        "drop_ios" : 0,
        "slat_ns" : {
          "min" : 0,
          "max" : 0,
          "mean" : 0.000000,
          "stddev" : 0.000000,
          "N" : 0
        },
        "clat_ns" : {
          "min" : 0,
          "max" : 0,
          "mean" : 0.000000,
          "stddev" : 0.000000,
          "N" : 0
        },
        "lat_ns" : {
          "min" : 0,
          "max" : 0,
          "mean" : 0.000000,
          "stddev" : 0.000000,
          "N" : 0
        },
        "bw_min" : 0,
        "bw_max" : 0,
        "bw_agg" : 0.000000,
        "bw_mean" : 0.000000,
        "bw_dev" : 0.000000,
        "bw_samples" : 0,
        "iops_min" : 0,
        "iops_max" : 0,
        "iops_mean" : 0.000000,
        "iops_stddev" : 0.000000,
        "iops_samples" : 0
      },
      "trim" : {
        "io_bytes" : 0,
        "io_kbytes" : 0,
        "bw_bytes" : 0,
        "bw" : 0,
        "iops" : 0.000000,
        "runtime" : 0,
        "total_ios" : 0,
        "short_ios" : 0,
        "drop_ios" : 0,
        "slat_ns" : {
          "min" : 0,
          "max" : 0,
          "mean" : 0.000000,
          "stddev" : 0.000000,
          "N" : 0
        },
        "clat_ns" : {
          "min" : 0,
          "max" : 0,
          "mean" : 0.000000,
          "stddev" : 0.000000,
          "N" : 0
        },
        "lat_ns" : {
          "min" : 0,
          "max" : 0,
          "mean" : 0.000000,
          "stddev" : 0.000000,
          "N" : 0
        },
        "bw_min" : 0,
        "bw_max" : 0,
        "bw_agg" : 0.000000,
        "bw_mean" : 0.000000,
        "bw_dev" : 0.000000,
        "bw_samples" : 0,
        "iops_min" : 0,
        "iops_max" : 0,
        "iops_mean" : 0.000000,
        "iops_stddev" : 0.000000,
        "iops_samples" : 0
      },
      "sync" : {
        "total_ios" : 0,
        "lat_ns" : {
          "min" : 0,
          "max" : 0,
          "mean" : 0.000000,
          "stddev" : 0.000000,
          "N" : 0
        }
      },
      "job_runtime" : 7688287,
      "usr_cpu" : 0.002914,
      "sys_cpu" : 0.023672,
      "ctx" : 98735,
      "majf" : 0,
      "minf" : 26591,
      "iodepth_level" : {
        "1" : 100.000000,
        "2" : 0.000000,
        "4" : 0.000000,
        "8" : 0.000000,
        "16" : 0.000000,
        "32" : 0.000000,
        ">=64" : 0.000000
      },
      "iodepth_submit" : {
        "0" : 0.000000,
        "4" : 100.000000,
        "8" : 0.000000,
        "16" : 0.000000,
        "32" : 0.000000,
        "64" : 0.000000,
        ">=64" : 0.000000
      },
      "iodepth_complete" : {
        "0" : 0.000000,
        "4" : 100.000000,
        "8" : 0.000000,
        "16" : 0.000000,
        "32" : 0.000000,
        "64" : 0.000000,
        ">=64" : 0.000000
      },
      "latency_ns" : {
        "2" : 0.000000,
        "4" : 0.000000,
        "10" : 0.000000,
        "20" : 0.000000,
        "50" : 0.000000,
        "100" : 0.000000,
        "250" : 0.000000,
        "500" : 0.000000,
        "750" : 0.000000,
        "1000" : 0.000000
      },
      "latency_us" : {
        "2" : 0.000000,
        "4" : 0.000000,
        "10" : 0.000000,
        "20" : 0.000000,
        "50" : 0.000000,
        "100" : 0.000000,
        "250" : 0.000000,
        "500" : 0.000000,
        "750" : 0.000000,
        "1000" : 0.000000
      },
      "latency_ms" : {
        "2" : 0.000000,
        "4" : 0.010000,
        "10" : 0.010000,
        "20" : 0.010000,
        "50" : 0.000000,
        "100" : 0.034663,
        "250" : 99.694152,
        "500" : 0.258951,
        "750" : 0.000000,
        "1000" : 0.000000,
        "2000" : 0.000000,
        ">=2000" : 0.000000
      },
      "latency_depth" : 4,
      "latency_target" : 0,
      "latency_percentile" : 100.000000,
      "latency_window" : 0
    }
  ]
}
