{
  "fio version" : "fio-3.23",
  "timestamp" : 1757361749,
  "timestamp_ms" : 1757361749429,
  "time" : "Mon Sep  8 20:02:29 2025",
  "jobs" : [
    {
      "jobname" : "24",
      "groupid" : 0,
      "error" : 0,
      "eta" : 0,
      "elapsed" : 62,
      "job options" : {
        "name" : "24",
        "rw" : "rw",
        "rwmixread" : "20",
        "unified_rw_reporting" : "1",
        "bs" : "4K",
        "numjobs" : "128",
        "iodepth" : "4",
        "runtime" : "60",
        "directory" : "/tmp/e2sar/rgeorge-fio_test-m_24",
        "direct" : "1",
        "buffered" : "0",
        "randrepeat" : "0",
        "size" : "128M",
        "ioengine" : "pvsync",
        "lat_percentiles" : "1"
      },
      "mixed" : {
        "io_bytes" : 13932630016,
        "io_kbytes" : 13606084,
        "bw_bytes" : 232191151,
        "bw" : 226749,
        "iops" : 56687.292726,
        "runtime" : 60005,
        "total_ios" : 3401521,
        "short_ios" : 0,
        "drop_ios" : 0,
        "slat_ns" : {
          "min" : 0,
          "max" : 0,
          "mean" : 0.000000,
          "stddev" : 0.000000,
          "N" : 0
        },
        "clat_ns" : {
          "min" : 119922,
          "max" : 416976710,
          "mean" : 2234206.778942,
          "stddev" : 3434133.065749,
          "N" : 3401521,
          "percentile" : {
            "1.000000" : 888832,
            "5.000000" : 1646592,
            "10.000000" : 1826816,
            "20.000000" : 1925120,
            "30.000000" : 1957888,
            "40.000000" : 2007040,
            "50.000000" : 2039808,
            "60.000000" : 2072576,
            "70.000000" : 2113536,
            "80.000000" : 2179072,
            "90.000000" : 2375680,
            "95.000000" : 2539520,
            "99.000000" : 2670592,
            "99.500000" : 4620288,
            "99.900000" : 66322432,
            "99.950000" : 77070336,
            "99.990000" : 95944704
          }
        },
        "lat_ns" : {
          "min" : 119948,
          "max" : 416976794,
          "mean" : 2234295.870180,
          "stddev" : 3434133.297135,
          "N" : 3401521,
          "percentile" : {
            "1.000000" : 888832,
            "5.000000" : 1646592,
            "10.000000" : 1826816,
            "20.000000" : 1925120,
            "30.000000" : 1957888,
            "40.000000" : 2007040,
            "50.000000" : 2039808,
            "60.000000" : 2072576,
            "70.000000" : 2113536,
            "80.000000" : 2179072,
            "90.000000" : 2375680,
            "95.000000" : 2539520,
            "99.000000" : 2670592,
            "99.500000" : 4620288,
            "99.900000" : 66322432,
            "99.950000" : 77070336,
            "99.990000" : 95944704
          }
        },
        "bw_min" : 132528,
        "bw_max" : 400849,
        "bw_agg" : 100.000000,
        "bw_mean" : 228515.201594,
        "bw_dev" : 156.535325,
        "bw_samples" : 30264,
        "iops_min" : 33132,
        "iops_max" : 100211,
        "iops_mean" : 57128.783592,
        "iops_stddev" : 39.133222,
        "iops_samples" : 30264
      },
      "job_runtime" : 7680072,
      "usr_cpu" : 0.127356,
      "sys_cpu" : 0.275336,
      "ctx" : 3402531,
      "majf" : 0,
      "minf" : 2399,
      "iodepth_level" : {
        "1" : 100.000000,
        "2" : 0.000000,
        "4" : 0.000000,
        "8" : 0.000000,
        "16" : 0.000000,
        "32" : 0.000000,
        ">=64" : 0.000000
      },
      "iodepth_submit" : {
        "0" : 0.000000,
        "4" : 100.000000,
        "8" : 0.000000,
        "16" : 0.000000,
        "32" : 0.000000,
        "64" : 0.000000,
        ">=64" : 0.000000
      },
      "iodepth_complete" : {
        "0" : 0.000000,
        "4" : 100.000000,
        "8" : 0.000000,
        "16" : 0.000000,
        "32" : 0.000000,
        "64" : 0.000000,
        ">=64" : 0.000000
      },
      "latency_ns" : {
        "2" : 0.000000,
        "4" : 0.000000,
        "10" : 0.000000,
        "20" : 0.000000,
        "50" : 0.000000,
        "100" : 0.000000,
        "250" : 0.000000,
        "500" : 0.000000,
        "750" : 0.000000,
        "1000" : 0.000000
      },
      "latency_us" : {
        "2" : 0.000000,
        "4" : 0.000000,
        "10" : 0.000000,
        "20" : 0.000000,
        "50" : 0.000000,
        "100" : 0.000000,
        "250" : 0.085227,
        "500" : 0.200352,
        "750" : 0.388179,
        "1000" : 0.499394
      },
      "latency_ms" : {
        "2" : 37.826049,
        "4" : 60.481267,
        "10" : 0.098721,
        "20" : 0.084256,
        "50" : 0.133029,
        "100" : 0.196148,
        "250" : 0.010000,
        "500" : 0.010000,
        "750" : 0.000000,
        "1000" : 0.000000,
        "2000" : 0.000000,
        ">=2000" : 0.000000
      },
      "latency_depth" : 4,
      "latency_target" : 0,
      "latency_percentile" : 100.000000,
      "latency_window" : 0
    }
  ]
}
