{
  "fio version" : "fio-3.23",
  "timestamp" : 1757459971,
  "timestamp_ms" : 1757459971532,
  "time" : "Tue Sep  9 23:19:31 2025",
  "jobs" : [
    {
      "jobname" : "SeqW-2M-128-64",
      "groupid" : 0,
      "error" : 107,
      "eta" : 0,
      "elapsed" : 52,
      "job options" : {
        "name" : "SeqW-2M-128-64",
        "rw" : "write",
        "unified_rw_reporting" : "0",
        "bs" : "2M",
        "numjobs" : "128",
        "iodepth" : "64",
        "runtime" : "60",
        "directory" : "/tmp/e2sar/rgeorge-fio_test-m_SeqW-2M-128-64",
        "direct" : "1",
        "buffered" : "0",
        "randrepeat" : "0",
        "size" : "128M",
        "ioengine" : "pvsync",
        "lat_percentiles" : "1"
      },
      "read" : {
        "io_bytes" : 0,
        "io_kbytes" : 0,
        "bw_bytes" : 0,
        "bw" : 0,
        "iops" : 0.000000,
        "runtime" : 0,
        "total_ios" : 0,
        "short_ios" : 0,
        "drop_ios" : 0,
        "slat_ns" : {
          "min" : 0,
          "max" : 0,
          "mean" : 0.000000,
          "stddev" : 0.000000,
          "N" : 0
        },
        "clat_ns" : {
          "min" : 0,
          "max" : 0,
          "mean" : 0.000000,
          "stddev" : 0.000000,
          "N" : 0
        },
        "lat_ns" : {
          "min" : 0,
          "max" : 0,
          "mean" : 0.000000,
          "stddev" : 0.000000,
          "N" : 0
        },
        "bw_min" : 0,
        "bw_max" : 0,
        "bw_agg" : 0.000000,
        "bw_mean" : 0.000000,
        "bw_dev" : 0.000000,
        "bw_samples" : 0,
        "iops_min" : 0,
        "iops_max" : 0,
        "iops_mean" : 0.000000,
        "iops_stddev" : 0.000000,
        "iops_samples" : 0
      },
      "write" : {
        "io_bytes" : 770124546048,
        "io_kbytes" : 752074752,
        "bw_bytes" : 15140261590,
        "bw" : 14785411,
        "iops" : 7223.194275,
        "runtime" : 50866,
        "total_ios" : 367415,
        "short_ios" : 63,
        "drop_ios" : 0,
        "slat_ns" : {
          "min" : 0,
          "max" : 0,
          "mean" : 0.000000,
          "stddev" : 0.000000,
          "N" : 0
        },
        "clat_ns" : {
          "min" : 2112915,
          "max" : 179028923,
          "mean" : 16503285.275715,
          "stddev" : 5372174.308063,
          "N" : 367224,
          "percentile" : {
            "1.000000" : 8716288,
            "5.000000" : 10813440,
            "10.000000" : 11730944,
            "20.000000" : 13172736,
            "30.000000" : 14352384,
            "40.000000" : 15400960,
            "50.000000" : 16187392,
            "60.000000" : 17170432,
            "70.000000" : 18219008,
            "80.000000" : 19529728,
            "90.000000" : 21102592,
            "95.000000" : 22413312,
            "99.000000" : 24772608,
            "99.500000" : 26083328,
            "99.900000" : 100139008,
            "99.950000" : 105381888,
            "99.990000" : 112721920
          }
        },
        "lat_ns" : {
          "min" : 2113069,
          "max" : 179029424,
          "mean" : 16503724.478681,
          "stddev" : 5372188.660785,
          "N" : 367224,
          "percentile" : {
            "1.000000" : 8716288,
            "5.000000" : 10813440,
            "10.000000" : 11730944,
            "20.000000" : 13172736,
            "30.000000" : 14352384,
            "40.000000" : 15400960,
            "50.000000" : 16187392,
            "60.000000" : 17170432,
            "70.000000" : 18219008,
            "80.000000" : 19529728,
            "90.000000" : 21102592,
            "95.000000" : 22413312,
            "99.000000" : 24772608,
            "99.500000" : 26083328,
            "99.900000" : 100139008,
            "99.950000" : 105381888,
            "99.990000" : 112721920
          }
        },
        "bw_min" : 7837452,
        "bw_max" : 24963007,
        "bw_agg" : 100.000000,
        "bw_mean" : 15165726.471818,
        "bw_dev" : 17653.982496,
        "bw_samples" : 12691,
        "iops_min" : 3808,
        "iops_max" : 12183,
        "iops_mean" : 7391.257980,
        "iops_stddev" : 8.630117,
        "iops_samples" : 12691
      },
      "trim" : {
        "io_bytes" : 0,
        "io_kbytes" : 0,
        "bw_bytes" : 0,
        "bw" : 0,
        "iops" : 0.000000,
        "runtime" : 0,
        "total_ios" : 0,
        "short_ios" : 0,
        "drop_ios" : 0,
        "slat_ns" : {
          "min" : 0,
          "max" : 0,
          "mean" : 0.000000,
          "stddev" : 0.000000,
          "N" : 0
        },
        "clat_ns" : {
          "min" : 0,
          "max" : 0,
          "mean" : 0.000000,
          "stddev" : 0.000000,
          "N" : 0
        },
        "lat_ns" : {
          "min" : 0,
          "max" : 0,
          "mean" : 0.000000,
          "stddev" : 0.000000,
          "N" : 0
        },
        "bw_min" : 0,
        "bw_max" : 0,
        "bw_agg" : 0.000000,
        "bw_mean" : 0.000000,
        "bw_dev" : 0.000000,
        "bw_samples" : 0,
        "iops_min" : 0,
        "iops_max" : 0,
        "iops_mean" : 0.000000,
        "iops_stddev" : 0.000000,
        "iops_samples" : 0
      },
      "sync" : {
        "total_ios" : 0,
        "lat_ns" : {
          "min" : 0,
          "max" : 0,
          "mean" : 0.000000,
          "stddev" : 0.000000,
          "N" : 0
        }
      },
      "job_runtime" : 6453675,
      "usr_cpu" : 3.477027,
      "sys_cpu" : 0.415314,
      "ctx" : 765287,
      "majf" : 2,
      "minf" : 2830,
      "iodepth_level" : {
        "1" : 100.000000,
        "2" : 0.000000,
        "4" : 0.000000,
        "8" : 0.000000,
        "16" : 0.000000,
        "32" : 0.000000,
        ">=64" : 0.000000
      },
      "iodepth_submit" : {
        "0" : 0.000000,
        "4" : 100.000000,
        "8" : 0.000000,
        "16" : 0.000000,
        "32" : 0.000000,
        "64" : 0.000000,
        ">=64" : 0.000000
      },
      "iodepth_complete" : {
        "0" : 0.100000,
        "4" : 99.965174,
        "8" : 0.000000,
        "16" : 0.000000,
        "32" : 0.000000,
        "64" : 0.000000,
        ">=64" : 0.000000
      },
      "latency_ns" : {
        "2" : 0.000000,
        "4" : 0.000000,
        "10" : 0.000000,
        "20" : 0.000000,
        "50" : 0.000000,
        "100" : 0.000000,
        "250" : 0.000000,
        "500" : 0.000000,
        "750" : 0.000000,
        "1000" : 0.000000
      },
      "latency_us" : {
        "2" : 0.000000,
        "4" : 0.000000,
        "10" : 0.000000,
        "20" : 0.000000,
        "50" : 0.000000,
        "100" : 0.000000,
        "250" : 0.000000,
        "500" : 0.000000,
        "750" : 0.000000,
        "1000" : 0.000000
      },
      "latency_ms" : {
        "2" : 0.000000,
        "4" : 0.411252,
        "10" : 1.889689,
        "20" : 81.237021,
        "50" : 16.164827,
        "100" : 0.139352,
        "250" : 0.105875,
        "500" : 0.000000,
        "750" : 0.000000,
        "1000" : 0.000000,
        "2000" : 0.000000,
        ">=2000" : 0.000000
      },
      "latency_depth" : 64,
      "latency_target" : 0,
      "latency_percentile" : 100.000000,
      "latency_window" : 0
    }
  ]
}
