{
  "fio version" : "fio-3.23",
  "timestamp" : 1756991709,
  "timestamp_ms" : 1756991709239,
  "time" : "Thu Sep  4 13:15:09 2025",
  "jobs" : [
    {
      "jobname" : "RandR-4K-32-16",
      "groupid" : 0,
      "error" : 0,
      "eta" : 0,
      "elapsed" : 61,
      "job options" : {
        "name" : "RandR-4K-32-16",
        "numjobs" : "32",
        "runtime" : "60",
        "directory" : "/tmp/e2sar/rgeorge-fio_test-p2r_RandR-4K-32-16",
        "direct" : "1",
        "buffered" : "0",
        "rw" : "randread",
        "unified_rw_reporting" : "0",
        "randrepeat" : "0",
        "bs" : "4K",
        "size" : "128M",
        "ioengine" : "pvsync",
        "iodepth" : "16",
        "lat_percentiles" : "1"
      },
      "read" : {
        "io_bytes" : 10788593664,
        "io_kbytes" : 10535736,
        "bw_bytes" : 179803900,
        "bw" : 175589,
        "iops" : 43897.436752,
        "runtime" : 60002,
        "total_ios" : 2633934,
        "short_ios" : 0,
        "drop_ios" : 0,
        "slat_ns" : {
          "min" : 0,
          "max" : 0,
          "mean" : 0.000000,
          "stddev" : 0.000000,
          "N" : 0
        },
        "clat_ns" : {
          "min" : 131639,
          "max" : 475921865,
          "mean" : 728133.644114,
          "stddev" : 2042449.548836,
          "N" : 2633934,
          "percentile" : {
            "1.000000" : 252928,
            "5.000000" : 456704,
            "10.000000" : 585728,
            "20.000000" : 626688,
            "30.000000" : 643072,
            "40.000000" : 659456,
            "50.000000" : 675840,
            "60.000000" : 684032,
            "70.000000" : 700416,
            "80.000000" : 716800,
            "90.000000" : 741376,
            "95.000000" : 774144,
            "99.000000" : 970752,
            "99.500000" : 1105920,
            "99.900000" : 17694720,
            "99.950000" : 45350912,
            "99.990000" : 88604672
          }
        },
        "lat_ns" : {
          "min" : 131685,
          "max" : 475921896,
          "mean" : 728186.042936,
          "stddev" : 2042449.640707,
          "N" : 2633934,
          "percentile" : {
            "1.000000" : 252928,
            "5.000000" : 456704,
            "10.000000" : 585728,
            "20.000000" : 626688,
            "30.000000" : 643072,
            "40.000000" : 659456,
            "50.000000" : 675840,
            "60.000000" : 684032,
            "70.000000" : 700416,
            "80.000000" : 716800,
            "90.000000" : 741376,
            "95.000000" : 774144,
            "99.000000" : 970752,
            "99.500000" : 1105920,
            "99.900000" : 17694720,
            "99.950000" : 45350912,
            "99.990000" : 88604672
          }
        },
        "bw_min" : 38384,
        "bw_max" : 201768,
        "bw_agg" : 100.000000,
        "bw_mean" : 175694.159664,
        "bw_dev" : 1023.863470,
        "bw_samples" : 3808,
        "iops_min" : 9596,
        "iops_max" : 50442,
        "iops_mean" : 43923.537815,
        "iops_stddev" : 255.965876,
        "iops_samples" : 3808
      },
      "write" : {
        "io_bytes" : 0,
        "io_kbytes" : 0,
        "bw_bytes" : 0,
        "bw" : 0,
        "iops" : 0.000000,
        "runtime" : 0,
        "total_ios" : 0,
        "short_ios" : 0,
        "drop_ios" : 0,
        "slat_ns" : {
          "min" : 0,
          "max" : 0,
          "mean" : 0.000000,
          "stddev" : 0.000000,
          "N" : 0
        },
        "clat_ns" : {
          "min" : 0,
          "max" : 0,
          "mean" : 0.000000,
          "stddev" : 0.000000,
          "N" : 0
        },
        "lat_ns" : {
          "min" : 0,
          "max" : 0,
          "mean" : 0.000000,
          "stddev" : 0.000000,
          "N" : 0
        },
        "bw_min" : 0,
        "bw_max" : 0,
        "bw_agg" : 0.000000,
        "bw_mean" : 0.000000,
        "bw_dev" : 0.000000,
        "bw_samples" : 0,
        "iops_min" : 0,
        "iops_max" : 0,
        "iops_mean" : 0.000000,
        "iops_stddev" : 0.000000,
        "iops_samples" : 0
      },
      "trim" : {
        "io_bytes" : 0,
        "io_kbytes" : 0,
        "bw_bytes" : 0,
        "bw" : 0,
        "iops" : 0.000000,
        "runtime" : 0,
        "total_ios" : 0,
        "short_ios" : 0,
        "drop_ios" : 0,
        "slat_ns" : {
          "min" : 0,
          "max" : 0,
          "mean" : 0.000000,
          "stddev" : 0.000000,
          "N" : 0
        },
        "clat_ns" : {
          "min" : 0,
          "max" : 0,
          "mean" : 0.000000,
          "stddev" : 0.000000,
          "N" : 0
        },
        "lat_ns" : {
          "min" : 0,
          "max" : 0,
          "mean" : 0.000000,
          "stddev" : 0.000000,
          "N" : 0
        },
        "bw_min" : 0,
        "bw_max" : 0,
        "bw_agg" : 0.000000,
        "bw_mean" : 0.000000,
        "bw_dev" : 0.000000,
        "bw_samples" : 0,
        "iops_min" : 0,
        "iops_max" : 0,
        "iops_mean" : 0.000000,
        "iops_stddev" : 0.000000,
        "iops_samples" : 0
      },
      "sync" : {
        "total_ios" : 0,
        "lat_ns" : {
          "min" : 0,
          "max" : 0,
          "mean" : 0.000000,
          "stddev" : 0.000000,
          "N" : 0
        }
      },
      "job_runtime" : 1920005,
      "usr_cpu" : 0.202916,
      "sys_cpu" : 0.712394,
      "ctx" : 2634107,
      "majf" : 0,
      "minf" : 420,
      "iodepth_level" : {
        "1" : 100.000000,
        "2" : 0.000000,
        "4" : 0.000000,
        "8" : 0.000000,
        "16" : 0.000000,
        "32" : 0.000000,
        ">=64" : 0.000000
      },
      "iodepth_submit" : {
        "0" : 0.000000,
        "4" : 100.000000,
        "8" : 0.000000,
        "16" : 0.000000,
        "32" : 0.000000,
        "64" : 0.000000,
        ">=64" : 0.000000
      },
      "iodepth_complete" : {
        "0" : 0.000000,
        "4" : 100.000000,
        "8" : 0.000000,
        "16" : 0.000000,
        "32" : 0.000000,
        "64" : 0.000000,
        ">=64" : 0.000000
      },
      "latency_ns" : {
        "2" : 0.000000,
        "4" : 0.000000,
        "10" : 0.000000,
        "20" : 0.000000,
        "50" : 0.000000,
        "100" : 0.000000,
        "250" : 0.000000,
        "500" : 0.000000,
        "750" : 0.000000,
        "1000" : 0.000000
      },
      "latency_us" : {
        "2" : 0.000000,
        "4" : 0.000000,
        "10" : 0.000000,
        "20" : 0.000000,
        "50" : 0.000000,
        "100" : 0.000000,
        "250" : 0.881191,
        "500" : 5.101001,
        "750" : 85.996764,
        "1000" : 7.203483
      },
      "latency_ms" : {
        "2" : 0.473019,
        "4" : 0.066782,
        "10" : 0.118150,
        "20" : 0.064922,
        "50" : 0.050950,
        "100" : 0.038042,
        "250" : 0.010000,
        "500" : 0.010000,
        "750" : 0.000000,
        "1000" : 0.000000,
        "2000" : 0.000000,
        ">=2000" : 0.000000
      },
      "latency_depth" : 16,
      "latency_target" : 0,
      "latency_percentile" : 100.000000,
      "latency_window" : 0
    }
  ]
}
