{
  "fio version" : "fio-3.23",
  "timestamp" : 1757021330,
  "timestamp_ms" : 1757021330843,
  "time" : "Thu Sep  4 21:28:50 2025",
  "jobs" : [
    {
      "jobname" : "SeqW-4K-32-64",
      "groupid" : 0,
      "error" : 0,
      "eta" : 0,
      "elapsed" : 61,
      "job options" : {
        "name" : "SeqW-4K-32-64",
        "numjobs" : "32",
        "runtime" : "60",
        "directory" : "/tmp/e2sar/rgeorge-fio_test-p2s_SeqW-4K-32-64",
        "direct" : "1",
        "buffered" : "0",
        "rw" : "write",
        "unified_rw_reporting" : "0",
        "randrepeat" : "0",
        "bs" : "4K",
        "size" : "128M",
        "ioengine" : "pvsync",
        "iodepth" : "64",
        "lat_percentiles" : "1"
      },
      "read" : {
        "io_bytes" : 0,
        "io_kbytes" : 0,
        "bw_bytes" : 0,
        "bw" : 0,
        "iops" : 0.000000,
        "runtime" : 0,
        "total_ios" : 0,
        "short_ios" : 0,
        "drop_ios" : 0,
        "slat_ns" : {
          "min" : 0,
          "max" : 0,
          "mean" : 0.000000,
          "stddev" : 0.000000,
          "N" : 0
        },
        "clat_ns" : {
          "min" : 0,
          "max" : 0,
          "mean" : 0.000000,
          "stddev" : 0.000000,
          "N" : 0
        },
        "lat_ns" : {
          "min" : 0,
          "max" : 0,
          "mean" : 0.000000,
          "stddev" : 0.000000,
          "N" : 0
        },
        "bw_min" : 0,
        "bw_max" : 0,
        "bw_agg" : 0.000000,
        "bw_mean" : 0.000000,
        "bw_dev" : 0.000000,
        "bw_samples" : 0,
        "iops_min" : 0,
        "iops_max" : 0,
        "iops_mean" : 0.000000,
        "iops_stddev" : 0.000000,
        "iops_samples" : 0
      },
      "write" : {
        "io_bytes" : 17717686272,
        "io_kbytes" : 17302428,
        "bw_bytes" : 295284928,
        "bw" : 288364,
        "iops" : 72091.046965,
        "runtime" : 60002,
        "total_ios" : 4325607,
        "short_ios" : 0,
        "drop_ios" : 0,
        "slat_ns" : {
          "min" : 0,
          "max" : 0,
          "mean" : 0.000000,
          "stddev" : 0.000000,
          "N" : 0
        },
        "clat_ns" : {
          "min" : 122927,
          "max" : 426580430,
          "mean" : 441914.603986,
          "stddev" : 1317562.998940,
          "N" : 4325607,
          "percentile" : {
            "1.000000" : 214016,
            "5.000000" : 333824,
            "10.000000" : 362496,
            "20.000000" : 382976,
            "30.000000" : 399360,
            "40.000000" : 407552,
            "50.000000" : 419840,
            "60.000000" : 428032,
            "70.000000" : 440320,
            "80.000000" : 456704,
            "90.000000" : 485376,
            "95.000000" : 514048,
            "99.000000" : 700416,
            "99.500000" : 757760,
            "99.900000" : 1908736,
            "99.950000" : 5603328,
            "99.990000" : 63176704
          }
        },
        "lat_ns" : {
          "min" : 122960,
          "max" : 426580558,
          "mean" : 441997.822324,
          "stddev" : 1317562.931264,
          "N" : 4325607,
          "percentile" : {
            "1.000000" : 214016,
            "5.000000" : 333824,
            "10.000000" : 362496,
            "20.000000" : 382976,
            "30.000000" : 399360,
            "40.000000" : 407552,
            "50.000000" : 419840,
            "60.000000" : 432128,
            "70.000000" : 440320,
            "80.000000" : 456704,
            "90.000000" : 485376,
            "95.000000" : 514048,
            "99.000000" : 700416,
            "99.500000" : 757760,
            "99.900000" : 1908736,
            "99.950000" : 5603328,
            "99.990000" : 63176704
          }
        },
        "bw_min" : 130768,
        "bw_max" : 328528,
        "bw_agg" : 100.000000,
        "bw_mean" : 288719.126050,
        "bw_dev" : 918.958871,
        "bw_samples" : 3808,
        "iops_min" : 32692,
        "iops_max" : 82132,
        "iops_mean" : 72179.773109,
        "iops_stddev" : 229.740014,
        "iops_samples" : 3808
      },
      "trim" : {
        "io_bytes" : 0,
        "io_kbytes" : 0,
        "bw_bytes" : 0,
        "bw" : 0,
        "iops" : 0.000000,
        "runtime" : 0,
        "total_ios" : 0,
        "short_ios" : 0,
        "drop_ios" : 0,
        "slat_ns" : {
          "min" : 0,
          "max" : 0,
          "mean" : 0.000000,
          "stddev" : 0.000000,
          "N" : 0
        },
        "clat_ns" : {
          "min" : 0,
          "max" : 0,
          "mean" : 0.000000,
          "stddev" : 0.000000,
          "N" : 0
        },
        "lat_ns" : {
          "min" : 0,
          "max" : 0,
          "mean" : 0.000000,
          "stddev" : 0.000000,
          "N" : 0
        },
        "bw_min" : 0,
        "bw_max" : 0,
        "bw_agg" : 0.000000,
        "bw_mean" : 0.000000,
        "bw_dev" : 0.000000,
        "bw_samples" : 0,
        "iops_min" : 0,
        "iops_max" : 0,
        "iops_mean" : 0.000000,
        "iops_stddev" : 0.000000,
        "iops_samples" : 0
      },
      "sync" : {
        "total_ios" : 0,
        "lat_ns" : {
          "min" : 0,
          "max" : 0,
          "mean" : 0.000000,
          "stddev" : 0.000000,
          "N" : 0
        }
      },
      "job_runtime" : 1920002,
      "usr_cpu" : 0.600624,
      "sys_cpu" : 1.335988,
      "ctx" : 4325851,
      "majf" : 0,
      "minf" : 464,
      "iodepth_level" : {
        "1" : 100.000000,
        "2" : 0.000000,
        "4" : 0.000000,
        "8" : 0.000000,
        "16" : 0.000000,
        "32" : 0.000000,
        ">=64" : 0.000000
      },
      "iodepth_submit" : {
        "0" : 0.000000,
        "4" : 100.000000,
        "8" : 0.000000,
        "16" : 0.000000,
        "32" : 0.000000,
        "64" : 0.000000,
        ">=64" : 0.000000
      },
      "iodepth_complete" : {
        "0" : 0.000000,
        "4" : 100.000000,
        "8" : 0.000000,
        "16" : 0.000000,
        "32" : 0.000000,
        "64" : 0.000000,
        ">=64" : 0.000000
      },
      "latency_ns" : {
        "2" : 0.000000,
        "4" : 0.000000,
        "10" : 0.000000,
        "20" : 0.000000,
        "50" : 0.000000,
        "100" : 0.000000,
        "250" : 0.000000,
        "500" : 0.000000,
        "750" : 0.000000,
        "1000" : 0.000000
      },
      "latency_us" : {
        "2" : 0.000000,
        "4" : 0.000000,
        "10" : 0.000000,
        "20" : 0.000000,
        "50" : 0.000000,
        "100" : 0.000000,
        "250" : 1.739224,
        "500" : 91.485033,
        "750" : 6.200124,
        "1000" : 0.386905
      },
      "latency_ms" : {
        "2" : 0.095316,
        "4" : 0.030054,
        "10" : 0.030701,
        "20" : 0.010842,
        "50" : 0.010000,
        "100" : 0.010000,
        "250" : 0.010000,
        "500" : 0.010000,
        "750" : 0.000000,
        "1000" : 0.000000,
        "2000" : 0.000000,
        ">=2000" : 0.000000
      },
      "latency_depth" : 64,
      "latency_target" : 0,
      "latency_percentile" : 100.000000,
      "latency_window" : 0
    }
  ]
}
