{
  "fio version" : "fio-3.23",
  "timestamp" : 1757192506,
  "timestamp_ms" : 1757192506579,
  "time" : "Sat Sep  6 21:01:46 2025",
  "jobs" : [
    {
      "jobname" : "SeqR-4K-128-16",
      "groupid" : 0,
      "error" : 0,
      "eta" : 0,
      "elapsed" : 62,
      "job options" : {
        "name" : "SeqR-4K-128-16",
        "numjobs" : "128",
        "runtime" : "60",
        "directory" : "/tmp/e2sar/rgeorge-fio_test-p4s_SeqR-4K-128-16",
        "direct" : "1",
        "buffered" : "0",
        "rw" : "read",
        "unified_rw_reporting" : "0",
        "randrepeat" : "0",
        "bs" : "4K",
        "size" : "128M",
        "ioengine" : "pvsync",
        "iodepth" : "16",
        "lat_percentiles" : "1"
      },
      "read" : {
        "io_bytes" : 10474106880,
        "io_kbytes" : 10228620,
        "bw_bytes" : 174556810,
        "bw" : 170465,
        "iops" : 42616.408906,
        "runtime" : 60004,
        "total_ios" : 2557155,
        "short_ios" : 0,
        "drop_ios" : 0,
        "slat_ns" : {
          "min" : 0,
          "max" : 0,
          "mean" : 0.000000,
          "stddev" : 0.000000,
          "N" : 0
        },
        "clat_ns" : {
          "min" : 649338,
          "max" : 611191855,
          "mean" : 2999701.835936,
          "stddev" : 8698398.041730,
          "N" : 2557155,
          "percentile" : {
            "1.000000" : 1761280,
            "5.000000" : 2072576,
            "10.000000" : 2342912,
            "20.000000" : 2605056,
            "30.000000" : 2703360,
            "40.000000" : 2736128,
            "50.000000" : 2801664,
            "60.000000" : 2834432,
            "70.000000" : 2867200,
            "80.000000" : 2932736,
            "90.000000" : 2998272,
            "95.000000" : 3096576,
            "99.000000" : 3424256,
            "99.500000" : 5537792,
            "99.900000" : 52690944,
            "99.950000" : 139460608,
            "99.990000" : 484442112
          }
        },
        "lat_ns" : {
          "min" : 649390,
          "max" : 611191930,
          "mean" : 2999756.384984,
          "stddev" : 8698398.654245,
          "N" : 2557155,
          "percentile" : {
            "1.000000" : 1761280,
            "5.000000" : 2072576,
            "10.000000" : 2342912,
            "20.000000" : 2605056,
            "30.000000" : 2703360,
            "40.000000" : 2736128,
            "50.000000" : 2801664,
            "60.000000" : 2834432,
            "70.000000" : 2867200,
            "80.000000" : 2932736,
            "90.000000" : 2998272,
            "95.000000" : 3096576,
            "99.000000" : 3424256,
            "99.500000" : 5537792,
            "99.900000" : 52690944,
            "99.950000" : 139460608,
            "99.990000" : 484442112
          }
        },
        "bw_min" : 9864,
        "bw_max" : 272852,
        "bw_agg" : 100.000000,
        "bw_mean" : 170798.960581,
        "bw_dev" : 358.678755,
        "bw_samples" : 15220,
        "iops_min" : 2448,
        "iops_max" : 68213,
        "iops_mean" : 42697.814314,
        "iops_stddev" : 89.675380,
        "iops_samples" : 15220
      },
      "write" : {
        "io_bytes" : 0,
        "io_kbytes" : 0,
        "bw_bytes" : 0,
        "bw" : 0,
        "iops" : 0.000000,
        "runtime" : 0,
        "total_ios" : 0,
        "short_ios" : 0,
        "drop_ios" : 0,
        "slat_ns" : {
          "min" : 0,
          "max" : 0,
          "mean" : 0.000000,
          "stddev" : 0.000000,
          "N" : 0
        },
        "clat_ns" : {
          "min" : 0,
          "max" : 0,
          "mean" : 0.000000,
          "stddev" : 0.000000,
          "N" : 0
        },
        "lat_ns" : {
          "min" : 0,
          "max" : 0,
          "mean" : 0.000000,
          "stddev" : 0.000000,
          "N" : 0
        },
        "bw_min" : 0,
        "bw_max" : 0,
        "bw_agg" : 0.000000,
        "bw_mean" : 0.000000,
        "bw_dev" : 0.000000,
        "bw_samples" : 0,
        "iops_min" : 0,
        "iops_max" : 0,
        "iops_mean" : 0.000000,
        "iops_stddev" : 0.000000,
        "iops_samples" : 0
      },
      "trim" : {
        "io_bytes" : 0,
        "io_kbytes" : 0,
        "bw_bytes" : 0,
        "bw" : 0,
        "iops" : 0.000000,
        "runtime" : 0,
        "total_ios" : 0,
        "short_ios" : 0,
        "drop_ios" : 0,
        "slat_ns" : {
          "min" : 0,
          "max" : 0,
          "mean" : 0.000000,
          "stddev" : 0.000000,
          "N" : 0
        },
        "clat_ns" : {
          "min" : 0,
          "max" : 0,
          "mean" : 0.000000,
          "stddev" : 0.000000,
          "N" : 0
        },
        "lat_ns" : {
          "min" : 0,
          "max" : 0,
          "mean" : 0.000000,
          "stddev" : 0.000000,
          "N" : 0
        },
        "bw_min" : 0,
        "bw_max" : 0,
        "bw_agg" : 0.000000,
        "bw_mean" : 0.000000,
        "bw_dev" : 0.000000,
        "bw_samples" : 0,
        "iops_min" : 0,
        "iops_max" : 0,
        "iops_mean" : 0.000000,
        "iops_stddev" : 0.000000,
        "iops_samples" : 0
      },
      "sync" : {
        "total_ios" : 0,
        "lat_ns" : {
          "min" : 0,
          "max" : 0,
          "mean" : 0.000000,
          "stddev" : 0.000000,
          "N" : 0
        }
      },
      "job_runtime" : 7680116,
      "usr_cpu" : 0.063606,
      "sys_cpu" : 0.199112,
      "ctx" : 2557845,
      "majf" : 0,
      "minf" : 1760,
      "iodepth_level" : {
        "1" : 100.000000,
        "2" : 0.000000,
        "4" : 0.000000,
        "8" : 0.000000,
        "16" : 0.000000,
        "32" : 0.000000,
        ">=64" : 0.000000
      },
      "iodepth_submit" : {
        "0" : 0.000000,
        "4" : 100.000000,
        "8" : 0.000000,
        "16" : 0.000000,
        "32" : 0.000000,
        "64" : 0.000000,
        ">=64" : 0.000000
      },
      "iodepth_complete" : {
        "0" : 0.000000,
        "4" : 100.000000,
        "8" : 0.000000,
        "16" : 0.000000,
        "32" : 0.000000,
        "64" : 0.000000,
        ">=64" : 0.000000
      },
      "latency_ns" : {
        "2" : 0.000000,
        "4" : 0.000000,
        "10" : 0.000000,
        "20" : 0.000000,
        "50" : 0.000000,
        "100" : 0.000000,
        "250" : 0.000000,
        "500" : 0.000000,
        "750" : 0.000000,
        "1000" : 0.000000
      },
      "latency_us" : {
        "2" : 0.000000,
        "4" : 0.000000,
        "10" : 0.000000,
        "20" : 0.000000,
        "50" : 0.000000,
        "100" : 0.000000,
        "250" : 0.000000,
        "500" : 0.000000,
        "750" : 0.010000,
        "1000" : 0.010000
      },
      "latency_ms" : {
        "2" : 4.041914,
        "4" : 95.221799,
        "10" : 0.432629,
        "20" : 0.154273,
        "50" : 0.043838,
        "100" : 0.043290,
        "250" : 0.023151,
        "500" : 0.034179,
        "750" : 0.010000,
        "1000" : 0.000000,
        "2000" : 0.000000,
        ">=2000" : 0.000000
      },
      "latency_depth" : 16,
      "latency_target" : 0,
      "latency_percentile" : 100.000000,
      "latency_window" : 0
    }
  ]
}
