{
  "fio version" : "fio-3.23",
  "timestamp" : 1757514171,
  "timestamp_ms" : 1757514171503,
  "time" : "Wed Sep 10 14:22:51 2025",
  "jobs" : [
    {
      "jobname" : "RandW-4M-32-4",
      "groupid" : 0,
      "error" : 0,
      "eta" : 0,
      "elapsed" : 61,
      "job options" : {
        "name" : "RandW-4M-32-4",
        "rw" : "randwrite",
        "unified_rw_reporting" : "0",
        "bs" : "4M",
        "numjobs" : "32",
        "iodepth" : "4",
        "runtime" : "60",
        "directory" : "/tmp/e2sar/rgeorge-fio_test-m_RandW-4M-32-4",
        "direct" : "1",
        "buffered" : "0",
        "randrepeat" : "0",
        "size" : "128M",
        "ioengine" : "pvsync",
        "lat_percentiles" : "1"
      },
      "read" : {
        "io_bytes" : 0,
        "io_kbytes" : 0,
        "bw_bytes" : 0,
        "bw" : 0,
        "iops" : 0.000000,
        "runtime" : 0,
        "total_ios" : 0,
        "short_ios" : 0,
        "drop_ios" : 0,
        "slat_ns" : {
          "min" : 0,
          "max" : 0,
          "mean" : 0.000000,
          "stddev" : 0.000000,
          "N" : 0
        },
        "clat_ns" : {
          "min" : 0,
          "max" : 0,
          "mean" : 0.000000,
          "stddev" : 0.000000,
          "N" : 0
        },
        "lat_ns" : {
          "min" : 0,
          "max" : 0,
          "mean" : 0.000000,
          "stddev" : 0.000000,
          "N" : 0
        },
        "bw_min" : 0,
        "bw_max" : 0,
        "bw_agg" : 0.000000,
        "bw_mean" : 0.000000,
        "bw_dev" : 0.000000,
        "bw_samples" : 0,
        "iops_min" : 0,
        "iops_max" : 0,
        "iops_mean" : 0.000000,
        "iops_stddev" : 0.000000,
        "iops_samples" : 0
      },
      "write" : {
        "io_bytes" : 698863321088,
        "io_kbytes" : 682483712,
        "bw_bytes" : 11646169195,
        "bw" : 11373212,
        "iops" : 2776.663112,
        "runtime" : 60008,
        "total_ios" : 166622,
        "short_ios" : 0,
        "drop_ios" : 0,
        "slat_ns" : {
          "min" : 0,
          "max" : 0,
          "mean" : 0.000000,
          "stddev" : 0.000000,
          "N" : 0
        },
        "clat_ns" : {
          "min" : 4050621,
          "max" : 97184926,
          "mean" : 10456679.001104,
          "stddev" : 2666124.135507,
          "N" : 166622,
          "percentile" : {
            "1.000000" : 6389760,
            "5.000000" : 7503872,
            "10.000000" : 8159232,
            "20.000000" : 8847360,
            "30.000000" : 9371648,
            "40.000000" : 9895936,
            "50.000000" : 10289152,
            "60.000000" : 10813440,
            "70.000000" : 11337728,
            "80.000000" : 11862016,
            "90.000000" : 12779520,
            "95.000000" : 13565952,
            "99.000000" : 14745600,
            "99.500000" : 15269888,
            "99.900000" : 50069504,
            "99.950000" : 67633152,
            "99.990000" : 85458944
          }
        },
        "lat_ns" : {
          "min" : 4051454,
          "max" : 97185223,
          "mean" : 10456994.616239,
          "stddev" : 2666124.330352,
          "N" : 166622,
          "percentile" : {
            "1.000000" : 6389760,
            "5.000000" : 7503872,
            "10.000000" : 8159232,
            "20.000000" : 8847360,
            "30.000000" : 9371648,
            "40.000000" : 9895936,
            "50.000000" : 10289152,
            "60.000000" : 10813440,
            "70.000000" : 11337728,
            "80.000000" : 11862016,
            "90.000000" : 12779520,
            "95.000000" : 13565952,
            "99.000000" : 14745600,
            "99.500000" : 15269888,
            "99.900000" : 50069504,
            "99.950000" : 67633152,
            "99.990000" : 85458944
          }
        },
        "bw_min" : 9510912,
        "bw_max" : 12288000,
        "bw_agg" : 100.000000,
        "bw_mean" : 11382325.815126,
        "bw_dev" : 13148.729587,
        "bw_samples" : 3808,
        "iops_min" : 2322,
        "iops_max" : 3000,
        "iops_mean" : 2778.873950,
        "iops_stddev" : 3.211441,
        "iops_samples" : 3808
      },
      "trim" : {
        "io_bytes" : 0,
        "io_kbytes" : 0,
        "bw_bytes" : 0,
        "bw" : 0,
        "iops" : 0.000000,
        "runtime" : 0,
        "total_ios" : 0,
        "short_ios" : 0,
        "drop_ios" : 0,
        "slat_ns" : {
          "min" : 0,
          "max" : 0,
          "mean" : 0.000000,
          "stddev" : 0.000000,
          "N" : 0
        },
        "clat_ns" : {
          "min" : 0,
          "max" : 0,
          "mean" : 0.000000,
          "stddev" : 0.000000,
          "N" : 0
        },
        "lat_ns" : {
          "min" : 0,
          "max" : 0,
          "mean" : 0.000000,
          "stddev" : 0.000000,
          "N" : 0
        },
        "bw_min" : 0,
        "bw_max" : 0,
        "bw_agg" : 0.000000,
        "bw_mean" : 0.000000,
        "bw_dev" : 0.000000,
        "bw_samples" : 0,
        "iops_min" : 0,
        "iops_max" : 0,
        "iops_mean" : 0.000000,
        "iops_stddev" : 0.000000,
        "iops_samples" : 0
      },
      "sync" : {
        "total_ios" : 0,
        "lat_ns" : {
          "min" : 0,
          "max" : 0,
          "mean" : 0.000000,
          "stddev" : 0.000000,
          "N" : 0
        }
      },
      "job_runtime" : 1920083,
      "usr_cpu" : 9.251475,
      "sys_cpu" : 0.613828,
      "ctx" : 667142,
      "majf" : 0,
      "minf" : 338,
      "iodepth_level" : {
        "1" : 100.000000,
        "2" : 0.000000,
        "4" : 0.000000,
        "8" : 0.000000,
        "16" : 0.000000,
        "32" : 0.000000,
        ">=64" : 0.000000
      },
      "iodepth_submit" : {
        "0" : 0.000000,
        "4" : 100.000000,
        "8" : 0.000000,
        "16" : 0.000000,
        "32" : 0.000000,
        "64" : 0.000000,
        ">=64" : 0.000000
      },
      "iodepth_complete" : {
        "0" : 0.000000,
        "4" : 100.000000,
        "8" : 0.000000,
        "16" : 0.000000,
        "32" : 0.000000,
        "64" : 0.000000,
        ">=64" : 0.000000
      },
      "latency_ns" : {
        "2" : 0.000000,
        "4" : 0.000000,
        "10" : 0.000000,
        "20" : 0.000000,
        "50" : 0.000000,
        "100" : 0.000000,
        "250" : 0.000000,
        "500" : 0.000000,
        "750" : 0.000000,
        "1000" : 0.000000
      },
      "latency_us" : {
        "2" : 0.000000,
        "4" : 0.000000,
        "10" : 0.000000,
        "20" : 0.000000,
        "50" : 0.000000,
        "100" : 0.000000,
        "250" : 0.000000,
        "500" : 0.000000,
        "750" : 0.000000,
        "1000" : 0.000000
      },
      "latency_ms" : {
        "2" : 0.000000,
        "4" : 0.000000,
        "10" : 42.805872,
        "20" : 57.050089,
        "50" : 0.045612,
        "100" : 0.098426,
        "250" : 0.000000,
        "500" : 0.000000,
        "750" : 0.000000,
        "1000" : 0.000000,
        "2000" : 0.000000,
        ">=2000" : 0.000000
      },
      "latency_depth" : 4,
      "latency_target" : 0,
      "latency_percentile" : 100.000000,
      "latency_window" : 0
    }
  ]
}
