{
  "fio version" : "fio-3.23",
  "timestamp" : 1757019858,
  "timestamp_ms" : 1757019858106,
  "time" : "Thu Sep  4 21:04:18 2025",
  "jobs" : [
    {
      "jobname" : "SeqW-2M-32-32",
      "groupid" : 0,
      "error" : 0,
      "eta" : 0,
      "elapsed" : 61,
      "job options" : {
        "name" : "SeqW-2M-32-32",
        "numjobs" : "32",
        "runtime" : "60",
        "directory" : "/tmp/e2sar/rgeorge-fio_test-p2s_SeqW-2M-32-32",
        "direct" : "1",
        "buffered" : "0",
        "rw" : "write",
        "unified_rw_reporting" : "0",
        "randrepeat" : "0",
        "bs" : "2M",
        "size" : "128M",
        "ioengine" : "pvsync",
        "iodepth" : "32",
        "lat_percentiles" : "1"
      },
      "read" : {
        "io_bytes" : 0,
        "io_kbytes" : 0,
        "bw_bytes" : 0,
        "bw" : 0,
        "iops" : 0.000000,
        "runtime" : 0,
        "total_ios" : 0,
        "short_ios" : 0,
        "drop_ios" : 0,
        "slat_ns" : {
          "min" : 0,
          "max" : 0,
          "mean" : 0.000000,
          "stddev" : 0.000000,
          "N" : 0
        },
        "clat_ns" : {
          "min" : 0,
          "max" : 0,
          "mean" : 0.000000,
          "stddev" : 0.000000,
          "N" : 0
        },
        "lat_ns" : {
          "min" : 0,
          "max" : 0,
          "mean" : 0.000000,
          "stddev" : 0.000000,
          "N" : 0
        },
        "bw_min" : 0,
        "bw_max" : 0,
        "bw_agg" : 0.000000,
        "bw_mean" : 0.000000,
        "bw_dev" : 0.000000,
        "bw_samples" : 0,
        "iops_min" : 0,
        "iops_max" : 0,
        "iops_mean" : 0.000000,
        "iops_stddev" : 0.000000,
        "iops_samples" : 0
      },
      "write" : {
        "io_bytes" : 641560739840,
        "io_kbytes" : 626524160,
        "bw_bytes" : 10691431663,
        "bw" : 10440851,
        "iops" : 5098.071892,
        "runtime" : 60007,
        "total_ios" : 305920,
        "short_ios" : 0,
        "drop_ios" : 0,
        "slat_ns" : {
          "min" : 0,
          "max" : 0,
          "mean" : 0.000000,
          "stddev" : 0.000000,
          "N" : 0
        },
        "clat_ns" : {
          "min" : 2167910,
          "max" : 632314619,
          "mean" : 5785996.280126,
          "stddev" : 8130149.973182,
          "N" : 305920,
          "percentile" : {
            "1.000000" : 2703360,
            "5.000000" : 3063808,
            "10.000000" : 3424256,
            "20.000000" : 4145152,
            "30.000000" : 4554752,
            "40.000000" : 4882432,
            "50.000000" : 5144576,
            "60.000000" : 5472256,
            "70.000000" : 5799936,
            "80.000000" : 6455296,
            "90.000000" : 7045120,
            "95.000000" : 7503872,
            "99.000000" : 15925248,
            "99.500000" : 43778048,
            "99.900000" : 124256256,
            "99.950000" : 168820736,
            "99.990000" : 270532608
          }
        },
        "lat_ns" : {
          "min" : 2168051,
          "max" : 632315188,
          "mean" : 5786226.104129,
          "stddev" : 8130155.622680,
          "N" : 305920,
          "percentile" : {
            "1.000000" : 2703360,
            "5.000000" : 3063808,
            "10.000000" : 3424256,
            "20.000000" : 4145152,
            "30.000000" : 4554752,
            "40.000000" : 4882432,
            "50.000000" : 5144576,
            "60.000000" : 5472256,
            "70.000000" : 5799936,
            "80.000000" : 6455296,
            "90.000000" : 7045120,
            "95.000000" : 7503872,
            "99.000000" : 15925248,
            "99.500000" : 43778048,
            "99.900000" : 124256256,
            "99.950000" : 168820736,
            "99.990000" : 270532608
          }
        },
        "bw_min" : 995328,
        "bw_max" : 14446592,
        "bw_agg" : 100.000000,
        "bw_mean" : 10443811.352941,
        "bw_dev" : 73589.798069,
        "bw_samples" : 3808,
        "iops_min" : 486,
        "iops_max" : 7054,
        "iops_mean" : 5099.495798,
        "iops_stddev" : 35.932134,
        "iops_samples" : 3808
      },
      "trim" : {
        "io_bytes" : 0,
        "io_kbytes" : 0,
        "bw_bytes" : 0,
        "bw" : 0,
        "iops" : 0.000000,
        "runtime" : 0,
        "total_ios" : 0,
        "short_ios" : 0,
        "drop_ios" : 0,
        "slat_ns" : {
          "min" : 0,
          "max" : 0,
          "mean" : 0.000000,
          "stddev" : 0.000000,
          "N" : 0
        },
        "clat_ns" : {
          "min" : 0,
          "max" : 0,
          "mean" : 0.000000,
          "stddev" : 0.000000,
          "N" : 0
        },
        "lat_ns" : {
          "min" : 0,
          "max" : 0,
          "mean" : 0.000000,
          "stddev" : 0.000000,
          "N" : 0
        },
        "bw_min" : 0,
        "bw_max" : 0,
        "bw_agg" : 0.000000,
        "bw_mean" : 0.000000,
        "bw_dev" : 0.000000,
        "bw_samples" : 0,
        "iops_min" : 0,
        "iops_max" : 0,
        "iops_mean" : 0.000000,
        "iops_stddev" : 0.000000,
        "iops_samples" : 0
      },
      "sync" : {
        "total_ios" : 0,
        "lat_ns" : {
          "min" : 0,
          "max" : 0,
          "mean" : 0.000000,
          "stddev" : 0.000000,
          "N" : 0
        }
      },
      "job_runtime" : 1920050,
      "usr_cpu" : 7.757142,
      "sys_cpu" : 0.403167,
      "ctx" : 613173,
      "majf" : 0,
      "minf" : 380,
      "iodepth_level" : {
        "1" : 100.000000,
        "2" : 0.000000,
        "4" : 0.000000,
        "8" : 0.000000,
        "16" : 0.000000,
        "32" : 0.000000,
        ">=64" : 0.000000
      },
      "iodepth_submit" : {
        "0" : 0.000000,
        "4" : 100.000000,
        "8" : 0.000000,
        "16" : 0.000000,
        "32" : 0.000000,
        "64" : 0.000000,
        ">=64" : 0.000000
      },
      "iodepth_complete" : {
        "0" : 0.000000,
        "4" : 100.000000,
        "8" : 0.000000,
        "16" : 0.000000,
        "32" : 0.000000,
        "64" : 0.000000,
        ">=64" : 0.000000
      },
      "latency_ns" : {
        "2" : 0.000000,
        "4" : 0.000000,
        "10" : 0.000000,
        "20" : 0.000000,
        "50" : 0.000000,
        "100" : 0.000000,
        "250" : 0.000000,
        "500" : 0.000000,
        "750" : 0.000000,
        "1000" : 0.000000
      },
      "latency_us" : {
        "2" : 0.000000,
        "4" : 0.000000,
        "10" : 0.000000,
        "20" : 0.000000,
        "50" : 0.000000,
        "100" : 0.000000,
        "250" : 0.000000,
        "500" : 0.000000,
        "750" : 0.000000,
        "1000" : 0.000000
      },
      "latency_ms" : {
        "2" : 0.000000,
        "4" : 17.595123,
        "10" : 81.087539,
        "20" : 0.466135,
        "50" : 0.398797,
        "100" : 0.299425,
        "250" : 0.134022,
        "500" : 0.017979,
        "750" : 0.010000,
        "1000" : 0.000000,
        "2000" : 0.000000,
        ">=2000" : 0.000000
      },
      "latency_depth" : 32,
      "latency_target" : 0,
      "latency_percentile" : 100.000000,
      "latency_window" : 0
    }
  ]
}
