{
  "fio version" : "fio-3.23",
  "timestamp" : 1757347124,
  "timestamp_ms" : 1757347124693,
  "time" : "Mon Sep  8 15:58:44 2025",
  "jobs" : [
    {
      "jobname" : "0",
      "groupid" : 0,
      "error" : 0,
      "eta" : 0,
      "elapsed" : 61,
      "job options" : {
        "name" : "0",
        "rw" : "read",
        "unified_rw_reporting" : "0",
        "bs" : "4K",
        "numjobs" : "16",
        "iodepth" : "4",
        "runtime" : "60",
        "directory" : "/tmp/e2sar/rgeorge-fio_test-m_0",
        "direct" : "1",
        "buffered" : "0",
        "randrepeat" : "0",
        "size" : "128M",
        "ioengine" : "pvsync",
        "lat_percentiles" : "1"
      },
      "read" : {
        "io_bytes" : 8083161088,
        "io_kbytes" : 7893712,
        "bw_bytes" : 134717106,
        "bw" : 131559,
        "iops" : 32889.918501,
        "runtime" : 60001,
        "total_ios" : 1973428,
        "short_ios" : 0,
        "drop_ios" : 0,
        "slat_ns" : {
          "min" : 0,
          "max" : 0,
          "mean" : 0.000000,
          "stddev" : 0.000000,
          "N" : 0
        },
        "clat_ns" : {
          "min" : 121273,
          "max" : 613915948,
          "mean" : 485849.241350,
          "stddev" : 6425685.116686,
          "N" : 1973428,
          "percentile" : {
            "1.000000" : 189440,
            "5.000000" : 234496,
            "10.000000" : 268288,
            "20.000000" : 317440,
            "30.000000" : 346112,
            "40.000000" : 362496,
            "50.000000" : 374784,
            "60.000000" : 387072,
            "70.000000" : 399360,
            "80.000000" : 415744,
            "90.000000" : 444416,
            "95.000000" : 481280,
            "99.000000" : 561152,
            "99.500000" : 593920,
            "99.900000" : 4227072,
            "99.950000" : 23461888,
            "99.990000" : 371195904
          }
        },
        "lat_ns" : {
          "min" : 121312,
          "max" : 613916227,
          "mean" : 485892.067415,
          "stddev" : 6425688.168643,
          "N" : 1973428,
          "percentile" : {
            "1.000000" : 189440,
            "5.000000" : 234496,
            "10.000000" : 268288,
            "20.000000" : 317440,
            "30.000000" : 346112,
            "40.000000" : 362496,
            "50.000000" : 374784,
            "60.000000" : 387072,
            "70.000000" : 399360,
            "80.000000" : 415744,
            "90.000000" : 444416,
            "95.000000" : 481280,
            "99.000000" : 561152,
            "99.500000" : 593920,
            "99.900000" : 4227072,
            "99.950000" : 23461888,
            "99.990000" : 371195904
          }
        },
        "bw_min" : 128,
        "bw_max" : 232992,
        "bw_agg" : 100.000000,
        "bw_mean" : 131600.600484,
        "bw_dev" : 4054.861503,
        "bw_samples" : 1902,
        "iops_min" : 32,
        "iops_max" : 58248,
        "iops_mean" : 32900.150121,
        "iops_stddev" : 1013.715376,
        "iops_samples" : 1902
      },
      "write" : {
        "io_bytes" : 0,
        "io_kbytes" : 0,
        "bw_bytes" : 0,
        "bw" : 0,
        "iops" : 0.000000,
        "runtime" : 0,
        "total_ios" : 0,
        "short_ios" : 0,
        "drop_ios" : 0,
        "slat_ns" : {
          "min" : 0,
          "max" : 0,
          "mean" : 0.000000,
          "stddev" : 0.000000,
          "N" : 0
        },
        "clat_ns" : {
          "min" : 0,
          "max" : 0,
          "mean" : 0.000000,
          "stddev" : 0.000000,
          "N" : 0
        },
        "lat_ns" : {
          "min" : 0,
          "max" : 0,
          "mean" : 0.000000,
          "stddev" : 0.000000,
          "N" : 0
        },
        "bw_min" : 0,
        "bw_max" : 0,
        "bw_agg" : 0.000000,
        "bw_mean" : 0.000000,
        "bw_dev" : 0.000000,
        "bw_samples" : 0,
        "iops_min" : 0,
        "iops_max" : 0,
        "iops_mean" : 0.000000,
        "iops_stddev" : 0.000000,
        "iops_samples" : 0
      },
      "trim" : {
        "io_bytes" : 0,
        "io_kbytes" : 0,
        "bw_bytes" : 0,
        "bw" : 0,
        "iops" : 0.000000,
        "runtime" : 0,
        "total_ios" : 0,
        "short_ios" : 0,
        "drop_ios" : 0,
        "slat_ns" : {
          "min" : 0,
          "max" : 0,
          "mean" : 0.000000,
          "stddev" : 0.000000,
          "N" : 0
        },
        "clat_ns" : {
          "min" : 0,
          "max" : 0,
          "mean" : 0.000000,
          "stddev" : 0.000000,
          "N" : 0
        },
        "lat_ns" : {
          "min" : 0,
          "max" : 0,
          "mean" : 0.000000,
          "stddev" : 0.000000,
          "N" : 0
        },
        "bw_min" : 0,
        "bw_max" : 0,
        "bw_agg" : 0.000000,
        "bw_mean" : 0.000000,
        "bw_dev" : 0.000000,
        "bw_samples" : 0,
        "iops_min" : 0,
        "iops_max" : 0,
        "iops_mean" : 0.000000,
        "iops_stddev" : 0.000000,
        "iops_samples" : 0
      },
      "sync" : {
        "total_ios" : 0,
        "lat_ns" : {
          "min" : 0,
          "max" : 0,
          "mean" : 0.000000,
          "stddev" : 0.000000,
          "N" : 0
        }
      },
      "job_runtime" : 960000,
      "usr_cpu" : 0.312396,
      "sys_cpu" : 1.151250,
      "ctx" : 1973523,
      "majf" : 0,
      "minf" : 249,
      "iodepth_level" : {
        "1" : 100.000000,
        "2" : 0.000000,
        "4" : 0.000000,
        "8" : 0.000000,
        "16" : 0.000000,
        "32" : 0.000000,
        ">=64" : 0.000000
      },
      "iodepth_submit" : {
        "0" : 0.000000,
        "4" : 100.000000,
        "8" : 0.000000,
        "16" : 0.000000,
        "32" : 0.000000,
        "64" : 0.000000,
        ">=64" : 0.000000
      },
      "iodepth_complete" : {
        "0" : 0.000000,
        "4" : 100.000000,
        "8" : 0.000000,
        "16" : 0.000000,
        "32" : 0.000000,
        "64" : 0.000000,
        ">=64" : 0.000000
      },
      "latency_ns" : {
        "2" : 0.000000,
        "4" : 0.000000,
        "10" : 0.000000,
        "20" : 0.000000,
        "50" : 0.000000,
        "100" : 0.000000,
        "250" : 0.000000,
        "500" : 0.000000,
        "750" : 0.000000,
        "1000" : 0.000000
      },
      "latency_us" : {
        "2" : 0.000000,
        "4" : 0.000000,
        "10" : 0.000000,
        "20" : 0.000000,
        "50" : 0.000000,
        "100" : 0.000000,
        "250" : 7.015913,
        "500" : 89.404833,
        "750" : 3.438129,
        "1000" : 0.010000
      },
      "latency_ms" : {
        "2" : 0.012922,
        "4" : 0.017685,
        "10" : 0.042566,
        "20" : 0.010287,
        "50" : 0.011756,
        "100" : 0.011655,
        "250" : 0.010000,
        "500" : 0.021384,
        "750" : 0.010000,
        "1000" : 0.000000,
        "2000" : 0.000000,
        ">=2000" : 0.000000
      },
      "latency_depth" : 4,
      "latency_target" : 0,
      "latency_percentile" : 100.000000,
      "latency_window" : 0
    }
  ]
}
