{
  "fio version" : "fio-3.23",
  "timestamp" : 1757522841,
  "timestamp_ms" : 1757522841457,
  "time" : "Wed Sep 10 16:47:21 2025",
  "jobs" : [
    {
      "jobname" : "RandW-4K-16-16",
      "groupid" : 0,
      "error" : 0,
      "eta" : 0,
      "elapsed" : 61,
      "job options" : {
        "name" : "RandW-4K-16-16",
        "rw" : "randwrite",
        "unified_rw_reporting" : "0",
        "bs" : "4K",
        "numjobs" : "16",
        "iodepth" : "16",
        "runtime" : "60",
        "directory" : "/tmp/e2sar/rgeorge-fio_test-m_RandW-4K-16-16",
        "direct" : "1",
        "buffered" : "0",
        "randrepeat" : "0",
        "size" : "128M",
        "ioengine" : "pvsync",
        "lat_percentiles" : "1"
      },
      "read" : {
        "io_bytes" : 0,
        "io_kbytes" : 0,
        "bw_bytes" : 0,
        "bw" : 0,
        "iops" : 0.000000,
        "runtime" : 0,
        "total_ios" : 0,
        "short_ios" : 0,
        "drop_ios" : 0,
        "slat_ns" : {
          "min" : 0,
          "max" : 0,
          "mean" : 0.000000,
          "stddev" : 0.000000,
          "N" : 0
        },
        "clat_ns" : {
          "min" : 0,
          "max" : 0,
          "mean" : 0.000000,
          "stddev" : 0.000000,
          "N" : 0
        },
        "lat_ns" : {
          "min" : 0,
          "max" : 0,
          "mean" : 0.000000,
          "stddev" : 0.000000,
          "N" : 0
        },
        "bw_min" : 0,
        "bw_max" : 0,
        "bw_agg" : 0.000000,
        "bw_mean" : 0.000000,
        "bw_dev" : 0.000000,
        "bw_samples" : 0,
        "iops_min" : 0,
        "iops_max" : 0,
        "iops_mean" : 0.000000,
        "iops_stddev" : 0.000000,
        "iops_samples" : 0
      },
      "write" : {
        "io_bytes" : 16534716416,
        "io_kbytes" : 16147184,
        "bw_bytes" : 275574014,
        "bw" : 269115,
        "iops" : 67278.812020,
        "runtime" : 60001,
        "total_ios" : 4036796,
        "short_ios" : 0,
        "drop_ios" : 0,
        "slat_ns" : {
          "min" : 0,
          "max" : 0,
          "mean" : 0.000000,
          "stddev" : 0.000000,
          "N" : 0
        },
        "clat_ns" : {
          "min" : 130059,
          "max" : 44393682,
          "mean" : 236395.281334,
          "stddev" : 153973.230615,
          "N" : 4036796,
          "percentile" : {
            "1.000000" : 177152,
            "5.000000" : 191488,
            "10.000000" : 199680,
            "20.000000" : 209920,
            "30.000000" : 220160,
            "40.000000" : 226304,
            "50.000000" : 232448,
            "60.000000" : 240640,
            "70.000000" : 246784,
            "80.000000" : 257024,
            "90.000000" : 268288,
            "95.000000" : 280576,
            "99.000000" : 313344,
            "99.500000" : 333824,
            "99.900000" : 432128,
            "99.950000" : 518144,
            "99.990000" : 5275648
          }
        },
        "lat_ns" : {
          "min" : 130098,
          "max" : 44393858,
          "mean" : 236445.805868,
          "stddev" : 153973.414558,
          "N" : 4036796,
          "percentile" : {
            "1.000000" : 177152,
            "5.000000" : 191488,
            "10.000000" : 199680,
            "20.000000" : 209920,
            "30.000000" : 220160,
            "40.000000" : 226304,
            "50.000000" : 234496,
            "60.000000" : 240640,
            "70.000000" : 246784,
            "80.000000" : 257024,
            "90.000000" : 268288,
            "95.000000" : 280576,
            "99.000000" : 313344,
            "99.500000" : 333824,
            "99.900000" : 432128,
            "99.950000" : 518144,
            "99.990000" : 5275648
          }
        },
        "bw_min" : 236152,
        "bw_max" : 280368,
        "bw_agg" : 100.000000,
        "bw_mean" : 269453.445378,
        "bw_dev" : 453.775324,
        "bw_samples" : 1904,
        "iops_min" : 59038,
        "iops_max" : 70092,
        "iops_mean" : 67363.361345,
        "iops_stddev" : 113.443831,
        "iops_samples" : 1904
      },
      "trim" : {
        "io_bytes" : 0,
        "io_kbytes" : 0,
        "bw_bytes" : 0,
        "bw" : 0,
        "iops" : 0.000000,
        "runtime" : 0,
        "total_ios" : 0,
        "short_ios" : 0,
        "drop_ios" : 0,
        "slat_ns" : {
          "min" : 0,
          "max" : 0,
          "mean" : 0.000000,
          "stddev" : 0.000000,
          "N" : 0
        },
        "clat_ns" : {
          "min" : 0,
          "max" : 0,
          "mean" : 0.000000,
          "stddev" : 0.000000,
          "N" : 0
        },
        "lat_ns" : {
          "min" : 0,
          "max" : 0,
          "mean" : 0.000000,
          "stddev" : 0.000000,
          "N" : 0
        },
        "bw_min" : 0,
        "bw_max" : 0,
        "bw_agg" : 0.000000,
        "bw_mean" : 0.000000,
        "bw_dev" : 0.000000,
        "bw_samples" : 0,
        "iops_min" : 0,
        "iops_max" : 0,
        "iops_mean" : 0.000000,
        "iops_stddev" : 0.000000,
        "iops_samples" : 0
      },
      "sync" : {
        "total_ios" : 0,
        "lat_ns" : {
          "min" : 0,
          "max" : 0,
          "mean" : 0.000000,
          "stddev" : 0.000000,
          "N" : 0
        }
      },
      "job_runtime" : 960000,
      "usr_cpu" : 0.892083,
      "sys_cpu" : 1.588125,
      "ctx" : 4036914,
      "majf" : 0,
      "minf" : 178,
      "iodepth_level" : {
        "1" : 100.000000,
        "2" : 0.000000,
        "4" : 0.000000,
        "8" : 0.000000,
        "16" : 0.000000,
        "32" : 0.000000,
        ">=64" : 0.000000
      },
      "iodepth_submit" : {
        "0" : 0.000000,
        "4" : 100.000000,
        "8" : 0.000000,
        "16" : 0.000000,
        "32" : 0.000000,
        "64" : 0.000000,
        ">=64" : 0.000000
      },
      "iodepth_complete" : {
        "0" : 0.000000,
        "4" : 100.000000,
        "8" : 0.000000,
        "16" : 0.000000,
        "32" : 0.000000,
        "64" : 0.000000,
        ">=64" : 0.000000
      },
      "latency_ns" : {
        "2" : 0.000000,
        "4" : 0.000000,
        "10" : 0.000000,
        "20" : 0.000000,
        "50" : 0.000000,
        "100" : 0.000000,
        "250" : 0.000000,
        "500" : 0.000000,
        "750" : 0.000000,
        "1000" : 0.000000
      },
      "latency_us" : {
        "2" : 0.000000,
        "4" : 0.000000,
        "10" : 0.000000,
        "20" : 0.000000,
        "50" : 0.000000,
        "100" : 0.000000,
        "250" : 73.006340,
        "500" : 26.937254,
        "750" : 0.020239,
        "1000" : 0.010000
      },
      "latency_ms" : {
        "2" : 0.015185,
        "4" : 0.010000,
        "10" : 0.010000,
        "20" : 0.010000,
        "50" : 0.010000,
        "100" : 0.000000,
        "250" : 0.000000,
        "500" : 0.000000,
        "750" : 0.000000,
        "1000" : 0.000000,
        "2000" : 0.000000,
        ">=2000" : 0.000000
      },
      "latency_depth" : 16,
      "latency_target" : 0,
      "latency_percentile" : 100.000000,
      "latency_window" : 0
    }
  ]
}
