{
  "fio version" : "fio-3.23",
  "timestamp" : 1756949153,
  "timestamp_ms" : 1756949153801,
  "time" : "Thu Sep  4 01:25:53 2025",
  "jobs" : [
    {
      "jobname" : "RandBal-16K-16-64",
      "groupid" : 0,
      "error" : 0,
      "eta" : 0,
      "elapsed" : 61,
      "job options" : {
        "name" : "RandBal-16K-16-64",
        "numjobs" : "16",
        "runtime" : "60",
        "directory" : "/tmp/e2sar/rgeorge-fio_test-p1r2_RandBal-16K-16-64",
        "direct" : "1",
        "buffered" : "0",
        "rw" : "randrw",
        "unified_rw_reporting" : "1",
        "randrepeat" : "0",
        "bs" : "16K",
        "size" : "128M",
        "ioengine" : "pvsync",
        "iodepth" : "64",
        "lat_percentiles" : "1"
      },
      "mixed" : {
        "io_bytes" : 50259394560,
        "io_kbytes" : 49081440,
        "bw_bytes" : 837642615,
        "bw" : 818010,
        "iops" : 51125.647906,
        "runtime" : 60001,
        "total_ios" : 3067590,
        "short_ios" : 0,
        "drop_ios" : 0,
        "slat_ns" : {
          "min" : 0,
          "max" : 0,
          "mean" : 0.000000,
          "stddev" : 0.000000,
          "N" : 0
        },
        "clat_ns" : {
          "min" : 132878,
          "max" : 1256903042,
          "mean" : 310726.305175,
          "stddev" : 2085141.565918,
          "N" : 3067590,
          "percentile" : {
            "1.000000" : 191488,
            "5.000000" : 203776,
            "10.000000" : 211968,
            "20.000000" : 224256,
            "30.000000" : 234496,
            "40.000000" : 244736,
            "50.000000" : 254976,
            "60.000000" : 268288,
            "70.000000" : 284672,
            "80.000000" : 313344,
            "90.000000" : 362496,
            "95.000000" : 403456,
            "99.000000" : 536576,
            "99.500000" : 626688,
            "99.900000" : 6782976,
            "99.950000" : 15925248,
            "99.990000" : 82313216
          }
        },
        "lat_ns" : {
          "min" : 132917,
          "max" : 1256903076,
          "mean" : 310771.914175,
          "stddev" : 2085141.687040,
          "N" : 3067590,
          "percentile" : {
            "1.000000" : 191488,
            "5.000000" : 203776,
            "10.000000" : 211968,
            "20.000000" : 224256,
            "30.000000" : 234496,
            "40.000000" : 244736,
            "50.000000" : 254976,
            "60.000000" : 268288,
            "70.000000" : 284672,
            "80.000000" : 313344,
            "90.000000" : 362496,
            "95.000000" : 403456,
            "99.000000" : 536576,
            "99.500000" : 626688,
            "99.900000" : 6782976,
            "99.950000" : 15925248,
            "99.990000" : 82313216
          }
        },
        "bw_min" : 37504,
        "bw_max" : 1004608,
        "bw_agg" : 100.000000,
        "bw_mean" : 820969.892530,
        "bw_dev" : 6700.585241,
        "bw_samples" : 3796,
        "iops_min" : 2344,
        "iops_max" : 62788,
        "iops_mean" : 51310.618283,
        "iops_stddev" : 418.786457,
        "iops_samples" : 3796
      },
      "job_runtime" : 960000,
      "usr_cpu" : 0.905625,
      "sys_cpu" : 1.261979,
      "ctx" : 3067704,
      "majf" : 0,
      "minf" : 330,
      "iodepth_level" : {
        "1" : 100.000000,
        "2" : 0.000000,
        "4" : 0.000000,
        "8" : 0.000000,
        "16" : 0.000000,
        "32" : 0.000000,
        ">=64" : 0.000000
      },
      "iodepth_submit" : {
        "0" : 0.000000,
        "4" : 100.000000,
        "8" : 0.000000,
        "16" : 0.000000,
        "32" : 0.000000,
        "64" : 0.000000,
        ">=64" : 0.000000
      },
      "iodepth_complete" : {
        "0" : 0.000000,
        "4" : 100.000000,
        "8" : 0.000000,
        "16" : 0.000000,
        "32" : 0.000000,
        "64" : 0.000000,
        ">=64" : 0.000000
      },
      "latency_ns" : {
        "2" : 0.000000,
        "4" : 0.000000,
        "10" : 0.000000,
        "20" : 0.000000,
        "50" : 0.000000,
        "100" : 0.000000,
        "250" : 0.000000,
        "500" : 0.000000,
        "750" : 0.000000,
        "1000" : 0.000000
      },
      "latency_us" : {
        "2" : 0.000000,
        "4" : 0.000000,
        "10" : 0.000000,
        "20" : 0.000000,
        "50" : 0.000000,
        "100" : 0.000000,
        "250" : 45.210116,
        "500" : 53.083756,
        "750" : 1.429526,
        "1000" : 0.070055
      },
      "latency_ms" : {
        "2" : 0.036022,
        "4" : 0.038271,
        "10" : 0.060047,
        "20" : 0.031197,
        "50" : 0.020146,
        "100" : 0.016495,
        "250" : 0.010000,
        "500" : 0.010000,
        "750" : 0.010000,
        "1000" : 0.010000,
        "2000" : 0.010000,
        ">=2000" : 0.000000
      },
      "latency_depth" : 64,
      "latency_target" : 0,
      "latency_percentile" : 100.000000,
      "latency_window" : 0
    }
  ]
}
