{
  "fio version" : "fio-3.23",
  "timestamp" : 1756994544,
  "timestamp_ms" : 1756994544562,
  "time" : "Thu Sep  4 14:02:24 2025",
  "jobs" : [
    {
      "jobname" : "RandRH-4M-32-16",
      "groupid" : 0,
      "error" : 0,
      "eta" : 0,
      "elapsed" : 61,
      "job options" : {
        "name" : "RandRH-4M-32-16",
        "numjobs" : "32",
        "runtime" : "60",
        "directory" : "/tmp/e2sar/rgeorge-fio_test-p2r_RandRH-4M-32-16",
        "direct" : "1",
        "buffered" : "0",
        "rw" : "randrw",
        "rwmixread" : "80",
        "unified_rw_reporting" : "1",
        "randrepeat" : "0",
        "bs" : "4M",
        "size" : "128M",
        "ioengine" : "pvsync",
        "iodepth" : "16",
        "lat_percentiles" : "1"
      },
      "mixed" : {
        "io_bytes" : 166383845376,
        "io_kbytes" : 162484224,
        "bw_bytes" : 2771262768,
        "bw" : 2706311,
        "iops" : 660.720532,
        "runtime" : 60039,
        "total_ios" : 39669,
        "short_ios" : 0,
        "drop_ios" : 0,
        "slat_ns" : {
          "min" : 0,
          "max" : 0,
          "mean" : 0.000000,
          "stddev" : 0.000000,
          "N" : 0
        },
        "clat_ns" : {
          "min" : 2962154,
          "max" : 628393561,
          "mean" : 48201441.850210,
          "stddev" : 22113538.460964,
          "N" : 39669,
          "percentile" : {
            "1.000000" : 22413312,
            "5.000000" : 36438016,
            "10.000000" : 39583744,
            "20.000000" : 42205184,
            "30.000000" : 43778048,
            "40.000000" : 44826624,
            "50.000000" : 45875200,
            "60.000000" : 46923776,
            "70.000000" : 47972352,
            "80.000000" : 49020928,
            "90.000000" : 50593792,
            "95.000000" : 53215232,
            "99.000000" : 158334976,
            "99.500000" : 206569472,
            "99.900000" : 316669952,
            "99.950000" : 333447168,
            "99.990000" : 392167424
          }
        },
        "lat_ns" : {
          "min" : 2962191,
          "max" : 628394187,
          "mean" : 48201590.431017,
          "stddev" : 22113540.157620,
          "N" : 39669,
          "percentile" : {
            "1.000000" : 22413312,
            "5.000000" : 36438016,
            "10.000000" : 39583744,
            "20.000000" : 42205184,
            "30.000000" : 43778048,
            "40.000000" : 44826624,
            "50.000000" : 45875200,
            "60.000000" : 46923776,
            "70.000000" : 47972352,
            "80.000000" : 49020928,
            "90.000000" : 50593792,
            "95.000000" : 53215232,
            "99.000000" : 158334976,
            "99.500000" : 206569472,
            "99.900000" : 316669952,
            "99.950000" : 333447168,
            "99.990000" : 392167424
          }
        },
        "bw_min" : 786432,
        "bw_max" : 4734288,
        "bw_agg" : 100.000000,
        "bw_mean" : 2776046.468785,
        "bw_dev" : 12765.614426,
        "bw_samples" : 7195,
        "iops_min" : 192,
        "iops_max" : 1153,
        "iops_mean" : 677.675881,
        "iops_stddev" : 3.115043,
        "iops_samples" : 7195
      },
      "job_runtime" : 1920471,
      "usr_cpu" : 0.362984,
      "sys_cpu" : 0.110390,
      "ctx" : 158903,
      "majf" : 0,
      "minf" : 487,
      "iodepth_level" : {
        "1" : 100.000000,
        "2" : 0.000000,
        "4" : 0.000000,
        "8" : 0.000000,
        "16" : 0.000000,
        "32" : 0.000000,
        ">=64" : 0.000000
      },
      "iodepth_submit" : {
        "0" : 0.000000,
        "4" : 100.000000,
        "8" : 0.000000,
        "16" : 0.000000,
        "32" : 0.000000,
        "64" : 0.000000,
        ">=64" : 0.000000
      },
      "iodepth_complete" : {
        "0" : 0.000000,
        "4" : 100.000000,
        "8" : 0.000000,
        "16" : 0.000000,
        "32" : 0.000000,
        "64" : 0.000000,
        ">=64" : 0.000000
      },
      "latency_ns" : {
        "2" : 0.000000,
        "4" : 0.000000,
        "10" : 0.000000,
        "20" : 0.000000,
        "50" : 0.000000,
        "100" : 0.000000,
        "250" : 0.000000,
        "500" : 0.000000,
        "750" : 0.000000,
        "1000" : 0.000000
      },
      "latency_us" : {
        "2" : 0.000000,
        "4" : 0.000000,
        "10" : 0.000000,
        "20" : 0.000000,
        "50" : 0.000000,
        "100" : 0.000000,
        "250" : 0.000000,
        "500" : 0.000000,
        "750" : 0.000000,
        "1000" : 0.000000
      },
      "latency_ms" : {
        "2" : 0.000000,
        "4" : 0.047896,
        "10" : 0.289899,
        "20" : 0.443671,
        "50" : 86.818422,
        "100" : 10.343089,
        "250" : 1.694018,
        "500" : 0.357962,
        "750" : 0.010000,
        "1000" : 0.000000,
        "2000" : 0.000000,
        ">=2000" : 0.000000
      },
      "latency_depth" : 16,
      "latency_target" : 0,
      "latency_percentile" : 100.000000,
      "latency_window" : 0
    }
  ]
}
