{
  "fio version" : "fio-3.23",
  "timestamp" : 1757207885,
  "timestamp_ms" : 1757207885470,
  "time" : "Sun Sep  7 01:18:05 2025",
  "jobs" : [
    {
      "jobname" : "SeqW-4M-64-1",
      "groupid" : 0,
      "error" : 0,
      "eta" : 0,
      "elapsed" : 61,
      "job options" : {
        "name" : "SeqW-4M-64-1",
        "numjobs" : "64",
        "runtime" : "60",
        "directory" : "/tmp/e2sar/rgeorge-fio_test-p3s_SeqW-4M-64-1",
        "direct" : "1",
        "buffered" : "0",
        "rw" : "write",
        "unified_rw_reporting" : "0",
        "randrepeat" : "0",
        "bs" : "4M",
        "size" : "128M",
        "ioengine" : "pvsync",
        "iodepth" : "1",
        "lat_percentiles" : "1"
      },
      "read" : {
        "io_bytes" : 0,
        "io_kbytes" : 0,
        "bw_bytes" : 0,
        "bw" : 0,
        "iops" : 0.000000,
        "runtime" : 0,
        "total_ios" : 0,
        "short_ios" : 0,
        "drop_ios" : 0,
        "slat_ns" : {
          "min" : 0,
          "max" : 0,
          "mean" : 0.000000,
          "stddev" : 0.000000,
          "N" : 0
        },
        "clat_ns" : {
          "min" : 0,
          "max" : 0,
          "mean" : 0.000000,
          "stddev" : 0.000000,
          "N" : 0
        },
        "lat_ns" : {
          "min" : 0,
          "max" : 0,
          "mean" : 0.000000,
          "stddev" : 0.000000,
          "N" : 0
        },
        "bw_min" : 0,
        "bw_max" : 0,
        "bw_agg" : 0.000000,
        "bw_mean" : 0.000000,
        "bw_dev" : 0.000000,
        "bw_samples" : 0,
        "iops_min" : 0,
        "iops_max" : 0,
        "iops_mean" : 0.000000,
        "iops_stddev" : 0.000000,
        "iops_samples" : 0
      },
      "write" : {
        "io_bytes" : 556751912960,
        "io_kbytes" : 543703040,
        "bw_bytes" : 9273016538,
        "bw" : 9055680,
        "iops" : 2210.859427,
        "runtime" : 60040,
        "total_ios" : 132740,
        "short_ios" : 0,
        "drop_ios" : 0,
        "slat_ns" : {
          "min" : 0,
          "max" : 0,
          "mean" : 0.000000,
          "stddev" : 0.000000,
          "N" : 0
        },
        "clat_ns" : {
          "min" : 4519328,
          "max" : 1624533645,
          "mean" : 27702242.036764,
          "stddev" : 61581917.024070,
          "N" : 132740,
          "percentile" : {
            "1.000000" : 5537792,
            "5.000000" : 6651904,
            "10.000000" : 12386304,
            "20.000000" : 15794176,
            "30.000000" : 17170432,
            "40.000000" : 17956864,
            "50.000000" : 18743296,
            "60.000000" : 19529728,
            "70.000000" : 20316160,
            "80.000000" : 21102592,
            "90.000000" : 22937600,
            "95.000000" : 47972352,
            "99.000000" : 371195904,
            "99.500000" : 471859200,
            "99.900000" : 843055104,
            "99.950000" : 935329792,
            "99.990000" : 1082130432
          }
        },
        "lat_ns" : {
          "min" : 4519461,
          "max" : 1624533750,
          "mean" : 27702647.751040,
          "stddev" : 61581924.193821,
          "N" : 132740,
          "percentile" : {
            "1.000000" : 5537792,
            "5.000000" : 6651904,
            "10.000000" : 12386304,
            "20.000000" : 15794176,
            "30.000000" : 17170432,
            "40.000000" : 17956864,
            "50.000000" : 18743296,
            "60.000000" : 19529728,
            "70.000000" : 20316160,
            "80.000000" : 21102592,
            "90.000000" : 22937600,
            "95.000000" : 47972352,
            "99.000000" : 371195904,
            "99.500000" : 471859200,
            "99.900000" : 843055104,
            "99.950000" : 935329792,
            "99.990000" : 1082130432
          }
        },
        "bw_min" : 540672,
        "bw_max" : 21321714,
        "bw_agg" : 100.000000,
        "bw_mean" : 9331687.303562,
        "bw_dev" : 82045.619949,
        "bw_samples" : 7393,
        "iops_min" : 132,
        "iops_max" : 5203,
        "iops_mean" : 2277.576640,
        "iops_stddev" : 20.025832,
        "iops_samples" : 7393
      },
      "trim" : {
        "io_bytes" : 0,
        "io_kbytes" : 0,
        "bw_bytes" : 0,
        "bw" : 0,
        "iops" : 0.000000,
        "runtime" : 0,
        "total_ios" : 0,
        "short_ios" : 0,
        "drop_ios" : 0,
        "slat_ns" : {
          "min" : 0,
          "max" : 0,
          "mean" : 0.000000,
          "stddev" : 0.000000,
          "N" : 0
        },
        "clat_ns" : {
          "min" : 0,
          "max" : 0,
          "mean" : 0.000000,
          "stddev" : 0.000000,
          "N" : 0
        },
        "lat_ns" : {
          "min" : 0,
          "max" : 0,
          "mean" : 0.000000,
          "stddev" : 0.000000,
          "N" : 0
        },
        "bw_min" : 0,
        "bw_max" : 0,
        "bw_agg" : 0.000000,
        "bw_mean" : 0.000000,
        "bw_dev" : 0.000000,
        "bw_samples" : 0,
        "iops_min" : 0,
        "iops_max" : 0,
        "iops_mean" : 0.000000,
        "iops_stddev" : 0.000000,
        "iops_samples" : 0
      },
      "sync" : {
        "total_ios" : 0,
        "lat_ns" : {
          "min" : 0,
          "max" : 0,
          "mean" : 0.000000,
          "stddev" : 0.000000,
          "N" : 0
        }
      },
      "job_runtime" : 3840620,
      "usr_cpu" : 3.992558,
      "sys_cpu" : 0.380277,
      "ctx" : 537425,
      "majf" : 0,
      "minf" : 939,
      "iodepth_level" : {
        "1" : 100.000000,
        "2" : 0.000000,
        "4" : 0.000000,
        "8" : 0.000000,
        "16" : 0.000000,
        "32" : 0.000000,
        ">=64" : 0.000000
      },
      "iodepth_submit" : {
        "0" : 0.000000,
        "4" : 100.000000,
        "8" : 0.000000,
        "16" : 0.000000,
        "32" : 0.000000,
        "64" : 0.000000,
        ">=64" : 0.000000
      },
      "iodepth_complete" : {
        "0" : 0.000000,
        "4" : 100.000000,
        "8" : 0.000000,
        "16" : 0.000000,
        "32" : 0.000000,
        "64" : 0.000000,
        ">=64" : 0.000000
      },
      "latency_ns" : {
        "2" : 0.000000,
        "4" : 0.000000,
        "10" : 0.000000,
        "20" : 0.000000,
        "50" : 0.000000,
        "100" : 0.000000,
        "250" : 0.000000,
        "500" : 0.000000,
        "750" : 0.000000,
        "1000" : 0.000000
      },
      "latency_us" : {
        "2" : 0.000000,
        "4" : 0.000000,
        "10" : 0.000000,
        "20" : 0.000000,
        "50" : 0.000000,
        "100" : 0.000000,
        "250" : 0.000000,
        "500" : 0.000000,
        "750" : 0.000000,
        "1000" : 0.000000
      },
      "latency_ms" : {
        "2" : 0.000000,
        "4" : 0.000000,
        "10" : 7.591532,
        "20" : 58.691427,
        "50" : 28.833057,
        "100" : 1.816333,
        "250" : 1.526292,
        "500" : 1.207624,
        "750" : 0.182311,
        "1000" : 0.122796,
        "2000" : 0.028627,
        ">=2000" : 0.000000
      },
      "latency_depth" : 1,
      "latency_target" : 0,
      "latency_percentile" : 100.000000,
      "latency_window" : 0
    }
  ]
}
