{
  "fio version" : "fio-3.23",
  "timestamp" : 1756997681,
  "timestamp_ms" : 1756997681965,
  "time" : "Thu Sep  4 14:54:41 2025",
  "jobs" : [
    {
      "jobname" : "RandRH-2M-32-32",
      "groupid" : 0,
      "error" : 0,
      "eta" : 0,
      "elapsed" : 61,
      "job options" : {
        "name" : "RandRH-2M-32-32",
        "numjobs" : "32",
        "runtime" : "60",
        "directory" : "/tmp/e2sar/rgeorge-fio_test-p2r_RandRH-2M-32-32",
        "direct" : "1",
        "buffered" : "0",
        "rw" : "randrw",
        "rwmixread" : "80",
        "unified_rw_reporting" : "1",
        "randrepeat" : "0",
        "bs" : "2M",
        "size" : "128M",
        "ioengine" : "pvsync",
        "iodepth" : "32",
        "lat_percentiles" : "1"
      },
      "mixed" : {
        "io_bytes" : 181787426816,
        "io_kbytes" : 177526784,
        "bw_bytes" : 3028024099,
        "bw" : 2957054,
        "iops" : 1443.874407,
        "runtime" : 60035,
        "total_ios" : 86683,
        "short_ios" : 0,
        "drop_ios" : 0,
        "slat_ns" : {
          "min" : 0,
          "max" : 0,
          "mean" : 0.000000,
          "stddev" : 0.000000,
          "N" : 0
        },
        "clat_ns" : {
          "min" : 1200389,
          "max" : 1390632341,
          "mean" : 22045693.108868,
          "stddev" : 18298520.948259,
          "N" : 86683,
          "percentile" : {
            "1.000000" : 9895936,
            "5.000000" : 14614528,
            "10.000000" : 16711680,
            "20.000000" : 18743296,
            "30.000000" : 19529728,
            "40.000000" : 20316160,
            "50.000000" : 20840448,
            "60.000000" : 21364736,
            "70.000000" : 21889024,
            "80.000000" : 22413312,
            "90.000000" : 23199744,
            "95.000000" : 23986176,
            "99.000000" : 84410368,
            "99.500000" : 131596288,
            "99.900000" : 242221056,
            "99.950000" : 283115520,
            "99.990000" : 641728512
          }
        },
        "lat_ns" : {
          "min" : 1200422,
          "max" : 1390632435,
          "mean" : 22045793.830924,
          "stddev" : 18298527.649427,
          "N" : 86683,
          "percentile" : {
            "1.000000" : 9895936,
            "5.000000" : 14614528,
            "10.000000" : 16711680,
            "20.000000" : 18743296,
            "30.000000" : 19529728,
            "40.000000" : 20316160,
            "50.000000" : 20840448,
            "60.000000" : 21364736,
            "70.000000" : 21889024,
            "80.000000" : 22413312,
            "90.000000" : 23199744,
            "95.000000" : 23986176,
            "99.000000" : 84410368,
            "99.500000" : 131596288,
            "99.900000" : 242221056,
            "99.950000" : 283115520,
            "99.990000" : 641728512
          }
        },
        "bw_min" : 528384,
        "bw_max" : 5160960,
        "bw_agg" : 100.000000,
        "bw_mean" : 2979486.643178,
        "bw_dev" : 13589.979483,
        "bw_samples" : 7514,
        "iops_min" : 258,
        "iops_max" : 2520,
        "iops_mean" : 1454.794734,
        "iops_stddev" : 6.636021,
        "iops_samples" : 7514
      },
      "job_runtime" : 1920215,
      "usr_cpu" : 0.392873,
      "sys_cpu" : 0.110300,
      "ctx" : 173600,
      "majf" : 0,
      "minf" : 563,
      "iodepth_level" : {
        "1" : 100.000000,
        "2" : 0.000000,
        "4" : 0.000000,
        "8" : 0.000000,
        "16" : 0.000000,
        "32" : 0.000000,
        ">=64" : 0.000000
      },
      "iodepth_submit" : {
        "0" : 0.000000,
        "4" : 100.000000,
        "8" : 0.000000,
        "16" : 0.000000,
        "32" : 0.000000,
        "64" : 0.000000,
        ">=64" : 0.000000
      },
      "iodepth_complete" : {
        "0" : 0.000000,
        "4" : 100.000000,
        "8" : 0.000000,
        "16" : 0.000000,
        "32" : 0.000000,
        "64" : 0.000000,
        ">=64" : 0.000000
      },
      "latency_ns" : {
        "2" : 0.000000,
        "4" : 0.000000,
        "10" : 0.000000,
        "20" : 0.000000,
        "50" : 0.000000,
        "100" : 0.000000,
        "250" : 0.000000,
        "500" : 0.000000,
        "750" : 0.000000,
        "1000" : 0.000000
      },
      "latency_us" : {
        "2" : 0.000000,
        "4" : 0.000000,
        "10" : 0.000000,
        "20" : 0.000000,
        "50" : 0.000000,
        "100" : 0.000000,
        "250" : 0.000000,
        "500" : 0.000000,
        "750" : 0.000000,
        "1000" : 0.000000
      },
      "latency_ms" : {
        "2" : 0.071525,
        "4" : 0.259566,
        "10" : 0.679487,
        "20" : 34.320455,
        "50" : 62.970825,
        "100" : 0.929825,
        "250" : 0.674873,
        "500" : 0.078447,
        "750" : 0.010000,
        "1000" : 0.010000,
        "2000" : 0.010000,
        ">=2000" : 0.000000
      },
      "latency_depth" : 32,
      "latency_target" : 0,
      "latency_percentile" : 100.000000,
      "latency_window" : 0
    }
  ]
}
