{
  "fio version" : "fio-3.23",
  "timestamp" : 1756963668,
  "timestamp_ms" : 1756963668196,
  "time" : "Thu Sep  4 05:27:48 2025",
  "jobs" : [
    {
      "jobname" : "SeqWH-4K-16-32",
      "groupid" : 0,
      "error" : 0,
      "eta" : 0,
      "elapsed" : 61,
      "job options" : {
        "name" : "SeqWH-4K-16-32",
        "numjobs" : "16",
        "runtime" : "60",
        "directory" : "/tmp/e2sar/rgeorge-fio_test-p1s_SeqWH-4K-16-32",
        "direct" : "1",
        "buffered" : "0",
        "rw" : "rw",
        "rwmixread" : "20",
        "unified_rw_reporting" : "1",
        "randrepeat" : "0",
        "bs" : "4K",
        "size" : "128M",
        "ioengine" : "pvsync",
        "iodepth" : "32",
        "lat_percentiles" : "1"
      },
      "mixed" : {
        "io_bytes" : 13639368704,
        "io_kbytes" : 13319696,
        "bw_bytes" : 227319023,
        "bw" : 221991,
        "iops" : 55497.808370,
        "runtime" : 60001,
        "total_ios" : 3329924,
        "short_ios" : 0,
        "drop_ios" : 0,
        "slat_ns" : {
          "min" : 0,
          "max" : 0,
          "mean" : 0.000000,
          "stddev" : 0.000000,
          "N" : 0
        },
        "clat_ns" : {
          "min" : 118152,
          "max" : 1180035207,
          "mean" : 286962.986982,
          "stddev" : 1432023.264299,
          "N" : 3329924,
          "percentile" : {
            "1.000000" : 148480,
            "5.000000" : 175104,
            "10.000000" : 197632,
            "20.000000" : 224256,
            "30.000000" : 236544,
            "40.000000" : 248832,
            "50.000000" : 259072,
            "60.000000" : 268288,
            "70.000000" : 284672,
            "80.000000" : 305152,
            "90.000000" : 350208,
            "95.000000" : 387072,
            "99.000000" : 444416,
            "99.500000" : 473088,
            "99.900000" : 1253376,
            "99.950000" : 8093696,
            "99.990000" : 61603840
          }
        },
        "lat_ns" : {
          "min" : 118186,
          "max" : 1180035622,
          "mean" : 287019.998501,
          "stddev" : 1432023.177131,
          "N" : 3329924,
          "percentile" : {
            "1.000000" : 148480,
            "5.000000" : 175104,
            "10.000000" : 197632,
            "20.000000" : 224256,
            "30.000000" : 236544,
            "40.000000" : 248832,
            "50.000000" : 259072,
            "60.000000" : 268288,
            "70.000000" : 284672,
            "80.000000" : 305152,
            "90.000000" : 350208,
            "95.000000" : 387072,
            "99.000000" : 444416,
            "99.500000" : 473088,
            "99.900000" : 1253376,
            "99.950000" : 8093696,
            "99.990000" : 61603840
          }
        },
        "bw_min" : 84384,
        "bw_max" : 259864,
        "bw_agg" : 100.000000,
        "bw_mean" : 222515.039580,
        "bw_dev" : 1103.375820,
        "bw_samples" : 3802,
        "iops_min" : 21096,
        "iops_max" : 64966,
        "iops_mean" : 55628.743088,
        "iops_stddev" : 275.843646,
        "iops_samples" : 3802
      },
      "job_runtime" : 960000,
      "usr_cpu" : 0.771563,
      "sys_cpu" : 1.712292,
      "ctx" : 3330056,
      "majf" : 0,
      "minf" : 332,
      "iodepth_level" : {
        "1" : 100.000000,
        "2" : 0.000000,
        "4" : 0.000000,
        "8" : 0.000000,
        "16" : 0.000000,
        "32" : 0.000000,
        ">=64" : 0.000000
      },
      "iodepth_submit" : {
        "0" : 0.000000,
        "4" : 100.000000,
        "8" : 0.000000,
        "16" : 0.000000,
        "32" : 0.000000,
        "64" : 0.000000,
        ">=64" : 0.000000
      },
      "iodepth_complete" : {
        "0" : 0.000000,
        "4" : 100.000000,
        "8" : 0.000000,
        "16" : 0.000000,
        "32" : 0.000000,
        "64" : 0.000000,
        ">=64" : 0.000000
      },
      "latency_ns" : {
        "2" : 0.000000,
        "4" : 0.000000,
        "10" : 0.000000,
        "20" : 0.000000,
        "50" : 0.000000,
        "100" : 0.000000,
        "250" : 0.000000,
        "500" : 0.000000,
        "750" : 0.000000,
        "1000" : 0.000000
      },
      "latency_us" : {
        "2" : 0.000000,
        "4" : 0.000000,
        "10" : 0.000000,
        "20" : 0.000000,
        "50" : 0.000000,
        "100" : 0.000000,
        "250" : 41.789422,
        "500" : 57.921112,
        "750" : 0.181386,
        "1000" : 0.010000
      },
      "latency_ms" : {
        "2" : 0.013514,
        "4" : 0.018799,
        "10" : 0.031022,
        "20" : 0.014415,
        "50" : 0.012883,
        "100" : 0.010000,
        "250" : 0.010000,
        "500" : 0.010000,
        "750" : 0.000000,
        "1000" : 0.010000,
        "2000" : 0.010000,
        ">=2000" : 0.000000
      },
      "latency_depth" : 32,
      "latency_target" : 0,
      "latency_percentile" : 100.000000,
      "latency_window" : 0
    }
  ]
}
