{
  "fio version" : "fio-3.23",
  "timestamp" : 1756959694,
  "timestamp_ms" : 1756959694156,
  "time" : "Thu Sep  4 04:21:34 2025",
  "jobs" : [
    {
      "jobname" : "SeqWH-16K-16-8",
      "groupid" : 0,
      "error" : 0,
      "eta" : 0,
      "elapsed" : 61,
      "job options" : {
        "name" : "SeqWH-16K-16-8",
        "numjobs" : "16",
        "runtime" : "60",
        "directory" : "/tmp/e2sar/rgeorge-fio_test-p1s_SeqWH-16K-16-8",
        "direct" : "1",
        "buffered" : "0",
        "rw" : "rw",
        "rwmixread" : "20",
        "unified_rw_reporting" : "1",
        "randrepeat" : "0",
        "bs" : "16K",
        "size" : "128M",
        "ioengine" : "pvsync",
        "iodepth" : "8",
        "lat_percentiles" : "1"
      },
      "mixed" : {
        "io_bytes" : 57385156608,
        "io_kbytes" : 56040192,
        "bw_bytes" : 956387397,
        "bw" : 933972,
        "iops" : 58373.254225,
        "runtime" : 60002,
        "total_ios" : 3502512,
        "short_ios" : 0,
        "drop_ios" : 0,
        "slat_ns" : {
          "min" : 0,
          "max" : 0,
          "mean" : 0.000000,
          "stddev" : 0.000000,
          "N" : 0
        },
        "clat_ns" : {
          "min" : 128416,
          "max" : 610457171,
          "mean" : 270837.623781,
          "stddev" : 1454737.265984,
          "N" : 3502512,
          "percentile" : {
            "1.000000" : 150528,
            "5.000000" : 162816,
            "10.000000" : 171008,
            "20.000000" : 183296,
            "30.000000" : 195584,
            "40.000000" : 205824,
            "50.000000" : 218112,
            "60.000000" : 232448,
            "70.000000" : 250880,
            "80.000000" : 284672,
            "90.000000" : 370688,
            "95.000000" : 444416,
            "99.000000" : 552960,
            "99.500000" : 585728,
            "99.900000" : 2179072,
            "99.950000" : 10158080,
            "99.990000" : 73924608
          }
        },
        "lat_ns" : {
          "min" : 128451,
          "max" : 610457517,
          "mean" : 270892.117420,
          "stddev" : 1454737.105049,
          "N" : 3502512,
          "percentile" : {
            "1.000000" : 150528,
            "5.000000" : 162816,
            "10.000000" : 171008,
            "20.000000" : 183296,
            "30.000000" : 195584,
            "40.000000" : 205824,
            "50.000000" : 218112,
            "60.000000" : 232448,
            "70.000000" : 250880,
            "80.000000" : 284672,
            "90.000000" : 370688,
            "95.000000" : 444416,
            "99.000000" : 552960,
            "99.500000" : 585728,
            "99.900000" : 2179072,
            "99.950000" : 10158080,
            "99.990000" : 73924608
          }
        },
        "bw_min" : 157184,
        "bw_max" : 1155648,
        "bw_agg" : 100.000000,
        "bw_mean" : 934477.983193,
        "bw_dev" : 7585.007483,
        "bw_samples" : 3808,
        "iops_min" : 9824,
        "iops_max" : 72228,
        "iops_mean" : 58404.857143,
        "iops_stddev" : 474.062907,
        "iops_samples" : 3808
      },
      "job_runtime" : 960002,
      "usr_cpu" : 1.456768,
      "sys_cpu" : 1.563434,
      "ctx" : 3502635,
      "majf" : 0,
      "minf" : 319,
      "iodepth_level" : {
        "1" : 100.000000,
        "2" : 0.000000,
        "4" : 0.000000,
        "8" : 0.000000,
        "16" : 0.000000,
        "32" : 0.000000,
        ">=64" : 0.000000
      },
      "iodepth_submit" : {
        "0" : 0.000000,
        "4" : 100.000000,
        "8" : 0.000000,
        "16" : 0.000000,
        "32" : 0.000000,
        "64" : 0.000000,
        ">=64" : 0.000000
      },
      "iodepth_complete" : {
        "0" : 0.000000,
        "4" : 100.000000,
        "8" : 0.000000,
        "16" : 0.000000,
        "32" : 0.000000,
        "64" : 0.000000,
        ">=64" : 0.000000
      },
      "latency_ns" : {
        "2" : 0.000000,
        "4" : 0.000000,
        "10" : 0.000000,
        "20" : 0.000000,
        "50" : 0.000000,
        "100" : 0.000000,
        "250" : 0.000000,
        "500" : 0.000000,
        "750" : 0.000000,
        "1000" : 0.000000
      },
      "latency_us" : {
        "2" : 0.000000,
        "4" : 0.000000,
        "10" : 0.000000,
        "20" : 0.000000,
        "50" : 0.000000,
        "100" : 0.000000,
        "250" : 69.676621,
        "500" : 28.014122,
        "750" : 2.158594,
        "1000" : 0.024954
      },
      "latency_ms" : {
        "2" : 0.018958,
        "4" : 0.022784,
        "10" : 0.033633,
        "20" : 0.017987,
        "50" : 0.015446,
        "100" : 0.013704,
        "250" : 0.010000,
        "500" : 0.010000,
        "750" : 0.010000,
        "1000" : 0.000000,
        "2000" : 0.000000,
        ">=2000" : 0.000000
      },
      "latency_depth" : 8,
      "latency_target" : 0,
      "latency_percentile" : 100.000000,
      "latency_window" : 0
    }
  ]
}
