{
  "fio version" : "fio-3.23",
  "timestamp" : 1756943233,
  "timestamp_ms" : 1756943233416,
  "time" : "Wed Sep  3 23:47:13 2025",
  "jobs" : [
    {
      "jobname" : "RandBal-4K-16-16",
      "groupid" : 0,
      "error" : 0,
      "eta" : 0,
      "elapsed" : 61,
      "job options" : {
        "name" : "RandBal-4K-16-16",
        "numjobs" : "16",
        "runtime" : "60",
        "directory" : "/tmp/e2sar/rgeorge-fio_test-p1r1_RandBal-4K-16-16",
        "direct" : "1",
        "buffered" : "0",
        "rw" : "randrw",
        "unified_rw_reporting" : "1",
        "randrepeat" : "0",
        "bs" : "4K",
        "size" : "128M",
        "ioengine" : "pvsync",
        "iodepth" : "16",
        "lat_percentiles" : "1"
      },
      "mixed" : {
        "io_bytes" : 10939604992,
        "io_kbytes" : 10683208,
        "bw_bytes" : 182314595,
        "bw" : 178041,
        "iops" : 44510.399307,
        "runtime" : 60004,
        "total_ios" : 2670802,
        "short_ios" : 0,
        "drop_ios" : 0,
        "slat_ns" : {
          "min" : 0,
          "max" : 0,
          "mean" : 0.000000,
          "stddev" : 0.000000,
          "N" : 0
        },
        "clat_ns" : {
          "min" : 139925,
          "max" : 697788787,
          "mean" : 358259.083887,
          "stddev" : 1868862.306359,
          "N" : 2670802,
          "percentile" : {
            "1.000000" : 211968,
            "5.000000" : 232448,
            "10.000000" : 248832,
            "20.000000" : 268288,
            "30.000000" : 284672,
            "40.000000" : 296960,
            "50.000000" : 309248,
            "60.000000" : 321536,
            "70.000000" : 333824,
            "80.000000" : 346112,
            "90.000000" : 374784,
            "95.000000" : 403456,
            "99.000000" : 485376,
            "99.500000" : 528384,
            "99.900000" : 11730944,
            "99.950000" : 24248320,
            "99.990000" : 83361792
          }
        },
        "lat_ns" : {
          "min" : 139965,
          "max" : 697788829,
          "mean" : 358307.197652,
          "stddev" : 1868862.535658,
          "N" : 2670802,
          "percentile" : {
            "1.000000" : 211968,
            "5.000000" : 232448,
            "10.000000" : 248832,
            "20.000000" : 268288,
            "30.000000" : 284672,
            "40.000000" : 296960,
            "50.000000" : 309248,
            "60.000000" : 321536,
            "70.000000" : 333824,
            "80.000000" : 346112,
            "90.000000" : 374784,
            "95.000000" : 403456,
            "99.000000" : 485376,
            "99.500000" : 528384,
            "99.900000" : 11730944,
            "99.950000" : 24248320,
            "99.990000" : 83361792
          }
        },
        "bw_min" : 11496,
        "bw_max" : 218520,
        "bw_agg" : 100.000000,
        "bw_mean" : 178069.126050,
        "bw_dev" : 1516.800094,
        "bw_samples" : 3808,
        "iops_min" : 2874,
        "iops_max" : 54630,
        "iops_mean" : 44517.243697,
        "iops_stddev" : 379.199591,
        "iops_samples" : 3808
      },
      "job_runtime" : 960007,
      "usr_cpu" : 0.509684,
      "sys_cpu" : 1.400927,
      "ctx" : 2670922,
      "majf" : 0,
      "minf" : 321,
      "iodepth_level" : {
        "1" : 100.000000,
        "2" : 0.000000,
        "4" : 0.000000,
        "8" : 0.000000,
        "16" : 0.000000,
        "32" : 0.000000,
        ">=64" : 0.000000
      },
      "iodepth_submit" : {
        "0" : 0.000000,
        "4" : 100.000000,
        "8" : 0.000000,
        "16" : 0.000000,
        "32" : 0.000000,
        "64" : 0.000000,
        ">=64" : 0.000000
      },
      "iodepth_complete" : {
        "0" : 0.000000,
        "4" : 100.000000,
        "8" : 0.000000,
        "16" : 0.000000,
        "32" : 0.000000,
        "64" : 0.000000,
        ">=64" : 0.000000
      },
      "latency_ns" : {
        "2" : 0.000000,
        "4" : 0.000000,
        "10" : 0.000000,
        "20" : 0.000000,
        "50" : 0.000000,
        "100" : 0.000000,
        "250" : 0.000000,
        "500" : 0.000000,
        "750" : 0.000000,
        "1000" : 0.000000
      },
      "latency_us" : {
        "2" : 0.000000,
        "4" : 0.000000,
        "10" : 0.000000,
        "20" : 0.000000,
        "50" : 0.000000,
        "100" : 0.000000,
        "250" : 10.780732,
        "500" : 88.493232,
        "750" : 0.453197,
        "1000" : 0.015464
      },
      "latency_ms" : {
        "2" : 0.028606,
        "4" : 0.038865,
        "10" : 0.078254,
        "20" : 0.051595,
        "50" : 0.034634,
        "100" : 0.020930,
        "250" : 0.010000,
        "500" : 0.010000,
        "750" : 0.010000,
        "1000" : 0.000000,
        "2000" : 0.000000,
        ">=2000" : 0.000000
      },
      "latency_depth" : 16,
      "latency_target" : 0,
      "latency_percentile" : 100.000000,
      "latency_window" : 0
    }
  ]
}
