{
  "fio version" : "fio-3.23",
  "timestamp" : 1756990494,
  "timestamp_ms" : 1756990494331,
  "time" : "Thu Sep  4 12:54:54 2025",
  "jobs" : [
    {
      "jobname" : "RandRH-1M-32-8",
      "groupid" : 0,
      "error" : 0,
      "eta" : 0,
      "elapsed" : 61,
      "job options" : {
        "name" : "RandRH-1M-32-8",
        "numjobs" : "32",
        "runtime" : "60",
        "directory" : "/tmp/e2sar/rgeorge-fio_test-p2r_RandRH-1M-32-8",
        "direct" : "1",
        "buffered" : "0",
        "rw" : "randrw",
        "rwmixread" : "80",
        "unified_rw_reporting" : "1",
        "randrepeat" : "0",
        "bs" : "1M",
        "size" : "128M",
        "ioengine" : "pvsync",
        "iodepth" : "8",
        "lat_percentiles" : "1"
      },
      "mixed" : {
        "io_bytes" : 208528211968,
        "io_kbytes" : 203640832,
        "bw_bytes" : 3474948957,
        "bw" : 3393504,
        "iops" : 3313.969571,
        "runtime" : 60009,
        "total_ios" : 198868,
        "short_ios" : 0,
        "drop_ios" : 0,
        "slat_ns" : {
          "min" : 0,
          "max" : 0,
          "mean" : 0.000000,
          "stddev" : 0.000000,
          "N" : 0
        },
        "clat_ns" : {
          "min" : 577548,
          "max" : 456265209,
          "mean" : 9599466.086233,
          "stddev" : 9130146.825049,
          "N" : 198868,
          "percentile" : {
            "1.000000" : 1073152,
            "5.000000" : 5406720,
            "10.000000" : 7045120,
            "20.000000" : 7831552,
            "30.000000" : 8224768,
            "40.000000" : 8454144,
            "50.000000" : 8847360,
            "60.000000" : 9109504,
            "70.000000" : 9371648,
            "80.000000" : 9764864,
            "90.000000" : 10289152,
            "95.000000" : 10944512,
            "99.000000" : 51118080,
            "99.500000" : 71827456,
            "99.900000" : 112721920,
            "99.950000" : 160432128,
            "99.990000" : 258998272
          }
        },
        "lat_ns" : {
          "min" : 577580,
          "max" : 456265281,
          "mean" : 9599524.503364,
          "stddev" : 9130150.458874,
          "N" : 198868,
          "percentile" : {
            "1.000000" : 1073152,
            "5.000000" : 5406720,
            "10.000000" : 7045120,
            "20.000000" : 7831552,
            "30.000000" : 8224768,
            "40.000000" : 8454144,
            "50.000000" : 8847360,
            "60.000000" : 9109504,
            "70.000000" : 9371648,
            "80.000000" : 9764864,
            "90.000000" : 10289152,
            "95.000000" : 10944512,
            "99.000000" : 51118080,
            "99.500000" : 71827456,
            "99.900000" : 112721920,
            "99.950000" : 160432128,
            "99.990000" : 258998272
          }
        },
        "bw_min" : 811008,
        "bw_max" : 4720640,
        "bw_agg" : 100.000000,
        "bw_mean" : 3394660.343541,
        "bw_dev" : 13248.679076,
        "bw_samples" : 7614,
        "iops_min" : 792,
        "iops_max" : 4610,
        "iops_mean" : 3315.097992,
        "iops_stddev" : 12.938163,
        "iops_samples" : 7614
      },
      "job_runtime" : 1920081,
      "usr_cpu" : 0.478678,
      "sys_cpu" : 0.181763,
      "ctx" : 199097,
      "majf" : 0,
      "minf" : 543,
      "iodepth_level" : {
        "1" : 100.000000,
        "2" : 0.000000,
        "4" : 0.000000,
        "8" : 0.000000,
        "16" : 0.000000,
        "32" : 0.000000,
        ">=64" : 0.000000
      },
      "iodepth_submit" : {
        "0" : 0.000000,
        "4" : 100.000000,
        "8" : 0.000000,
        "16" : 0.000000,
        "32" : 0.000000,
        "64" : 0.000000,
        ">=64" : 0.000000
      },
      "iodepth_complete" : {
        "0" : 0.000000,
        "4" : 100.000000,
        "8" : 0.000000,
        "16" : 0.000000,
        "32" : 0.000000,
        "64" : 0.000000,
        ">=64" : 0.000000
      },
      "latency_ns" : {
        "2" : 0.000000,
        "4" : 0.000000,
        "10" : 0.000000,
        "20" : 0.000000,
        "50" : 0.000000,
        "100" : 0.000000,
        "250" : 0.000000,
        "500" : 0.000000,
        "750" : 0.000000,
        "1000" : 0.000000
      },
      "latency_us" : {
        "2" : 0.000000,
        "4" : 0.000000,
        "10" : 0.000000,
        "20" : 0.000000,
        "50" : 0.000000,
        "100" : 0.000000,
        "250" : 0.000000,
        "500" : 0.000000,
        "750" : 0.089004,
        "1000" : 0.647666
      },
      "latency_ms" : {
        "2" : 1.894221,
        "4" : 1.188225,
        "10" : 81.787920,
        "20" : 12.188990,
        "50" : 1.160569,
        "100" : 0.911157,
        "250" : 0.118169,
        "500" : 0.014080,
        "750" : 0.000000,
        "1000" : 0.000000,
        "2000" : 0.000000,
        ">=2000" : 0.000000
      },
      "latency_depth" : 8,
      "latency_target" : 0,
      "latency_percentile" : 100.000000,
      "latency_window" : 0
    }
  ]
}
