{
  "fio version" : "fio-3.23",
  "timestamp" : 1757450279,
  "timestamp_ms" : 1757450279965,
  "time" : "Tue Sep  9 20:37:59 2025",
  "jobs" : [
    {
      "jobname" : "SeqBal-1M-128-64",
      "groupid" : 0,
      "error" : 0,
      "eta" : 0,
      "elapsed" : 62,
      "job options" : {
        "name" : "SeqBal-1M-128-64",
        "rw" : "rw",
        "unified_rw_reporting" : "1",
        "bs" : "1M",
        "numjobs" : "128",
        "iodepth" : "64",
        "runtime" : "60",
        "directory" : "/tmp/e2sar/rgeorge-fio_test-m_SeqBal-1M-128-64",
        "direct" : "1",
        "buffered" : "0",
        "randrepeat" : "0",
        "size" : "128M",
        "ioengine" : "pvsync",
        "lat_percentiles" : "1"
      },
      "mixed" : {
        "io_bytes" : 222086299648,
        "io_kbytes" : 216881152,
        "bw_bytes" : 3698048449,
        "bw" : 3611375,
        "iops" : 3526.733827,
        "runtime" : 60055,
        "total_ios" : 211798,
        "short_ios" : 0,
        "drop_ios" : 0,
        "slat_ns" : {
          "min" : 0,
          "max" : 0,
          "mean" : 0.000000,
          "stddev" : 0.000000,
          "N" : 0
        },
        "clat_ns" : {
          "min" : 843152,
          "max" : 540329072,
          "mean" : 35993208.851141,
          "stddev" : 13418653.876248,
          "N" : 211798,
          "percentile" : {
            "1.000000" : 24772608,
            "5.000000" : 29229056,
            "10.000000" : 30539776,
            "20.000000" : 32112640,
            "30.000000" : 33161216,
            "40.000000" : 33816576,
            "50.000000" : 34865152,
            "60.000000" : 35389440,
            "70.000000" : 36438016,
            "80.000000" : 37486592,
            "90.000000" : 38535168,
            "95.000000" : 40108032,
            "99.000000" : 102236160,
            "99.500000" : 141557760,
            "99.900000" : 206569472,
            "99.950000" : 221249536,
            "99.990000" : 267386880
          }
        },
        "lat_ns" : {
          "min" : 843223,
          "max" : 540329108,
          "mean" : 35993329.663783,
          "stddev" : 13418659.990868,
          "N" : 211798,
          "percentile" : {
            "1.000000" : 24772608,
            "5.000000" : 29229056,
            "10.000000" : 30539776,
            "20.000000" : 32112640,
            "30.000000" : 33161216,
            "40.000000" : 33816576,
            "50.000000" : 34865152,
            "60.000000" : 35389440,
            "70.000000" : 36438016,
            "80.000000" : 37486592,
            "90.000000" : 38535168,
            "95.000000" : 40108032,
            "99.000000" : 102236160,
            "99.500000" : 141557760,
            "99.900000" : 206569472,
            "99.950000" : 221249536,
            "99.990000" : 267386880
          }
        },
        "bw_min" : 960503,
        "bw_max" : 7077584,
        "bw_agg" : 100.000000,
        "bw_mean" : 3620299.753869,
        "bw_dev" : 4292.116040,
        "bw_samples" : 30428,
        "iops_min" : 937,
        "iops_max" : 6908,
        "iops_mean" : 3535.335943,
        "iops_stddev" : 4.191018,
        "iops_samples" : 30428
      },
      "job_runtime" : 7681361,
      "usr_cpu" : 0.332780,
      "sys_cpu" : 0.035892,
      "ctx" : 213177,
      "majf" : 0,
      "minf" : 2124,
      "iodepth_level" : {
        "1" : 100.000000,
        "2" : 0.000000,
        "4" : 0.000000,
        "8" : 0.000000,
        "16" : 0.000000,
        "32" : 0.000000,
        ">=64" : 0.000000
      },
      "iodepth_submit" : {
        "0" : 0.000000,
        "4" : 100.000000,
        "8" : 0.000000,
        "16" : 0.000000,
        "32" : 0.000000,
        "64" : 0.000000,
        ">=64" : 0.000000
      },
      "iodepth_complete" : {
        "0" : 0.000000,
        "4" : 100.000000,
        "8" : 0.000000,
        "16" : 0.000000,
        "32" : 0.000000,
        "64" : 0.000000,
        ">=64" : 0.000000
      },
      "latency_ns" : {
        "2" : 0.000000,
        "4" : 0.000000,
        "10" : 0.000000,
        "20" : 0.000000,
        "50" : 0.000000,
        "100" : 0.000000,
        "250" : 0.000000,
        "500" : 0.000000,
        "750" : 0.000000,
        "1000" : 0.000000
      },
      "latency_us" : {
        "2" : 0.000000,
        "4" : 0.000000,
        "10" : 0.000000,
        "20" : 0.000000,
        "50" : 0.000000,
        "100" : 0.000000,
        "250" : 0.000000,
        "500" : 0.000000,
        "750" : 0.000000,
        "1000" : 0.010000
      },
      "latency_ms" : {
        "2" : 0.039660,
        "4" : 0.063740,
        "10" : 0.234658,
        "20" : 0.265819,
        "50" : 97.553329,
        "100" : 0.794153,
        "250" : 1.032588,
        "500" : 0.012276,
        "750" : 0.010000,
        "1000" : 0.000000,
        "2000" : 0.000000,
        ">=2000" : 0.000000
      },
      "latency_depth" : 64,
      "latency_target" : 0,
      "latency_percentile" : 100.000000,
      "latency_window" : 0
    }
  ]
}
