{
  "fio version" : "fio-3.23",
  "timestamp" : 1756946817,
  "timestamp_ms" : 1756946817199,
  "time" : "Thu Sep  4 00:46:57 2025",
  "jobs" : [
    {
      "jobname" : "RandW-16K-16-32",
      "groupid" : 0,
      "error" : 0,
      "eta" : 0,
      "elapsed" : 61,
      "job options" : {
        "name" : "RandW-16K-16-32",
        "numjobs" : "16",
        "runtime" : "60",
        "directory" : "/tmp/e2sar/rgeorge-fio_test-p1r2_RandW-16K-16-32",
        "direct" : "1",
        "buffered" : "0",
        "rw" : "randwrite",
        "unified_rw_reporting" : "0",
        "randrepeat" : "0",
        "bs" : "16K",
        "size" : "128M",
        "ioengine" : "pvsync",
        "iodepth" : "32",
        "lat_percentiles" : "1"
      },
      "read" : {
        "io_bytes" : 0,
        "io_kbytes" : 0,
        "bw_bytes" : 0,
        "bw" : 0,
        "iops" : 0.000000,
        "runtime" : 0,
        "total_ios" : 0,
        "short_ios" : 0,
        "drop_ios" : 0,
        "slat_ns" : {
          "min" : 0,
          "max" : 0,
          "mean" : 0.000000,
          "stddev" : 0.000000,
          "N" : 0
        },
        "clat_ns" : {
          "min" : 0,
          "max" : 0,
          "mean" : 0.000000,
          "stddev" : 0.000000,
          "N" : 0
        },
        "lat_ns" : {
          "min" : 0,
          "max" : 0,
          "mean" : 0.000000,
          "stddev" : 0.000000,
          "N" : 0
        },
        "bw_min" : 0,
        "bw_max" : 0,
        "bw_agg" : 0.000000,
        "bw_mean" : 0.000000,
        "bw_dev" : 0.000000,
        "bw_samples" : 0,
        "iops_min" : 0,
        "iops_max" : 0,
        "iops_mean" : 0.000000,
        "iops_stddev" : 0.000000,
        "iops_samples" : 0
      },
      "write" : {
        "io_bytes" : 54600253440,
        "io_kbytes" : 53320560,
        "bw_bytes" : 909989057,
        "bw" : 888661,
        "iops" : 55541.324311,
        "runtime" : 60001,
        "total_ios" : 3332535,
        "short_ios" : 0,
        "drop_ios" : 0,
        "slat_ns" : {
          "min" : 0,
          "max" : 0,
          "mean" : 0.000000,
          "stddev" : 0.000000,
          "N" : 0
        },
        "clat_ns" : {
          "min" : 146823,
          "max" : 755244959,
          "mean" : 284053.502394,
          "stddev" : 1699130.325035,
          "N" : 3332535,
          "percentile" : {
            "1.000000" : 193536,
            "5.000000" : 207872,
            "10.000000" : 216064,
            "20.000000" : 224256,
            "30.000000" : 232448,
            "40.000000" : 240640,
            "50.000000" : 246784,
            "60.000000" : 252928,
            "70.000000" : 261120,
            "80.000000" : 272384,
            "90.000000" : 284672,
            "95.000000" : 301056,
            "99.000000" : 346112,
            "99.500000" : 399360,
            "99.900000" : 5537792,
            "99.950000" : 16908288,
            "99.990000" : 77070336
          }
        },
        "lat_ns" : {
          "min" : 146871,
          "max" : 755245007,
          "mean" : 284113.898652,
          "stddev" : 1699130.328899,
          "N" : 3332535,
          "percentile" : {
            "1.000000" : 193536,
            "5.000000" : 207872,
            "10.000000" : 216064,
            "20.000000" : 224256,
            "30.000000" : 232448,
            "40.000000" : 240640,
            "50.000000" : 246784,
            "60.000000" : 252928,
            "70.000000" : 261120,
            "80.000000" : 272384,
            "90.000000" : 284672,
            "95.000000" : 301056,
            "99.000000" : 346112,
            "99.500000" : 399360,
            "99.900000" : 5537792,
            "99.950000" : 16908288,
            "99.990000" : 77070336
          }
        },
        "bw_min" : 31136,
        "bw_max" : 1038048,
        "bw_agg" : 100.000000,
        "bw_mean" : 889150.386555,
        "bw_dev" : 16028.267477,
        "bw_samples" : 1904,
        "iops_min" : 1946,
        "iops_max" : 64878,
        "iops_mean" : 55571.899160,
        "iops_stddev" : 1001.766717,
        "iops_samples" : 1904
      },
      "trim" : {
        "io_bytes" : 0,
        "io_kbytes" : 0,
        "bw_bytes" : 0,
        "bw" : 0,
        "iops" : 0.000000,
        "runtime" : 0,
        "total_ios" : 0,
        "short_ios" : 0,
        "drop_ios" : 0,
        "slat_ns" : {
          "min" : 0,
          "max" : 0,
          "mean" : 0.000000,
          "stddev" : 0.000000,
          "N" : 0
        },
        "clat_ns" : {
          "min" : 0,
          "max" : 0,
          "mean" : 0.000000,
          "stddev" : 0.000000,
          "N" : 0
        },
        "lat_ns" : {
          "min" : 0,
          "max" : 0,
          "mean" : 0.000000,
          "stddev" : 0.000000,
          "N" : 0
        },
        "bw_min" : 0,
        "bw_max" : 0,
        "bw_agg" : 0.000000,
        "bw_mean" : 0.000000,
        "bw_dev" : 0.000000,
        "bw_samples" : 0,
        "iops_min" : 0,
        "iops_max" : 0,
        "iops_mean" : 0.000000,
        "iops_stddev" : 0.000000,
        "iops_samples" : 0
      },
      "sync" : {
        "total_ios" : 0,
        "lat_ns" : {
          "min" : 0,
          "max" : 0,
          "mean" : 0.000000,
          "stddev" : 0.000000,
          "N" : 0
        }
      },
      "job_runtime" : 960000,
      "usr_cpu" : 1.613125,
      "sys_cpu" : 1.541250,
      "ctx" : 3332660,
      "majf" : 0,
      "minf" : 195,
      "iodepth_level" : {
        "1" : 100.000000,
        "2" : 0.000000,
        "4" : 0.000000,
        "8" : 0.000000,
        "16" : 0.000000,
        "32" : 0.000000,
        ">=64" : 0.000000
      },
      "iodepth_submit" : {
        "0" : 0.000000,
        "4" : 100.000000,
        "8" : 0.000000,
        "16" : 0.000000,
        "32" : 0.000000,
        "64" : 0.000000,
        ">=64" : 0.000000
      },
      "iodepth_complete" : {
        "0" : 0.000000,
        "4" : 100.000000,
        "8" : 0.000000,
        "16" : 0.000000,
        "32" : 0.000000,
        "64" : 0.000000,
        ">=64" : 0.000000
      },
      "latency_ns" : {
        "2" : 0.000000,
        "4" : 0.000000,
        "10" : 0.000000,
        "20" : 0.000000,
        "50" : 0.000000,
        "100" : 0.000000,
        "250" : 0.000000,
        "500" : 0.000000,
        "750" : 0.000000,
        "1000" : 0.000000
      },
      "latency_us" : {
        "2" : 0.000000,
        "4" : 0.000000,
        "10" : 0.000000,
        "20" : 0.000000,
        "50" : 0.000000,
        "100" : 0.000000,
        "250" : 55.037381,
        "500" : 44.706987,
        "750" : 0.075828,
        "1000" : 0.011613
      },
      "latency_ms" : {
        "2" : 0.024726,
        "4" : 0.028507,
        "10" : 0.045521,
        "20" : 0.024876,
        "50" : 0.022475,
        "100" : 0.018484,
        "250" : 0.010000,
        "500" : 0.010000,
        "750" : 0.010000,
        "1000" : 0.010000,
        "2000" : 0.000000,
        ">=2000" : 0.000000
      },
      "latency_depth" : 32,
      "latency_target" : 0,
      "latency_percentile" : 100.000000,
      "latency_window" : 0
    }
  ]
}
