{
  "fio version" : "fio-3.23",
  "timestamp" : 1756947323,
  "timestamp_ms" : 1756947323428,
  "time" : "Thu Sep  4 00:55:23 2025",
  "jobs" : [
    {
      "jobname" : "RandRH-2M-16-32",
      "groupid" : 0,
      "error" : 0,
      "eta" : 0,
      "elapsed" : 61,
      "job options" : {
        "name" : "RandRH-2M-16-32",
        "numjobs" : "16",
        "runtime" : "60",
        "directory" : "/tmp/e2sar/rgeorge-fio_test-p1r2_RandRH-2M-16-32",
        "direct" : "1",
        "buffered" : "0",
        "rw" : "randrw",
        "rwmixread" : "80",
        "unified_rw_reporting" : "1",
        "randrepeat" : "0",
        "bs" : "2M",
        "size" : "128M",
        "ioengine" : "pvsync",
        "iodepth" : "32",
        "lat_percentiles" : "1"
      },
      "mixed" : {
        "io_bytes" : 211722174464,
        "io_kbytes" : 206759936,
        "bw_bytes" : 3528291273,
        "bw" : 3445596,
        "iops" : 1682.420384,
        "runtime" : 60007,
        "total_ios" : 100957,
        "short_ios" : 0,
        "drop_ios" : 0,
        "slat_ns" : {
          "min" : 0,
          "max" : 0,
          "mean" : 0.000000,
          "stddev" : 0.000000,
          "N" : 0
        },
        "clat_ns" : {
          "min" : 1324152,
          "max" : 372069024,
          "mean" : 9421784.967887,
          "stddev" : 8618795.758323,
          "N" : 100957,
          "percentile" : {
            "1.000000" : 4227072,
            "5.000000" : 6389760,
            "10.000000" : 7045120,
            "20.000000" : 7766016,
            "30.000000" : 8159232,
            "40.000000" : 8585216,
            "50.000000" : 8847360,
            "60.000000" : 9109504,
            "70.000000" : 9502720,
            "80.000000" : 9895936,
            "90.000000" : 10420224,
            "95.000000" : 11075584,
            "99.000000" : 25559040,
            "99.500000" : 48496640,
            "99.900000" : 149946368,
            "99.950000" : 206569472,
            "99.990000" : 274726912
          }
        },
        "lat_ns" : {
          "min" : 1324269,
          "max" : 372069302,
          "mean" : 9421842.505017,
          "stddev" : 8618801.798287,
          "N" : 100957,
          "percentile" : {
            "1.000000" : 4227072,
            "5.000000" : 6389760,
            "10.000000" : 7045120,
            "20.000000" : 7766016,
            "30.000000" : 8159232,
            "40.000000" : 8585216,
            "50.000000" : 8847360,
            "60.000000" : 9109504,
            "70.000000" : 9502720,
            "80.000000" : 9895936,
            "90.000000" : 10420224,
            "95.000000" : 11075584,
            "99.000000" : 25559040,
            "99.500000" : 48496640,
            "99.900000" : 149946368,
            "99.950000" : 206569472,
            "99.990000" : 274726912
          }
        },
        "bw_min" : 392432,
        "bw_max" : 4849506,
        "bw_agg" : 100.000000,
        "bw_mean" : 3447424.587808,
        "bw_dev" : 25675.519376,
        "bw_samples" : 3801,
        "iops_min" : 162,
        "iops_max" : 2350,
        "iops_mean" : 1659.203461,
        "iops_stddev" : 12.487188,
        "iops_samples" : 3801
      },
      "job_runtime" : 960034,
      "usr_cpu" : 0.908926,
      "sys_cpu" : 0.244575,
      "ctx" : 202026,
      "majf" : 0,
      "minf" : 261,
      "iodepth_level" : {
        "1" : 100.000000,
        "2" : 0.000000,
        "4" : 0.000000,
        "8" : 0.000000,
        "16" : 0.000000,
        "32" : 0.000000,
        ">=64" : 0.000000
      },
      "iodepth_submit" : {
        "0" : 0.000000,
        "4" : 100.000000,
        "8" : 0.000000,
        "16" : 0.000000,
        "32" : 0.000000,
        "64" : 0.000000,
        ">=64" : 0.000000
      },
      "iodepth_complete" : {
        "0" : 0.000000,
        "4" : 100.000000,
        "8" : 0.000000,
        "16" : 0.000000,
        "32" : 0.000000,
        "64" : 0.000000,
        ">=64" : 0.000000
      },
      "latency_ns" : {
        "2" : 0.000000,
        "4" : 0.000000,
        "10" : 0.000000,
        "20" : 0.000000,
        "50" : 0.000000,
        "100" : 0.000000,
        "250" : 0.000000,
        "500" : 0.000000,
        "750" : 0.000000,
        "1000" : 0.000000
      },
      "latency_us" : {
        "2" : 0.000000,
        "4" : 0.000000,
        "10" : 0.000000,
        "20" : 0.000000,
        "50" : 0.000000,
        "100" : 0.000000,
        "250" : 0.000000,
        "500" : 0.000000,
        "750" : 0.000000,
        "1000" : 0.000000
      },
      "latency_ms" : {
        "2" : 0.231782,
        "4" : 0.674545,
        "10" : 82.403399,
        "20" : 15.414483,
        "50" : 0.797369,
        "100" : 0.272393,
        "250" : 0.186218,
        "500" : 0.019810,
        "750" : 0.000000,
        "1000" : 0.000000,
        "2000" : 0.000000,
        ">=2000" : 0.000000
      },
      "latency_depth" : 32,
      "latency_target" : 0,
      "latency_percentile" : 100.000000,
      "latency_window" : 0
    }
  ]
}
