{
  "fio version" : "fio-3.23",
  "timestamp" : 1757206816,
  "timestamp_ms" : 1757206816418,
  "time" : "Sun Sep  7 01:00:16 2025",
  "jobs" : [
    {
      "jobname" : "SeqBal-1M-64-1",
      "groupid" : 0,
      "error" : 0,
      "eta" : 0,
      "elapsed" : 61,
      "job options" : {
        "name" : "SeqBal-1M-64-1",
        "numjobs" : "64",
        "runtime" : "60",
        "directory" : "/tmp/e2sar/rgeorge-fio_test-p3s_SeqBal-1M-64-1",
        "direct" : "1",
        "buffered" : "0",
        "rw" : "rw",
        "unified_rw_reporting" : "1",
        "randrepeat" : "0",
        "bs" : "1M",
        "size" : "128M",
        "ioengine" : "pvsync",
        "iodepth" : "1",
        "lat_percentiles" : "1"
      },
      "mixed" : {
        "io_bytes" : 179182764032,
        "io_kbytes" : 174983168,
        "bw_bytes" : 2985583245,
        "bw" : 2915608,
        "iops" : 2847.274060,
        "runtime" : 60016,
        "total_ios" : 170882,
        "short_ios" : 0,
        "drop_ios" : 0,
        "slat_ns" : {
          "min" : 0,
          "max" : 0,
          "mean" : 0.000000,
          "stddev" : 0.000000,
          "N" : 0
        },
        "clat_ns" : {
          "min" : 595924,
          "max" : 788737021,
          "mean" : 22304309.955695,
          "stddev" : 45343283.677065,
          "N" : 170882,
          "percentile" : {
            "1.000000" : 2998272,
            "5.000000" : 5013504,
            "10.000000" : 8159232,
            "20.000000" : 13828096,
            "30.000000" : 15400960,
            "40.000000" : 16318464,
            "50.000000" : 17170432,
            "60.000000" : 17956864,
            "70.000000" : 18481152,
            "80.000000" : 19529728,
            "90.000000" : 21102592,
            "95.000000" : 27131904,
            "99.000000" : 263192576,
            "99.500000" : 438304768,
            "99.900000" : 557842432,
            "99.950000" : 599785472,
            "99.990000" : 675282944
          }
        },
        "lat_ns" : {
          "min" : 595957,
          "max" : 788737270,
          "mean" : 22304413.411723,
          "stddev" : 45343293.141518,
          "N" : 170882,
          "percentile" : {
            "1.000000" : 2998272,
            "5.000000" : 5013504,
            "10.000000" : 8159232,
            "20.000000" : 13828096,
            "30.000000" : 15400960,
            "40.000000" : 16318464,
            "50.000000" : 17170432,
            "60.000000" : 17956864,
            "70.000000" : 18481152,
            "80.000000" : 19529728,
            "90.000000" : 21102592,
            "95.000000" : 27131904,
            "99.000000" : 263192576,
            "99.500000" : 438304768,
            "99.900000" : 557842432,
            "99.950000" : 599785472,
            "99.990000" : 675282944
          }
        },
        "bw_min" : 266240,
        "bw_max" : 7440384,
        "bw_agg" : 100.000000,
        "bw_mean" : 2988787.524668,
        "bw_dev" : 11276.305212,
        "bw_samples" : 14858,
        "iops_min" : 260,
        "iops_max" : 7266,
        "iops_mean" : 2918.689286,
        "iops_stddev" : 11.011831,
        "iops_samples" : 14858
      },
      "job_runtime" : 3840477,
      "usr_cpu" : 0.513947,
      "sys_cpu" : 0.077204,
      "ctx" : 171583,
      "majf" : 1,
      "minf" : 1318,
      "iodepth_level" : {
        "1" : 100.000000,
        "2" : 0.000000,
        "4" : 0.000000,
        "8" : 0.000000,
        "16" : 0.000000,
        "32" : 0.000000,
        ">=64" : 0.000000
      },
      "iodepth_submit" : {
        "0" : 0.000000,
        "4" : 100.000000,
        "8" : 0.000000,
        "16" : 0.000000,
        "32" : 0.000000,
        "64" : 0.000000,
        ">=64" : 0.000000
      },
      "iodepth_complete" : {
        "0" : 0.000000,
        "4" : 100.000000,
        "8" : 0.000000,
        "16" : 0.000000,
        "32" : 0.000000,
        "64" : 0.000000,
        ">=64" : 0.000000
      },
      "latency_ns" : {
        "2" : 0.000000,
        "4" : 0.000000,
        "10" : 0.000000,
        "20" : 0.000000,
        "50" : 0.000000,
        "100" : 0.000000,
        "250" : 0.000000,
        "500" : 0.000000,
        "750" : 0.000000,
        "1000" : 0.000000
      },
      "latency_us" : {
        "2" : 0.000000,
        "4" : 0.000000,
        "10" : 0.000000,
        "20" : 0.000000,
        "50" : 0.000000,
        "100" : 0.000000,
        "250" : 0.000000,
        "500" : 0.000000,
        "750" : 0.010000,
        "1000" : 0.012874
      },
      "latency_ms" : {
        "2" : 0.217694,
        "4" : 2.432673,
        "10" : 9.302326,
        "20" : 72.251612,
        "50" : 12.375206,
        "100" : 1.554289,
        "250" : 0.821620,
        "500" : 0.819864,
        "750" : 0.203064,
        "1000" : 0.010000,
        "2000" : 0.000000,
        ">=2000" : 0.000000
      },
      "latency_depth" : 1,
      "latency_target" : 0,
      "latency_percentile" : 100.000000,
      "latency_window" : 0
    }
  ]
}
