{
  "fio version" : "fio-3.23",
  "timestamp" : 1756995786,
  "timestamp_ms" : 1756995786599,
  "time" : "Thu Sep  4 14:23:06 2025",
  "jobs" : [
    {
      "jobname" : "RandBal-4K-32-32",
      "groupid" : 0,
      "error" : 0,
      "eta" : 0,
      "elapsed" : 61,
      "job options" : {
        "name" : "RandBal-4K-32-32",
        "numjobs" : "32",
        "runtime" : "60",
        "directory" : "/tmp/e2sar/rgeorge-fio_test-p2r_RandBal-4K-32-32",
        "direct" : "1",
        "buffered" : "0",
        "rw" : "randrw",
        "unified_rw_reporting" : "1",
        "randrepeat" : "0",
        "bs" : "4K",
        "size" : "128M",
        "ioengine" : "pvsync",
        "iodepth" : "32",
        "lat_percentiles" : "1"
      },
      "mixed" : {
        "io_bytes" : 12365197312,
        "io_kbytes" : 12075388,
        "bw_bytes" : 206079752,
        "bw" : 201249,
        "iops" : 50312.439585,
        "runtime" : 60002,
        "total_ios" : 3018847,
        "short_ios" : 0,
        "drop_ios" : 0,
        "slat_ns" : {
          "min" : 0,
          "max" : 0,
          "mean" : 0.000000,
          "stddev" : 0.000000,
          "N" : 0
        },
        "clat_ns" : {
          "min" : 151743,
          "max" : 999393798,
          "mean" : 633175.980791,
          "stddev" : 2673152.397189,
          "N" : 3018847,
          "percentile" : {
            "1.000000" : 250880,
            "5.000000" : 321536,
            "10.000000" : 382976,
            "20.000000" : 448512,
            "30.000000" : 489472,
            "40.000000" : 518144,
            "50.000000" : 552960,
            "60.000000" : 577536,
            "70.000000" : 610304,
            "80.000000" : 643072,
            "90.000000" : 692224,
            "95.000000" : 798720,
            "99.000000" : 1056768,
            "99.500000" : 1499136,
            "99.900000" : 22675456,
            "99.950000" : 34865152,
            "99.990000" : 90701824
          }
        },
        "lat_ns" : {
          "min" : 151785,
          "max" : 999393838,
          "mean" : 633252.972946,
          "stddev" : 2673151.876081,
          "N" : 3018847,
          "percentile" : {
            "1.000000" : 250880,
            "5.000000" : 321536,
            "10.000000" : 382976,
            "20.000000" : 448512,
            "30.000000" : 489472,
            "40.000000" : 518144,
            "50.000000" : 552960,
            "60.000000" : 577536,
            "70.000000" : 610304,
            "80.000000" : 643072,
            "90.000000" : 692224,
            "95.000000" : 798720,
            "99.000000" : 1056768,
            "99.500000" : 1499136,
            "99.900000" : 22675456,
            "99.950000" : 34865152,
            "99.990000" : 90701824
          }
        },
        "bw_min" : 31952,
        "bw_max" : 255448,
        "bw_agg" : 100.000000,
        "bw_mean" : 201773.562740,
        "bw_dev" : 616.520772,
        "bw_samples" : 7601,
        "iops_min" : 7988,
        "iops_max" : 63862,
        "iops_mean" : 50443.390685,
        "iops_stddev" : 154.130237,
        "iops_samples" : 7601
      },
      "job_runtime" : 1920003,
      "usr_cpu" : 0.400624,
      "sys_cpu" : 0.971405,
      "ctx" : 3019087,
      "majf" : 0,
      "minf" : 613,
      "iodepth_level" : {
        "1" : 100.000000,
        "2" : 0.000000,
        "4" : 0.000000,
        "8" : 0.000000,
        "16" : 0.000000,
        "32" : 0.000000,
        ">=64" : 0.000000
      },
      "iodepth_submit" : {
        "0" : 0.000000,
        "4" : 100.000000,
        "8" : 0.000000,
        "16" : 0.000000,
        "32" : 0.000000,
        "64" : 0.000000,
        ">=64" : 0.000000
      },
      "iodepth_complete" : {
        "0" : 0.000000,
        "4" : 100.000000,
        "8" : 0.000000,
        "16" : 0.000000,
        "32" : 0.000000,
        "64" : 0.000000,
        ">=64" : 0.000000
      },
      "latency_ns" : {
        "2" : 0.000000,
        "4" : 0.000000,
        "10" : 0.000000,
        "20" : 0.000000,
        "50" : 0.000000,
        "100" : 0.000000,
        "250" : 0.000000,
        "500" : 0.000000,
        "750" : 0.000000,
        "1000" : 0.000000
      },
      "latency_us" : {
        "2" : 0.000000,
        "4" : 0.000000,
        "10" : 0.000000,
        "20" : 0.000000,
        "50" : 0.000000,
        "100" : 0.000000,
        "250" : 0.993459,
        "500" : 32.673666,
        "750" : 59.740424,
        "1000" : 5.151669
      },
      "latency_ms" : {
        "2" : 0.966097,
        "4" : 0.080660,
        "10" : 0.164169,
        "20" : 0.111301,
        "50" : 0.094109,
        "100" : 0.016331,
        "250" : 0.010000,
        "500" : 0.010000,
        "750" : 0.010000,
        "1000" : 0.010000,
        "2000" : 0.000000,
        ">=2000" : 0.000000
      },
      "latency_depth" : 32,
      "latency_target" : 0,
      "latency_percentile" : 100.000000,
      "latency_window" : 0
    }
  ]
}
