{
  "fio version" : "fio-3.23",
  "timestamp" : 1757027201,
  "timestamp_ms" : 1757027201097,
  "time" : "Thu Sep  4 23:06:41 2025",
  "jobs" : [
    {
      "jobname" : "SeqBal-1M-32-128",
      "groupid" : 0,
      "error" : 0,
      "eta" : 0,
      "elapsed" : 61,
      "job options" : {
        "name" : "SeqBal-1M-32-128",
        "numjobs" : "32",
        "runtime" : "60",
        "directory" : "/tmp/e2sar/rgeorge-fio_test-p2s_SeqBal-1M-32-128",
        "direct" : "1",
        "buffered" : "0",
        "rw" : "rw",
        "unified_rw_reporting" : "1",
        "randrepeat" : "0",
        "bs" : "1M",
        "size" : "128M",
        "ioengine" : "pvsync",
        "iodepth" : "128",
        "lat_percentiles" : "1"
      },
      "mixed" : {
        "io_bytes" : 214008070144,
        "io_kbytes" : 208992256,
        "bw_bytes" : 3566325658,
        "bw" : 3482739,
        "iops" : 3401.113185,
        "runtime" : 60008,
        "total_ios" : 204094,
        "short_ios" : 0,
        "drop_ios" : 0,
        "slat_ns" : {
          "min" : 0,
          "max" : 0,
          "mean" : 0.000000,
          "stddev" : 0.000000,
          "N" : 0
        },
        "clat_ns" : {
          "min" : 628198,
          "max" : 852243403,
          "mean" : 9294410.697889,
          "stddev" : 32999130.575424,
          "N" : 204094,
          "percentile" : {
            "1.000000" : 1073152,
            "5.000000" : 1777664,
            "10.000000" : 3293184,
            "20.000000" : 4685824,
            "30.000000" : 5537792,
            "40.000000" : 6062080,
            "50.000000" : 6455296,
            "60.000000" : 6848512,
            "70.000000" : 7307264,
            "80.000000" : 7766016,
            "90.000000" : 8585216,
            "95.000000" : 9371648,
            "99.000000" : 73924608,
            "99.500000" : 189792256,
            "99.900000" : 541065216,
            "99.950000" : 599785472,
            "99.990000" : 717225984
          }
        },
        "lat_ns" : {
          "min" : 628231,
          "max" : 852243434,
          "mean" : 9294484.726910,
          "stddev" : 32999135.780401,
          "N" : 204094,
          "percentile" : {
            "1.000000" : 1073152,
            "5.000000" : 1777664,
            "10.000000" : 3293184,
            "20.000000" : 4685824,
            "30.000000" : 5537792,
            "40.000000" : 6062080,
            "50.000000" : 6455296,
            "60.000000" : 6848512,
            "70.000000" : 7307264,
            "80.000000" : 7766016,
            "90.000000" : 8585216,
            "95.000000" : 9371648,
            "99.000000" : 73924608,
            "99.500000" : 189792256,
            "99.900000" : 541065216,
            "99.950000" : 599785472,
            "99.990000" : 717225984
          }
        },
        "bw_min" : 131037,
        "bw_max" : 8387892,
        "bw_agg" : 100.000000,
        "bw_mean" : 3583171.604080,
        "bw_dev" : 30424.311496,
        "bw_samples" : 7395,
        "iops_min" : 121,
        "iops_max" : 8180,
        "iops_mean" : 3497.576572,
        "iops_stddev" : 29.719546,
        "iops_samples" : 7395
      },
      "job_runtime" : 1920067,
      "usr_cpu" : 1.135950,
      "sys_cpu" : 0.170307,
      "ctx" : 204365,
      "majf" : 0,
      "minf" : 609,
      "iodepth_level" : {
        "1" : 100.000000,
        "2" : 0.000000,
        "4" : 0.000000,
        "8" : 0.000000,
        "16" : 0.000000,
        "32" : 0.000000,
        ">=64" : 0.000000
      },
      "iodepth_submit" : {
        "0" : 0.000000,
        "4" : 100.000000,
        "8" : 0.000000,
        "16" : 0.000000,
        "32" : 0.000000,
        "64" : 0.000000,
        ">=64" : 0.000000
      },
      "iodepth_complete" : {
        "0" : 0.000000,
        "4" : 100.000000,
        "8" : 0.000000,
        "16" : 0.000000,
        "32" : 0.000000,
        "64" : 0.000000,
        ">=64" : 0.000000
      },
      "latency_ns" : {
        "2" : 0.000000,
        "4" : 0.000000,
        "10" : 0.000000,
        "20" : 0.000000,
        "50" : 0.000000,
        "100" : 0.000000,
        "250" : 0.000000,
        "500" : 0.000000,
        "750" : 0.000000,
        "1000" : 0.000000
      },
      "latency_us" : {
        "2" : 0.000000,
        "4" : 0.000000,
        "10" : 0.000000,
        "20" : 0.000000,
        "50" : 0.000000,
        "100" : 0.000000,
        "250" : 0.000000,
        "500" : 0.000000,
        "750" : 0.034298,
        "1000" : 0.612953
      },
      "latency_ms" : {
        "2" : 4.982018,
        "4" : 8.357914,
        "10" : 82.235147,
        "20" : 1.439043,
        "50" : 0.932413,
        "100" : 0.711927,
        "250" : 0.234206,
        "500" : 0.319951,
        "750" : 0.136702,
        "1000" : 0.010000,
        "2000" : 0.000000,
        ">=2000" : 0.000000
      },
      "latency_depth" : 128,
      "latency_target" : 0,
      "latency_percentile" : 100.000000,
      "latency_window" : 0
    }
  ]
}
