{
  "fio version" : "fio-3.23",
  "timestamp" : 1756969583,
  "timestamp_ms" : 1756969583611,
  "time" : "Thu Sep  4 07:06:23 2025",
  "jobs" : [
    {
      "jobname" : "SeqWH-4M-16-128",
      "groupid" : 0,
      "error" : 0,
      "eta" : 0,
      "elapsed" : 61,
      "job options" : {
        "name" : "SeqWH-4M-16-128",
        "numjobs" : "16",
        "runtime" : "60",
        "directory" : "/tmp/e2sar/rgeorge-fio_test-p1s_SeqWH-4M-16-128",
        "direct" : "1",
        "buffered" : "0",
        "rw" : "rw",
        "rwmixread" : "20",
        "unified_rw_reporting" : "1",
        "randrepeat" : "0",
        "bs" : "4M",
        "size" : "128M",
        "ioengine" : "pvsync",
        "iodepth" : "128",
        "lat_percentiles" : "1"
      },
      "mixed" : {
        "io_bytes" : 369698537472,
        "io_kbytes" : 361033728,
        "bw_bytes" : 6160820848,
        "bw" : 6016426,
        "iops" : 1468.854153,
        "runtime" : 60008,
        "total_ios" : 88143,
        "short_ios" : 0,
        "drop_ios" : 0,
        "slat_ns" : {
          "min" : 0,
          "max" : 0,
          "mean" : 0.000000,
          "stddev" : 0.000000,
          "N" : 0
        },
        "clat_ns" : {
          "min" : 3331443,
          "max" : 559390262,
          "mean" : 10196475.275064,
          "stddev" : 16242365.226795,
          "N" : 88143,
          "percentile" : {
            "1.000000" : 4751360,
            "5.000000" : 5341184,
            "10.000000" : 5799936,
            "20.000000" : 6455296,
            "30.000000" : 6979584,
            "40.000000" : 7503872,
            "50.000000" : 8028160,
            "60.000000" : 8585216,
            "70.000000" : 9371648,
            "80.000000" : 10682368,
            "90.000000" : 13959168,
            "95.000000" : 17432576,
            "99.000000" : 33816576,
            "99.500000" : 104333312,
            "99.900000" : 278921216,
            "99.950000" : 320864256,
            "99.990000" : 484442112
          }
        },
        "lat_ns" : {
          "min" : 3331539,
          "max" : 559390295,
          "mean" : 10196653.086416,
          "stddev" : 16242373.948852,
          "N" : 88143,
          "percentile" : {
            "1.000000" : 4751360,
            "5.000000" : 5341184,
            "10.000000" : 5799936,
            "20.000000" : 6455296,
            "30.000000" : 6979584,
            "40.000000" : 7503872,
            "50.000000" : 8028160,
            "60.000000" : 8585216,
            "70.000000" : 9371648,
            "80.000000" : 10682368,
            "90.000000" : 13959168,
            "95.000000" : 17432576,
            "99.000000" : 33816576,
            "99.500000" : 104333312,
            "99.900000" : 278921216,
            "99.950000" : 320864256,
            "99.990000" : 484442112
          }
        },
        "bw_min" : 311279,
        "bw_max" : 9428681,
        "bw_agg" : 100.000000,
        "bw_mean" : 6075394.589083,
        "bw_dev" : 68771.100786,
        "bw_samples" : 3750,
        "iops_min" : 75,
        "iops_max" : 2301,
        "iops_mean" : 1482.764585,
        "iops_stddev" : 16.788991,
        "iops_samples" : 3750
      },
      "job_runtime" : 960051,
      "usr_cpu" : 6.416847,
      "sys_cpu" : 0.419978,
      "ctx" : 352728,
      "majf" : 0,
      "minf" : 281,
      "iodepth_level" : {
        "1" : 100.000000,
        "2" : 0.000000,
        "4" : 0.000000,
        "8" : 0.000000,
        "16" : 0.000000,
        "32" : 0.000000,
        ">=64" : 0.000000
      },
      "iodepth_submit" : {
        "0" : 0.000000,
        "4" : 100.000000,
        "8" : 0.000000,
        "16" : 0.000000,
        "32" : 0.000000,
        "64" : 0.000000,
        ">=64" : 0.000000
      },
      "iodepth_complete" : {
        "0" : 0.000000,
        "4" : 100.000000,
        "8" : 0.000000,
        "16" : 0.000000,
        "32" : 0.000000,
        "64" : 0.000000,
        ">=64" : 0.000000
      },
      "latency_ns" : {
        "2" : 0.000000,
        "4" : 0.000000,
        "10" : 0.000000,
        "20" : 0.000000,
        "50" : 0.000000,
        "100" : 0.000000,
        "250" : 0.000000,
        "500" : 0.000000,
        "750" : 0.000000,
        "1000" : 0.000000
      },
      "latency_us" : {
        "2" : 0.000000,
        "4" : 0.000000,
        "10" : 0.000000,
        "20" : 0.000000,
        "50" : 0.000000,
        "100" : 0.000000,
        "250" : 0.000000,
        "500" : 0.000000,
        "750" : 0.000000,
        "1000" : 0.000000
      },
      "latency_ms" : {
        "2" : 0.000000,
        "4" : 0.011345,
        "10" : 75.315113,
        "20" : 21.771440,
        "50" : 2.119283,
        "100" : 0.268881,
        "250" : 0.370988,
        "500" : 0.137277,
        "750" : 0.010000,
        "1000" : 0.000000,
        "2000" : 0.000000,
        ">=2000" : 0.000000
      },
      "latency_depth" : 128,
      "latency_target" : 0,
      "latency_percentile" : 100.000000,
      "latency_window" : 0
    }
  ]
}
