{
  "fio version" : "fio-3.23",
  "timestamp" : 1757433331,
  "timestamp_ms" : 1757433331405,
  "time" : "Tue Sep  9 15:55:31 2025",
  "jobs" : [
    {
      "jobname" : "RandRH-16K-128-32",
      "groupid" : 0,
      "error" : 0,
      "eta" : 0,
      "elapsed" : 62,
      "job options" : {
        "name" : "RandRH-16K-128-32",
        "rw" : "randrw",
        "rwmixread" : "80",
        "unified_rw_reporting" : "1",
        "bs" : "16K",
        "numjobs" : "128",
        "iodepth" : "32",
        "runtime" : "60",
        "directory" : "/tmp/e2sar/rgeorge-fio_test-m_RandRH-16K-128-32",
        "direct" : "1",
        "buffered" : "0",
        "randrepeat" : "0",
        "size" : "128M",
        "ioengine" : "pvsync",
        "lat_percentiles" : "1"
      },
      "mixed" : {
        "io_bytes" : 47514140672,
        "io_kbytes" : 46400528,
        "bw_bytes" : 791598898,
        "bw" : 773045,
        "iops" : 48315.362444,
        "runtime" : 60023,
        "total_ios" : 2900033,
        "short_ios" : 0,
        "drop_ios" : 0,
        "slat_ns" : {
          "min" : 0,
          "max" : 0,
          "mean" : 0.000000,
          "stddev" : 0.000000,
          "N" : 0
        },
        "clat_ns" : {
          "min" : 178668,
          "max" : 115777971,
          "mean" : 2630213.197106,
          "stddev" : 1875802.524335,
          "N" : 2900033,
          "percentile" : {
            "1.000000" : 1400832,
            "5.000000" : 1761280,
            "10.000000" : 1957888,
            "20.000000" : 2179072,
            "30.000000" : 2342912,
            "40.000000" : 2441216,
            "50.000000" : 2539520,
            "60.000000" : 2605056,
            "70.000000" : 2703360,
            "80.000000" : 2867200,
            "90.000000" : 3162112,
            "95.000000" : 3457024,
            "99.000000" : 4079616,
            "99.500000" : 5931008,
            "99.900000" : 32112640,
            "99.950000" : 46399488,
            "99.990000" : 76021760
          }
        },
        "lat_ns" : {
          "min" : 178709,
          "max" : 115778017,
          "mean" : 2630276.405300,
          "stddev" : 1875801.717566,
          "N" : 2900033,
          "percentile" : {
            "1.000000" : 1400832,
            "5.000000" : 1761280,
            "10.000000" : 1957888,
            "20.000000" : 2179072,
            "30.000000" : 2342912,
            "40.000000" : 2441216,
            "50.000000" : 2539520,
            "60.000000" : 2605056,
            "70.000000" : 2703360,
            "80.000000" : 2867200,
            "90.000000" : 3162112,
            "95.000000" : 3457024,
            "99.000000" : 4079616,
            "99.500000" : 5931008,
            "99.900000" : 32112640,
            "99.950000" : 46399488,
            "99.990000" : 76021760
          }
        },
        "bw_min" : 438575,
        "bw_max" : 1310672,
        "bw_agg" : 100.000000,
        "bw_mean" : 776437.811067,
        "bw_dev" : 474.048026,
        "bw_samples" : 30377,
        "iops_min" : 27295,
        "iops_max" : 81884,
        "iops_mean" : 48439.328657,
        "iops_stddev" : 29.648594,
        "iops_samples" : 30377
      },
      "job_runtime" : 7680275,
      "usr_cpu" : 0.106012,
      "sys_cpu" : 0.208990,
      "ctx" : 2901012,
      "majf" : 0,
      "minf" : 2195,
      "iodepth_level" : {
        "1" : 100.000000,
        "2" : 0.000000,
        "4" : 0.000000,
        "8" : 0.000000,
        "16" : 0.000000,
        "32" : 0.000000,
        ">=64" : 0.000000
      },
      "iodepth_submit" : {
        "0" : 0.000000,
        "4" : 100.000000,
        "8" : 0.000000,
        "16" : 0.000000,
        "32" : 0.000000,
        "64" : 0.000000,
        ">=64" : 0.000000
      },
      "iodepth_complete" : {
        "0" : 0.000000,
        "4" : 100.000000,
        "8" : 0.000000,
        "16" : 0.000000,
        "32" : 0.000000,
        "64" : 0.000000,
        ">=64" : 0.000000
      },
      "latency_ns" : {
        "2" : 0.000000,
        "4" : 0.000000,
        "10" : 0.000000,
        "20" : 0.000000,
        "50" : 0.000000,
        "100" : 0.000000,
        "250" : 0.000000,
        "500" : 0.000000,
        "750" : 0.000000,
        "1000" : 0.000000
      },
      "latency_us" : {
        "2" : 0.000000,
        "4" : 0.000000,
        "10" : 0.000000,
        "20" : 0.000000,
        "50" : 0.000000,
        "100" : 0.000000,
        "250" : 0.010000,
        "500" : 0.227032,
        "750" : 0.178963,
        "1000" : 0.147343
      },
      "latency_ms" : {
        "2" : 11.105563,
        "4" : 87.113078,
        "10" : 0.877093,
        "20" : 0.162584,
        "50" : 0.137136,
        "100" : 0.041620,
        "250" : 0.010000,
        "500" : 0.000000,
        "750" : 0.000000,
        "1000" : 0.000000,
        "2000" : 0.000000,
        ">=2000" : 0.000000
      },
      "latency_depth" : 32,
      "latency_target" : 0,
      "latency_percentile" : 100.000000,
      "latency_window" : 0
    }
  ]
}
