{
  "fio version" : "fio-3.23",
  "timestamp" : 1756960674,
  "timestamp_ms" : 1756960674018,
  "time" : "Thu Sep  4 04:37:54 2025",
  "jobs" : [
    {
      "jobname" : "SeqBal-4M-16-8",
      "groupid" : 0,
      "error" : 0,
      "eta" : 0,
      "elapsed" : 61,
      "job options" : {
        "name" : "SeqBal-4M-16-8",
        "numjobs" : "16",
        "runtime" : "60",
        "directory" : "/tmp/e2sar/rgeorge-fio_test-p1s_SeqBal-4M-16-8",
        "direct" : "1",
        "buffered" : "0",
        "rw" : "rw",
        "unified_rw_reporting" : "1",
        "randrepeat" : "0",
        "bs" : "4M",
        "size" : "128M",
        "ioengine" : "pvsync",
        "iodepth" : "8",
        "lat_percentiles" : "1"
      },
      "mixed" : {
        "io_bytes" : 251515633664,
        "io_kbytes" : 245620736,
        "bw_bytes" : 4191228689,
        "bw" : 4092996,
        "iops" : 999.266789,
        "runtime" : 60010,
        "total_ios" : 59966,
        "short_ios" : 0,
        "drop_ios" : 0,
        "slat_ns" : {
          "min" : 0,
          "max" : 0,
          "mean" : 0.000000,
          "stddev" : 0.000000,
          "N" : 0
        },
        "clat_ns" : {
          "min" : 2989396,
          "max" : 547953547,
          "mean" : 15579336.123537,
          "stddev" : 15134019.134128,
          "N" : 59966,
          "percentile" : {
            "1.000000" : 5275648,
            "5.000000" : 8716288,
            "10.000000" : 10027008,
            "20.000000" : 11599872,
            "30.000000" : 12648448,
            "40.000000" : 13434880,
            "50.000000" : 14221312,
            "60.000000" : 15007744,
            "70.000000" : 15925248,
            "80.000000" : 16908288,
            "90.000000" : 18481152,
            "95.000000" : 19791872,
            "99.000000" : 63176704,
            "99.500000" : 113770496,
            "99.900000" : 254803968,
            "99.950000" : 295698432,
            "99.990000" : 383778816
          }
        },
        "lat_ns" : {
          "min" : 2989433,
          "max" : 547954132,
          "mean" : 15579460.102675,
          "stddev" : 15134031.244723,
          "N" : 59966,
          "percentile" : {
            "1.000000" : 5275648,
            "5.000000" : 8716288,
            "10.000000" : 10027008,
            "20.000000" : 11599872,
            "30.000000" : 12648448,
            "40.000000" : 13434880,
            "50.000000" : 14221312,
            "60.000000" : 15007744,
            "70.000000" : 15925248,
            "80.000000" : 16908288,
            "90.000000" : 18481152,
            "95.000000" : 19791872,
            "99.000000" : 63176704,
            "99.500000" : 113770496,
            "99.900000" : 254803968,
            "99.950000" : 295698432,
            "99.990000" : 383778816
          }
        },
        "bw_min" : 359863,
        "bw_max" : 7411663,
        "bw_agg" : 100.000000,
        "bw_mean" : 4105762.606584,
        "bw_dev" : 39999.884745,
        "bw_samples" : 3798,
        "iops_min" : 63,
        "iops_max" : 1805,
        "iops_mean" : 993.230106,
        "iops_stddev" : 9.805078,
        "iops_samples" : 3798
      },
      "job_runtime" : 960073,
      "usr_cpu" : 2.671464,
      "sys_cpu" : 0.274875,
      "ctx" : 239998,
      "majf" : 0,
      "minf" : 268,
      "iodepth_level" : {
        "1" : 100.000000,
        "2" : 0.000000,
        "4" : 0.000000,
        "8" : 0.000000,
        "16" : 0.000000,
        "32" : 0.000000,
        ">=64" : 0.000000
      },
      "iodepth_submit" : {
        "0" : 0.000000,
        "4" : 100.000000,
        "8" : 0.000000,
        "16" : 0.000000,
        "32" : 0.000000,
        "64" : 0.000000,
        ">=64" : 0.000000
      },
      "iodepth_complete" : {
        "0" : 0.000000,
        "4" : 100.000000,
        "8" : 0.000000,
        "16" : 0.000000,
        "32" : 0.000000,
        "64" : 0.000000,
        ">=64" : 0.000000
      },
      "latency_ns" : {
        "2" : 0.000000,
        "4" : 0.000000,
        "10" : 0.000000,
        "20" : 0.000000,
        "50" : 0.000000,
        "100" : 0.000000,
        "250" : 0.000000,
        "500" : 0.000000,
        "750" : 0.000000,
        "1000" : 0.000000
      },
      "latency_us" : {
        "2" : 0.000000,
        "4" : 0.000000,
        "10" : 0.000000,
        "20" : 0.000000,
        "50" : 0.000000,
        "100" : 0.000000,
        "250" : 0.000000,
        "500" : 0.000000,
        "750" : 0.000000,
        "1000" : 0.000000
      },
      "latency_ms" : {
        "2" : 0.000000,
        "4" : 0.135077,
        "10" : 9.812227,
        "20" : 85.623520,
        "50" : 3.215155,
        "100" : 0.605343,
        "250" : 0.503619,
        "500" : 0.100057,
        "750" : 0.010000,
        "1000" : 0.000000,
        "2000" : 0.000000,
        ">=2000" : 0.000000
      },
      "latency_depth" : 8,
      "latency_target" : 0,
      "latency_percentile" : 100.000000,
      "latency_window" : 0
    }
  ]
}
