{
  "fio version" : "fio-3.23",
  "timestamp" : 1756947828,
  "timestamp_ms" : 1756947828813,
  "time" : "Thu Sep  4 01:03:48 2025",
  "jobs" : [
    {
      "jobname" : "RandWH-4M-16-32",
      "groupid" : 0,
      "error" : 0,
      "eta" : 0,
      "elapsed" : 61,
      "job options" : {
        "name" : "RandWH-4M-16-32",
        "numjobs" : "16",
        "runtime" : "60",
        "directory" : "/tmp/e2sar/rgeorge-fio_test-p1r2_RandWH-4M-16-32",
        "direct" : "1",
        "buffered" : "0",
        "rw" : "randrw",
        "rwmixread" : "20",
        "unified_rw_reporting" : "1",
        "randrepeat" : "0",
        "bs" : "4M",
        "size" : "128M",
        "ioengine" : "pvsync",
        "iodepth" : "32",
        "lat_percentiles" : "1"
      },
      "mixed" : {
        "io_bytes" : 358155812864,
        "io_kbytes" : 349761536,
        "bw_bytes" : 5968567214,
        "bw" : 5828678,
        "iops" : 1423.017315,
        "runtime" : 60007,
        "total_ios" : 85391,
        "short_ios" : 0,
        "drop_ios" : 0,
        "slat_ns" : {
          "min" : 0,
          "max" : 0,
          "mean" : 0.000000,
          "stddev" : 0.000000,
          "N" : 0
        },
        "clat_ns" : {
          "min" : 3256451,
          "max" : 1100879009,
          "mean" : 10521316.310852,
          "stddev" : 15965095.930469,
          "N" : 85391,
          "percentile" : {
            "1.000000" : 4816896,
            "5.000000" : 5603328,
            "10.000000" : 6127616,
            "20.000000" : 6782976,
            "30.000000" : 7307264,
            "40.000000" : 7766016,
            "50.000000" : 8224768,
            "60.000000" : 8847360,
            "70.000000" : 9371648,
            "80.000000" : 10420224,
            "90.000000" : 13041664,
            "95.000000" : 20578304,
            "99.000000" : 49020928,
            "99.500000" : 86507520,
            "99.900000" : 231735296,
            "99.950000" : 295698432,
            "99.990000" : 530579456
          }
        },
        "lat_ns" : {
          "min" : 3256592,
          "max" : 1100879663,
          "mean" : 10521503.598752,
          "stddev" : 15965099.419008,
          "N" : 85391,
          "percentile" : {
            "1.000000" : 4816896,
            "5.000000" : 5603328,
            "10.000000" : 6127616,
            "20.000000" : 6782976,
            "30.000000" : 7307264,
            "40.000000" : 7766016,
            "50.000000" : 8224768,
            "60.000000" : 8847360,
            "70.000000" : 9371648,
            "80.000000" : 10420224,
            "90.000000" : 13041664,
            "95.000000" : 20578304,
            "99.000000" : 49020928,
            "99.500000" : 86507520,
            "99.900000" : 231735296,
            "99.950000" : 295698432,
            "99.990000" : 530579456
          }
        },
        "bw_min" : 343662,
        "bw_max" : 9296578,
        "bw_agg" : 100.000000,
        "bw_mean" : 5866889.903903,
        "bw_dev" : 63528.944923,
        "bw_samples" : 3767,
        "iops_min" : 66,
        "iops_max" : 2267,
        "iops_mean" : 1420.679213,
        "iops_stddev" : 15.525533,
        "iops_samples" : 3767
      },
      "job_runtime" : 960048,
      "usr_cpu" : 6.400409,
      "sys_cpu" : 0.512683,
      "ctx" : 341723,
      "majf" : 0,
      "minf" : 254,
      "iodepth_level" : {
        "1" : 100.000000,
        "2" : 0.000000,
        "4" : 0.000000,
        "8" : 0.000000,
        "16" : 0.000000,
        "32" : 0.000000,
        ">=64" : 0.000000
      },
      "iodepth_submit" : {
        "0" : 0.000000,
        "4" : 100.000000,
        "8" : 0.000000,
        "16" : 0.000000,
        "32" : 0.000000,
        "64" : 0.000000,
        ">=64" : 0.000000
      },
      "iodepth_complete" : {
        "0" : 0.000000,
        "4" : 100.000000,
        "8" : 0.000000,
        "16" : 0.000000,
        "32" : 0.000000,
        "64" : 0.000000,
        ">=64" : 0.000000
      },
      "latency_ns" : {
        "2" : 0.000000,
        "4" : 0.000000,
        "10" : 0.000000,
        "20" : 0.000000,
        "50" : 0.000000,
        "100" : 0.000000,
        "250" : 0.000000,
        "500" : 0.000000,
        "750" : 0.000000,
        "1000" : 0.000000
      },
      "latency_us" : {
        "2" : 0.000000,
        "4" : 0.000000,
        "10" : 0.000000,
        "20" : 0.000000,
        "50" : 0.000000,
        "100" : 0.000000,
        "250" : 0.000000,
        "500" : 0.000000,
        "750" : 0.000000,
        "1000" : 0.000000
      },
      "latency_ms" : {
        "2" : 0.000000,
        "4" : 0.050357,
        "10" : 76.429600,
        "20" : 18.322774,
        "50" : 4.224099,
        "100" : 0.564462,
        "250" : 0.326732,
        "500" : 0.069094,
        "750" : 0.010000,
        "1000" : 0.010000,
        "2000" : 0.010000,
        ">=2000" : 0.000000
      },
      "latency_depth" : 32,
      "latency_target" : 0,
      "latency_percentile" : 100.000000,
      "latency_window" : 0
    }
  ]
}
