{
  "fio version" : "fio-3.23",
  "timestamp" : 1756986073,
  "timestamp_ms" : 1756986073961,
  "time" : "Thu Sep  4 11:41:13 2025",
  "jobs" : [
    {
      "jobname" : "RandWH-4K-32-1",
      "groupid" : 0,
      "error" : 0,
      "eta" : 0,
      "elapsed" : 61,
      "job options" : {
        "name" : "RandWH-4K-32-1",
        "numjobs" : "32",
        "runtime" : "60",
        "directory" : "/tmp/e2sar/rgeorge-fio_test-p2r_RandWH-4K-32-1",
        "direct" : "1",
        "buffered" : "0",
        "rw" : "randrw",
        "rwmixread" : "20",
        "unified_rw_reporting" : "1",
        "randrepeat" : "0",
        "bs" : "4K",
        "size" : "128M",
        "ioengine" : "pvsync",
        "iodepth" : "1",
        "lat_percentiles" : "1"
      },
      "mixed" : {
        "io_bytes" : 13794283520,
        "io_kbytes" : 13470980,
        "bw_bytes" : 229897062,
        "bw" : 224508,
        "iops" : 56127.212426,
        "runtime" : 60002,
        "total_ios" : 3367745,
        "short_ios" : 0,
        "drop_ios" : 0,
        "slat_ns" : {
          "min" : 0,
          "max" : 0,
          "mean" : 0.000000,
          "stddev" : 0.000000,
          "N" : 0
        },
        "clat_ns" : {
          "min" : 135822,
          "max" : 979395882,
          "mean" : 567999.757160,
          "stddev" : 2912759.651835,
          "N" : 3367745,
          "percentile" : {
            "1.000000" : 224256,
            "5.000000" : 276480,
            "10.000000" : 317440,
            "20.000000" : 362496,
            "30.000000" : 395264,
            "40.000000" : 423936,
            "50.000000" : 456704,
            "60.000000" : 485376,
            "70.000000" : 528384,
            "80.000000" : 577536,
            "90.000000" : 659456,
            "95.000000" : 733184,
            "99.000000" : 937984,
            "99.500000" : 1089536,
            "99.900000" : 28180480,
            "99.950000" : 46399488,
            "99.990000" : 93847552
          }
        },
        "lat_ns" : {
          "min" : 135858,
          "max" : 979395920,
          "mean" : 568067.010329,
          "stddev" : 2912759.549947,
          "N" : 3367745,
          "percentile" : {
            "1.000000" : 224256,
            "5.000000" : 276480,
            "10.000000" : 317440,
            "20.000000" : 362496,
            "30.000000" : 395264,
            "40.000000" : 423936,
            "50.000000" : 456704,
            "60.000000" : 485376,
            "70.000000" : 528384,
            "80.000000" : 577536,
            "90.000000" : 659456,
            "95.000000" : 733184,
            "99.000000" : 937984,
            "99.500000" : 1089536,
            "99.900000" : 28180480,
            "99.950000" : 46399488,
            "99.990000" : 93847552
          }
        },
        "bw_min" : 12504,
        "bw_max" : 356664,
        "bw_agg" : 100.000000,
        "bw_mean" : 225199.968096,
        "bw_dev" : 1157.454714,
        "bw_samples" : 7596,
        "iops_min" : 3126,
        "iops_max" : 89166,
        "iops_mean" : 56299.975217,
        "iops_stddev" : 289.363296,
        "iops_samples" : 7596
      },
      "job_runtime" : 1920002,
      "usr_cpu" : 0.445364,
      "sys_cpu" : 0.996561,
      "ctx" : 3367984,
      "majf" : 0,
      "minf" : 617,
      "iodepth_level" : {
        "1" : 100.000000,
        "2" : 0.000000,
        "4" : 0.000000,
        "8" : 0.000000,
        "16" : 0.000000,
        "32" : 0.000000,
        ">=64" : 0.000000
      },
      "iodepth_submit" : {
        "0" : 0.000000,
        "4" : 100.000000,
        "8" : 0.000000,
        "16" : 0.000000,
        "32" : 0.000000,
        "64" : 0.000000,
        ">=64" : 0.000000
      },
      "iodepth_complete" : {
        "0" : 0.000000,
        "4" : 100.000000,
        "8" : 0.000000,
        "16" : 0.000000,
        "32" : 0.000000,
        "64" : 0.000000,
        ">=64" : 0.000000
      },
      "latency_ns" : {
        "2" : 0.000000,
        "4" : 0.000000,
        "10" : 0.000000,
        "20" : 0.000000,
        "50" : 0.000000,
        "100" : 0.000000,
        "250" : 0.000000,
        "500" : 0.000000,
        "750" : 0.000000,
        "1000" : 0.000000
      },
      "latency_us" : {
        "2" : 0.000000,
        "4" : 0.000000,
        "10" : 0.000000,
        "20" : 0.000000,
        "50" : 0.000000,
        "100" : 0.000000,
        "250" : 2.750713,
        "500" : 60.835336,
        "750" : 31.973977,
        "1000" : 3.767892
      },
      "latency_ms" : {
        "2" : 0.245892,
        "4" : 0.064049,
        "10" : 0.124475,
        "20" : 0.095791,
        "50" : 0.097335,
        "100" : 0.037028,
        "250" : 0.010000,
        "500" : 0.010000,
        "750" : 0.010000,
        "1000" : 0.010000,
        "2000" : 0.000000,
        ">=2000" : 0.000000
      },
      "latency_depth" : 1,
      "latency_target" : 0,
      "latency_percentile" : 100.000000,
      "latency_window" : 0
    }
  ]
}
