{
  "fio version" : "fio-3.23",
  "timestamp" : 1757508962,
  "timestamp_ms" : 1757508962411,
  "time" : "Wed Sep 10 12:56:02 2025",
  "jobs" : [
    {
      "jobname" : "SeqW-4M-128-4",
      "groupid" : 0,
      "error" : 0,
      "eta" : 0,
      "elapsed" : 62,
      "job options" : {
        "name" : "SeqW-4M-128-4",
        "rw" : "write",
        "unified_rw_reporting" : "0",
        "bs" : "4M",
        "numjobs" : "128",
        "iodepth" : "4",
        "runtime" : "60",
        "directory" : "/tmp/e2sar/rgeorge-fio_test-m_SeqW-4M-128-4",
        "direct" : "1",
        "buffered" : "0",
        "randrepeat" : "0",
        "size" : "128M",
        "ioengine" : "pvsync",
        "lat_percentiles" : "1"
      },
      "read" : {
        "io_bytes" : 0,
        "io_kbytes" : 0,
        "bw_bytes" : 0,
        "bw" : 0,
        "iops" : 0.000000,
        "runtime" : 0,
        "total_ios" : 0,
        "short_ios" : 0,
        "drop_ios" : 0,
        "slat_ns" : {
          "min" : 0,
          "max" : 0,
          "mean" : 0.000000,
          "stddev" : 0.000000,
          "N" : 0
        },
        "clat_ns" : {
          "min" : 0,
          "max" : 0,
          "mean" : 0.000000,
          "stddev" : 0.000000,
          "N" : 0
        },
        "lat_ns" : {
          "min" : 0,
          "max" : 0,
          "mean" : 0.000000,
          "stddev" : 0.000000,
          "N" : 0
        },
        "bw_min" : 0,
        "bw_max" : 0,
        "bw_agg" : 0.000000,
        "bw_mean" : 0.000000,
        "bw_dev" : 0.000000,
        "bw_samples" : 0,
        "iops_min" : 0,
        "iops_max" : 0,
        "iops_mean" : 0.000000,
        "iops_stddev" : 0.000000,
        "iops_samples" : 0
      },
      "write" : {
        "io_bytes" : 908612075520,
        "io_kbytes" : 887316480,
        "bw_bytes" : 15134201834,
        "bw" : 14779493,
        "iops" : 3608.274897,
        "runtime" : 60037,
        "total_ios" : 216630,
        "short_ios" : 0,
        "drop_ios" : 0,
        "slat_ns" : {
          "min" : 0,
          "max" : 0,
          "mean" : 0.000000,
          "stddev" : 0.000000,
          "N" : 0
        },
        "clat_ns" : {
          "min" : 4950299,
          "max" : 147210862,
          "mean" : 33870774.347888,
          "stddev" : 7193415.994218,
          "N" : 216630,
          "percentile" : {
            "1.000000" : 22413312,
            "5.000000" : 26345472,
            "10.000000" : 27918336,
            "20.000000" : 29753344,
            "30.000000" : 31064064,
            "40.000000" : 32374784,
            "50.000000" : 33423360,
            "60.000000" : 34340864,
            "70.000000" : 35913728,
            "80.000000" : 37486592,
            "90.000000" : 39583744,
            "95.000000" : 41680896,
            "99.000000" : 45350912,
            "99.500000" : 64225280,
            "99.900000" : 122159104,
            "99.950000" : 126353408,
            "99.990000" : 133693440
          }
        },
        "lat_ns" : {
          "min" : 4950513,
          "max" : 147212395,
          "mean" : 33871353.417001,
          "stddev" : 7193432.728475,
          "N" : 216630,
          "percentile" : {
            "1.000000" : 22413312,
            "5.000000" : 26345472,
            "10.000000" : 27918336,
            "20.000000" : 29753344,
            "30.000000" : 31064064,
            "40.000000" : 32374784,
            "50.000000" : 33423360,
            "60.000000" : 34340864,
            "70.000000" : 35913728,
            "80.000000" : 37486592,
            "90.000000" : 39583744,
            "95.000000" : 41680896,
            "99.000000" : 45350912,
            "99.500000" : 64225280,
            "99.900000" : 122159104,
            "99.950000" : 126353408,
            "99.990000" : 133693440
          }
        },
        "bw_min" : 9743839,
        "bw_max" : 19723472,
        "bw_agg" : 100.000000,
        "bw_mean" : 14840875.977852,
        "bw_dev" : 10096.628649,
        "bw_samples" : 15191,
        "iops_min" : 2349,
        "iops_max" : 4808,
        "iops_mean" : 3607.111167,
        "iops_stddev" : 2.486609,
        "iops_samples" : 15191
      },
      "trim" : {
        "io_bytes" : 0,
        "io_kbytes" : 0,
        "bw_bytes" : 0,
        "bw" : 0,
        "iops" : 0.000000,
        "runtime" : 0,
        "total_ios" : 0,
        "short_ios" : 0,
        "drop_ios" : 0,
        "slat_ns" : {
          "min" : 0,
          "max" : 0,
          "mean" : 0.000000,
          "stddev" : 0.000000,
          "N" : 0
        },
        "clat_ns" : {
          "min" : 0,
          "max" : 0,
          "mean" : 0.000000,
          "stddev" : 0.000000,
          "N" : 0
        },
        "lat_ns" : {
          "min" : 0,
          "max" : 0,
          "mean" : 0.000000,
          "stddev" : 0.000000,
          "N" : 0
        },
        "bw_min" : 0,
        "bw_max" : 0,
        "bw_agg" : 0.000000,
        "bw_mean" : 0.000000,
        "bw_dev" : 0.000000,
        "bw_samples" : 0,
        "iops_min" : 0,
        "iops_max" : 0,
        "iops_mean" : 0.000000,
        "iops_stddev" : 0.000000,
        "iops_samples" : 0
      },
      "sync" : {
        "total_ios" : 0,
        "lat_ns" : {
          "min" : 0,
          "max" : 0,
          "mean" : 0.000000,
          "stddev" : 0.000000,
          "N" : 0
        }
      },
      "job_runtime" : 7681371,
      "usr_cpu" : 3.705458,
      "sys_cpu" : 0.272477,
      "ctx" : 887970,
      "majf" : 0,
      "minf" : 1535,
      "iodepth_level" : {
        "1" : 100.000000,
        "2" : 0.000000,
        "4" : 0.000000,
        "8" : 0.000000,
        "16" : 0.000000,
        "32" : 0.000000,
        ">=64" : 0.000000
      },
      "iodepth_submit" : {
        "0" : 0.000000,
        "4" : 100.000000,
        "8" : 0.000000,
        "16" : 0.000000,
        "32" : 0.000000,
        "64" : 0.000000,
        ">=64" : 0.000000
      },
      "iodepth_complete" : {
        "0" : 0.000000,
        "4" : 100.000000,
        "8" : 0.000000,
        "16" : 0.000000,
        "32" : 0.000000,
        "64" : 0.000000,
        ">=64" : 0.000000
      },
      "latency_ns" : {
        "2" : 0.000000,
        "4" : 0.000000,
        "10" : 0.000000,
        "20" : 0.000000,
        "50" : 0.000000,
        "100" : 0.000000,
        "250" : 0.000000,
        "500" : 0.000000,
        "750" : 0.000000,
        "1000" : 0.000000
      },
      "latency_us" : {
        "2" : 0.000000,
        "4" : 0.000000,
        "10" : 0.000000,
        "20" : 0.000000,
        "50" : 0.000000,
        "100" : 0.000000,
        "250" : 0.000000,
        "500" : 0.000000,
        "750" : 0.000000,
        "1000" : 0.000000
      },
      "latency_ms" : {
        "2" : 0.000000,
        "4" : 0.000000,
        "10" : 0.175876,
        "20" : 0.384988,
        "50" : 98.910585,
        "100" : 0.175414,
        "250" : 0.353137,
        "500" : 0.000000,
        "750" : 0.000000,
        "1000" : 0.000000,
        "2000" : 0.000000,
        ">=2000" : 0.000000
      },
      "latency_depth" : 4,
      "latency_target" : 0,
      "latency_percentile" : 100.000000,
      "latency_window" : 0
    }
  ]
}
