{
  "fio version" : "fio-3.23",
  "timestamp" : 1757014666,
  "timestamp_ms" : 1757014666092,
  "time" : "Thu Sep  4 19:37:46 2025",
  "jobs" : [
    {
      "jobname" : "SeqW-4M-32-8",
      "groupid" : 0,
      "error" : 0,
      "eta" : 0,
      "elapsed" : 61,
      "job options" : {
        "name" : "SeqW-4M-32-8",
        "numjobs" : "32",
        "runtime" : "60",
        "directory" : "/tmp/e2sar/rgeorge-fio_test-p2s_SeqW-4M-32-8",
        "direct" : "1",
        "buffered" : "0",
        "rw" : "write",
        "unified_rw_reporting" : "0",
        "randrepeat" : "0",
        "bs" : "4M",
        "size" : "128M",
        "ioengine" : "pvsync",
        "iodepth" : "8",
        "lat_percentiles" : "1"
      },
      "read" : {
        "io_bytes" : 0,
        "io_kbytes" : 0,
        "bw_bytes" : 0,
        "bw" : 0,
        "iops" : 0.000000,
        "runtime" : 0,
        "total_ios" : 0,
        "short_ios" : 0,
        "drop_ios" : 0,
        "slat_ns" : {
          "min" : 0,
          "max" : 0,
          "mean" : 0.000000,
          "stddev" : 0.000000,
          "N" : 0
        },
        "clat_ns" : {
          "min" : 0,
          "max" : 0,
          "mean" : 0.000000,
          "stddev" : 0.000000,
          "N" : 0
        },
        "lat_ns" : {
          "min" : 0,
          "max" : 0,
          "mean" : 0.000000,
          "stddev" : 0.000000,
          "N" : 0
        },
        "bw_min" : 0,
        "bw_max" : 0,
        "bw_agg" : 0.000000,
        "bw_mean" : 0.000000,
        "bw_dev" : 0.000000,
        "bw_samples" : 0,
        "iops_min" : 0,
        "iops_max" : 0,
        "iops_mean" : 0.000000,
        "iops_stddev" : 0.000000,
        "iops_samples" : 0
      },
      "write" : {
        "io_bytes" : 641942421504,
        "io_kbytes" : 626896896,
        "bw_bytes" : 10678928376,
        "bw" : 10428640,
        "iops" : 2546.054930,
        "runtime" : 60113,
        "total_ios" : 153051,
        "short_ios" : 0,
        "drop_ios" : 0,
        "slat_ns" : {
          "min" : 0,
          "max" : 0,
          "mean" : 0.000000,
          "stddev" : 0.000000,
          "N" : 0
        },
        "clat_ns" : {
          "min" : 4793948,
          "max" : 464273880,
          "mean" : 11475834.330151,
          "stddev" : 14617266.492385,
          "N" : 153051,
          "percentile" : {
            "1.000000" : 5799936,
            "5.000000" : 6782976,
            "10.000000" : 7438336,
            "20.000000" : 8224768,
            "30.000000" : 8847360,
            "40.000000" : 9371648,
            "50.000000" : 9764864,
            "60.000000" : 10289152,
            "70.000000" : 10813440,
            "80.000000" : 11468800,
            "90.000000" : 12517376,
            "95.000000" : 13565952,
            "99.000000" : 70778880,
            "99.500000" : 117964800,
            "99.900000" : 223346688,
            "99.950000" : 274726912,
            "99.990000" : 320864256
          }
        },
        "lat_ns" : {
          "min" : 4794221,
          "max" : 464274725,
          "mean" : 11476137.016700,
          "stddev" : 14617282.961539,
          "N" : 153051,
          "percentile" : {
            "1.000000" : 5799936,
            "5.000000" : 6782976,
            "10.000000" : 7438336,
            "20.000000" : 8224768,
            "30.000000" : 8847360,
            "40.000000" : 9371648,
            "50.000000" : 9764864,
            "60.000000" : 10289152,
            "70.000000" : 10813440,
            "80.000000" : 11468800,
            "90.000000" : 12517376,
            "95.000000" : 13565952,
            "99.000000" : 70778880,
            "99.500000" : 117964800,
            "99.900000" : 223346688,
            "99.950000" : 274726912,
            "99.990000" : 320864256
          }
        },
        "bw_min" : 786432,
        "bw_max" : 12861440,
        "bw_agg" : 100.000000,
        "bw_mean" : 10510192.815126,
        "bw_dev" : 100895.087497,
        "bw_samples" : 3808,
        "iops_min" : 192,
        "iops_max" : 3140,
        "iops_mean" : 2565.957983,
        "iops_stddev" : 24.632595,
        "iops_samples" : 3808
      },
      "trim" : {
        "io_bytes" : 0,
        "io_kbytes" : 0,
        "bw_bytes" : 0,
        "bw" : 0,
        "iops" : 0.000000,
        "runtime" : 0,
        "total_ios" : 0,
        "short_ios" : 0,
        "drop_ios" : 0,
        "slat_ns" : {
          "min" : 0,
          "max" : 0,
          "mean" : 0.000000,
          "stddev" : 0.000000,
          "N" : 0
        },
        "clat_ns" : {
          "min" : 0,
          "max" : 0,
          "mean" : 0.000000,
          "stddev" : 0.000000,
          "N" : 0
        },
        "lat_ns" : {
          "min" : 0,
          "max" : 0,
          "mean" : 0.000000,
          "stddev" : 0.000000,
          "N" : 0
        },
        "bw_min" : 0,
        "bw_max" : 0,
        "bw_agg" : 0.000000,
        "bw_mean" : 0.000000,
        "bw_dev" : 0.000000,
        "bw_samples" : 0,
        "iops_min" : 0,
        "iops_max" : 0,
        "iops_mean" : 0.000000,
        "iops_stddev" : 0.000000,
        "iops_samples" : 0
      },
      "sync" : {
        "total_ios" : 0,
        "lat_ns" : {
          "min" : 0,
          "max" : 0,
          "mean" : 0.000000,
          "stddev" : 0.000000,
          "N" : 0
        }
      },
      "job_runtime" : 1920934,
      "usr_cpu" : 8.522104,
      "sys_cpu" : 0.592576,
      "ctx" : 612802,
      "majf" : 0,
      "minf" : 395,
      "iodepth_level" : {
        "1" : 100.000000,
        "2" : 0.000000,
        "4" : 0.000000,
        "8" : 0.000000,
        "16" : 0.000000,
        "32" : 0.000000,
        ">=64" : 0.000000
      },
      "iodepth_submit" : {
        "0" : 0.000000,
        "4" : 100.000000,
        "8" : 0.000000,
        "16" : 0.000000,
        "32" : 0.000000,
        "64" : 0.000000,
        ">=64" : 0.000000
      },
      "iodepth_complete" : {
        "0" : 0.000000,
        "4" : 100.000000,
        "8" : 0.000000,
        "16" : 0.000000,
        "32" : 0.000000,
        "64" : 0.000000,
        ">=64" : 0.000000
      },
      "latency_ns" : {
        "2" : 0.000000,
        "4" : 0.000000,
        "10" : 0.000000,
        "20" : 0.000000,
        "50" : 0.000000,
        "100" : 0.000000,
        "250" : 0.000000,
        "500" : 0.000000,
        "750" : 0.000000,
        "1000" : 0.000000
      },
      "latency_us" : {
        "2" : 0.000000,
        "4" : 0.000000,
        "10" : 0.000000,
        "20" : 0.000000,
        "50" : 0.000000,
        "100" : 0.000000,
        "250" : 0.000000,
        "500" : 0.000000,
        "750" : 0.000000,
        "1000" : 0.000000
      },
      "latency_ms" : {
        "2" : 0.000000,
        "4" : 0.000000,
        "10" : 53.707588,
        "20" : 44.040875,
        "50" : 0.901660,
        "100" : 0.713488,
        "250" : 0.561904,
        "500" : 0.074485,
        "750" : 0.000000,
        "1000" : 0.000000,
        "2000" : 0.000000,
        ">=2000" : 0.000000
      },
      "latency_depth" : 8,
      "latency_target" : 0,
      "latency_percentile" : 100.000000,
      "latency_window" : 0
    }
  ]
}
