{
  "fio version" : "fio-3.23",
  "timestamp" : 1756960460,
  "timestamp_ms" : 1756960460494,
  "time" : "Thu Sep  4 04:34:20 2025",
  "jobs" : [
    {
      "jobname" : "SeqW-2M-16-8",
      "groupid" : 0,
      "error" : 0,
      "eta" : 0,
      "elapsed" : 61,
      "job options" : {
        "name" : "SeqW-2M-16-8",
        "numjobs" : "16",
        "runtime" : "60",
        "directory" : "/tmp/e2sar/rgeorge-fio_test-p1s_SeqW-2M-16-8",
        "direct" : "1",
        "buffered" : "0",
        "rw" : "write",
        "unified_rw_reporting" : "0",
        "randrepeat" : "0",
        "bs" : "2M",
        "size" : "128M",
        "ioengine" : "pvsync",
        "iodepth" : "8",
        "lat_percentiles" : "1"
      },
      "read" : {
        "io_bytes" : 0,
        "io_kbytes" : 0,
        "bw_bytes" : 0,
        "bw" : 0,
        "iops" : 0.000000,
        "runtime" : 0,
        "total_ios" : 0,
        "short_ios" : 0,
        "drop_ios" : 0,
        "slat_ns" : {
          "min" : 0,
          "max" : 0,
          "mean" : 0.000000,
          "stddev" : 0.000000,
          "N" : 0
        },
        "clat_ns" : {
          "min" : 0,
          "max" : 0,
          "mean" : 0.000000,
          "stddev" : 0.000000,
          "N" : 0
        },
        "lat_ns" : {
          "min" : 0,
          "max" : 0,
          "mean" : 0.000000,
          "stddev" : 0.000000,
          "N" : 0
        },
        "bw_min" : 0,
        "bw_max" : 0,
        "bw_agg" : 0.000000,
        "bw_mean" : 0.000000,
        "bw_dev" : 0.000000,
        "bw_samples" : 0,
        "iops_min" : 0,
        "iops_max" : 0,
        "iops_mean" : 0.000000,
        "iops_stddev" : 0.000000,
        "iops_samples" : 0
      },
      "write" : {
        "io_bytes" : 651518017536,
        "io_kbytes" : 636248064,
        "bw_bytes" : 10858090721,
        "bw" : 10603604,
        "iops" : 5177.541123,
        "runtime" : 60003,
        "total_ios" : 310668,
        "short_ios" : 0,
        "drop_ios" : 0,
        "slat_ns" : {
          "min" : 0,
          "max" : 0,
          "mean" : 0.000000,
          "stddev" : 0.000000,
          "N" : 0
        },
        "clat_ns" : {
          "min" : 1536519,
          "max" : 646221235,
          "mean" : 2636715.742854,
          "stddev" : 6004293.601975,
          "N" : 310668,
          "percentile" : {
            "1.000000" : 1843200,
            "5.000000" : 1957888,
            "10.000000" : 2007040,
            "20.000000" : 2088960,
            "30.000000" : 2146304,
            "40.000000" : 2211840,
            "50.000000" : 2277376,
            "60.000000" : 2310144,
            "70.000000" : 2375680,
            "80.000000" : 2473984,
            "90.000000" : 2605056,
            "95.000000" : 2768896,
            "99.000000" : 4046848,
            "99.500000" : 17170432,
            "99.900000" : 91750400,
            "99.950000" : 127401984,
            "99.990000" : 256901120
          }
        },
        "lat_ns" : {
          "min" : 1537079,
          "max" : 646221464,
          "mean" : 2636863.154161,
          "stddev" : 6004303.561044,
          "N" : 310668,
          "percentile" : {
            "1.000000" : 1843200,
            "5.000000" : 1957888,
            "10.000000" : 2007040,
            "20.000000" : 2088960,
            "30.000000" : 2146304,
            "40.000000" : 2211840,
            "50.000000" : 2277376,
            "60.000000" : 2310144,
            "70.000000" : 2375680,
            "80.000000" : 2473984,
            "90.000000" : 2605056,
            "95.000000" : 2768896,
            "99.000000" : 4046848,
            "99.500000" : 17170432,
            "99.900000" : 91750400,
            "99.950000" : 127401984,
            "99.990000" : 256901120
          }
        },
        "bw_min" : 446209,
        "bw_max" : 12738827,
        "bw_agg" : 100.000000,
        "bw_mean" : 10616128.991597,
        "bw_dev" : 200538.480443,
        "bw_samples" : 1904,
        "iops_min" : 214,
        "iops_max" : 6219,
        "iops_mean" : 5183.134454,
        "iops_stddev" : 97.940279,
        "iops_samples" : 1904
      },
      "trim" : {
        "io_bytes" : 0,
        "io_kbytes" : 0,
        "bw_bytes" : 0,
        "bw" : 0,
        "iops" : 0.000000,
        "runtime" : 0,
        "total_ios" : 0,
        "short_ios" : 0,
        "drop_ios" : 0,
        "slat_ns" : {
          "min" : 0,
          "max" : 0,
          "mean" : 0.000000,
          "stddev" : 0.000000,
          "N" : 0
        },
        "clat_ns" : {
          "min" : 0,
          "max" : 0,
          "mean" : 0.000000,
          "stddev" : 0.000000,
          "N" : 0
        },
        "lat_ns" : {
          "min" : 0,
          "max" : 0,
          "mean" : 0.000000,
          "stddev" : 0.000000,
          "N" : 0
        },
        "bw_min" : 0,
        "bw_max" : 0,
        "bw_agg" : 0.000000,
        "bw_mean" : 0.000000,
        "bw_dev" : 0.000000,
        "bw_samples" : 0,
        "iops_min" : 0,
        "iops_max" : 0,
        "iops_mean" : 0.000000,
        "iops_stddev" : 0.000000,
        "iops_samples" : 0
      },
      "sync" : {
        "total_ios" : 0,
        "lat_ns" : {
          "min" : 0,
          "max" : 0,
          "mean" : 0.000000,
          "stddev" : 0.000000,
          "N" : 0
        }
      },
      "job_runtime" : 960011,
      "usr_cpu" : 14.635145,
      "sys_cpu" : 0.787908,
      "ctx" : 621518,
      "majf" : 0,
      "minf" : 208,
      "iodepth_level" : {
        "1" : 100.000000,
        "2" : 0.000000,
        "4" : 0.000000,
        "8" : 0.000000,
        "16" : 0.000000,
        "32" : 0.000000,
        ">=64" : 0.000000
      },
      "iodepth_submit" : {
        "0" : 0.000000,
        "4" : 100.000000,
        "8" : 0.000000,
        "16" : 0.000000,
        "32" : 0.000000,
        "64" : 0.000000,
        ">=64" : 0.000000
      },
      "iodepth_complete" : {
        "0" : 0.000000,
        "4" : 100.000000,
        "8" : 0.000000,
        "16" : 0.000000,
        "32" : 0.000000,
        "64" : 0.000000,
        ">=64" : 0.000000
      },
      "latency_ns" : {
        "2" : 0.000000,
        "4" : 0.000000,
        "10" : 0.000000,
        "20" : 0.000000,
        "50" : 0.000000,
        "100" : 0.000000,
        "250" : 0.000000,
        "500" : 0.000000,
        "750" : 0.000000,
        "1000" : 0.000000
      },
      "latency_us" : {
        "2" : 0.000000,
        "4" : 0.000000,
        "10" : 0.000000,
        "20" : 0.000000,
        "50" : 0.000000,
        "100" : 0.000000,
        "250" : 0.000000,
        "500" : 0.000000,
        "750" : 0.000000,
        "1000" : 0.000000
      },
      "latency_ms" : {
        "2" : 8.654577,
        "4" : 90.329870,
        "10" : 0.324784,
        "20" : 0.234334,
        "50" : 0.225643,
        "100" : 0.147746,
        "250" : 0.072103,
        "500" : 0.010622,
        "750" : 0.010000,
        "1000" : 0.000000,
        "2000" : 0.000000,
        ">=2000" : 0.000000
      },
      "latency_depth" : 8,
      "latency_target" : 0,
      "latency_percentile" : 100.000000,
      "latency_window" : 0
    }
  ]
}
