{
  "fio version" : "fio-3.23",
  "timestamp" : 1757508824,
  "timestamp_ms" : 1757508824475,
  "time" : "Wed Sep 10 12:53:44 2025",
  "jobs" : [
    {
      "jobname" : "SeqW-4M-32-4",
      "groupid" : 0,
      "error" : 0,
      "eta" : 0,
      "elapsed" : 61,
      "job options" : {
        "name" : "SeqW-4M-32-4",
        "rw" : "write",
        "unified_rw_reporting" : "0",
        "bs" : "4M",
        "numjobs" : "32",
        "iodepth" : "4",
        "runtime" : "60",
        "directory" : "/tmp/e2sar/rgeorge-fio_test-m_SeqW-4M-32-4",
        "direct" : "1",
        "buffered" : "0",
        "randrepeat" : "0",
        "size" : "128M",
        "ioengine" : "pvsync",
        "lat_percentiles" : "1"
      },
      "read" : {
        "io_bytes" : 0,
        "io_kbytes" : 0,
        "bw_bytes" : 0,
        "bw" : 0,
        "iops" : 0.000000,
        "runtime" : 0,
        "total_ios" : 0,
        "short_ios" : 0,
        "drop_ios" : 0,
        "slat_ns" : {
          "min" : 0,
          "max" : 0,
          "mean" : 0.000000,
          "stddev" : 0.000000,
          "N" : 0
        },
        "clat_ns" : {
          "min" : 0,
          "max" : 0,
          "mean" : 0.000000,
          "stddev" : 0.000000,
          "N" : 0
        },
        "lat_ns" : {
          "min" : 0,
          "max" : 0,
          "mean" : 0.000000,
          "stddev" : 0.000000,
          "N" : 0
        },
        "bw_min" : 0,
        "bw_max" : 0,
        "bw_agg" : 0.000000,
        "bw_mean" : 0.000000,
        "bw_dev" : 0.000000,
        "bw_samples" : 0,
        "iops_min" : 0,
        "iops_max" : 0,
        "iops_mean" : 0.000000,
        "iops_stddev" : 0.000000,
        "iops_samples" : 0
      },
      "write" : {
        "io_bytes" : 700025143296,
        "io_kbytes" : 683618304,
        "bw_bytes" : 11665530317,
        "bw" : 11392119,
        "iops" : 2781.279163,
        "runtime" : 60008,
        "total_ios" : 166899,
        "short_ios" : 0,
        "drop_ios" : 0,
        "slat_ns" : {
          "min" : 0,
          "max" : 0,
          "mean" : 0.000000,
          "stddev" : 0.000000,
          "N" : 0
        },
        "clat_ns" : {
          "min" : 4226678,
          "max" : 199548387,
          "mean" : 10441491.068850,
          "stddev" : 2749988.403579,
          "N" : 166899,
          "percentile" : {
            "1.000000" : 6389760,
            "5.000000" : 7503872,
            "10.000000" : 8093696,
            "20.000000" : 8847360,
            "30.000000" : 9371648,
            "40.000000" : 9895936,
            "50.000000" : 10289152,
            "60.000000" : 10813440,
            "70.000000" : 11337728,
            "80.000000" : 11862016,
            "90.000000" : 12779520,
            "95.000000" : 13434880,
            "99.000000" : 14876672,
            "99.500000" : 15400960,
            "99.900000" : 50069504,
            "99.950000" : 68681728,
            "99.990000" : 86507520
          }
        },
        "lat_ns" : {
          "min" : 4226868,
          "max" : 199548575,
          "mean" : 10441781.110486,
          "stddev" : 2749990.649498,
          "N" : 166899,
          "percentile" : {
            "1.000000" : 6389760,
            "5.000000" : 7503872,
            "10.000000" : 8093696,
            "20.000000" : 8847360,
            "30.000000" : 9371648,
            "40.000000" : 9895936,
            "50.000000" : 10289152,
            "60.000000" : 10813440,
            "70.000000" : 11337728,
            "80.000000" : 11862016,
            "90.000000" : 12779520,
            "95.000000" : 13434880,
            "99.000000" : 14876672,
            "99.500000" : 15400960,
            "99.900000" : 50069504,
            "99.950000" : 68681728,
            "99.990000" : 86507520
          }
        },
        "bw_min" : 9362851,
        "bw_max" : 12378112,
        "bw_agg" : 100.000000,
        "bw_mean" : 11398233.571429,
        "bw_dev" : 13426.078852,
        "bw_samples" : 3808,
        "iops_min" : 2285,
        "iops_max" : 3022,
        "iops_mean" : 2782.764706,
        "iops_stddev" : 3.278768,
        "iops_samples" : 3808
      },
      "trim" : {
        "io_bytes" : 0,
        "io_kbytes" : 0,
        "bw_bytes" : 0,
        "bw" : 0,
        "iops" : 0.000000,
        "runtime" : 0,
        "total_ios" : 0,
        "short_ios" : 0,
        "drop_ios" : 0,
        "slat_ns" : {
          "min" : 0,
          "max" : 0,
          "mean" : 0.000000,
          "stddev" : 0.000000,
          "N" : 0
        },
        "clat_ns" : {
          "min" : 0,
          "max" : 0,
          "mean" : 0.000000,
          "stddev" : 0.000000,
          "N" : 0
        },
        "lat_ns" : {
          "min" : 0,
          "max" : 0,
          "mean" : 0.000000,
          "stddev" : 0.000000,
          "N" : 0
        },
        "bw_min" : 0,
        "bw_max" : 0,
        "bw_agg" : 0.000000,
        "bw_mean" : 0.000000,
        "bw_dev" : 0.000000,
        "bw_samples" : 0,
        "iops_min" : 0,
        "iops_max" : 0,
        "iops_mean" : 0.000000,
        "iops_stddev" : 0.000000,
        "iops_samples" : 0
      },
      "sync" : {
        "total_ios" : 0,
        "lat_ns" : {
          "min" : 0,
          "max" : 0,
          "mean" : 0.000000,
          "stddev" : 0.000000,
          "N" : 0
        }
      },
      "job_runtime" : 1920098,
      "usr_cpu" : 9.216248,
      "sys_cpu" : 0.413573,
      "ctx" : 668280,
      "majf" : 0,
      "minf" : 345,
      "iodepth_level" : {
        "1" : 100.000000,
        "2" : 0.000000,
        "4" : 0.000000,
        "8" : 0.000000,
        "16" : 0.000000,
        "32" : 0.000000,
        ">=64" : 0.000000
      },
      "iodepth_submit" : {
        "0" : 0.000000,
        "4" : 100.000000,
        "8" : 0.000000,
        "16" : 0.000000,
        "32" : 0.000000,
        "64" : 0.000000,
        ">=64" : 0.000000
      },
      "iodepth_complete" : {
        "0" : 0.000000,
        "4" : 100.000000,
        "8" : 0.000000,
        "16" : 0.000000,
        "32" : 0.000000,
        "64" : 0.000000,
        ">=64" : 0.000000
      },
      "latency_ns" : {
        "2" : 0.000000,
        "4" : 0.000000,
        "10" : 0.000000,
        "20" : 0.000000,
        "50" : 0.000000,
        "100" : 0.000000,
        "250" : 0.000000,
        "500" : 0.000000,
        "750" : 0.000000,
        "1000" : 0.000000
      },
      "latency_us" : {
        "2" : 0.000000,
        "4" : 0.000000,
        "10" : 0.000000,
        "20" : 0.000000,
        "50" : 0.000000,
        "100" : 0.000000,
        "250" : 0.000000,
        "500" : 0.000000,
        "750" : 0.000000,
        "1000" : 0.000000
      },
      "latency_ms" : {
        "2" : 0.000000,
        "4" : 0.000000,
        "10" : 43.423268,
        "20" : 56.429338,
        "50" : 0.047334,
        "100" : 0.098263,
        "250" : 0.010000,
        "500" : 0.000000,
        "750" : 0.000000,
        "1000" : 0.000000,
        "2000" : 0.000000,
        ">=2000" : 0.000000
      },
      "latency_depth" : 4,
      "latency_target" : 0,
      "latency_percentile" : 100.000000,
      "latency_window" : 0
    }
  ]
}
