{
  "fio version" : "fio-3.23",
  "timestamp" : 1757510823,
  "timestamp_ms" : 1757510823841,
  "time" : "Wed Sep 10 13:27:03 2025",
  "jobs" : [
    {
      "jobname" : "RandRH-4M-64-8",
      "groupid" : 0,
      "error" : 0,
      "eta" : 0,
      "elapsed" : 61,
      "job options" : {
        "name" : "RandRH-4M-64-8",
        "rw" : "randrw",
        "rwmixread" : "80",
        "unified_rw_reporting" : "1",
        "bs" : "4M",
        "numjobs" : "64",
        "iodepth" : "8",
        "runtime" : "60",
        "directory" : "/tmp/e2sar/rgeorge-fio_test-m_RandRH-4M-64-8",
        "direct" : "1",
        "buffered" : "0",
        "randrepeat" : "0",
        "size" : "128M",
        "ioengine" : "pvsync",
        "lat_percentiles" : "1"
      },
      "mixed" : {
        "io_bytes" : 169164668928,
        "io_kbytes" : 165199872,
        "bw_bytes" : 2815282068,
        "bw" : 2749298,
        "iops" : 671.215551,
        "runtime" : 60088,
        "total_ios" : 40332,
        "short_ios" : 0,
        "drop_ios" : 0,
        "slat_ns" : {
          "min" : 0,
          "max" : 0,
          "mean" : 0.000000,
          "stddev" : 0.000000,
          "N" : 0
        },
        "clat_ns" : {
          "min" : 3928492,
          "max" : 310817130,
          "mean" : 94880647.568953,
          "stddev" : 12887012.899871,
          "N" : 40332,
          "percentile" : {
            "1.000000" : 77070336,
            "5.000000" : 84410368,
            "10.000000" : 86507520,
            "20.000000" : 89653248,
            "30.000000" : 91750400,
            "40.000000" : 92798976,
            "50.000000" : 93847552,
            "60.000000" : 95944704,
            "70.000000" : 96993280,
            "80.000000" : 98041856,
            "90.000000" : 100139008,
            "95.000000" : 102236160,
            "99.000000" : 166723584,
            "99.500000" : 181403648,
            "99.900000" : 214958080,
            "99.950000" : 231735296,
            "99.990000" : 258998272
          }
        },
        "lat_ns" : {
          "min" : 3928657,
          "max" : 310817197,
          "mean" : 94880839.613012,
          "stddev" : 12886996.273519,
          "N" : 40332,
          "percentile" : {
            "1.000000" : 77070336,
            "5.000000" : 84410368,
            "10.000000" : 86507520,
            "20.000000" : 89653248,
            "30.000000" : 91750400,
            "40.000000" : 92798976,
            "50.000000" : 93847552,
            "60.000000" : 95944704,
            "70.000000" : 96993280,
            "80.000000" : 98041856,
            "90.000000" : 100139008,
            "95.000000" : 102236160,
            "99.000000" : 166723584,
            "99.500000" : 181403648,
            "99.900000" : 214958080,
            "99.950000" : 231735296,
            "99.990000" : 258998272
          }
        },
        "bw_min" : 1350834,
        "bw_max" : 5389942,
        "bw_agg" : 100.000000,
        "bw_mean" : 3011735.956330,
        "bw_dev" : 7352.633653,
        "bw_samples" : 12827,
        "iops_min" : 284,
        "iops_max" : 1313,
        "iops_mean" : 732.520874,
        "iops_stddev" : 1.799837,
        "iops_samples" : 12827
      },
      "job_runtime" : 3842130,
      "usr_cpu" : 0.205641,
      "sys_cpu" : 0.056739,
      "ctx" : 161780,
      "majf" : 0,
      "minf" : 875,
      "iodepth_level" : {
        "1" : 100.000000,
        "2" : 0.000000,
        "4" : 0.000000,
        "8" : 0.000000,
        "16" : 0.000000,
        "32" : 0.000000,
        ">=64" : 0.000000
      },
      "iodepth_submit" : {
        "0" : 0.000000,
        "4" : 100.000000,
        "8" : 0.000000,
        "16" : 0.000000,
        "32" : 0.000000,
        "64" : 0.000000,
        ">=64" : 0.000000
      },
      "iodepth_complete" : {
        "0" : 0.000000,
        "4" : 100.000000,
        "8" : 0.000000,
        "16" : 0.000000,
        "32" : 0.000000,
        "64" : 0.000000,
        ">=64" : 0.000000
      },
      "latency_ns" : {
        "2" : 0.000000,
        "4" : 0.000000,
        "10" : 0.000000,
        "20" : 0.000000,
        "50" : 0.000000,
        "100" : 0.000000,
        "250" : 0.000000,
        "500" : 0.000000,
        "750" : 0.000000,
        "1000" : 0.000000
      },
      "latency_us" : {
        "2" : 0.000000,
        "4" : 0.000000,
        "10" : 0.000000,
        "20" : 0.000000,
        "50" : 0.000000,
        "100" : 0.000000,
        "250" : 0.000000,
        "500" : 0.000000,
        "750" : 0.000000,
        "1000" : 0.000000
      },
      "latency_ms" : {
        "2" : 0.000000,
        "4" : 0.010000,
        "10" : 0.044630,
        "20" : 0.094218,
        "50" : 0.213230,
        "100" : 87.974809,
        "250" : 11.650798,
        "500" : 0.017356,
        "750" : 0.000000,
        "1000" : 0.000000,
        "2000" : 0.000000,
        ">=2000" : 0.000000
      },
      "latency_depth" : 8,
      "latency_target" : 0,
      "latency_percentile" : 100.000000,
      "latency_window" : 0
    }
  ]
}
