{
  "fio version" : "fio-3.23",
  "timestamp" : 1757512186,
  "timestamp_ms" : 1757512186272,
  "time" : "Wed Sep 10 13:49:46 2025",
  "jobs" : [
    {
      "jobname" : "RandBal-4M-64-32",
      "groupid" : 0,
      "error" : 0,
      "eta" : 0,
      "elapsed" : 62,
      "job options" : {
        "name" : "RandBal-4M-64-32",
        "rw" : "randrw",
        "unified_rw_reporting" : "1",
        "bs" : "4M",
        "numjobs" : "64",
        "iodepth" : "32",
        "runtime" : "60",
        "directory" : "/tmp/e2sar/rgeorge-fio_test-m_RandBal-4M-64-32",
        "direct" : "1",
        "buffered" : "0",
        "randrepeat" : "0",
        "size" : "128M",
        "ioengine" : "pvsync",
        "lat_percentiles" : "1"
      },
      "mixed" : {
        "io_bytes" : 213494267904,
        "io_kbytes" : 208490496,
        "bw_bytes" : 3554328037,
        "bw" : 3471023,
        "iops" : 847.417840,
        "runtime" : 60066,
        "total_ios" : 50901,
        "short_ios" : 0,
        "drop_ios" : 0,
        "slat_ns" : {
          "min" : 0,
          "max" : 0,
          "mean" : 0.000000,
          "stddev" : 0.000000,
          "N" : 0
        },
        "clat_ns" : {
          "min" : 3284006,
          "max" : 329904331,
          "mean" : 74848062.457201,
          "stddev" : 17175208.867318,
          "N" : 50901,
          "percentile" : {
            "1.000000" : 53215232,
            "5.000000" : 60030976,
            "10.000000" : 62652416,
            "20.000000" : 65798144,
            "30.000000" : 68681728,
            "40.000000" : 69730304,
            "50.000000" : 71827456,
            "60.000000" : 73924608,
            "70.000000" : 76021760,
            "80.000000" : 79167488,
            "90.000000" : 84410368,
            "95.000000" : 101187584,
            "99.000000" : 149946368,
            "99.500000" : 170917888,
            "99.900000" : 208666624,
            "99.950000" : 227540992,
            "99.990000" : 263192576
          }
        },
        "lat_ns" : {
          "min" : 3284089,
          "max" : 329904596,
          "mean" : 74848331.051826,
          "stddev" : 17175184.432487,
          "N" : 50901,
          "percentile" : {
            "1.000000" : 53215232,
            "5.000000" : 60030976,
            "10.000000" : 62652416,
            "20.000000" : 65798144,
            "30.000000" : 68681728,
            "40.000000" : 69730304,
            "50.000000" : 71827456,
            "60.000000" : 73924608,
            "70.000000" : 76021760,
            "80.000000" : 79167488,
            "90.000000" : 84410368,
            "95.000000" : 101187584,
            "99.000000" : 149946368,
            "99.500000" : 170917888,
            "99.900000" : 208666624,
            "99.950000" : 227540992,
            "99.990000" : 263192576
          }
        },
        "bw_min" : 1046825,
        "bw_max" : 7666792,
        "bw_agg" : 100.000000,
        "bw_mean" : 3515746.380391,
        "bw_dev" : 10874.375051,
        "bw_samples" : 15048,
        "iops_min" : 153,
        "iops_max" : 1864,
        "iops_mean" : 836.289508,
        "iops_stddev" : 2.679681,
        "iops_samples" : 15048
      },
      "job_runtime" : 3841525,
      "usr_cpu" : 0.661404,
      "sys_cpu" : 0.101418,
      "ctx" : 204281,
      "majf" : 0,
      "minf" : 835,
      "iodepth_level" : {
        "1" : 100.000000,
        "2" : 0.000000,
        "4" : 0.000000,
        "8" : 0.000000,
        "16" : 0.000000,
        "32" : 0.000000,
        ">=64" : 0.000000
      },
      "iodepth_submit" : {
        "0" : 0.000000,
        "4" : 100.000000,
        "8" : 0.000000,
        "16" : 0.000000,
        "32" : 0.000000,
        "64" : 0.000000,
        ">=64" : 0.000000
      },
      "iodepth_complete" : {
        "0" : 0.000000,
        "4" : 100.000000,
        "8" : 0.000000,
        "16" : 0.000000,
        "32" : 0.000000,
        "64" : 0.000000,
        ">=64" : 0.000000
      },
      "latency_ns" : {
        "2" : 0.000000,
        "4" : 0.000000,
        "10" : 0.000000,
        "20" : 0.000000,
        "50" : 0.000000,
        "100" : 0.000000,
        "250" : 0.000000,
        "500" : 0.000000,
        "750" : 0.000000,
        "1000" : 0.000000
      },
      "latency_us" : {
        "2" : 0.000000,
        "4" : 0.000000,
        "10" : 0.000000,
        "20" : 0.000000,
        "50" : 0.000000,
        "100" : 0.000000,
        "250" : 0.000000,
        "500" : 0.000000,
        "750" : 0.000000,
        "1000" : 0.000000
      },
      "latency_ms" : {
        "2" : 0.000000,
        "4" : 0.025540,
        "10" : 0.180743,
        "20" : 0.082513,
        "50" : 0.469539,
        "100" : 94.088525,
        "250" : 5.137424,
        "500" : 0.015717,
        "750" : 0.000000,
        "1000" : 0.000000,
        "2000" : 0.000000,
        ">=2000" : 0.000000
      },
      "latency_depth" : 32,
      "latency_target" : 0,
      "latency_percentile" : 100.000000,
      "latency_window" : 0
    }
  ]
}
