{
  "fio version" : "fio-3.23",
  "timestamp" : 1756990787,
  "timestamp_ms" : 1756990787237,
  "time" : "Thu Sep  4 12:59:47 2025",
  "jobs" : [
    {
      "jobname" : "RandR-2M-32-8",
      "groupid" : 0,
      "error" : 0,
      "eta" : 0,
      "elapsed" : 61,
      "job options" : {
        "name" : "RandR-2M-32-8",
        "numjobs" : "32",
        "runtime" : "60",
        "directory" : "/tmp/e2sar/rgeorge-fio_test-p2r_RandR-2M-32-8",
        "direct" : "1",
        "buffered" : "0",
        "rw" : "randread",
        "unified_rw_reporting" : "0",
        "randrepeat" : "0",
        "bs" : "2M",
        "size" : "128M",
        "ioengine" : "pvsync",
        "iodepth" : "8",
        "lat_percentiles" : "1"
      },
      "read" : {
        "io_bytes" : 171106631680,
        "io_kbytes" : 167096320,
        "bw_bytes" : 2851111935,
        "bw" : 2784288,
        "iops" : 1359.516113,
        "runtime" : 60014,
        "total_ios" : 81590,
        "short_ios" : 0,
        "drop_ios" : 0,
        "slat_ns" : {
          "min" : 0,
          "max" : 0,
          "mean" : 0.000000,
          "stddev" : 0.000000,
          "N" : 0
        },
        "clat_ns" : {
          "min" : 1276372,
          "max" : 831683486,
          "mean" : 23524784.249479,
          "stddev" : 14183602.442802,
          "N" : 81590,
          "percentile" : {
            "1.000000" : 5537792,
            "5.000000" : 19529728,
            "10.000000" : 20316160,
            "20.000000" : 20840448,
            "30.000000" : 21102592,
            "40.000000" : 21364736,
            "50.000000" : 21626880,
            "60.000000" : 22151168,
            "70.000000" : 22413312,
            "80.000000" : 23461888,
            "90.000000" : 24510464,
            "95.000000" : 25821184,
            "99.000000" : 88604672,
            "99.500000" : 119013376,
            "99.900000" : 227540992,
            "99.950000" : 267386880,
            "99.990000" : 308281344
          }
        },
        "lat_ns" : {
          "min" : 1276404,
          "max" : 831683520,
          "mean" : 23524847.492217,
          "stddev" : 14183610.379073,
          "N" : 81590,
          "percentile" : {
            "1.000000" : 5537792,
            "5.000000" : 19529728,
            "10.000000" : 20316160,
            "20.000000" : 20840448,
            "30.000000" : 21102592,
            "40.000000" : 21364736,
            "50.000000" : 21626880,
            "60.000000" : 22151168,
            "70.000000" : 22413312,
            "80.000000" : 23461888,
            "90.000000" : 24510464,
            "95.000000" : 25821184,
            "99.000000" : 88604672,
            "99.500000" : 119013376,
            "99.900000" : 227540992,
            "99.950000" : 267386880,
            "99.990000" : 308281344
          }
        },
        "bw_min" : 790528,
        "bw_max" : 3461120,
        "bw_agg" : 100.000000,
        "bw_mean" : 2786170.815268,
        "bw_dev" : 15260.052108,
        "bw_samples" : 3807,
        "iops_min" : 386,
        "iops_max" : 1690,
        "iops_mean" : 1360.419171,
        "iops_stddev" : 7.452059,
        "iops_samples" : 3807
      },
      "write" : {
        "io_bytes" : 0,
        "io_kbytes" : 0,
        "bw_bytes" : 0,
        "bw" : 0,
        "iops" : 0.000000,
        "runtime" : 0,
        "total_ios" : 0,
        "short_ios" : 0,
        "drop_ios" : 0,
        "slat_ns" : {
          "min" : 0,
          "max" : 0,
          "mean" : 0.000000,
          "stddev" : 0.000000,
          "N" : 0
        },
        "clat_ns" : {
          "min" : 0,
          "max" : 0,
          "mean" : 0.000000,
          "stddev" : 0.000000,
          "N" : 0
        },
        "lat_ns" : {
          "min" : 0,
          "max" : 0,
          "mean" : 0.000000,
          "stddev" : 0.000000,
          "N" : 0
        },
        "bw_min" : 0,
        "bw_max" : 0,
        "bw_agg" : 0.000000,
        "bw_mean" : 0.000000,
        "bw_dev" : 0.000000,
        "bw_samples" : 0,
        "iops_min" : 0,
        "iops_max" : 0,
        "iops_mean" : 0.000000,
        "iops_stddev" : 0.000000,
        "iops_samples" : 0
      },
      "trim" : {
        "io_bytes" : 0,
        "io_kbytes" : 0,
        "bw_bytes" : 0,
        "bw" : 0,
        "iops" : 0.000000,
        "runtime" : 0,
        "total_ios" : 0,
        "short_ios" : 0,
        "drop_ios" : 0,
        "slat_ns" : {
          "min" : 0,
          "max" : 0,
          "mean" : 0.000000,
          "stddev" : 0.000000,
          "N" : 0
        },
        "clat_ns" : {
          "min" : 0,
          "max" : 0,
          "mean" : 0.000000,
          "stddev" : 0.000000,
          "N" : 0
        },
        "lat_ns" : {
          "min" : 0,
          "max" : 0,
          "mean" : 0.000000,
          "stddev" : 0.000000,
          "N" : 0
        },
        "bw_min" : 0,
        "bw_max" : 0,
        "bw_agg" : 0.000000,
        "bw_mean" : 0.000000,
        "bw_dev" : 0.000000,
        "bw_samples" : 0,
        "iops_min" : 0,
        "iops_max" : 0,
        "iops_mean" : 0.000000,
        "iops_stddev" : 0.000000,
        "iops_samples" : 0
      },
      "sync" : {
        "total_ios" : 0,
        "lat_ns" : {
          "min" : 0,
          "max" : 0,
          "mean" : 0.000000,
          "stddev" : 0.000000,
          "N" : 0
        }
      },
      "job_runtime" : 1920216,
      "usr_cpu" : 0.006406,
      "sys_cpu" : 0.156597,
      "ctx" : 163342,
      "majf" : 0,
      "minf" : 16478,
      "iodepth_level" : {
        "1" : 100.000000,
        "2" : 0.000000,
        "4" : 0.000000,
        "8" : 0.000000,
        "16" : 0.000000,
        "32" : 0.000000,
        ">=64" : 0.000000
      },
      "iodepth_submit" : {
        "0" : 0.000000,
        "4" : 100.000000,
        "8" : 0.000000,
        "16" : 0.000000,
        "32" : 0.000000,
        "64" : 0.000000,
        ">=64" : 0.000000
      },
      "iodepth_complete" : {
        "0" : 0.000000,
        "4" : 100.000000,
        "8" : 0.000000,
        "16" : 0.000000,
        "32" : 0.000000,
        "64" : 0.000000,
        ">=64" : 0.000000
      },
      "latency_ns" : {
        "2" : 0.000000,
        "4" : 0.000000,
        "10" : 0.000000,
        "20" : 0.000000,
        "50" : 0.000000,
        "100" : 0.000000,
        "250" : 0.000000,
        "500" : 0.000000,
        "750" : 0.000000,
        "1000" : 0.000000
      },
      "latency_us" : {
        "2" : 0.000000,
        "4" : 0.000000,
        "10" : 0.000000,
        "20" : 0.000000,
        "50" : 0.000000,
        "100" : 0.000000,
        "250" : 0.000000,
        "500" : 0.000000,
        "750" : 0.000000,
        "1000" : 0.000000
      },
      "latency_ms" : {
        "2" : 0.343179,
        "4" : 0.463292,
        "10" : 0.709646,
        "20" : 5.357274,
        "50" : 90.980512,
        "100" : 1.407035,
        "250" : 0.669200,
        "500" : 0.068636,
        "750" : 0.000000,
        "1000" : 0.010000,
        "2000" : 0.000000,
        ">=2000" : 0.000000
      },
      "latency_depth" : 8,
      "latency_target" : 0,
      "latency_percentile" : 100.000000,
      "latency_window" : 0
    }
  ]
}
