{
  "fio version" : "fio-3.23",
  "timestamp" : 1757284645,
  "timestamp_ms" : 1757284645357,
  "time" : "Sun Sep  7 22:37:25 2025",
  "jobs" : [
    {
      "jobname" : "RandR-2M-128-8",
      "groupid" : 0,
      "error" : 0,
      "eta" : 0,
      "elapsed" : 62,
      "job options" : {
        "name" : "RandR-2M-128-8",
        "numjobs" : "128",
        "runtime" : "60",
        "directory" : "/tmp/e2sar/rgeorge-fio_test-p4r_RandR-2M-128-8",
        "direct" : "1",
        "buffered" : "0",
        "rw" : "randread",
        "unified_rw_reporting" : "0",
        "randrepeat" : "0",
        "bs" : "2M",
        "size" : "128M",
        "ioengine" : "pvsync",
        "iodepth" : "8",
        "lat_percentiles" : "1"
      },
      "read" : {
        "io_bytes" : 96198459392,
        "io_kbytes" : 93943808,
        "bw_bytes" : 1600134057,
        "bw" : 1562630,
        "iops" : 763.003377,
        "runtime" : 60119,
        "total_ios" : 45871,
        "short_ios" : 0,
        "drop_ios" : 0,
        "slat_ns" : {
          "min" : 0,
          "max" : 0,
          "mean" : 0.000000,
          "stddev" : 0.000000,
          "N" : 0
        },
        "clat_ns" : {
          "min" : 36383918,
          "max" : 1181436084,
          "mean" : 167469241.211572,
          "stddev" : 80627816.208538,
          "N" : 45871,
          "percentile" : {
            "1.000000" : 107479040,
            "5.000000" : 123207680,
            "10.000000" : 137363456,
            "20.000000" : 147849216,
            "30.000000" : 149946368,
            "40.000000" : 149946368,
            "50.000000" : 152043520,
            "60.000000" : 152043520,
            "70.000000" : 152043520,
            "80.000000" : 154140672,
            "90.000000" : 173015040,
            "95.000000" : 258998272,
            "99.000000" : 583008256,
            "99.500000" : 624951296,
            "99.900000" : 926941184,
            "99.950000" : 968884224,
            "99.990000" : 1115684864
          }
        },
        "lat_ns" : {
          "min" : 36385479,
          "max" : 1181436144,
          "mean" : 167469413.051885,
          "stddev" : 80627820.105007,
          "N" : 45871,
          "percentile" : {
            "1.000000" : 107479040,
            "5.000000" : 123207680,
            "10.000000" : 137363456,
            "20.000000" : 147849216,
            "30.000000" : 149946368,
            "40.000000" : 149946368,
            "50.000000" : 152043520,
            "60.000000" : 152043520,
            "70.000000" : 152043520,
            "80.000000" : 154140672,
            "90.000000" : 173015040,
            "95.000000" : 258998272,
            "99.000000" : 583008256,
            "99.500000" : 624951296,
            "99.900000" : 926941184,
            "99.950000" : 968884224,
            "99.990000" : 1115684864
          }
        },
        "bw_min" : 528384,
        "bw_max" : 2150400,
        "bw_agg" : 100.000000,
        "bw_mean" : 1586483.189731,
        "bw_dev" : 3200.273465,
        "bw_samples" : 15005,
        "iops_min" : 258,
        "iops_max" : 1050,
        "iops_mean" : 774.590969,
        "iops_stddev" : 1.562978,
        "iops_samples" : 15005
      },
      "write" : {
        "io_bytes" : 0,
        "io_kbytes" : 0,
        "bw_bytes" : 0,
        "bw" : 0,
        "iops" : 0.000000,
        "runtime" : 0,
        "total_ios" : 0,
        "short_ios" : 0,
        "drop_ios" : 0,
        "slat_ns" : {
          "min" : 0,
          "max" : 0,
          "mean" : 0.000000,
          "stddev" : 0.000000,
          "N" : 0
        },
        "clat_ns" : {
          "min" : 0,
          "max" : 0,
          "mean" : 0.000000,
          "stddev" : 0.000000,
          "N" : 0
        },
        "lat_ns" : {
          "min" : 0,
          "max" : 0,
          "mean" : 0.000000,
          "stddev" : 0.000000,
          "N" : 0
        },
        "bw_min" : 0,
        "bw_max" : 0,
        "bw_agg" : 0.000000,
        "bw_mean" : 0.000000,
        "bw_dev" : 0.000000,
        "bw_samples" : 0,
        "iops_min" : 0,
        "iops_max" : 0,
        "iops_mean" : 0.000000,
        "iops_stddev" : 0.000000,
        "iops_samples" : 0
      },
      "trim" : {
        "io_bytes" : 0,
        "io_kbytes" : 0,
        "bw_bytes" : 0,
        "bw" : 0,
        "iops" : 0.000000,
        "runtime" : 0,
        "total_ios" : 0,
        "short_ios" : 0,
        "drop_ios" : 0,
        "slat_ns" : {
          "min" : 0,
          "max" : 0,
          "mean" : 0.000000,
          "stddev" : 0.000000,
          "N" : 0
        },
        "clat_ns" : {
          "min" : 0,
          "max" : 0,
          "mean" : 0.000000,
          "stddev" : 0.000000,
          "N" : 0
        },
        "lat_ns" : {
          "min" : 0,
          "max" : 0,
          "mean" : 0.000000,
          "stddev" : 0.000000,
          "N" : 0
        },
        "bw_min" : 0,
        "bw_max" : 0,
        "bw_agg" : 0.000000,
        "bw_mean" : 0.000000,
        "bw_dev" : 0.000000,
        "bw_samples" : 0,
        "iops_min" : 0,
        "iops_max" : 0,
        "iops_mean" : 0.000000,
        "iops_stddev" : 0.000000,
        "iops_samples" : 0
      },
      "sync" : {
        "total_ios" : 0,
        "lat_ns" : {
          "min" : 0,
          "max" : 0,
          "mean" : 0.000000,
          "stddev" : 0.000000,
          "N" : 0
        }
      },
      "job_runtime" : 7689365,
      "usr_cpu" : 0.003043,
      "sys_cpu" : 0.034645,
      "ctx" : 92398,
      "majf" : 0,
      "minf" : 48674,
      "iodepth_level" : {
        "1" : 100.000000,
        "2" : 0.000000,
        "4" : 0.000000,
        "8" : 0.000000,
        "16" : 0.000000,
        "32" : 0.000000,
        ">=64" : 0.000000
      },
      "iodepth_submit" : {
        "0" : 0.000000,
        "4" : 100.000000,
        "8" : 0.000000,
        "16" : 0.000000,
        "32" : 0.000000,
        "64" : 0.000000,
        ">=64" : 0.000000
      },
      "iodepth_complete" : {
        "0" : 0.000000,
        "4" : 100.000000,
        "8" : 0.000000,
        "16" : 0.000000,
        "32" : 0.000000,
        "64" : 0.000000,
        ">=64" : 0.000000
      },
      "latency_ns" : {
        "2" : 0.000000,
        "4" : 0.000000,
        "10" : 0.000000,
        "20" : 0.000000,
        "50" : 0.000000,
        "100" : 0.000000,
        "250" : 0.000000,
        "500" : 0.000000,
        "750" : 0.000000,
        "1000" : 0.000000
      },
      "latency_us" : {
        "2" : 0.000000,
        "4" : 0.000000,
        "10" : 0.000000,
        "20" : 0.000000,
        "50" : 0.000000,
        "100" : 0.000000,
        "250" : 0.000000,
        "500" : 0.000000,
        "750" : 0.000000,
        "1000" : 0.000000
      },
      "latency_ms" : {
        "2" : 0.000000,
        "4" : 0.000000,
        "10" : 0.000000,
        "20" : 0.000000,
        "50" : 0.010000,
        "100" : 0.074121,
        "250" : 94.353731,
        "500" : 3.335441,
        "750" : 2.049225,
        "1000" : 0.148242,
        "2000" : 0.037060,
        ">=2000" : 0.000000
      },
      "latency_depth" : 8,
      "latency_target" : 0,
      "latency_percentile" : 100.000000,
      "latency_window" : 0
    }
  ]
}
