{
  "fio version" : "fio-3.23",
  "timestamp" : 1757086393,
  "timestamp_ms" : 1757086393210,
  "time" : "Fri Sep  5 15:33:13 2025",
  "jobs" : [
    {
      "jobname" : "SeqBal-4K-64-16",
      "groupid" : 0,
      "error" : 0,
      "eta" : 0,
      "elapsed" : 62,
      "job options" : {
        "name" : "SeqBal-4K-64-16",
        "numjobs" : "64",
        "runtime" : "60",
        "directory" : "/tmp/e2sar/rgeorge-fio_test-p3s_SeqBal-4K-64-16",
        "direct" : "1",
        "buffered" : "0",
        "rw" : "rw",
        "unified_rw_reporting" : "1",
        "randrepeat" : "0",
        "bs" : "4K",
        "size" : "128M",
        "ioengine" : "pvsync",
        "iodepth" : "16",
        "lat_percentiles" : "1"
      },
      "mixed" : {
        "io_bytes" : 13145505792,
        "io_kbytes" : 12837408,
        "bw_bytes" : 217493188,
        "bw" : 212395,
        "iops" : 53098.922917,
        "runtime" : 60441,
        "total_ios" : 3209352,
        "short_ios" : 0,
        "drop_ios" : 0,
        "slat_ns" : {
          "min" : 0,
          "max" : 0,
          "mean" : 0.000000,
          "stddev" : 0.000000,
          "N" : 0
        },
        "clat_ns" : {
          "min" : 121197,
          "max" : 675543075,
          "mean" : 1191604.178432,
          "stddev" : 6629881.734374,
          "N" : 3209352,
          "percentile" : {
            "1.000000" : 218112,
            "5.000000" : 522240,
            "10.000000" : 675840,
            "20.000000" : 823296,
            "30.000000" : 913408,
            "40.000000" : 978944,
            "50.000000" : 1036288,
            "60.000000" : 1089536,
            "70.000000" : 1155072,
            "80.000000" : 1220608,
            "90.000000" : 1302528,
            "95.000000" : 1417216,
            "99.000000" : 1843200,
            "99.500000" : 1957888,
            "99.900000" : 25034752,
            "99.950000" : 90701824,
            "99.990000" : 367001600
          }
        },
        "lat_ns" : {
          "min" : 121238,
          "max" : 675543178,
          "mean" : 1191675.650897,
          "stddev" : 6629882.084112,
          "N" : 3209352,
          "percentile" : {
            "1.000000" : 218112,
            "5.000000" : 522240,
            "10.000000" : 675840,
            "20.000000" : 823296,
            "30.000000" : 913408,
            "40.000000" : 978944,
            "50.000000" : 1036288,
            "60.000000" : 1089536,
            "70.000000" : 1155072,
            "80.000000" : 1220608,
            "90.000000" : 1302528,
            "95.000000" : 1417216,
            "99.000000" : 1843200,
            "99.500000" : 1957888,
            "99.900000" : 25034752,
            "99.950000" : 90701824,
            "99.990000" : 367001600
          }
        },
        "bw_min" : 2983,
        "bw_max" : 570992,
        "bw_agg" : 100.000000,
        "bw_mean" : 217145.788384,
        "bw_dev" : 686.713897,
        "bw_samples" : 15023,
        "iops_min" : 745,
        "iops_max" : 142748,
        "iops_mean" : 54286.378646,
        "iops_stddev" : 171.679459,
        "iops_samples" : 15023
      },
      "job_runtime" : 3842210,
      "usr_cpu" : 0.199703,
      "sys_cpu" : 0.486933,
      "ctx" : 3209816,
      "majf" : 0,
      "minf" : 1308,
      "iodepth_level" : {
        "1" : 100.000000,
        "2" : 0.000000,
        "4" : 0.000000,
        "8" : 0.000000,
        "16" : 0.000000,
        "32" : 0.000000,
        ">=64" : 0.000000
      },
      "iodepth_submit" : {
        "0" : 0.000000,
        "4" : 100.000000,
        "8" : 0.000000,
        "16" : 0.000000,
        "32" : 0.000000,
        "64" : 0.000000,
        ">=64" : 0.000000
      },
      "iodepth_complete" : {
        "0" : 0.000000,
        "4" : 100.000000,
        "8" : 0.000000,
        "16" : 0.000000,
        "32" : 0.000000,
        "64" : 0.000000,
        ">=64" : 0.000000
      },
      "latency_ns" : {
        "2" : 0.000000,
        "4" : 0.000000,
        "10" : 0.000000,
        "20" : 0.000000,
        "50" : 0.000000,
        "100" : 0.000000,
        "250" : 0.000000,
        "500" : 0.000000,
        "750" : 0.000000,
        "1000" : 0.000000
      },
      "latency_us" : {
        "2" : 0.000000,
        "4" : 0.000000,
        "10" : 0.000000,
        "20" : 0.000000,
        "50" : 0.000000,
        "100" : 0.000000,
        "250" : 1.376041,
        "500" : 3.233270,
        "750" : 9.672015,
        "1000" : 28.718788
      },
      "latency_ms" : {
        "2" : 56.579054,
        "4" : 0.101235,
        "10" : 0.157446,
        "20" : 0.054092,
        "50" : 0.036051,
        "100" : 0.027887,
        "250" : 0.020098,
        "500" : 0.023556,
        "750" : 0.010000,
        "1000" : 0.000000,
        "2000" : 0.000000,
        ">=2000" : 0.000000
      },
      "latency_depth" : 16,
      "latency_target" : 0,
      "latency_percentile" : 100.000000,
      "latency_window" : 0
    }
  ]
}
