{
  "fio version" : "fio-3.23",
  "timestamp" : 1757018520,
  "timestamp_ms" : 1757018520155,
  "time" : "Thu Sep  4 20:42:00 2025",
  "jobs" : [
    {
      "jobname" : "SeqW-4K-32-32",
      "groupid" : 0,
      "error" : 0,
      "eta" : 0,
      "elapsed" : 61,
      "job options" : {
        "name" : "SeqW-4K-32-32",
        "numjobs" : "32",
        "runtime" : "60",
        "directory" : "/tmp/e2sar/rgeorge-fio_test-p2s_SeqW-4K-32-32",
        "direct" : "1",
        "buffered" : "0",
        "rw" : "write",
        "unified_rw_reporting" : "0",
        "randrepeat" : "0",
        "bs" : "4K",
        "size" : "128M",
        "ioengine" : "pvsync",
        "iodepth" : "32",
        "lat_percentiles" : "1"
      },
      "read" : {
        "io_bytes" : 0,
        "io_kbytes" : 0,
        "bw_bytes" : 0,
        "bw" : 0,
        "iops" : 0.000000,
        "runtime" : 0,
        "total_ios" : 0,
        "short_ios" : 0,
        "drop_ios" : 0,
        "slat_ns" : {
          "min" : 0,
          "max" : 0,
          "mean" : 0.000000,
          "stddev" : 0.000000,
          "N" : 0
        },
        "clat_ns" : {
          "min" : 0,
          "max" : 0,
          "mean" : 0.000000,
          "stddev" : 0.000000,
          "N" : 0
        },
        "lat_ns" : {
          "min" : 0,
          "max" : 0,
          "mean" : 0.000000,
          "stddev" : 0.000000,
          "N" : 0
        },
        "bw_min" : 0,
        "bw_max" : 0,
        "bw_agg" : 0.000000,
        "bw_mean" : 0.000000,
        "bw_dev" : 0.000000,
        "bw_samples" : 0,
        "iops_min" : 0,
        "iops_max" : 0,
        "iops_mean" : 0.000000,
        "iops_stddev" : 0.000000,
        "iops_samples" : 0
      },
      "write" : {
        "io_bytes" : 19666534400,
        "io_kbytes" : 19205600,
        "bw_bytes" : 327770110,
        "bw" : 320087,
        "iops" : 80021.999633,
        "runtime" : 60001,
        "total_ios" : 4801400,
        "short_ios" : 0,
        "drop_ios" : 0,
        "slat_ns" : {
          "min" : 0,
          "max" : 0,
          "mean" : 0.000000,
          "stddev" : 0.000000,
          "N" : 0
        },
        "clat_ns" : {
          "min" : 115933,
          "max" : 469357278,
          "mean" : 397719.265415,
          "stddev" : 1317477.939453,
          "N" : 4801400,
          "percentile" : {
            "1.000000" : 185344,
            "5.000000" : 252928,
            "10.000000" : 284672,
            "20.000000" : 317440,
            "30.000000" : 342016,
            "40.000000" : 358400,
            "50.000000" : 374784,
            "60.000000" : 391168,
            "70.000000" : 407552,
            "80.000000" : 423936,
            "90.000000" : 456704,
            "95.000000" : 493568,
            "99.000000" : 659456,
            "99.500000" : 716800,
            "99.900000" : 2023424,
            "99.950000" : 8093696,
            "99.990000" : 66846720
          }
        },
        "lat_ns" : {
          "min" : 115978,
          "max" : 469357403,
          "mean" : 397787.753143,
          "stddev" : 1317478.012550,
          "N" : 4801400,
          "percentile" : {
            "1.000000" : 185344,
            "5.000000" : 252928,
            "10.000000" : 284672,
            "20.000000" : 317440,
            "30.000000" : 342016,
            "40.000000" : 358400,
            "50.000000" : 374784,
            "60.000000" : 391168,
            "70.000000" : 407552,
            "80.000000" : 423936,
            "90.000000" : 456704,
            "95.000000" : 493568,
            "99.000000" : 659456,
            "99.500000" : 716800,
            "99.900000" : 2023424,
            "99.950000" : 8093696,
            "99.990000" : 66846720
          }
        },
        "bw_min" : 132192,
        "bw_max" : 436261,
        "bw_agg" : 100.000000,
        "bw_mean" : 320691.857143,
        "bw_dev" : 1381.308604,
        "bw_samples" : 3808,
        "iops_min" : 33048,
        "iops_max" : 109065,
        "iops_mean" : 80172.957983,
        "iops_stddev" : 345.327725,
        "iops_samples" : 3808
      },
      "trim" : {
        "io_bytes" : 0,
        "io_kbytes" : 0,
        "bw_bytes" : 0,
        "bw" : 0,
        "iops" : 0.000000,
        "runtime" : 0,
        "total_ios" : 0,
        "short_ios" : 0,
        "drop_ios" : 0,
        "slat_ns" : {
          "min" : 0,
          "max" : 0,
          "mean" : 0.000000,
          "stddev" : 0.000000,
          "N" : 0
        },
        "clat_ns" : {
          "min" : 0,
          "max" : 0,
          "mean" : 0.000000,
          "stddev" : 0.000000,
          "N" : 0
        },
        "lat_ns" : {
          "min" : 0,
          "max" : 0,
          "mean" : 0.000000,
          "stddev" : 0.000000,
          "N" : 0
        },
        "bw_min" : 0,
        "bw_max" : 0,
        "bw_agg" : 0.000000,
        "bw_mean" : 0.000000,
        "bw_dev" : 0.000000,
        "bw_samples" : 0,
        "iops_min" : 0,
        "iops_max" : 0,
        "iops_mean" : 0.000000,
        "iops_stddev" : 0.000000,
        "iops_samples" : 0
      },
      "sync" : {
        "total_ios" : 0,
        "lat_ns" : {
          "min" : 0,
          "max" : 0,
          "mean" : 0.000000,
          "stddev" : 0.000000,
          "N" : 0
        }
      },
      "job_runtime" : 1920000,
      "usr_cpu" : 0.787969,
      "sys_cpu" : 1.270156,
      "ctx" : 4801656,
      "majf" : 0,
      "minf" : 426,
      "iodepth_level" : {
        "1" : 100.000000,
        "2" : 0.000000,
        "4" : 0.000000,
        "8" : 0.000000,
        "16" : 0.000000,
        "32" : 0.000000,
        ">=64" : 0.000000
      },
      "iodepth_submit" : {
        "0" : 0.000000,
        "4" : 100.000000,
        "8" : 0.000000,
        "16" : 0.000000,
        "32" : 0.000000,
        "64" : 0.000000,
        ">=64" : 0.000000
      },
      "iodepth_complete" : {
        "0" : 0.000000,
        "4" : 100.000000,
        "8" : 0.000000,
        "16" : 0.000000,
        "32" : 0.000000,
        "64" : 0.000000,
        ">=64" : 0.000000
      },
      "latency_ns" : {
        "2" : 0.000000,
        "4" : 0.000000,
        "10" : 0.000000,
        "20" : 0.000000,
        "50" : 0.000000,
        "100" : 0.000000,
        "250" : 0.000000,
        "500" : 0.000000,
        "750" : 0.000000,
        "1000" : 0.000000
      },
      "latency_us" : {
        "2" : 0.000000,
        "4" : 0.000000,
        "10" : 0.000000,
        "20" : 0.000000,
        "50" : 0.000000,
        "100" : 0.000000,
        "250" : 4.739659,
        "500" : 90.595993,
        "750" : 4.375786,
        "1000" : 0.162411
      },
      "latency_ms" : {
        "2" : 0.023910,
        "4" : 0.031866,
        "10" : 0.031158,
        "20" : 0.011476,
        "50" : 0.012809,
        "100" : 0.011747,
        "250" : 0.010000,
        "500" : 0.010000,
        "750" : 0.000000,
        "1000" : 0.000000,
        "2000" : 0.000000,
        ">=2000" : 0.000000
      },
      "latency_depth" : 32,
      "latency_target" : 0,
      "latency_percentile" : 100.000000,
      "latency_window" : 0
    }
  ]
}
