{
  "fio version" : "fio-3.23",
  "timestamp" : 1756961520,
  "timestamp_ms" : 1756961520583,
  "time" : "Thu Sep  4 04:52:00 2025",
  "jobs" : [
    {
      "jobname" : "SeqW-4K-16-16",
      "groupid" : 0,
      "error" : 0,
      "eta" : 0,
      "elapsed" : 61,
      "job options" : {
        "name" : "SeqW-4K-16-16",
        "numjobs" : "16",
        "runtime" : "60",
        "directory" : "/tmp/e2sar/rgeorge-fio_test-p1s_SeqW-4K-16-16",
        "direct" : "1",
        "buffered" : "0",
        "rw" : "write",
        "unified_rw_reporting" : "0",
        "randrepeat" : "0",
        "bs" : "4K",
        "size" : "128M",
        "ioengine" : "pvsync",
        "iodepth" : "16",
        "lat_percentiles" : "1"
      },
      "read" : {
        "io_bytes" : 0,
        "io_kbytes" : 0,
        "bw_bytes" : 0,
        "bw" : 0,
        "iops" : 0.000000,
        "runtime" : 0,
        "total_ios" : 0,
        "short_ios" : 0,
        "drop_ios" : 0,
        "slat_ns" : {
          "min" : 0,
          "max" : 0,
          "mean" : 0.000000,
          "stddev" : 0.000000,
          "N" : 0
        },
        "clat_ns" : {
          "min" : 0,
          "max" : 0,
          "mean" : 0.000000,
          "stddev" : 0.000000,
          "N" : 0
        },
        "lat_ns" : {
          "min" : 0,
          "max" : 0,
          "mean" : 0.000000,
          "stddev" : 0.000000,
          "N" : 0
        },
        "bw_min" : 0,
        "bw_max" : 0,
        "bw_agg" : 0.000000,
        "bw_mean" : 0.000000,
        "bw_dev" : 0.000000,
        "bw_samples" : 0,
        "iops_min" : 0,
        "iops_max" : 0,
        "iops_mean" : 0.000000,
        "iops_stddev" : 0.000000,
        "iops_samples" : 0
      },
      "write" : {
        "io_bytes" : 14535610368,
        "io_kbytes" : 14194932,
        "bw_bytes" : 242086677,
        "bw" : 236412,
        "iops" : 59103.192712,
        "runtime" : 60043,
        "total_ios" : 3548733,
        "short_ios" : 0,
        "drop_ios" : 0,
        "slat_ns" : {
          "min" : 0,
          "max" : 0,
          "mean" : 0.000000,
          "stddev" : 0.000000,
          "N" : 0
        },
        "clat_ns" : {
          "min" : 113329,
          "max" : 861608111,
          "mean" : 269016.651135,
          "stddev" : 1258455.268607,
          "N" : 3548733,
          "percentile" : {
            "1.000000" : 146432,
            "5.000000" : 177152,
            "10.000000" : 205824,
            "20.000000" : 228352,
            "30.000000" : 238592,
            "40.000000" : 244736,
            "50.000000" : 250880,
            "60.000000" : 257024,
            "70.000000" : 264192,
            "80.000000" : 272384,
            "90.000000" : 288768,
            "95.000000" : 305152,
            "99.000000" : 378880,
            "99.500000" : 403456,
            "99.900000" : 2088960,
            "99.950000" : 4112384,
            "99.990000" : 60030976
          }
        },
        "lat_ns" : {
          "min" : 113368,
          "max" : 861608147,
          "mean" : 269101.690698,
          "stddev" : 1258455.064879,
          "N" : 3548733,
          "percentile" : {
            "1.000000" : 146432,
            "5.000000" : 177152,
            "10.000000" : 205824,
            "20.000000" : 228352,
            "30.000000" : 238592,
            "40.000000" : 244736,
            "50.000000" : 250880,
            "60.000000" : 257024,
            "70.000000" : 264192,
            "80.000000" : 272384,
            "90.000000" : 288768,
            "95.000000" : 309248,
            "99.000000" : 378880,
            "99.500000" : 403456,
            "99.900000" : 2088960,
            "99.950000" : 4112384,
            "99.990000" : 60030976
          }
        },
        "bw_min" : 107184,
        "bw_max" : 274704,
        "bw_agg" : 100.000000,
        "bw_mean" : 237587.612021,
        "bw_dev" : 1853.018811,
        "bw_samples" : 1903,
        "iops_min" : 26796,
        "iops_max" : 68676,
        "iops_mean" : 59396.903005,
        "iops_stddev" : 463.254703,
        "iops_samples" : 1903
      },
      "trim" : {
        "io_bytes" : 0,
        "io_kbytes" : 0,
        "bw_bytes" : 0,
        "bw" : 0,
        "iops" : 0.000000,
        "runtime" : 0,
        "total_ios" : 0,
        "short_ios" : 0,
        "drop_ios" : 0,
        "slat_ns" : {
          "min" : 0,
          "max" : 0,
          "mean" : 0.000000,
          "stddev" : 0.000000,
          "N" : 0
        },
        "clat_ns" : {
          "min" : 0,
          "max" : 0,
          "mean" : 0.000000,
          "stddev" : 0.000000,
          "N" : 0
        },
        "lat_ns" : {
          "min" : 0,
          "max" : 0,
          "mean" : 0.000000,
          "stddev" : 0.000000,
          "N" : 0
        },
        "bw_min" : 0,
        "bw_max" : 0,
        "bw_agg" : 0.000000,
        "bw_mean" : 0.000000,
        "bw_dev" : 0.000000,
        "bw_samples" : 0,
        "iops_min" : 0,
        "iops_max" : 0,
        "iops_mean" : 0.000000,
        "iops_stddev" : 0.000000,
        "iops_samples" : 0
      },
      "sync" : {
        "total_ios" : 0,
        "lat_ns" : {
          "min" : 0,
          "max" : 0,
          "mean" : 0.000000,
          "stddev" : 0.000000,
          "N" : 0
        }
      },
      "job_runtime" : 960148,
      "usr_cpu" : 0.978078,
      "sys_cpu" : 1.890229,
      "ctx" : 3548852,
      "majf" : 0,
      "minf" : 211,
      "iodepth_level" : {
        "1" : 100.000000,
        "2" : 0.000000,
        "4" : 0.000000,
        "8" : 0.000000,
        "16" : 0.000000,
        "32" : 0.000000,
        ">=64" : 0.000000
      },
      "iodepth_submit" : {
        "0" : 0.000000,
        "4" : 100.000000,
        "8" : 0.000000,
        "16" : 0.000000,
        "32" : 0.000000,
        "64" : 0.000000,
        ">=64" : 0.000000
      },
      "iodepth_complete" : {
        "0" : 0.000000,
        "4" : 100.000000,
        "8" : 0.000000,
        "16" : 0.000000,
        "32" : 0.000000,
        "64" : 0.000000,
        ">=64" : 0.000000
      },
      "latency_ns" : {
        "2" : 0.000000,
        "4" : 0.000000,
        "10" : 0.000000,
        "20" : 0.000000,
        "50" : 0.000000,
        "100" : 0.000000,
        "250" : 0.000000,
        "500" : 0.000000,
        "750" : 0.000000,
        "1000" : 0.000000
      },
      "latency_us" : {
        "2" : 0.000000,
        "4" : 0.000000,
        "10" : 0.000000,
        "20" : 0.000000,
        "50" : 0.000000,
        "100" : 0.000000,
        "250" : 47.052427,
        "500" : 52.766438,
        "750" : 0.043706,
        "1000" : 0.010000
      },
      "latency_ms" : {
        "2" : 0.015301,
        "4" : 0.066756,
        "10" : 0.021698,
        "20" : 0.010000,
        "50" : 0.010000,
        "100" : 0.010032,
        "250" : 0.010000,
        "500" : 0.010000,
        "750" : 0.000000,
        "1000" : 0.010000,
        "2000" : 0.000000,
        ">=2000" : 0.000000
      },
      "latency_depth" : 16,
      "latency_target" : 0,
      "latency_percentile" : 100.000000,
      "latency_window" : 0
    }
  ]
}
