{
  "fio version" : "fio-3.23",
  "timestamp" : 1757365029,
  "timestamp_ms" : 1757365029493,
  "time" : "Mon Sep  8 20:57:09 2025",
  "jobs" : [
    {
      "jobname" : "34",
      "groupid" : 0,
      "error" : 0,
      "eta" : 0,
      "elapsed" : 62,
      "job options" : {
        "name" : "34",
        "rw" : "write",
        "unified_rw_reporting" : "0",
        "bs" : "4K",
        "numjobs" : "128",
        "iodepth" : "128",
        "runtime" : "60",
        "directory" : "/tmp/e2sar/rgeorge-fio_test-m_34",
        "direct" : "1",
        "buffered" : "0",
        "randrepeat" : "0",
        "size" : "128M",
        "ioengine" : "pvsync",
        "lat_percentiles" : "1"
      },
      "read" : {
        "io_bytes" : 0,
        "io_kbytes" : 0,
        "bw_bytes" : 0,
        "bw" : 0,
        "iops" : 0.000000,
        "runtime" : 0,
        "total_ios" : 0,
        "short_ios" : 0,
        "drop_ios" : 0,
        "slat_ns" : {
          "min" : 0,
          "max" : 0,
          "mean" : 0.000000,
          "stddev" : 0.000000,
          "N" : 0
        },
        "clat_ns" : {
          "min" : 0,
          "max" : 0,
          "mean" : 0.000000,
          "stddev" : 0.000000,
          "N" : 0
        },
        "lat_ns" : {
          "min" : 0,
          "max" : 0,
          "mean" : 0.000000,
          "stddev" : 0.000000,
          "N" : 0
        },
        "bw_min" : 0,
        "bw_max" : 0,
        "bw_agg" : 0.000000,
        "bw_mean" : 0.000000,
        "bw_dev" : 0.000000,
        "bw_samples" : 0,
        "iops_min" : 0,
        "iops_max" : 0,
        "iops_mean" : 0.000000,
        "iops_stddev" : 0.000000,
        "iops_samples" : 0
      },
      "write" : {
        "io_bytes" : 17924444160,
        "io_kbytes" : 17504340,
        "bw_bytes" : 298422418,
        "bw" : 291428,
        "iops" : 72857.035828,
        "runtime" : 60064,
        "total_ios" : 4376085,
        "short_ios" : 0,
        "drop_ios" : 0,
        "slat_ns" : {
          "min" : 0,
          "max" : 0,
          "mean" : 0.000000,
          "stddev" : 0.000000,
          "N" : 0
        },
        "clat_ns" : {
          "min" : 131000,
          "max" : 100031113,
          "mean" : 1745171.509619,
          "stddev" : 602079.484523,
          "N" : 4376085,
          "percentile" : {
            "1.000000" : 1499136,
            "5.000000" : 1630208,
            "10.000000" : 1646592,
            "20.000000" : 1679360,
            "30.000000" : 1712128,
            "40.000000" : 1728512,
            "50.000000" : 1744896,
            "60.000000" : 1761280,
            "70.000000" : 1777664,
            "80.000000" : 1794048,
            "90.000000" : 1826816,
            "95.000000" : 1859584,
            "99.000000" : 1925120,
            "99.500000" : 1990656,
            "99.900000" : 2244608,
            "99.950000" : 2867200,
            "99.990000" : 29491200
          }
        },
        "lat_ns" : {
          "min" : 131041,
          "max" : 100031216,
          "mean" : 1745264.126959,
          "stddev" : 602079.628121,
          "N" : 4376085,
          "percentile" : {
            "1.000000" : 1499136,
            "5.000000" : 1630208,
            "10.000000" : 1646592,
            "20.000000" : 1679360,
            "30.000000" : 1712128,
            "40.000000" : 1728512,
            "50.000000" : 1744896,
            "60.000000" : 1761280,
            "70.000000" : 1777664,
            "80.000000" : 1794048,
            "90.000000" : 1826816,
            "95.000000" : 1859584,
            "99.000000" : 1925120,
            "99.500000" : 1990656,
            "99.900000" : 2244608,
            "99.950000" : 2867200,
            "99.990000" : 29491200
          }
        },
        "bw_min" : 180363,
        "bw_max" : 374808,
        "bw_agg" : 100.000000,
        "bw_mean" : 292381.634098,
        "bw_dev" : 164.738837,
        "bw_samples" : 15212,
        "iops_min" : 45088,
        "iops_max" : 93702,
        "iops_mean" : 73095.385415,
        "iops_stddev" : 41.186803,
        "iops_samples" : 15212
      },
      "trim" : {
        "io_bytes" : 0,
        "io_kbytes" : 0,
        "bw_bytes" : 0,
        "bw" : 0,
        "iops" : 0.000000,
        "runtime" : 0,
        "total_ios" : 0,
        "short_ios" : 0,
        "drop_ios" : 0,
        "slat_ns" : {
          "min" : 0,
          "max" : 0,
          "mean" : 0.000000,
          "stddev" : 0.000000,
          "N" : 0
        },
        "clat_ns" : {
          "min" : 0,
          "max" : 0,
          "mean" : 0.000000,
          "stddev" : 0.000000,
          "N" : 0
        },
        "lat_ns" : {
          "min" : 0,
          "max" : 0,
          "mean" : 0.000000,
          "stddev" : 0.000000,
          "N" : 0
        },
        "bw_min" : 0,
        "bw_max" : 0,
        "bw_agg" : 0.000000,
        "bw_mean" : 0.000000,
        "bw_dev" : 0.000000,
        "bw_samples" : 0,
        "iops_min" : 0,
        "iops_max" : 0,
        "iops_mean" : 0.000000,
        "iops_stddev" : 0.000000,
        "iops_samples" : 0
      },
      "sync" : {
        "total_ios" : 0,
        "lat_ns" : {
          "min" : 0,
          "max" : 0,
          "mean" : 0.000000,
          "stddev" : 0.000000,
          "N" : 0
        }
      },
      "job_runtime" : 7680773,
      "usr_cpu" : 0.176636,
      "sys_cpu" : 0.378399,
      "ctx" : 4377073,
      "majf" : 0,
      "minf" : 1540,
      "iodepth_level" : {
        "1" : 100.000000,
        "2" : 0.000000,
        "4" : 0.000000,
        "8" : 0.000000,
        "16" : 0.000000,
        "32" : 0.000000,
        ">=64" : 0.000000
      },
      "iodepth_submit" : {
        "0" : 0.000000,
        "4" : 100.000000,
        "8" : 0.000000,
        "16" : 0.000000,
        "32" : 0.000000,
        "64" : 0.000000,
        ">=64" : 0.000000
      },
      "iodepth_complete" : {
        "0" : 0.000000,
        "4" : 100.000000,
        "8" : 0.000000,
        "16" : 0.000000,
        "32" : 0.000000,
        "64" : 0.000000,
        ">=64" : 0.000000
      },
      "latency_ns" : {
        "2" : 0.000000,
        "4" : 0.000000,
        "10" : 0.000000,
        "20" : 0.000000,
        "50" : 0.000000,
        "100" : 0.000000,
        "250" : 0.000000,
        "500" : 0.000000,
        "750" : 0.000000,
        "1000" : 0.000000
      },
      "latency_us" : {
        "2" : 0.000000,
        "4" : 0.000000,
        "10" : 0.000000,
        "20" : 0.000000,
        "50" : 0.000000,
        "100" : 0.000000,
        "250" : 0.042298,
        "500" : 0.111058,
        "750" : 0.113161,
        "1000" : 0.121684
      },
      "latency_ms" : {
        "2" : 99.150336,
        "4" : 0.435092,
        "10" : 0.010000,
        "20" : 0.010000,
        "50" : 0.010000,
        "100" : 0.010000,
        "250" : 0.010000,
        "500" : 0.000000,
        "750" : 0.000000,
        "1000" : 0.000000,
        "2000" : 0.000000,
        ">=2000" : 0.000000
      },
      "latency_depth" : 128,
      "latency_target" : 0,
      "latency_percentile" : 100.000000,
      "latency_window" : 0
    }
  ]
}
