{
  "fio version" : "fio-3.23",
  "timestamp" : 1757506005,
  "timestamp_ms" : 1757506005733,
  "time" : "Wed Sep 10 12:06:45 2025",
  "jobs" : [
    {
      "jobname" : "SeqR-4M-32-4",
      "groupid" : 0,
      "error" : 0,
      "eta" : 0,
      "elapsed" : 61,
      "job options" : {
        "name" : "SeqR-4M-32-4",
        "rw" : "read",
        "unified_rw_reporting" : "0",
        "bs" : "4M",
        "numjobs" : "32",
        "iodepth" : "4",
        "runtime" : "60",
        "directory" : "/tmp/e2sar/rgeorge-fio_test-m_SeqR-4M-32-4",
        "direct" : "1",
        "buffered" : "0",
        "randrepeat" : "0",
        "size" : "128M",
        "ioengine" : "pvsync",
        "lat_percentiles" : "1"
      },
      "read" : {
        "io_bytes" : 178652184576,
        "io_kbytes" : 174465024,
        "bw_bytes" : 2976246702,
        "bw" : 2906490,
        "iops" : 709.592510,
        "runtime" : 60026,
        "total_ios" : 42594,
        "short_ios" : 0,
        "drop_ios" : 0,
        "slat_ns" : {
          "min" : 0,
          "max" : 0,
          "mean" : 0.000000,
          "stddev" : 0.000000,
          "N" : 0
        },
        "clat_ns" : {
          "min" : 19877219,
          "max" : 109970957,
          "mean" : 45067387.838311,
          "stddev" : 2386435.754645,
          "N" : 42594,
          "percentile" : {
            "1.000000" : 42729472,
            "5.000000" : 43253760,
            "10.000000" : 43778048,
            "20.000000" : 43778048,
            "30.000000" : 44302336,
            "40.000000" : 44302336,
            "50.000000" : 44826624,
            "60.000000" : 44826624,
            "70.000000" : 45350912,
            "80.000000" : 45875200,
            "90.000000" : 46399488,
            "95.000000" : 48496640,
            "99.000000" : 50069504,
            "99.500000" : 50593792,
            "99.900000" : 86507520,
            "99.950000" : 93847552,
            "99.990000" : 104333312
          }
        },
        "lat_ns" : {
          "min" : 19877241,
          "max" : 109971040,
          "mean" : 45067442.997136,
          "stddev" : 2386436.488150,
          "N" : 42594,
          "percentile" : {
            "1.000000" : 42729472,
            "5.000000" : 43253760,
            "10.000000" : 43778048,
            "20.000000" : 43778048,
            "30.000000" : 44302336,
            "40.000000" : 44302336,
            "50.000000" : 44826624,
            "60.000000" : 44826624,
            "70.000000" : 45350912,
            "80.000000" : 45875200,
            "90.000000" : 46399488,
            "95.000000" : 48496640,
            "99.000000" : 50069504,
            "99.500000" : 50593792,
            "99.900000" : 86507520,
            "99.950000" : 93847552,
            "99.990000" : 104333312
          }
        },
        "bw_min" : 2432876,
        "bw_max" : 3153920,
        "bw_agg" : 100.000000,
        "bw_mean" : 2908709.478992,
        "bw_dev" : 4231.840185,
        "bw_samples" : 3808,
        "iops_min" : 593,
        "iops_max" : 770,
        "iops_mean" : 710.126050,
        "iops_stddev" : 1.034315,
        "iops_samples" : 3808
      },
      "write" : {
        "io_bytes" : 0,
        "io_kbytes" : 0,
        "bw_bytes" : 0,
        "bw" : 0,
        "iops" : 0.000000,
        "runtime" : 0,
        "total_ios" : 0,
        "short_ios" : 0,
        "drop_ios" : 0,
        "slat_ns" : {
          "min" : 0,
          "max" : 0,
          "mean" : 0.000000,
          "stddev" : 0.000000,
          "N" : 0
        },
        "clat_ns" : {
          "min" : 0,
          "max" : 0,
          "mean" : 0.000000,
          "stddev" : 0.000000,
          "N" : 0
        },
        "lat_ns" : {
          "min" : 0,
          "max" : 0,
          "mean" : 0.000000,
          "stddev" : 0.000000,
          "N" : 0
        },
        "bw_min" : 0,
        "bw_max" : 0,
        "bw_agg" : 0.000000,
        "bw_mean" : 0.000000,
        "bw_dev" : 0.000000,
        "bw_samples" : 0,
        "iops_min" : 0,
        "iops_max" : 0,
        "iops_mean" : 0.000000,
        "iops_stddev" : 0.000000,
        "iops_samples" : 0
      },
      "trim" : {
        "io_bytes" : 0,
        "io_kbytes" : 0,
        "bw_bytes" : 0,
        "bw" : 0,
        "iops" : 0.000000,
        "runtime" : 0,
        "total_ios" : 0,
        "short_ios" : 0,
        "drop_ios" : 0,
        "slat_ns" : {
          "min" : 0,
          "max" : 0,
          "mean" : 0.000000,
          "stddev" : 0.000000,
          "N" : 0
        },
        "clat_ns" : {
          "min" : 0,
          "max" : 0,
          "mean" : 0.000000,
          "stddev" : 0.000000,
          "N" : 0
        },
        "lat_ns" : {
          "min" : 0,
          "max" : 0,
          "mean" : 0.000000,
          "stddev" : 0.000000,
          "N" : 0
        },
        "bw_min" : 0,
        "bw_max" : 0,
        "bw_agg" : 0.000000,
        "bw_mean" : 0.000000,
        "bw_dev" : 0.000000,
        "bw_samples" : 0,
        "iops_min" : 0,
        "iops_max" : 0,
        "iops_mean" : 0.000000,
        "iops_stddev" : 0.000000,
        "iops_samples" : 0
      },
      "sync" : {
        "total_ios" : 0,
        "lat_ns" : {
          "min" : 0,
          "max" : 0,
          "mean" : 0.000000,
          "stddev" : 0.000000,
          "N" : 0
        }
      },
      "job_runtime" : 1920478,
      "usr_cpu" : 0.005624,
      "sys_cpu" : 0.100496,
      "ctx" : 170536,
      "majf" : 0,
      "minf" : 8346,
      "iodepth_level" : {
        "1" : 100.000000,
        "2" : 0.000000,
        "4" : 0.000000,
        "8" : 0.000000,
        "16" : 0.000000,
        "32" : 0.000000,
        ">=64" : 0.000000
      },
      "iodepth_submit" : {
        "0" : 0.000000,
        "4" : 100.000000,
        "8" : 0.000000,
        "16" : 0.000000,
        "32" : 0.000000,
        "64" : 0.000000,
        ">=64" : 0.000000
      },
      "iodepth_complete" : {
        "0" : 0.000000,
        "4" : 100.000000,
        "8" : 0.000000,
        "16" : 0.000000,
        "32" : 0.000000,
        "64" : 0.000000,
        ">=64" : 0.000000
      },
      "latency_ns" : {
        "2" : 0.000000,
        "4" : 0.000000,
        "10" : 0.000000,
        "20" : 0.000000,
        "50" : 0.000000,
        "100" : 0.000000,
        "250" : 0.000000,
        "500" : 0.000000,
        "750" : 0.000000,
        "1000" : 0.000000
      },
      "latency_us" : {
        "2" : 0.000000,
        "4" : 0.000000,
        "10" : 0.000000,
        "20" : 0.000000,
        "50" : 0.000000,
        "100" : 0.000000,
        "250" : 0.000000,
        "500" : 0.000000,
        "750" : 0.000000,
        "1000" : 0.000000
      },
      "latency_ms" : {
        "2" : 0.000000,
        "4" : 0.000000,
        "10" : 0.000000,
        "20" : 0.010000,
        "50" : 98.870733,
        "100" : 1.108137,
        "250" : 0.018782,
        "500" : 0.000000,
        "750" : 0.000000,
        "1000" : 0.000000,
        "2000" : 0.000000,
        ">=2000" : 0.000000
      },
      "latency_depth" : 4,
      "latency_target" : 0,
      "latency_percentile" : 100.000000,
      "latency_window" : 0
    }
  ]
}
