{
  "fio version" : "fio-3.23",
  "timestamp" : 1756969513,
  "timestamp_ms" : 1756969513268,
  "time" : "Thu Sep  4 07:05:13 2025",
  "jobs" : [
    {
      "jobname" : "SeqBal-4M-16-128",
      "groupid" : 0,
      "error" : 0,
      "eta" : 0,
      "elapsed" : 61,
      "job options" : {
        "name" : "SeqBal-4M-16-128",
        "numjobs" : "16",
        "runtime" : "60",
        "directory" : "/tmp/e2sar/rgeorge-fio_test-p1s_SeqBal-4M-16-128",
        "direct" : "1",
        "buffered" : "0",
        "rw" : "rw",
        "unified_rw_reporting" : "1",
        "randrepeat" : "0",
        "bs" : "4M",
        "size" : "128M",
        "ioengine" : "pvsync",
        "iodepth" : "128",
        "lat_percentiles" : "1"
      },
      "mixed" : {
        "io_bytes" : 252983640064,
        "io_kbytes" : 247054336,
        "bw_bytes" : 4215761636,
        "bw" : 4116954,
        "iops" : 1005.115899,
        "runtime" : 60009,
        "total_ios" : 60316,
        "short_ios" : 0,
        "drop_ios" : 0,
        "slat_ns" : {
          "min" : 0,
          "max" : 0,
          "mean" : 0.000000,
          "stddev" : 0.000000,
          "N" : 0
        },
        "clat_ns" : {
          "min" : 2836971,
          "max" : 582259783,
          "mean" : 15492616.264540,
          "stddev" : 15237841.931287,
          "N" : 60316,
          "percentile" : {
            "1.000000" : 5537792,
            "5.000000" : 8290304,
            "10.000000" : 9633792,
            "20.000000" : 11337728,
            "30.000000" : 12517376,
            "40.000000" : 13303808,
            "50.000000" : 14090240,
            "60.000000" : 15007744,
            "70.000000" : 15794176,
            "80.000000" : 16908288,
            "90.000000" : 18219008,
            "95.000000" : 19791872,
            "99.000000" : 66322432,
            "99.500000" : 111673344,
            "99.900000" : 238026752,
            "99.950000" : 295698432,
            "99.990000" : 484442112
          }
        },
        "lat_ns" : {
          "min" : 2837005,
          "max" : 582259869,
          "mean" : 15492754.631889,
          "stddev" : 15237851.088317,
          "N" : 60316,
          "percentile" : {
            "1.000000" : 5537792,
            "5.000000" : 8290304,
            "10.000000" : 9633792,
            "20.000000" : 11337728,
            "30.000000" : 12517376,
            "40.000000" : 13303808,
            "50.000000" : 14090240,
            "60.000000" : 15007744,
            "70.000000" : 15794176,
            "80.000000" : 16908288,
            "90.000000" : 18219008,
            "95.000000" : 19791872,
            "99.000000" : 66322432,
            "99.500000" : 111673344,
            "99.900000" : 238026752,
            "99.950000" : 295698432,
            "99.990000" : 484442112
          }
        },
        "bw_min" : 491520,
        "bw_max" : 7487488,
        "bw_agg" : 100.000000,
        "bw_mean" : 4119582.348455,
        "bw_dev" : 39908.972840,
        "bw_samples" : 3803,
        "iops_min" : 120,
        "iops_max" : 1828,
        "iops_mean" : 1005.237929,
        "iops_stddev" : 9.741126,
        "iops_samples" : 3803
      },
      "job_runtime" : 960060,
      "usr_cpu" : 2.664208,
      "sys_cpu" : 0.296961,
      "ctx" : 241379,
      "majf" : 0,
      "minf" : 286,
      "iodepth_level" : {
        "1" : 100.000000,
        "2" : 0.000000,
        "4" : 0.000000,
        "8" : 0.000000,
        "16" : 0.000000,
        "32" : 0.000000,
        ">=64" : 0.000000
      },
      "iodepth_submit" : {
        "0" : 0.000000,
        "4" : 100.000000,
        "8" : 0.000000,
        "16" : 0.000000,
        "32" : 0.000000,
        "64" : 0.000000,
        ">=64" : 0.000000
      },
      "iodepth_complete" : {
        "0" : 0.000000,
        "4" : 100.000000,
        "8" : 0.000000,
        "16" : 0.000000,
        "32" : 0.000000,
        "64" : 0.000000,
        ">=64" : 0.000000
      },
      "latency_ns" : {
        "2" : 0.000000,
        "4" : 0.000000,
        "10" : 0.000000,
        "20" : 0.000000,
        "50" : 0.000000,
        "100" : 0.000000,
        "250" : 0.000000,
        "500" : 0.000000,
        "750" : 0.000000,
        "1000" : 0.000000
      },
      "latency_us" : {
        "2" : 0.000000,
        "4" : 0.000000,
        "10" : 0.000000,
        "20" : 0.000000,
        "50" : 0.000000,
        "100" : 0.000000,
        "250" : 0.000000,
        "500" : 0.000000,
        "750" : 0.000000,
        "1000" : 0.000000
      },
      "latency_ms" : {
        "2" : 0.000000,
        "4" : 0.072949,
        "10" : 11.363486,
        "20" : 83.906426,
        "50" : 3.373897,
        "100" : 0.678095,
        "250" : 0.508986,
        "500" : 0.086213,
        "750" : 0.010000,
        "1000" : 0.000000,
        "2000" : 0.000000,
        ">=2000" : 0.000000
      },
      "latency_depth" : 128,
      "latency_target" : 0,
      "latency_percentile" : 100.000000,
      "latency_window" : 0
    }
  ]
}
