{
  "fio version" : "fio-3.23",
  "timestamp" : 1757466188,
  "timestamp_ms" : 1757466188763,
  "time" : "Wed Sep 10 01:03:08 2025",
  "jobs" : [
    {
      "jobname" : "RandBal-2M-64-64",
      "groupid" : 0,
      "error" : 0,
      "eta" : 0,
      "elapsed" : 61,
      "job options" : {
        "name" : "RandBal-2M-64-64",
        "rw" : "randrw",
        "unified_rw_reporting" : "1",
        "bs" : "2M",
        "numjobs" : "64",
        "iodepth" : "64",
        "runtime" : "60",
        "directory" : "/tmp/e2sar/rgeorge-fio_test-m_RandBal-2M-64-64",
        "direct" : "1",
        "buffered" : "0",
        "randrepeat" : "0",
        "size" : "128M",
        "ioengine" : "pvsync",
        "lat_percentiles" : "1"
      },
      "mixed" : {
        "io_bytes" : 230145654784,
        "io_kbytes" : 224751616,
        "bw_bytes" : 3833588546,
        "bw" : 3743738,
        "iops" : 1827.997468,
        "runtime" : 60034,
        "total_ios" : 109742,
        "short_ios" : 0,
        "drop_ios" : 0,
        "slat_ns" : {
          "min" : 0,
          "max" : 0,
          "mean" : 0.000000,
          "stddev" : 0.000000,
          "N" : 0
        },
        "clat_ns" : {
          "min" : 1288914,
          "max" : 251649795,
          "mean" : 34706933.167912,
          "stddev" : 9515599.815797,
          "N" : 109742,
          "percentile" : {
            "1.000000" : 22937600,
            "5.000000" : 27131904,
            "10.000000" : 28704768,
            "20.000000" : 30277632,
            "30.000000" : 31588352,
            "40.000000" : 32374784,
            "50.000000" : 33423360,
            "60.000000" : 34340864,
            "70.000000" : 35389440,
            "80.000000" : 36962304,
            "90.000000" : 39059456,
            "95.000000" : 44826624,
            "99.000000" : 76021760,
            "99.500000" : 96993280,
            "99.900000" : 131596288,
            "99.950000" : 145752064,
            "99.990000" : 175112192
          }
        },
        "lat_ns" : {
          "min" : 1289021,
          "max" : 251649853,
          "mean" : 34707109.239462,
          "stddev" : 9515583.632472,
          "N" : 109742,
          "percentile" : {
            "1.000000" : 22937600,
            "5.000000" : 27131904,
            "10.000000" : 28704768,
            "20.000000" : 30277632,
            "30.000000" : 31588352,
            "40.000000" : 32374784,
            "50.000000" : 33423360,
            "60.000000" : 34340864,
            "70.000000" : 35389440,
            "80.000000" : 36962304,
            "90.000000" : 39059456,
            "95.000000" : 44826624,
            "99.000000" : 76021760,
            "99.500000" : 96993280,
            "99.900000" : 131596288,
            "99.950000" : 145752064,
            "99.990000" : 175112192
          }
        },
        "bw_min" : 1216462,
        "bw_max" : 6975488,
        "bw_agg" : 100.000000,
        "bw_mean" : 3744258.952286,
        "bw_dev" : 8331.114819,
        "bw_samples" : 15231,
        "iops_min" : 592,
        "iops_max" : 3406,
        "iops_mean" : 1827.125196,
        "iops_stddev" : 4.069121,
        "iops_samples" : 15231
      },
      "job_runtime" : 3840727,
      "usr_cpu" : 0.675133,
      "sys_cpu" : 0.072721,
      "ctx" : 220233,
      "majf" : 0,
      "minf" : 905,
      "iodepth_level" : {
        "1" : 100.000000,
        "2" : 0.000000,
        "4" : 0.000000,
        "8" : 0.000000,
        "16" : 0.000000,
        "32" : 0.000000,
        ">=64" : 0.000000
      },
      "iodepth_submit" : {
        "0" : 0.000000,
        "4" : 100.000000,
        "8" : 0.000000,
        "16" : 0.000000,
        "32" : 0.000000,
        "64" : 0.000000,
        ">=64" : 0.000000
      },
      "iodepth_complete" : {
        "0" : 0.000000,
        "4" : 100.000000,
        "8" : 0.000000,
        "16" : 0.000000,
        "32" : 0.000000,
        "64" : 0.000000,
        ">=64" : 0.000000
      },
      "latency_ns" : {
        "2" : 0.000000,
        "4" : 0.000000,
        "10" : 0.000000,
        "20" : 0.000000,
        "50" : 0.000000,
        "100" : 0.000000,
        "250" : 0.000000,
        "500" : 0.000000,
        "750" : 0.000000,
        "1000" : 0.000000
      },
      "latency_us" : {
        "2" : 0.000000,
        "4" : 0.000000,
        "10" : 0.000000,
        "20" : 0.000000,
        "50" : 0.000000,
        "100" : 0.000000,
        "250" : 0.000000,
        "500" : 0.000000,
        "750" : 0.000000,
        "1000" : 0.000000
      },
      "latency_ms" : {
        "2" : 0.041005,
        "4" : 0.115726,
        "10" : 0.113904,
        "20" : 0.372692,
        "50" : 95.235188,
        "100" : 3.674072,
        "250" : 0.446502,
        "500" : 0.010000,
        "750" : 0.000000,
        "1000" : 0.000000,
        "2000" : 0.000000,
        ">=2000" : 0.000000
      },
      "latency_depth" : 64,
      "latency_target" : 0,
      "latency_percentile" : 100.000000,
      "latency_window" : 0
    }
  ]
}
