{
  "fio version" : "fio-3.23",
  "timestamp" : 1757510146,
  "timestamp_ms" : 1757510146781,
  "time" : "Wed Sep 10 13:15:46 2025",
  "jobs" : [
    {
      "jobname" : "RandR-4M-128-16",
      "groupid" : 0,
      "error" : 0,
      "eta" : 0,
      "elapsed" : 62,
      "job options" : {
        "name" : "RandR-4M-128-16",
        "rw" : "randread",
        "unified_rw_reporting" : "0",
        "bs" : "4M",
        "numjobs" : "128",
        "iodepth" : "16",
        "runtime" : "60",
        "directory" : "/tmp/e2sar/rgeorge-fio_test-m_RandR-4M-128-16",
        "direct" : "1",
        "buffered" : "0",
        "randrepeat" : "0",
        "size" : "128M",
        "ioengine" : "pvsync",
        "lat_percentiles" : "1"
      },
      "read" : {
        "io_bytes" : 116542930944,
        "io_kbytes" : 113811456,
        "bw_bytes" : 1937667192,
        "bw" : 1892253,
        "iops" : 461.975859,
        "runtime" : 60146,
        "total_ios" : 27786,
        "short_ios" : 0,
        "drop_ios" : 0,
        "slat_ns" : {
          "min" : 0,
          "max" : 0,
          "mean" : 0.000000,
          "stddev" : 0.000000,
          "N" : 0
        },
        "clat_ns" : {
          "min" : 14961555,
          "max" : 404532805,
          "mean" : 276548000.896279,
          "stddev" : 13300338.432670,
          "N" : 27786,
          "percentile" : {
            "1.000000" : 267386880,
            "5.000000" : 270532608,
            "10.000000" : 270532608,
            "20.000000" : 270532608,
            "30.000000" : 274726912,
            "40.000000" : 274726912,
            "50.000000" : 274726912,
            "60.000000" : 274726912,
            "70.000000" : 274726912,
            "80.000000" : 274726912,
            "90.000000" : 278921216,
            "95.000000" : 299892736,
            "99.000000" : 354418688,
            "99.500000" : 367001600,
            "99.900000" : 383778816,
            "99.950000" : 387973120,
            "99.990000" : 400556032
          }
        },
        "lat_ns" : {
          "min" : 14962501,
          "max" : 404533080,
          "mean" : 276548191.075326,
          "stddev" : 13300335.673272,
          "N" : 27786,
          "percentile" : {
            "1.000000" : 267386880,
            "5.000000" : 270532608,
            "10.000000" : 270532608,
            "20.000000" : 270532608,
            "30.000000" : 274726912,
            "40.000000" : 274726912,
            "50.000000" : 274726912,
            "60.000000" : 274726912,
            "70.000000" : 274726912,
            "80.000000" : 274726912,
            "90.000000" : 278921216,
            "95.000000" : 299892736,
            "99.000000" : 354418688,
            "99.500000" : 367001600,
            "99.900000" : 383778816,
            "99.950000" : 387973120,
            "99.990000" : 400556032
          }
        },
        "bw_min" : 1046254,
        "bw_max" : 2097152,
        "bw_agg" : 99.968708,
        "bw_mean" : 1891661.511204,
        "bw_dev" : 3238.853670,
        "bw_samples" : 15254,
        "iops_min" : 128,
        "iops_max" : 512,
        "iops_mean" : 403.905812,
        "iops_stddev" : 0.952178,
        "iops_samples" : 15254
      },
      "write" : {
        "io_bytes" : 0,
        "io_kbytes" : 0,
        "bw_bytes" : 0,
        "bw" : 0,
        "iops" : 0.000000,
        "runtime" : 0,
        "total_ios" : 0,
        "short_ios" : 0,
        "drop_ios" : 0,
        "slat_ns" : {
          "min" : 0,
          "max" : 0,
          "mean" : 0.000000,
          "stddev" : 0.000000,
          "N" : 0
        },
        "clat_ns" : {
          "min" : 0,
          "max" : 0,
          "mean" : 0.000000,
          "stddev" : 0.000000,
          "N" : 0
        },
        "lat_ns" : {
          "min" : 0,
          "max" : 0,
          "mean" : 0.000000,
          "stddev" : 0.000000,
          "N" : 0
        },
        "bw_min" : 0,
        "bw_max" : 0,
        "bw_agg" : 0.000000,
        "bw_mean" : 0.000000,
        "bw_dev" : 0.000000,
        "bw_samples" : 0,
        "iops_min" : 0,
        "iops_max" : 0,
        "iops_mean" : 0.000000,
        "iops_stddev" : 0.000000,
        "iops_samples" : 0
      },
      "trim" : {
        "io_bytes" : 0,
        "io_kbytes" : 0,
        "bw_bytes" : 0,
        "bw" : 0,
        "iops" : 0.000000,
        "runtime" : 0,
        "total_ios" : 0,
        "short_ios" : 0,
        "drop_ios" : 0,
        "slat_ns" : {
          "min" : 0,
          "max" : 0,
          "mean" : 0.000000,
          "stddev" : 0.000000,
          "N" : 0
        },
        "clat_ns" : {
          "min" : 0,
          "max" : 0,
          "mean" : 0.000000,
          "stddev" : 0.000000,
          "N" : 0
        },
        "lat_ns" : {
          "min" : 0,
          "max" : 0,
          "mean" : 0.000000,
          "stddev" : 0.000000,
          "N" : 0
        },
        "bw_min" : 0,
        "bw_max" : 0,
        "bw_agg" : 0.000000,
        "bw_mean" : 0.000000,
        "bw_dev" : 0.000000,
        "bw_samples" : 0,
        "iops_min" : 0,
        "iops_max" : 0,
        "iops_mean" : 0.000000,
        "iops_stddev" : 0.000000,
        "iops_samples" : 0
      },
      "sync" : {
        "total_ios" : 0,
        "lat_ns" : {
          "min" : 0,
          "max" : 0,
          "mean" : 0.000000,
          "stddev" : 0.000000,
          "N" : 0
        }
      },
      "job_runtime" : 7691593,
      "usr_cpu" : 0.002600,
      "sys_cpu" : 0.024767,
      "ctx" : 111830,
      "majf" : 0,
      "minf" : 1508,
      "iodepth_level" : {
        "1" : 100.000000,
        "2" : 0.000000,
        "4" : 0.000000,
        "8" : 0.000000,
        "16" : 0.000000,
        "32" : 0.000000,
        ">=64" : 0.000000
      },
      "iodepth_submit" : {
        "0" : 0.000000,
        "4" : 100.000000,
        "8" : 0.000000,
        "16" : 0.000000,
        "32" : 0.000000,
        "64" : 0.000000,
        ">=64" : 0.000000
      },
      "iodepth_complete" : {
        "0" : 0.000000,
        "4" : 100.000000,
        "8" : 0.000000,
        "16" : 0.000000,
        "32" : 0.000000,
        "64" : 0.000000,
        ">=64" : 0.000000
      },
      "latency_ns" : {
        "2" : 0.000000,
        "4" : 0.000000,
        "10" : 0.000000,
        "20" : 0.000000,
        "50" : 0.000000,
        "100" : 0.000000,
        "250" : 0.000000,
        "500" : 0.000000,
        "750" : 0.000000,
        "1000" : 0.000000
      },
      "latency_us" : {
        "2" : 0.000000,
        "4" : 0.000000,
        "10" : 0.000000,
        "20" : 0.000000,
        "50" : 0.000000,
        "100" : 0.000000,
        "250" : 0.000000,
        "500" : 0.000000,
        "750" : 0.000000,
        "1000" : 0.000000
      },
      "latency_ms" : {
        "2" : 0.000000,
        "4" : 0.000000,
        "10" : 0.000000,
        "20" : 0.010000,
        "50" : 0.000000,
        "100" : 0.000000,
        "250" : 0.111567,
        "500" : 99.884834,
        "750" : 0.000000,
        "1000" : 0.000000,
        "2000" : 0.000000,
        ">=2000" : 0.000000
      },
      "latency_depth" : 16,
      "latency_target" : 0,
      "latency_percentile" : 100.000000,
      "latency_window" : 0
    }
  ]
}
