{
  "fio version" : "fio-3.23",
  "timestamp" : 1757467229,
  "timestamp_ms" : 1757467229742,
  "time" : "Wed Sep 10 01:20:29 2025",
  "jobs" : [
    {
      "jobname" : "RandWH-2M-64-64",
      "groupid" : 0,
      "error" : 0,
      "eta" : 0,
      "elapsed" : 62,
      "job options" : {
        "name" : "RandWH-2M-64-64",
        "rw" : "randrw",
        "rwmixread" : "20",
        "unified_rw_reporting" : "1",
        "bs" : "2M",
        "numjobs" : "64",
        "iodepth" : "64",
        "runtime" : "60",
        "directory" : "/tmp/e2sar/rgeorge-fio_test-m_RandWH-2M-64-64",
        "direct" : "1",
        "buffered" : "0",
        "randrepeat" : "0",
        "size" : "128M",
        "ioengine" : "pvsync",
        "lat_percentiles" : "1"
      },
      "mixed" : {
        "io_bytes" : 399647965184,
        "io_kbytes" : 390281216,
        "bw_bytes" : 6657359783,
        "bw" : 6501327,
        "iops" : 3174.476520,
        "runtime" : 60031,
        "total_ios" : 190567,
        "short_ios" : 0,
        "drop_ios" : 0,
        "slat_ns" : {
          "min" : 0,
          "max" : 0,
          "mean" : 0.000000,
          "stddev" : 0.000000,
          "N" : 0
        },
        "clat_ns" : {
          "min" : 1725717,
          "max" : 451228454,
          "mean" : 19726981.715942,
          "stddev" : 9301111.609210,
          "N" : 190567,
          "percentile" : {
            "1.000000" : 11468800,
            "5.000000" : 13434880,
            "10.000000" : 14483456,
            "20.000000" : 15663104,
            "30.000000" : 16449536,
            "40.000000" : 17170432,
            "50.000000" : 17956864,
            "60.000000" : 18743296,
            "70.000000" : 19791872,
            "80.000000" : 21102592,
            "90.000000" : 23724032,
            "95.000000" : 32112640,
            "99.000000" : 60030976,
            "99.500000" : 76021760,
            "99.900000" : 108527616,
            "99.950000" : 121110528,
            "99.990000" : 202375168
          }
        },
        "lat_ns" : {
          "min" : 1725786,
          "max" : 451228689,
          "mean" : 19727241.586387,
          "stddev" : 9301091.607433,
          "N" : 190567,
          "percentile" : {
            "1.000000" : 11468800,
            "5.000000" : 13434880,
            "10.000000" : 14483456,
            "20.000000" : 15663104,
            "30.000000" : 16449536,
            "40.000000" : 17170432,
            "50.000000" : 17956864,
            "60.000000" : 18743296,
            "70.000000" : 19791872,
            "80.000000" : 21102592,
            "90.000000" : 23724032,
            "95.000000" : 32112640,
            "99.000000" : 60030976,
            "99.500000" : 76021760,
            "99.900000" : 108527616,
            "99.950000" : 121110528,
            "99.990000" : 202375168
          }
        },
        "bw_min" : 3088375,
        "bw_max" : 10403070,
        "bw_agg" : 100.000000,
        "bw_mean" : 6508802.527110,
        "bw_dev" : 10862.760557,
        "bw_samples" : 15214,
        "iops_min" : 1507,
        "iops_max" : 5076,
        "iops_mean" : 3177.122515,
        "iops_stddev" : 5.302320,
        "iops_samples" : 15214
      },
      "job_runtime" : 3840419,
      "usr_cpu" : 2.057171,
      "sys_cpu" : 0.275126,
      "ctx" : 386107,
      "majf" : 0,
      "minf" : 957,
      "iodepth_level" : {
        "1" : 100.000000,
        "2" : 0.000000,
        "4" : 0.000000,
        "8" : 0.000000,
        "16" : 0.000000,
        "32" : 0.000000,
        ">=64" : 0.000000
      },
      "iodepth_submit" : {
        "0" : 0.000000,
        "4" : 100.000000,
        "8" : 0.000000,
        "16" : 0.000000,
        "32" : 0.000000,
        "64" : 0.000000,
        ">=64" : 0.000000
      },
      "iodepth_complete" : {
        "0" : 0.000000,
        "4" : 100.000000,
        "8" : 0.000000,
        "16" : 0.000000,
        "32" : 0.000000,
        "64" : 0.000000,
        ">=64" : 0.000000
      },
      "latency_ns" : {
        "2" : 0.000000,
        "4" : 0.000000,
        "10" : 0.000000,
        "20" : 0.000000,
        "50" : 0.000000,
        "100" : 0.000000,
        "250" : 0.000000,
        "500" : 0.000000,
        "750" : 0.000000,
        "1000" : 0.000000
      },
      "latency_us" : {
        "2" : 0.000000,
        "4" : 0.000000,
        "10" : 0.000000,
        "20" : 0.000000,
        "50" : 0.000000,
        "100" : 0.000000,
        "250" : 0.000000,
        "500" : 0.000000,
        "750" : 0.000000,
        "1000" : 0.000000
      },
      "latency_ms" : {
        "2" : 0.010000,
        "4" : 0.122267,
        "10" : 0.293335,
        "20" : 72.085933,
        "50" : 25.786731,
        "100" : 1.545913,
        "250" : 0.154276,
        "500" : 0.010000,
        "750" : 0.000000,
        "1000" : 0.000000,
        "2000" : 0.000000,
        ">=2000" : 0.000000
      },
      "latency_depth" : 64,
      "latency_target" : 0,
      "latency_percentile" : 100.000000,
      "latency_window" : 0
    }
  ]
}
