{
  "fio version" : "fio-3.23",
  "timestamp" : 1756988199,
  "timestamp_ms" : 1756988199589,
  "time" : "Thu Sep  4 12:16:39 2025",
  "jobs" : [
    {
      "jobname" : "RandW-4M-32-1",
      "groupid" : 0,
      "error" : 0,
      "eta" : 0,
      "elapsed" : 61,
      "job options" : {
        "name" : "RandW-4M-32-1",
        "numjobs" : "32",
        "runtime" : "60",
        "directory" : "/tmp/e2sar/rgeorge-fio_test-p2r_RandW-4M-32-1",
        "direct" : "1",
        "buffered" : "0",
        "rw" : "randwrite",
        "unified_rw_reporting" : "0",
        "randrepeat" : "0",
        "bs" : "4M",
        "size" : "128M",
        "ioengine" : "pvsync",
        "iodepth" : "1",
        "lat_percentiles" : "1"
      },
      "read" : {
        "io_bytes" : 0,
        "io_kbytes" : 0,
        "bw_bytes" : 0,
        "bw" : 0,
        "iops" : 0.000000,
        "runtime" : 0,
        "total_ios" : 0,
        "short_ios" : 0,
        "drop_ios" : 0,
        "slat_ns" : {
          "min" : 0,
          "max" : 0,
          "mean" : 0.000000,
          "stddev" : 0.000000,
          "N" : 0
        },
        "clat_ns" : {
          "min" : 0,
          "max" : 0,
          "mean" : 0.000000,
          "stddev" : 0.000000,
          "N" : 0
        },
        "lat_ns" : {
          "min" : 0,
          "max" : 0,
          "mean" : 0.000000,
          "stddev" : 0.000000,
          "N" : 0
        },
        "bw_min" : 0,
        "bw_max" : 0,
        "bw_agg" : 0.000000,
        "bw_mean" : 0.000000,
        "bw_dev" : 0.000000,
        "bw_samples" : 0,
        "iops_min" : 0,
        "iops_max" : 0,
        "iops_mean" : 0.000000,
        "iops_stddev" : 0.000000,
        "iops_samples" : 0
      },
      "write" : {
        "io_bytes" : 638872190976,
        "io_kbytes" : 623898624,
        "bw_bytes" : 10646095500,
        "bw" : 10396577,
        "iops" : 2538.226962,
        "runtime" : 60010,
        "total_ios" : 152319,
        "short_ios" : 0,
        "drop_ios" : 0,
        "slat_ns" : {
          "min" : 0,
          "max" : 0,
          "mean" : 0.000000,
          "stddev" : 0.000000,
          "N" : 0
        },
        "clat_ns" : {
          "min" : 3915440,
          "max" : 1034094986,
          "mean" : 11522621.531391,
          "stddev" : 15303758.930761,
          "N" : 152319,
          "percentile" : {
            "1.000000" : 5013504,
            "5.000000" : 7176192,
            "10.000000" : 8028160,
            "20.000000" : 8847360,
            "30.000000" : 9371648,
            "40.000000" : 9895936,
            "50.000000" : 10289152,
            "60.000000" : 10813440,
            "70.000000" : 11337728,
            "80.000000" : 11993088,
            "90.000000" : 12910592,
            "95.000000" : 13828096,
            "99.000000" : 34865152,
            "99.500000" : 89653248,
            "99.900000" : 254803968,
            "99.950000" : 291504128,
            "99.990000" : 400556032
          }
        },
        "lat_ns" : {
          "min" : 3915692,
          "max" : 1034095663,
          "mean" : 11522935.886948,
          "stddev" : 15303769.030534,
          "N" : 152319,
          "percentile" : {
            "1.000000" : 5013504,
            "5.000000" : 7176192,
            "10.000000" : 8028160,
            "20.000000" : 8847360,
            "30.000000" : 9371648,
            "40.000000" : 9895936,
            "50.000000" : 10289152,
            "60.000000" : 10813440,
            "70.000000" : 11337728,
            "80.000000" : 11993088,
            "90.000000" : 12910592,
            "95.000000" : 13828096,
            "99.000000" : 34865152,
            "99.500000" : 89653248,
            "99.900000" : 254803968,
            "99.950000" : 291504128,
            "99.990000" : 400556032
          }
        },
        "bw_min" : 630568,
        "bw_max" : 17477615,
        "bw_agg" : 100.000000,
        "bw_mean" : 10402490.555405,
        "bw_dev" : 84644.065989,
        "bw_samples" : 3806,
        "iops_min" : 149,
        "iops_max" : 4253,
        "iops_mean" : 2527.952144,
        "iops_stddev" : 20.617221,
        "iops_samples" : 3806
      },
      "trim" : {
        "io_bytes" : 0,
        "io_kbytes" : 0,
        "bw_bytes" : 0,
        "bw" : 0,
        "iops" : 0.000000,
        "runtime" : 0,
        "total_ios" : 0,
        "short_ios" : 0,
        "drop_ios" : 0,
        "slat_ns" : {
          "min" : 0,
          "max" : 0,
          "mean" : 0.000000,
          "stddev" : 0.000000,
          "N" : 0
        },
        "clat_ns" : {
          "min" : 0,
          "max" : 0,
          "mean" : 0.000000,
          "stddev" : 0.000000,
          "N" : 0
        },
        "lat_ns" : {
          "min" : 0,
          "max" : 0,
          "mean" : 0.000000,
          "stddev" : 0.000000,
          "N" : 0
        },
        "bw_min" : 0,
        "bw_max" : 0,
        "bw_agg" : 0.000000,
        "bw_mean" : 0.000000,
        "bw_dev" : 0.000000,
        "bw_samples" : 0,
        "iops_min" : 0,
        "iops_max" : 0,
        "iops_mean" : 0.000000,
        "iops_stddev" : 0.000000,
        "iops_samples" : 0
      },
      "sync" : {
        "total_ios" : 0,
        "lat_ns" : {
          "min" : 0,
          "max" : 0,
          "mean" : 0.000000,
          "stddev" : 0.000000,
          "N" : 0
        }
      },
      "job_runtime" : 1920115,
      "usr_cpu" : 8.549540,
      "sys_cpu" : 0.705218,
      "ctx" : 609927,
      "majf" : 0,
      "minf" : 383,
      "iodepth_level" : {
        "1" : 100.000000,
        "2" : 0.000000,
        "4" : 0.000000,
        "8" : 0.000000,
        "16" : 0.000000,
        "32" : 0.000000,
        ">=64" : 0.000000
      },
      "iodepth_submit" : {
        "0" : 0.000000,
        "4" : 100.000000,
        "8" : 0.000000,
        "16" : 0.000000,
        "32" : 0.000000,
        "64" : 0.000000,
        ">=64" : 0.000000
      },
      "iodepth_complete" : {
        "0" : 0.000000,
        "4" : 100.000000,
        "8" : 0.000000,
        "16" : 0.000000,
        "32" : 0.000000,
        "64" : 0.000000,
        ">=64" : 0.000000
      },
      "latency_ns" : {
        "2" : 0.000000,
        "4" : 0.000000,
        "10" : 0.000000,
        "20" : 0.000000,
        "50" : 0.000000,
        "100" : 0.000000,
        "250" : 0.000000,
        "500" : 0.000000,
        "750" : 0.000000,
        "1000" : 0.000000
      },
      "latency_us" : {
        "2" : 0.000000,
        "4" : 0.000000,
        "10" : 0.000000,
        "20" : 0.000000,
        "50" : 0.000000,
        "100" : 0.000000,
        "250" : 0.000000,
        "500" : 0.000000,
        "750" : 0.000000,
        "1000" : 0.000000
      },
      "latency_ms" : {
        "2" : 0.000000,
        "4" : 0.010000,
        "10" : 42.426093,
        "20" : 56.177496,
        "50" : 0.584957,
        "100" : 0.349267,
        "250" : 0.351893,
        "500" : 0.099134,
        "750" : 0.010000,
        "1000" : 0.010000,
        "2000" : 0.010000,
        ">=2000" : 0.000000
      },
      "latency_depth" : 1,
      "latency_target" : 0,
      "latency_percentile" : 100.000000,
      "latency_window" : 0
    }
  ]
}
