{
  "fio version" : "fio-3.23",
  "timestamp" : 1756952397,
  "timestamp_ms" : 1756952397274,
  "time" : "Thu Sep  4 02:19:57 2025",
  "jobs" : [
    {
      "jobname" : "RandW-1M-16-128",
      "groupid" : 0,
      "error" : 0,
      "eta" : 0,
      "elapsed" : 61,
      "job options" : {
        "name" : "RandW-1M-16-128",
        "numjobs" : "16",
        "runtime" : "60",
        "directory" : "/tmp/e2sar/rgeorge-fio_test-p1r2_RandW-1M-16-128",
        "direct" : "1",
        "buffered" : "0",
        "rw" : "randwrite",
        "unified_rw_reporting" : "0",
        "randrepeat" : "0",
        "bs" : "1M",
        "size" : "128M",
        "ioengine" : "pvsync",
        "iodepth" : "128",
        "lat_percentiles" : "1"
      },
      "read" : {
        "io_bytes" : 0,
        "io_kbytes" : 0,
        "bw_bytes" : 0,
        "bw" : 0,
        "iops" : 0.000000,
        "runtime" : 0,
        "total_ios" : 0,
        "short_ios" : 0,
        "drop_ios" : 0,
        "slat_ns" : {
          "min" : 0,
          "max" : 0,
          "mean" : 0.000000,
          "stddev" : 0.000000,
          "N" : 0
        },
        "clat_ns" : {
          "min" : 0,
          "max" : 0,
          "mean" : 0.000000,
          "stddev" : 0.000000,
          "N" : 0
        },
        "lat_ns" : {
          "min" : 0,
          "max" : 0,
          "mean" : 0.000000,
          "stddev" : 0.000000,
          "N" : 0
        },
        "bw_min" : 0,
        "bw_max" : 0,
        "bw_agg" : 0.000000,
        "bw_mean" : 0.000000,
        "bw_dev" : 0.000000,
        "bw_samples" : 0,
        "iops_min" : 0,
        "iops_max" : 0,
        "iops_mean" : 0.000000,
        "iops_stddev" : 0.000000,
        "iops_samples" : 0
      },
      "write" : {
        "io_bytes" : 631556276224,
        "io_kbytes" : 616754176,
        "bw_bytes" : 10525587084,
        "bw" : 10278893,
        "iops" : 10037.982067,
        "runtime" : 60002,
        "total_ios" : 602299,
        "short_ios" : 0,
        "drop_ios" : 0,
        "slat_ns" : {
          "min" : 0,
          "max" : 0,
          "mean" : 0.000000,
          "stddev" : 0.000000,
          "N" : 0
        },
        "clat_ns" : {
          "min" : 704348,
          "max" : 668893483,
          "mean" : 1380394.134837,
          "stddev" : 4242269.630570,
          "N" : 602299,
          "percentile" : {
            "1.000000" : 872448,
            "5.000000" : 946176,
            "10.000000" : 987136,
            "20.000000" : 1044480,
            "30.000000" : 1089536,
            "40.000000" : 1138688,
            "50.000000" : 1171456,
            "60.000000" : 1220608,
            "70.000000" : 1269760,
            "80.000000" : 1335296,
            "90.000000" : 1449984,
            "95.000000" : 1548288,
            "99.000000" : 2408448,
            "99.500000" : 5734400,
            "99.900000" : 58458112,
            "99.950000" : 84410368,
            "99.990000" : 177209344
          }
        },
        "lat_ns" : {
          "min" : 704379,
          "max" : 668893582,
          "mean" : 1380489.126907,
          "stddev" : 4242276.647387,
          "N" : 602299,
          "percentile" : {
            "1.000000" : 872448,
            "5.000000" : 946176,
            "10.000000" : 987136,
            "20.000000" : 1044480,
            "30.000000" : 1089536,
            "40.000000" : 1138688,
            "50.000000" : 1171456,
            "60.000000" : 1220608,
            "70.000000" : 1269760,
            "80.000000" : 1335296,
            "90.000000" : 1449984,
            "95.000000" : 1548288,
            "99.000000" : 2408448,
            "99.500000" : 5734400,
            "99.900000" : 58458112,
            "99.950000" : 84410368,
            "99.990000" : 177209344
          }
        },
        "bw_min" : 402784,
        "bw_max" : 12370032,
        "bw_agg" : 99.965914,
        "bw_mean" : 10275390.201681,
        "bw_dev" : 185425.605585,
        "bw_samples" : 1904,
        "iops_min" : 381,
        "iops_max" : 12078,
        "iops_mean" : 10027.268908,
        "iops_stddev" : 181.050507,
        "iops_samples" : 1904
      },
      "trim" : {
        "io_bytes" : 0,
        "io_kbytes" : 0,
        "bw_bytes" : 0,
        "bw" : 0,
        "iops" : 0.000000,
        "runtime" : 0,
        "total_ios" : 0,
        "short_ios" : 0,
        "drop_ios" : 0,
        "slat_ns" : {
          "min" : 0,
          "max" : 0,
          "mean" : 0.000000,
          "stddev" : 0.000000,
          "N" : 0
        },
        "clat_ns" : {
          "min" : 0,
          "max" : 0,
          "mean" : 0.000000,
          "stddev" : 0.000000,
          "N" : 0
        },
        "lat_ns" : {
          "min" : 0,
          "max" : 0,
          "mean" : 0.000000,
          "stddev" : 0.000000,
          "N" : 0
        },
        "bw_min" : 0,
        "bw_max" : 0,
        "bw_agg" : 0.000000,
        "bw_mean" : 0.000000,
        "bw_dev" : 0.000000,
        "bw_samples" : 0,
        "iops_min" : 0,
        "iops_max" : 0,
        "iops_mean" : 0.000000,
        "iops_stddev" : 0.000000,
        "iops_samples" : 0
      },
      "sync" : {
        "total_ios" : 0,
        "lat_ns" : {
          "min" : 0,
          "max" : 0,
          "mean" : 0.000000,
          "stddev" : 0.000000,
          "N" : 0
        }
      },
      "job_runtime" : 960007,
      "usr_cpu" : 13.410944,
      "sys_cpu" : 0.639266,
      "ctx" : 602476,
      "majf" : 0,
      "minf" : 180,
      "iodepth_level" : {
        "1" : 100.000000,
        "2" : 0.000000,
        "4" : 0.000000,
        "8" : 0.000000,
        "16" : 0.000000,
        "32" : 0.000000,
        ">=64" : 0.000000
      },
      "iodepth_submit" : {
        "0" : 0.000000,
        "4" : 100.000000,
        "8" : 0.000000,
        "16" : 0.000000,
        "32" : 0.000000,
        "64" : 0.000000,
        ">=64" : 0.000000
      },
      "iodepth_complete" : {
        "0" : 0.000000,
        "4" : 100.000000,
        "8" : 0.000000,
        "16" : 0.000000,
        "32" : 0.000000,
        "64" : 0.000000,
        ">=64" : 0.000000
      },
      "latency_ns" : {
        "2" : 0.000000,
        "4" : 0.000000,
        "10" : 0.000000,
        "20" : 0.000000,
        "50" : 0.000000,
        "100" : 0.000000,
        "250" : 0.000000,
        "500" : 0.000000,
        "750" : 0.000000,
        "1000" : 0.000000
      },
      "latency_us" : {
        "2" : 0.000000,
        "4" : 0.000000,
        "10" : 0.000000,
        "20" : 0.000000,
        "50" : 0.000000,
        "100" : 0.000000,
        "250" : 0.000000,
        "500" : 0.000000,
        "750" : 0.010000,
        "1000" : 12.382886
      },
      "latency_ms" : {
        "2" : 86.335192,
        "4" : 0.693011,
        "10" : 0.219990,
        "20" : 0.132824,
        "50" : 0.113897,
        "100" : 0.090985,
        "250" : 0.021750,
        "500" : 0.010000,
        "750" : 0.010000,
        "1000" : 0.000000,
        "2000" : 0.000000,
        ">=2000" : 0.000000
      },
      "latency_depth" : 128,
      "latency_target" : 0,
      "latency_percentile" : 100.000000,
      "latency_window" : 0
    }
  ]
}
