{
  "fio version" : "fio-3.23",
  "timestamp" : 1757511537,
  "timestamp_ms" : 1757511537962,
  "time" : "Wed Sep 10 13:38:57 2025",
  "jobs" : [
    {
      "jobname" : "RandRH-4M-128-64",
      "groupid" : 0,
      "error" : 0,
      "eta" : 0,
      "elapsed" : 63,
      "job options" : {
        "name" : "RandRH-4M-128-64",
        "rw" : "randrw",
        "rwmixread" : "80",
        "unified_rw_reporting" : "1",
        "bs" : "4M",
        "numjobs" : "128",
        "iodepth" : "64",
        "runtime" : "60",
        "directory" : "/tmp/e2sar/rgeorge-fio_test-m_RandRH-4M-128-64",
        "direct" : "1",
        "buffered" : "0",
        "randrepeat" : "0",
        "size" : "128M",
        "ioengine" : "pvsync",
        "lat_percentiles" : "1"
      },
      "mixed" : {
        "io_bytes" : 148251869184,
        "io_kbytes" : 144777216,
        "bw_bytes" : 2459020205,
        "bw" : 2401386,
        "iops" : 586.276103,
        "runtime" : 60289,
        "total_ios" : 35346,
        "short_ios" : 0,
        "drop_ios" : 0,
        "slat_ns" : {
          "min" : 0,
          "max" : 0,
          "mean" : 0.000000,
          "stddev" : 0.000000,
          "N" : 0
        },
        "clat_ns" : {
          "min" : 2992048,
          "max" : 466451387,
          "mean" : 217027242.108669,
          "stddev" : 34199525.038730,
          "N" : 35346,
          "percentile" : {
            "1.000000" : 67633152,
            "5.000000" : 196083712,
            "10.000000" : 200278016,
            "20.000000" : 206569472,
            "30.000000" : 208666624,
            "40.000000" : 210763776,
            "50.000000" : 214958080,
            "60.000000" : 217055232,
            "70.000000" : 219152384,
            "80.000000" : 223346688,
            "90.000000" : 229638144,
            "95.000000" : 274726912,
            "99.000000" : 346030080,
            "99.500000" : 362807296,
            "99.900000" : 396361728,
            "99.950000" : 408944640,
            "99.990000" : 429916160
          }
        },
        "lat_ns" : {
          "min" : 2992150,
          "max" : 466451635,
          "mean" : 217027565.190403,
          "stddev" : 34199514.200156,
          "N" : 35346,
          "percentile" : {
            "1.000000" : 67633152,
            "5.000000" : 196083712,
            "10.000000" : 200278016,
            "20.000000" : 206569472,
            "30.000000" : 208666624,
            "40.000000" : 210763776,
            "50.000000" : 214958080,
            "60.000000" : 217055232,
            "70.000000" : 219152384,
            "80.000000" : 223346688,
            "90.000000" : 229638144,
            "95.000000" : 274726912,
            "99.000000" : 346030080,
            "99.500000" : 362807296,
            "99.900000" : 396361728,
            "99.950000" : 408944640,
            "99.990000" : 429916160
          }
        },
        "bw_min" : 2077345,
        "bw_max" : 7437926,
        "bw_agg" : 100.000000,
        "bw_mean" : 3214904.731886,
        "bw_dev" : 5623.934799,
        "bw_samples" : 20798,
        "iops_min" : 449,
        "iops_max" : 1813,
        "iops_mean" : 783.166058,
        "iops_stddev" : 1.374082,
        "iops_samples" : 20798
      },
      "job_runtime" : 7688663,
      "usr_cpu" : 0.080001,
      "sys_cpu" : 0.044468,
      "ctx" : 142264,
      "majf" : 0,
      "minf" : 1685,
      "iodepth_level" : {
        "1" : 100.000000,
        "2" : 0.000000,
        "4" : 0.000000,
        "8" : 0.000000,
        "16" : 0.000000,
        "32" : 0.000000,
        ">=64" : 0.000000
      },
      "iodepth_submit" : {
        "0" : 0.000000,
        "4" : 100.000000,
        "8" : 0.000000,
        "16" : 0.000000,
        "32" : 0.000000,
        "64" : 0.000000,
        ">=64" : 0.000000
      },
      "iodepth_complete" : {
        "0" : 0.000000,
        "4" : 100.000000,
        "8" : 0.000000,
        "16" : 0.000000,
        "32" : 0.000000,
        "64" : 0.000000,
        ">=64" : 0.000000
      },
      "latency_ns" : {
        "2" : 0.000000,
        "4" : 0.000000,
        "10" : 0.000000,
        "20" : 0.000000,
        "50" : 0.000000,
        "100" : 0.000000,
        "250" : 0.000000,
        "500" : 0.000000,
        "750" : 0.000000,
        "1000" : 0.000000
      },
      "latency_us" : {
        "2" : 0.000000,
        "4" : 0.000000,
        "10" : 0.000000,
        "20" : 0.000000,
        "50" : 0.000000,
        "100" : 0.000000,
        "250" : 0.000000,
        "500" : 0.000000,
        "750" : 0.000000,
        "1000" : 0.000000
      },
      "latency_ms" : {
        "2" : 0.000000,
        "4" : 0.056583,
        "10" : 0.065071,
        "20" : 0.164092,
        "50" : 0.427205,
        "100" : 0.611102,
        "250" : 92.443275,
        "500" : 6.232671,
        "750" : 0.000000,
        "1000" : 0.000000,
        "2000" : 0.000000,
        ">=2000" : 0.000000
      },
      "latency_depth" : 64,
      "latency_target" : 0,
      "latency_percentile" : 100.000000,
      "latency_window" : 0
    }
  ]
}
