{
  "fio version" : "fio-3.23",
  "timestamp" : 1757081140,
  "timestamp_ms" : 1757081140231,
  "time" : "Fri Sep  5 14:05:40 2025",
  "jobs" : [
    {
      "jobname" : "SeqRH-4K-64-1",
      "groupid" : 0,
      "error" : 0,
      "eta" : 0,
      "elapsed" : 61,
      "job options" : {
        "name" : "SeqRH-4K-64-1",
        "numjobs" : "64",
        "runtime" : "60",
        "directory" : "/tmp/e2sar/rgeorge-fio_test-p3s_SeqRH-4K-64-1",
        "direct" : "1",
        "buffered" : "0",
        "rw" : "rw",
        "rwmixread" : "80",
        "unified_rw_reporting" : "1",
        "randrepeat" : "0",
        "bs" : "4K",
        "size" : "128M",
        "ioengine" : "pvsync",
        "iodepth" : "1",
        "lat_percentiles" : "1"
      },
      "mixed" : {
        "io_bytes" : 12123041792,
        "io_kbytes" : 11838908,
        "bw_bytes" : 202027126,
        "bw" : 197292,
        "iops" : 49323.028980,
        "runtime" : 60007,
        "total_ios" : 2959727,
        "short_ios" : 0,
        "drop_ios" : 0,
        "slat_ns" : {
          "min" : 0,
          "max" : 0,
          "mean" : 0.000000,
          "stddev" : 0.000000,
          "N" : 0
        },
        "clat_ns" : {
          "min" : 127972,
          "max" : 608890478,
          "mean" : 1291970.608878,
          "stddev" : 5850242.909360,
          "N" : 2959727,
          "percentile" : {
            "1.000000" : 366592,
            "5.000000" : 684032,
            "10.000000" : 847872,
            "20.000000" : 987136,
            "30.000000" : 1073152,
            "40.000000" : 1122304,
            "50.000000" : 1187840,
            "60.000000" : 1236992,
            "70.000000" : 1286144,
            "80.000000" : 1335296,
            "90.000000" : 1400832,
            "95.000000" : 1597440,
            "99.000000" : 1974272,
            "99.500000" : 2056192,
            "99.900000" : 14221312,
            "99.950000" : 44826624,
            "99.990000" : 367001600
          }
        },
        "lat_ns" : {
          "min" : 128000,
          "max" : 608890531,
          "mean" : 1292031.291404,
          "stddev" : 5850243.304787,
          "N" : 2959727,
          "percentile" : {
            "1.000000" : 366592,
            "5.000000" : 684032,
            "10.000000" : 847872,
            "20.000000" : 987136,
            "30.000000" : 1073152,
            "40.000000" : 1122304,
            "50.000000" : 1187840,
            "60.000000" : 1236992,
            "70.000000" : 1286144,
            "80.000000" : 1335296,
            "90.000000" : 1400832,
            "95.000000" : 1597440,
            "99.000000" : 1974272,
            "99.500000" : 2056192,
            "99.900000" : 14221312,
            "99.950000" : 44826624,
            "99.990000" : 367001600
          }
        },
        "bw_min" : 10200,
        "bw_max" : 453576,
        "bw_agg" : 100.000000,
        "bw_mean" : 198846.313546,
        "bw_dev" : 559.395960,
        "bw_samples" : 15012,
        "iops_min" : 2550,
        "iops_max" : 113394,
        "iops_mean" : 49711.548274,
        "iops_stddev" : 139.849368,
        "iops_samples" : 15012
      },
      "job_runtime" : 3840062,
      "usr_cpu" : 0.164659,
      "sys_cpu" : 0.414759,
      "ctx" : 2960265,
      "majf" : 0,
      "minf" : 1317,
      "iodepth_level" : {
        "1" : 100.000000,
        "2" : 0.000000,
        "4" : 0.000000,
        "8" : 0.000000,
        "16" : 0.000000,
        "32" : 0.000000,
        ">=64" : 0.000000
      },
      "iodepth_submit" : {
        "0" : 0.000000,
        "4" : 100.000000,
        "8" : 0.000000,
        "16" : 0.000000,
        "32" : 0.000000,
        "64" : 0.000000,
        ">=64" : 0.000000
      },
      "iodepth_complete" : {
        "0" : 0.000000,
        "4" : 100.000000,
        "8" : 0.000000,
        "16" : 0.000000,
        "32" : 0.000000,
        "64" : 0.000000,
        ">=64" : 0.000000
      },
      "latency_ns" : {
        "2" : 0.000000,
        "4" : 0.000000,
        "10" : 0.000000,
        "20" : 0.000000,
        "50" : 0.000000,
        "100" : 0.000000,
        "250" : 0.000000,
        "500" : 0.000000,
        "750" : 0.000000,
        "1000" : 0.000000
      },
      "latency_us" : {
        "2" : 0.000000,
        "4" : 0.000000,
        "10" : 0.000000,
        "20" : 0.000000,
        "50" : 0.000000,
        "100" : 0.000000,
        "250" : 0.288405,
        "500" : 1.900243,
        "750" : 4.273840,
        "1000" : 14.802446
      },
      "latency_ms" : {
        "2" : 77.952730,
        "4" : 0.519170,
        "10" : 0.143290,
        "20" : 0.052809,
        "50" : 0.018583,
        "100" : 0.016083,
        "250" : 0.013819,
        "500" : 0.018076,
        "750" : 0.010000,
        "1000" : 0.000000,
        "2000" : 0.000000,
        ">=2000" : 0.000000
      },
      "latency_depth" : 1,
      "latency_target" : 0,
      "latency_percentile" : 100.000000,
      "latency_window" : 0
    }
  ]
}
