{
  "fio version" : "fio-3.23",
  "timestamp" : 1756986262,
  "timestamp_ms" : 1756986262045,
  "time" : "Thu Sep  4 11:44:22 2025",
  "jobs" : [
    {
      "jobname" : "RandW-4K-32-1",
      "groupid" : 0,
      "error" : 0,
      "eta" : 0,
      "elapsed" : 61,
      "job options" : {
        "name" : "RandW-4K-32-1",
        "numjobs" : "32",
        "runtime" : "60",
        "directory" : "/tmp/e2sar/rgeorge-fio_test-p2r_RandW-4K-32-1",
        "direct" : "1",
        "buffered" : "0",
        "rw" : "randwrite",
        "unified_rw_reporting" : "0",
        "randrepeat" : "0",
        "bs" : "4K",
        "size" : "128M",
        "ioengine" : "pvsync",
        "iodepth" : "1",
        "lat_percentiles" : "1"
      },
      "read" : {
        "io_bytes" : 0,
        "io_kbytes" : 0,
        "bw_bytes" : 0,
        "bw" : 0,
        "iops" : 0.000000,
        "runtime" : 0,
        "total_ios" : 0,
        "short_ios" : 0,
        "drop_ios" : 0,
        "slat_ns" : {
          "min" : 0,
          "max" : 0,
          "mean" : 0.000000,
          "stddev" : 0.000000,
          "N" : 0
        },
        "clat_ns" : {
          "min" : 0,
          "max" : 0,
          "mean" : 0.000000,
          "stddev" : 0.000000,
          "N" : 0
        },
        "lat_ns" : {
          "min" : 0,
          "max" : 0,
          "mean" : 0.000000,
          "stddev" : 0.000000,
          "N" : 0
        },
        "bw_min" : 0,
        "bw_max" : 0,
        "bw_agg" : 0.000000,
        "bw_mean" : 0.000000,
        "bw_dev" : 0.000000,
        "bw_samples" : 0,
        "iops_min" : 0,
        "iops_max" : 0,
        "iops_mean" : 0.000000,
        "iops_stddev" : 0.000000,
        "iops_samples" : 0
      },
      "write" : {
        "io_bytes" : 15636398080,
        "io_kbytes" : 15269920,
        "bw_bytes" : 260593604,
        "bw" : 254485,
        "iops" : 63621.485592,
        "runtime" : 60003,
        "total_ios" : 3817480,
        "short_ios" : 0,
        "drop_ios" : 0,
        "slat_ns" : {
          "min" : 0,
          "max" : 0,
          "mean" : 0.000000,
          "stddev" : 0.000000,
          "N" : 0
        },
        "clat_ns" : {
          "min" : 143519,
          "max" : 760504950,
          "mean" : 500761.373498,
          "stddev" : 2211987.589055,
          "N" : 3817480,
          "percentile" : {
            "1.000000" : 242688,
            "5.000000" : 292864,
            "10.000000" : 317440,
            "20.000000" : 350208,
            "30.000000" : 382976,
            "40.000000" : 411648,
            "50.000000" : 436224,
            "60.000000" : 460800,
            "70.000000" : 485376,
            "80.000000" : 514048,
            "90.000000" : 552960,
            "95.000000" : 593920,
            "99.000000" : 667648,
            "99.500000" : 716800,
            "99.900000" : 17170432,
            "99.950000" : 43778048,
            "99.990000" : 89653248
          }
        },
        "lat_ns" : {
          "min" : 143559,
          "max" : 760504989,
          "mean" : 500834.619778,
          "stddev" : 2211987.266469,
          "N" : 3817480,
          "percentile" : {
            "1.000000" : 242688,
            "5.000000" : 292864,
            "10.000000" : 317440,
            "20.000000" : 350208,
            "30.000000" : 382976,
            "40.000000" : 411648,
            "50.000000" : 436224,
            "60.000000" : 460800,
            "70.000000" : 485376,
            "80.000000" : 514048,
            "90.000000" : 552960,
            "95.000000" : 593920,
            "99.000000" : 667648,
            "99.500000" : 716800,
            "99.900000" : 17170432,
            "99.950000" : 43778048,
            "99.990000" : 89653248
          }
        },
        "bw_min" : 17248,
        "bw_max" : 342872,
        "bw_agg" : 100.000000,
        "bw_mean" : 254627.756303,
        "bw_dev" : 2269.587657,
        "bw_samples" : 3808,
        "iops_min" : 4312,
        "iops_max" : 85718,
        "iops_mean" : 63656.932773,
        "iops_stddev" : 567.396897,
        "iops_samples" : 3808
      },
      "trim" : {
        "io_bytes" : 0,
        "io_kbytes" : 0,
        "bw_bytes" : 0,
        "bw" : 0,
        "iops" : 0.000000,
        "runtime" : 0,
        "total_ios" : 0,
        "short_ios" : 0,
        "drop_ios" : 0,
        "slat_ns" : {
          "min" : 0,
          "max" : 0,
          "mean" : 0.000000,
          "stddev" : 0.000000,
          "N" : 0
        },
        "clat_ns" : {
          "min" : 0,
          "max" : 0,
          "mean" : 0.000000,
          "stddev" : 0.000000,
          "N" : 0
        },
        "lat_ns" : {
          "min" : 0,
          "max" : 0,
          "mean" : 0.000000,
          "stddev" : 0.000000,
          "N" : 0
        },
        "bw_min" : 0,
        "bw_max" : 0,
        "bw_agg" : 0.000000,
        "bw_mean" : 0.000000,
        "bw_dev" : 0.000000,
        "bw_samples" : 0,
        "iops_min" : 0,
        "iops_max" : 0,
        "iops_mean" : 0.000000,
        "iops_stddev" : 0.000000,
        "iops_samples" : 0
      },
      "sync" : {
        "total_ios" : 0,
        "lat_ns" : {
          "min" : 0,
          "max" : 0,
          "mean" : 0.000000,
          "stddev" : 0.000000,
          "N" : 0
        }
      },
      "job_runtime" : 1920011,
      "usr_cpu" : 0.607861,
      "sys_cpu" : 1.008692,
      "ctx" : 3817731,
      "majf" : 0,
      "minf" : 435,
      "iodepth_level" : {
        "1" : 100.000000,
        "2" : 0.000000,
        "4" : 0.000000,
        "8" : 0.000000,
        "16" : 0.000000,
        "32" : 0.000000,
        ">=64" : 0.000000
      },
      "iodepth_submit" : {
        "0" : 0.000000,
        "4" : 100.000000,
        "8" : 0.000000,
        "16" : 0.000000,
        "32" : 0.000000,
        "64" : 0.000000,
        ">=64" : 0.000000
      },
      "iodepth_complete" : {
        "0" : 0.000000,
        "4" : 100.000000,
        "8" : 0.000000,
        "16" : 0.000000,
        "32" : 0.000000,
        "64" : 0.000000,
        ">=64" : 0.000000
      },
      "latency_ns" : {
        "2" : 0.000000,
        "4" : 0.000000,
        "10" : 0.000000,
        "20" : 0.000000,
        "50" : 0.000000,
        "100" : 0.000000,
        "250" : 0.000000,
        "500" : 0.000000,
        "750" : 0.000000,
        "1000" : 0.000000
      },
      "latency_us" : {
        "2" : 0.000000,
        "4" : 0.000000,
        "10" : 0.000000,
        "20" : 0.000000,
        "50" : 0.000000,
        "100" : 0.000000,
        "250" : 1.364513,
        "500" : 73.834388,
        "750" : 24.412911,
        "1000" : 0.080105
      },
      "latency_ms" : {
        "2" : 0.039555,
        "4" : 0.047990,
        "10" : 0.082568,
        "20" : 0.046104,
        "50" : 0.049011,
        "100" : 0.037066,
        "250" : 0.010000,
        "500" : 0.010000,
        "750" : 0.010000,
        "1000" : 0.010000,
        "2000" : 0.000000,
        ">=2000" : 0.000000
      },
      "latency_depth" : 1,
      "latency_target" : 0,
      "latency_percentile" : 100.000000,
      "latency_window" : 0
    }
  ]
}
