{
  "fio version" : "fio-3.23",
  "timestamp" : 1757459109,
  "timestamp_ms" : 1757459109708,
  "time" : "Tue Sep  9 23:05:09 2025",
  "jobs" : [
    {
      "jobname" : "SeqWH-2M-128-4",
      "groupid" : 0,
      "error" : 0,
      "eta" : 0,
      "elapsed" : 62,
      "job options" : {
        "name" : "SeqWH-2M-128-4",
        "rw" : "rw",
        "rwmixread" : "20",
        "unified_rw_reporting" : "1",
        "bs" : "2M",
        "numjobs" : "128",
        "iodepth" : "4",
        "runtime" : "60",
        "directory" : "/tmp/e2sar/rgeorge-fio_test-m_SeqWH-2M-128-4",
        "direct" : "1",
        "buffered" : "0",
        "randrepeat" : "0",
        "size" : "128M",
        "ioengine" : "pvsync",
        "lat_percentiles" : "1"
      },
      "mixed" : {
        "io_bytes" : 373311930368,
        "io_kbytes" : 364562432,
        "bw_bytes" : 6210479626,
        "bw" : 6064921,
        "iops" : 2961.387456,
        "runtime" : 60110,
        "total_ios" : 178009,
        "short_ios" : 0,
        "drop_ios" : 0,
        "slat_ns" : {
          "min" : 0,
          "max" : 0,
          "mean" : 0.000000,
          "stddev" : 0.000000,
          "N" : 0
        },
        "clat_ns" : {
          "min" : 1769520,
          "max" : 479079781,
          "mean" : 42480425.951553,
          "stddev" : 19018469.819918,
          "N" : 178009,
          "percentile" : {
            "1.000000" : 27394048,
            "5.000000" : 31326208,
            "10.000000" : 32899072,
            "20.000000" : 34865152,
            "30.000000" : 36438016,
            "40.000000" : 38010880,
            "50.000000" : 39059456,
            "60.000000" : 40632320,
            "70.000000" : 42205184,
            "80.000000" : 44302336,
            "90.000000" : 50069504,
            "95.000000" : 62128128,
            "99.000000" : 133693440,
            "99.500000" : 191889408,
            "99.900000" : 254803968,
            "99.950000" : 267386880,
            "99.990000" : 295698432
          }
        },
        "lat_ns" : {
          "min" : 1769599,
          "max" : 479080122,
          "mean" : 42480780.789836,
          "stddev" : 19018459.621273,
          "N" : 178009,
          "percentile" : {
            "1.000000" : 27394048,
            "5.000000" : 31326208,
            "10.000000" : 32899072,
            "20.000000" : 34865152,
            "30.000000" : 36438016,
            "40.000000" : 38010880,
            "50.000000" : 39059456,
            "60.000000" : 40632320,
            "70.000000" : 42205184,
            "80.000000" : 44302336,
            "90.000000" : 50069504,
            "95.000000" : 62128128,
            "99.000000" : 133693440,
            "99.500000" : 191889408,
            "99.900000" : 254803968,
            "99.950000" : 267386880,
            "99.990000" : 295698432
          }
        },
        "bw_min" : 2362313,
        "bw_max" : 11378267,
        "bw_agg" : 100.000000,
        "bw_mean" : 6188588.440248,
        "bw_dev" : 7006.403971,
        "bw_samples" : 29319,
        "iops_min" : 1086,
        "iops_max" : 5551,
        "iops_mean" : 3014.844228,
        "iops_stddev" : 3.426361,
        "iops_samples" : 29319
      },
      "job_runtime" : 7683731,
      "usr_cpu" : 1.008664,
      "sys_cpu" : 0.084842,
      "ctx" : 360821,
      "majf" : 0,
      "minf" : 2200,
      "iodepth_level" : {
        "1" : 100.000000,
        "2" : 0.000000,
        "4" : 0.000000,
        "8" : 0.000000,
        "16" : 0.000000,
        "32" : 0.000000,
        ">=64" : 0.000000
      },
      "iodepth_submit" : {
        "0" : 0.000000,
        "4" : 100.000000,
        "8" : 0.000000,
        "16" : 0.000000,
        "32" : 0.000000,
        "64" : 0.000000,
        ">=64" : 0.000000
      },
      "iodepth_complete" : {
        "0" : 0.000000,
        "4" : 100.000000,
        "8" : 0.000000,
        "16" : 0.000000,
        "32" : 0.000000,
        "64" : 0.000000,
        ">=64" : 0.000000
      },
      "latency_ns" : {
        "2" : 0.000000,
        "4" : 0.000000,
        "10" : 0.000000,
        "20" : 0.000000,
        "50" : 0.000000,
        "100" : 0.000000,
        "250" : 0.000000,
        "500" : 0.000000,
        "750" : 0.000000,
        "1000" : 0.000000
      },
      "latency_us" : {
        "2" : 0.000000,
        "4" : 0.000000,
        "10" : 0.000000,
        "20" : 0.000000,
        "50" : 0.000000,
        "100" : 0.000000,
        "250" : 0.000000,
        "500" : 0.000000,
        "750" : 0.000000,
        "1000" : 0.000000
      },
      "latency_ms" : {
        "2" : 0.010000,
        "4" : 0.097748,
        "10" : 0.192687,
        "20" : 0.168531,
        "50" : 89.640973,
        "100" : 8.449011,
        "250" : 1.335888,
        "500" : 0.114039,
        "750" : 0.000000,
        "1000" : 0.000000,
        "2000" : 0.000000,
        ">=2000" : 0.000000
      },
      "latency_depth" : 4,
      "latency_target" : 0,
      "latency_percentile" : 100.000000,
      "latency_window" : 0
    }
  ]
}
