{
  "fio version" : "fio-3.23",
  "timestamp" : 1757523675,
  "timestamp_ms" : 1757523675623,
  "time" : "Wed Sep 10 17:01:15 2025",
  "jobs" : [
    {
      "jobname" : "RandW-1M-16-8",
      "groupid" : 0,
      "error" : 0,
      "eta" : 0,
      "elapsed" : 61,
      "job options" : {
        "name" : "RandW-1M-16-8",
        "rw" : "randwrite",
        "unified_rw_reporting" : "0",
        "bs" : "1M",
        "numjobs" : "16",
        "iodepth" : "8",
        "runtime" : "60",
        "directory" : "/tmp/e2sar/rgeorge-fio_test-m_RandW-1M-16-8",
        "direct" : "1",
        "buffered" : "0",
        "randrepeat" : "0",
        "size" : "128M",
        "ioengine" : "pvsync",
        "lat_percentiles" : "1"
      },
      "read" : {
        "io_bytes" : 0,
        "io_kbytes" : 0,
        "bw_bytes" : 0,
        "bw" : 0,
        "iops" : 0.000000,
        "runtime" : 0,
        "total_ios" : 0,
        "short_ios" : 0,
        "drop_ios" : 0,
        "slat_ns" : {
          "min" : 0,
          "max" : 0,
          "mean" : 0.000000,
          "stddev" : 0.000000,
          "N" : 0
        },
        "clat_ns" : {
          "min" : 0,
          "max" : 0,
          "mean" : 0.000000,
          "stddev" : 0.000000,
          "N" : 0
        },
        "lat_ns" : {
          "min" : 0,
          "max" : 0,
          "mean" : 0.000000,
          "stddev" : 0.000000,
          "N" : 0
        },
        "bw_min" : 0,
        "bw_max" : 0,
        "bw_agg" : 0.000000,
        "bw_mean" : 0.000000,
        "bw_dev" : 0.000000,
        "bw_samples" : 0,
        "iops_min" : 0,
        "iops_max" : 0,
        "iops_mean" : 0.000000,
        "iops_stddev" : 0.000000,
        "iops_samples" : 0
      },
      "write" : {
        "io_bytes" : 717027803136,
        "io_kbytes" : 700222464,
        "bw_bytes" : 11950065050,
        "bw" : 11669985,
        "iops" : 11396.470118,
        "runtime" : 60002,
        "total_ios" : 683811,
        "short_ios" : 0,
        "drop_ios" : 0,
        "slat_ns" : {
          "min" : 0,
          "max" : 0,
          "mean" : 0.000000,
          "stddev" : 0.000000,
          "N" : 0
        },
        "clat_ns" : {
          "min" : 705899,
          "max" : 51470907,
          "mean" : 1194846.616824,
          "stddev" : 403316.216057,
          "N" : 683811,
          "percentile" : {
            "1.000000" : 872448,
            "5.000000" : 937984,
            "10.000000" : 978944,
            "20.000000" : 1036288,
            "30.000000" : 1089536,
            "40.000000" : 1122304,
            "50.000000" : 1155072,
            "60.000000" : 1204224,
            "70.000000" : 1253376,
            "80.000000" : 1318912,
            "90.000000" : 1417216,
            "95.000000" : 1515520,
            "99.000000" : 1794048,
            "99.500000" : 2244608,
            "99.900000" : 2703360,
            "99.950000" : 2834432,
            "99.990000" : 20578304
          }
        },
        "lat_ns" : {
          "min" : 706074,
          "max" : 51471055,
          "mean" : 1194933.222933,
          "stddev" : 403317.609242,
          "N" : 683811,
          "percentile" : {
            "1.000000" : 872448,
            "5.000000" : 937984,
            "10.000000" : 978944,
            "20.000000" : 1036288,
            "30.000000" : 1089536,
            "40.000000" : 1122304,
            "50.000000" : 1155072,
            "60.000000" : 1204224,
            "70.000000" : 1253376,
            "80.000000" : 1318912,
            "90.000000" : 1417216,
            "95.000000" : 1515520,
            "99.000000" : 1794048,
            "99.500000" : 2244608,
            "99.900000" : 2703360,
            "99.950000" : 2834432,
            "99.990000" : 20578304
          }
        },
        "bw_min" : 10208845,
        "bw_max" : 12251136,
        "bw_agg" : 100.000000,
        "bw_mean" : 11687536.512605,
        "bw_dev" : 20683.664814,
        "bw_samples" : 1904,
        "iops_min" : 9968,
        "iops_max" : 11964,
        "iops_mean" : 11413.596639,
        "iops_stddev" : 20.203293,
        "iops_samples" : 1904
      },
      "trim" : {
        "io_bytes" : 0,
        "io_kbytes" : 0,
        "bw_bytes" : 0,
        "bw" : 0,
        "iops" : 0.000000,
        "runtime" : 0,
        "total_ios" : 0,
        "short_ios" : 0,
        "drop_ios" : 0,
        "slat_ns" : {
          "min" : 0,
          "max" : 0,
          "mean" : 0.000000,
          "stddev" : 0.000000,
          "N" : 0
        },
        "clat_ns" : {
          "min" : 0,
          "max" : 0,
          "mean" : 0.000000,
          "stddev" : 0.000000,
          "N" : 0
        },
        "lat_ns" : {
          "min" : 0,
          "max" : 0,
          "mean" : 0.000000,
          "stddev" : 0.000000,
          "N" : 0
        },
        "bw_min" : 0,
        "bw_max" : 0,
        "bw_agg" : 0.000000,
        "bw_mean" : 0.000000,
        "bw_dev" : 0.000000,
        "bw_samples" : 0,
        "iops_min" : 0,
        "iops_max" : 0,
        "iops_mean" : 0.000000,
        "iops_stddev" : 0.000000,
        "iops_samples" : 0
      },
      "sync" : {
        "total_ios" : 0,
        "lat_ns" : {
          "min" : 0,
          "max" : 0,
          "mean" : 0.000000,
          "stddev" : 0.000000,
          "N" : 0
        }
      },
      "job_runtime" : 960006,
      "usr_cpu" : 14.873136,
      "sys_cpu" : 1.143639,
      "ctx" : 684009,
      "majf" : 0,
      "minf" : 177,
      "iodepth_level" : {
        "1" : 100.000000,
        "2" : 0.000000,
        "4" : 0.000000,
        "8" : 0.000000,
        "16" : 0.000000,
        "32" : 0.000000,
        ">=64" : 0.000000
      },
      "iodepth_submit" : {
        "0" : 0.000000,
        "4" : 100.000000,
        "8" : 0.000000,
        "16" : 0.000000,
        "32" : 0.000000,
        "64" : 0.000000,
        ">=64" : 0.000000
      },
      "iodepth_complete" : {
        "0" : 0.000000,
        "4" : 100.000000,
        "8" : 0.000000,
        "16" : 0.000000,
        "32" : 0.000000,
        "64" : 0.000000,
        ">=64" : 0.000000
      },
      "latency_ns" : {
        "2" : 0.000000,
        "4" : 0.000000,
        "10" : 0.000000,
        "20" : 0.000000,
        "50" : 0.000000,
        "100" : 0.000000,
        "250" : 0.000000,
        "500" : 0.000000,
        "750" : 0.000000,
        "1000" : 0.000000
      },
      "latency_us" : {
        "2" : 0.000000,
        "4" : 0.000000,
        "10" : 0.000000,
        "20" : 0.000000,
        "50" : 0.000000,
        "100" : 0.000000,
        "250" : 0.000000,
        "500" : 0.000000,
        "750" : 0.010000,
        "1000" : 12.759374
      },
      "latency_ms" : {
        "2" : 86.584158,
        "4" : 0.627513,
        "10" : 0.010383,
        "20" : 0.010000,
        "50" : 0.010237,
        "100" : 0.010000,
        "250" : 0.000000,
        "500" : 0.000000,
        "750" : 0.000000,
        "1000" : 0.000000,
        "2000" : 0.000000,
        ">=2000" : 0.000000
      },
      "latency_depth" : 8,
      "latency_target" : 0,
      "latency_percentile" : 100.000000,
      "latency_window" : 0
    }
  ]
}
