{
  "fio version" : "fio-3.23",
  "timestamp" : 1757362881,
  "timestamp_ms" : 1757362881933,
  "time" : "Mon Sep  8 20:21:21 2025",
  "jobs" : [
    {
      "jobname" : "25",
      "groupid" : 0,
      "error" : 0,
      "eta" : 0,
      "elapsed" : 62,
      "job options" : {
        "name" : "25",
        "rw" : "rw",
        "rwmixread" : "20",
        "unified_rw_reporting" : "1",
        "bs" : "4K",
        "numjobs" : "128",
        "iodepth" : "32",
        "runtime" : "60",
        "directory" : "/tmp/e2sar/rgeorge-fio_test-m_25",
        "direct" : "1",
        "buffered" : "0",
        "randrepeat" : "0",
        "size" : "128M",
        "ioengine" : "pvsync",
        "lat_percentiles" : "1"
      },
      "mixed" : {
        "io_bytes" : 15223554048,
        "io_kbytes" : 14866752,
        "bw_bytes" : 253637127,
        "bw" : 247692,
        "iops" : 61923.126906,
        "runtime" : 60021,
        "total_ios" : 3716688,
        "short_ios" : 0,
        "drop_ios" : 0,
        "slat_ns" : {
          "min" : 0,
          "max" : 0,
          "mean" : 0.000000,
          "stddev" : 0.000000,
          "N" : 0
        },
        "clat_ns" : {
          "min" : 126909,
          "max" : 163462096,
          "mean" : 2048817.123897,
          "stddev" : 1211351.682406,
          "N" : 3716688,
          "percentile" : {
            "1.000000" : 1581056,
            "5.000000" : 1794048,
            "10.000000" : 1843200,
            "20.000000" : 1892352,
            "30.000000" : 1925120,
            "40.000000" : 1957888,
            "50.000000" : 1990656,
            "60.000000" : 2023424,
            "70.000000" : 2056192,
            "80.000000" : 2113536,
            "90.000000" : 2342912,
            "95.000000" : 2473984,
            "99.000000" : 2605056,
            "99.500000" : 2637824,
            "99.900000" : 3063808,
            "99.950000" : 25821184,
            "99.990000" : 67633152
          }
        },
        "lat_ns" : {
          "min" : 126945,
          "max" : 163462148,
          "mean" : 2048898.700703,
          "stddev" : 1211350.827716,
          "N" : 3716688,
          "percentile" : {
            "1.000000" : 1581056,
            "5.000000" : 1794048,
            "10.000000" : 1843200,
            "20.000000" : 1892352,
            "30.000000" : 1925120,
            "40.000000" : 1957888,
            "50.000000" : 1990656,
            "60.000000" : 2023424,
            "70.000000" : 2056192,
            "80.000000" : 2113536,
            "90.000000" : 2342912,
            "95.000000" : 2473984,
            "99.000000" : 2605056,
            "99.500000" : 2637824,
            "99.900000" : 3063808,
            "99.950000" : 25821184,
            "99.990000" : 67633152
          }
        },
        "bw_min" : 145574,
        "bw_max" : 403833,
        "bw_agg" : 100.000000,
        "bw_mean" : 248731.162299,
        "bw_dev" : 143.820713,
        "bw_samples" : 30343,
        "iops_min" : 36290,
        "iops_max" : 100922,
        "iops_mean" : 62097.877297,
        "iops_stddev" : 35.982218,
        "iops_samples" : 30343
      },
      "job_runtime" : 7680245,
      "usr_cpu" : 0.136779,
      "sys_cpu" : 0.274145,
      "ctx" : 3717757,
      "majf" : 0,
      "minf" : 2327,
      "iodepth_level" : {
        "1" : 100.000000,
        "2" : 0.000000,
        "4" : 0.000000,
        "8" : 0.000000,
        "16" : 0.000000,
        "32" : 0.000000,
        ">=64" : 0.000000
      },
      "iodepth_submit" : {
        "0" : 0.000000,
        "4" : 100.000000,
        "8" : 0.000000,
        "16" : 0.000000,
        "32" : 0.000000,
        "64" : 0.000000,
        ">=64" : 0.000000
      },
      "iodepth_complete" : {
        "0" : 0.000000,
        "4" : 100.000000,
        "8" : 0.000000,
        "16" : 0.000000,
        "32" : 0.000000,
        "64" : 0.000000,
        ">=64" : 0.000000
      },
      "latency_ns" : {
        "2" : 0.000000,
        "4" : 0.000000,
        "10" : 0.000000,
        "20" : 0.000000,
        "50" : 0.000000,
        "100" : 0.000000,
        "250" : 0.000000,
        "500" : 0.000000,
        "750" : 0.000000,
        "1000" : 0.000000
      },
      "latency_us" : {
        "2" : 0.000000,
        "4" : 0.000000,
        "10" : 0.000000,
        "20" : 0.000000,
        "50" : 0.000000,
        "100" : 0.000000,
        "250" : 0.119407,
        "500" : 0.234564,
        "750" : 0.210725,
        "1000" : 0.129874
      },
      "latency_ms" : {
        "2" : 52.620478,
        "4" : 46.599284,
        "10" : 0.012888,
        "20" : 0.014852,
        "50" : 0.036834,
        "100" : 0.020960,
        "250" : 0.010000,
        "500" : 0.000000,
        "750" : 0.000000,
        "1000" : 0.000000,
        "2000" : 0.000000,
        ">=2000" : 0.000000
      },
      "latency_depth" : 32,
      "latency_target" : 0,
      "latency_percentile" : 100.000000,
      "latency_window" : 0
    }
  ]
}
