{
  "fio version" : "fio-3.23",
  "timestamp" : 1757017395,
  "timestamp_ms" : 1757017395308,
  "time" : "Thu Sep  4 20:23:15 2025",
  "jobs" : [
    {
      "jobname" : "SeqWH-4M-32-16",
      "groupid" : 0,
      "error" : 0,
      "eta" : 0,
      "elapsed" : 61,
      "job options" : {
        "name" : "SeqWH-4M-32-16",
        "numjobs" : "32",
        "runtime" : "60",
        "directory" : "/tmp/e2sar/rgeorge-fio_test-p2s_SeqWH-4M-32-16",
        "direct" : "1",
        "buffered" : "0",
        "rw" : "rw",
        "rwmixread" : "20",
        "unified_rw_reporting" : "1",
        "randrepeat" : "0",
        "bs" : "4M",
        "size" : "128M",
        "ioengine" : "pvsync",
        "iodepth" : "16",
        "lat_percentiles" : "1"
      },
      "mixed" : {
        "io_bytes" : 362303979520,
        "io_kbytes" : 353812480,
        "bw_bytes" : 6035985264,
        "bw" : 5894516,
        "iops" : 1439.091030,
        "runtime" : 60024,
        "total_ios" : 86380,
        "short_ios" : 0,
        "drop_ios" : 0,
        "slat_ns" : {
          "min" : 0,
          "max" : 0,
          "mean" : 0.000000,
          "stddev" : 0.000000,
          "N" : 0
        },
        "clat_ns" : {
          "min" : 3945363,
          "max" : 1213841980,
          "mean" : 21443442.170364,
          "stddev" : 22954448.726016,
          "N" : 86380,
          "percentile" : {
            "1.000000" : 7372800,
            "5.000000" : 11599872,
            "10.000000" : 12910592,
            "20.000000" : 14483456,
            "30.000000" : 15663104,
            "40.000000" : 16580608,
            "50.000000" : 17694720,
            "60.000000" : 18743296,
            "70.000000" : 20054016,
            "80.000000" : 22937600,
            "90.000000" : 29491200,
            "95.000000" : 36438016,
            "99.000000" : 106430464,
            "99.500000" : 170917888,
            "99.900000" : 316669952,
            "99.950000" : 371195904,
            "99.990000" : 633339904
          }
        },
        "lat_ns" : {
          "min" : 3945462,
          "max" : 1213842252,
          "mean" : 21443670.067249,
          "stddev" : 22954452.266444,
          "N" : 86380,
          "percentile" : {
            "1.000000" : 7372800,
            "5.000000" : 11599872,
            "10.000000" : 12910592,
            "20.000000" : 14483456,
            "30.000000" : 15663104,
            "40.000000" : 16580608,
            "50.000000" : 17694720,
            "60.000000" : 18743296,
            "70.000000" : 20054016,
            "80.000000" : 22937600,
            "90.000000" : 29491200,
            "95.000000" : 36438016,
            "99.000000" : 106430464,
            "99.500000" : 170917888,
            "99.900000" : 316669952,
            "99.950000" : 371195904,
            "99.990000" : 633339904
          }
        },
        "bw_min" : 671694,
        "bw_max" : 10387276,
        "bw_agg" : 100.000000,
        "bw_mean" : 5952971.828960,
        "bw_dev" : 34940.065034,
        "bw_samples" : 7474,
        "iops_min" : 162,
        "iops_max" : 2535,
        "iops_mean" : 1453.239305,
        "iops_stddev" : 8.531367,
        "iops_samples" : 7474
      },
      "job_runtime" : 1920233,
      "usr_cpu" : 3.485775,
      "sys_cpu" : 0.189977,
      "ctx" : 346016,
      "majf" : 0,
      "minf" : 533,
      "iodepth_level" : {
        "1" : 100.000000,
        "2" : 0.000000,
        "4" : 0.000000,
        "8" : 0.000000,
        "16" : 0.000000,
        "32" : 0.000000,
        ">=64" : 0.000000
      },
      "iodepth_submit" : {
        "0" : 0.000000,
        "4" : 100.000000,
        "8" : 0.000000,
        "16" : 0.000000,
        "32" : 0.000000,
        "64" : 0.000000,
        ">=64" : 0.000000
      },
      "iodepth_complete" : {
        "0" : 0.000000,
        "4" : 100.000000,
        "8" : 0.000000,
        "16" : 0.000000,
        "32" : 0.000000,
        "64" : 0.000000,
        ">=64" : 0.000000
      },
      "latency_ns" : {
        "2" : 0.000000,
        "4" : 0.000000,
        "10" : 0.000000,
        "20" : 0.000000,
        "50" : 0.000000,
        "100" : 0.000000,
        "250" : 0.000000,
        "500" : 0.000000,
        "750" : 0.000000,
        "1000" : 0.000000
      },
      "latency_us" : {
        "2" : 0.000000,
        "4" : 0.000000,
        "10" : 0.000000,
        "20" : 0.000000,
        "50" : 0.000000,
        "100" : 0.000000,
        "250" : 0.000000,
        "500" : 0.000000,
        "750" : 0.000000,
        "1000" : 0.000000
      },
      "latency_ms" : {
        "2" : 0.000000,
        "4" : 0.010000,
        "10" : 2.388284,
        "20" : 66.624219,
        "50" : 28.831906,
        "100" : 1.088215,
        "250" : 0.804584,
        "500" : 0.241954,
        "750" : 0.015050,
        "1000" : 0.010000,
        "2000" : 0.010000,
        ">=2000" : 0.000000
      },
      "latency_depth" : 16,
      "latency_target" : 0,
      "latency_percentile" : 100.000000,
      "latency_window" : 0
    }
  ]
}
