{
  "fio version" : "fio-3.23",
  "timestamp" : 1757364750,
  "timestamp_ms" : 1757364750803,
  "time" : "Mon Sep  8 20:52:30 2025",
  "jobs" : [
    {
      "jobname" : "30",
      "groupid" : 0,
      "error" : 0,
      "eta" : 0,
      "elapsed" : 61,
      "job options" : {
        "name" : "30",
        "rw" : "write",
        "unified_rw_reporting" : "0",
        "bs" : "4K",
        "numjobs" : "64",
        "iodepth" : "4",
        "runtime" : "60",
        "directory" : "/tmp/e2sar/rgeorge-fio_test-m_30",
        "direct" : "1",
        "buffered" : "0",
        "randrepeat" : "0",
        "size" : "128M",
        "ioengine" : "pvsync",
        "lat_percentiles" : "1"
      },
      "read" : {
        "io_bytes" : 0,
        "io_kbytes" : 0,
        "bw_bytes" : 0,
        "bw" : 0,
        "iops" : 0.000000,
        "runtime" : 0,
        "total_ios" : 0,
        "short_ios" : 0,
        "drop_ios" : 0,
        "slat_ns" : {
          "min" : 0,
          "max" : 0,
          "mean" : 0.000000,
          "stddev" : 0.000000,
          "N" : 0
        },
        "clat_ns" : {
          "min" : 0,
          "max" : 0,
          "mean" : 0.000000,
          "stddev" : 0.000000,
          "N" : 0
        },
        "lat_ns" : {
          "min" : 0,
          "max" : 0,
          "mean" : 0.000000,
          "stddev" : 0.000000,
          "N" : 0
        },
        "bw_min" : 0,
        "bw_max" : 0,
        "bw_agg" : 0.000000,
        "bw_mean" : 0.000000,
        "bw_dev" : 0.000000,
        "bw_samples" : 0,
        "iops_min" : 0,
        "iops_max" : 0,
        "iops_mean" : 0.000000,
        "iops_stddev" : 0.000000,
        "iops_samples" : 0
      },
      "write" : {
        "io_bytes" : 17805045760,
        "io_kbytes" : 17387740,
        "bw_bytes" : 296740871,
        "bw" : 289786,
        "iops" : 72446.501783,
        "runtime" : 60002,
        "total_ios" : 4346935,
        "short_ios" : 0,
        "drop_ios" : 0,
        "slat_ns" : {
          "min" : 0,
          "max" : 0,
          "mean" : 0.000000,
          "stddev" : 0.000000,
          "N" : 0
        },
        "clat_ns" : {
          "min" : 124048,
          "max" : 94839663,
          "mean" : 879484.834419,
          "stddev" : 454944.731585,
          "N" : 4346935,
          "percentile" : {
            "1.000000" : 585728,
            "5.000000" : 741376,
            "10.000000" : 782336,
            "20.000000" : 815104,
            "30.000000" : 839680,
            "40.000000" : 856064,
            "50.000000" : 872448,
            "60.000000" : 888832,
            "70.000000" : 905216,
            "80.000000" : 921600,
            "90.000000" : 970752,
            "95.000000" : 1036288,
            "99.000000" : 1220608,
            "99.500000" : 1286144,
            "99.900000" : 1679360,
            "99.950000" : 1990656,
            "99.990000" : 15007744
          }
        },
        "lat_ns" : {
          "min" : 124076,
          "max" : 94839715,
          "mean" : 879587.213188,
          "stddev" : 454944.816567,
          "N" : 4346935,
          "percentile" : {
            "1.000000" : 585728,
            "5.000000" : 741376,
            "10.000000" : 782336,
            "20.000000" : 815104,
            "30.000000" : 839680,
            "40.000000" : 856064,
            "50.000000" : 872448,
            "60.000000" : 888832,
            "70.000000" : 905216,
            "80.000000" : 921600,
            "90.000000" : 970752,
            "95.000000" : 1036288,
            "99.000000" : 1220608,
            "99.500000" : 1286144,
            "99.900000" : 1679360,
            "99.950000" : 1990656,
            "99.990000" : 15007744
          }
        },
        "bw_min" : 205372,
        "bw_max" : 346912,
        "bw_agg" : 100.000000,
        "bw_mean" : 290182.487395,
        "bw_dev" : 206.827393,
        "bw_samples" : 7616,
        "iops_min" : 51342,
        "iops_max" : 86728,
        "iops_mean" : 72545.613445,
        "iops_stddev" : 51.708028,
        "iops_samples" : 7616
      },
      "trim" : {
        "io_bytes" : 0,
        "io_kbytes" : 0,
        "bw_bytes" : 0,
        "bw" : 0,
        "iops" : 0.000000,
        "runtime" : 0,
        "total_ios" : 0,
        "short_ios" : 0,
        "drop_ios" : 0,
        "slat_ns" : {
          "min" : 0,
          "max" : 0,
          "mean" : 0.000000,
          "stddev" : 0.000000,
          "N" : 0
        },
        "clat_ns" : {
          "min" : 0,
          "max" : 0,
          "mean" : 0.000000,
          "stddev" : 0.000000,
          "N" : 0
        },
        "lat_ns" : {
          "min" : 0,
          "max" : 0,
          "mean" : 0.000000,
          "stddev" : 0.000000,
          "N" : 0
        },
        "bw_min" : 0,
        "bw_max" : 0,
        "bw_agg" : 0.000000,
        "bw_mean" : 0.000000,
        "bw_dev" : 0.000000,
        "bw_samples" : 0,
        "iops_min" : 0,
        "iops_max" : 0,
        "iops_mean" : 0.000000,
        "iops_stddev" : 0.000000,
        "iops_samples" : 0
      },
      "sync" : {
        "total_ios" : 0,
        "lat_ns" : {
          "min" : 0,
          "max" : 0,
          "mean" : 0.000000,
          "stddev" : 0.000000,
          "N" : 0
        }
      },
      "job_runtime" : 3840009,
      "usr_cpu" : 0.319921,
      "sys_cpu" : 0.701170,
      "ctx" : 4347490,
      "majf" : 0,
      "minf" : 884,
      "iodepth_level" : {
        "1" : 100.000000,
        "2" : 0.000000,
        "4" : 0.000000,
        "8" : 0.000000,
        "16" : 0.000000,
        "32" : 0.000000,
        ">=64" : 0.000000
      },
      "iodepth_submit" : {
        "0" : 0.000000,
        "4" : 100.000000,
        "8" : 0.000000,
        "16" : 0.000000,
        "32" : 0.000000,
        "64" : 0.000000,
        ">=64" : 0.000000
      },
      "iodepth_complete" : {
        "0" : 0.000000,
        "4" : 100.000000,
        "8" : 0.000000,
        "16" : 0.000000,
        "32" : 0.000000,
        "64" : 0.000000,
        ">=64" : 0.000000
      },
      "latency_ns" : {
        "2" : 0.000000,
        "4" : 0.000000,
        "10" : 0.000000,
        "20" : 0.000000,
        "50" : 0.000000,
        "100" : 0.000000,
        "250" : 0.000000,
        "500" : 0.000000,
        "750" : 0.000000,
        "1000" : 0.000000
      },
      "latency_us" : {
        "2" : 0.000000,
        "4" : 0.000000,
        "10" : 0.000000,
        "20" : 0.000000,
        "50" : 0.000000,
        "100" : 0.000000,
        "250" : 0.163241,
        "500" : 0.420135,
        "750" : 5.017489,
        "1000" : 87.615573
      },
      "latency_ms" : {
        "2" : 6.734561,
        "4" : 0.033840,
        "10" : 0.010000,
        "20" : 0.010000,
        "50" : 0.010000,
        "100" : 0.010000,
        "250" : 0.000000,
        "500" : 0.000000,
        "750" : 0.000000,
        "1000" : 0.000000,
        "2000" : 0.000000,
        ">=2000" : 0.000000
      },
      "latency_depth" : 4,
      "latency_target" : 0,
      "latency_percentile" : 100.000000,
      "latency_window" : 0
    }
  ]
}
