{
  "fio version" : "fio-3.23",
  "timestamp" : 1757506088,
  "timestamp_ms" : 1757506088333,
  "time" : "Wed Sep 10 12:08:08 2025",
  "jobs" : [
    {
      "jobname" : "SeqR-4M-64-4",
      "groupid" : 0,
      "error" : 0,
      "eta" : 0,
      "elapsed" : 61,
      "job options" : {
        "name" : "SeqR-4M-64-4",
        "rw" : "read",
        "unified_rw_reporting" : "0",
        "bs" : "4M",
        "numjobs" : "64",
        "iodepth" : "4",
        "runtime" : "60",
        "directory" : "/tmp/e2sar/rgeorge-fio_test-m_SeqR-4M-64-4",
        "direct" : "1",
        "buffered" : "0",
        "randrepeat" : "0",
        "size" : "128M",
        "ioengine" : "pvsync",
        "lat_percentiles" : "1"
      },
      "read" : {
        "io_bytes" : 115393691648,
        "io_kbytes" : 112689152,
        "bw_bytes" : 1920315715,
        "bw" : 1875308,
        "iops" : 457.838944,
        "runtime" : 60091,
        "total_ios" : 27512,
        "short_ios" : 0,
        "drop_ios" : 0,
        "slat_ns" : {
          "min" : 0,
          "max" : 0,
          "mean" : 0.000000,
          "stddev" : 0.000000,
          "N" : 0
        },
        "clat_ns" : {
          "min" : 91592499,
          "max" : 219547022,
          "mean" : 139626136.299251,
          "stddev" : 4912283.047137,
          "N" : 27512,
          "percentile" : {
            "1.000000" : 135266304,
            "5.000000" : 137363456,
            "10.000000" : 137363456,
            "20.000000" : 137363456,
            "30.000000" : 137363456,
            "40.000000" : 139460608,
            "50.000000" : 139460608,
            "60.000000" : 139460608,
            "70.000000" : 139460608,
            "80.000000" : 141557760,
            "90.000000" : 141557760,
            "95.000000" : 141557760,
            "99.000000" : 147849216,
            "99.500000" : 179306496,
            "99.900000" : 204472320,
            "99.950000" : 208666624,
            "99.990000" : 212860928
          }
        },
        "lat_ns" : {
          "min" : 91592521,
          "max" : 219547060,
          "mean" : 139626250.006179,
          "stddev" : 4912282.270438,
          "N" : 27512,
          "percentile" : {
            "1.000000" : 135266304,
            "5.000000" : 137363456,
            "10.000000" : 137363456,
            "20.000000" : 137363456,
            "30.000000" : 137363456,
            "40.000000" : 139460608,
            "50.000000" : 139460608,
            "60.000000" : 139460608,
            "70.000000" : 139460608,
            "80.000000" : 141557760,
            "90.000000" : 141557760,
            "95.000000" : 141557760,
            "99.000000" : 147849216,
            "99.500000" : 179306496,
            "99.900000" : 204472320,
            "99.950000" : 208666624,
            "99.990000" : 212860928
          }
        },
        "bw_min" : 1572164,
        "bw_max" : 2097152,
        "bw_agg" : 100.000000,
        "bw_mean" : 1876375.159664,
        "bw_dev" : 4044.963403,
        "bw_samples" : 7616,
        "iops_min" : 370,
        "iops_max" : 512,
        "iops_mean" : 457.983193,
        "iops_stddev" : 0.990588,
        "iops_samples" : 7616
      },
      "write" : {
        "io_bytes" : 0,
        "io_kbytes" : 0,
        "bw_bytes" : 0,
        "bw" : 0,
        "iops" : 0.000000,
        "runtime" : 0,
        "total_ios" : 0,
        "short_ios" : 0,
        "drop_ios" : 0,
        "slat_ns" : {
          "min" : 0,
          "max" : 0,
          "mean" : 0.000000,
          "stddev" : 0.000000,
          "N" : 0
        },
        "clat_ns" : {
          "min" : 0,
          "max" : 0,
          "mean" : 0.000000,
          "stddev" : 0.000000,
          "N" : 0
        },
        "lat_ns" : {
          "min" : 0,
          "max" : 0,
          "mean" : 0.000000,
          "stddev" : 0.000000,
          "N" : 0
        },
        "bw_min" : 0,
        "bw_max" : 0,
        "bw_agg" : 0.000000,
        "bw_mean" : 0.000000,
        "bw_dev" : 0.000000,
        "bw_samples" : 0,
        "iops_min" : 0,
        "iops_max" : 0,
        "iops_mean" : 0.000000,
        "iops_stddev" : 0.000000,
        "iops_samples" : 0
      },
      "trim" : {
        "io_bytes" : 0,
        "io_kbytes" : 0,
        "bw_bytes" : 0,
        "bw" : 0,
        "iops" : 0.000000,
        "runtime" : 0,
        "total_ios" : 0,
        "short_ios" : 0,
        "drop_ios" : 0,
        "slat_ns" : {
          "min" : 0,
          "max" : 0,
          "mean" : 0.000000,
          "stddev" : 0.000000,
          "N" : 0
        },
        "clat_ns" : {
          "min" : 0,
          "max" : 0,
          "mean" : 0.000000,
          "stddev" : 0.000000,
          "N" : 0
        },
        "lat_ns" : {
          "min" : 0,
          "max" : 0,
          "mean" : 0.000000,
          "stddev" : 0.000000,
          "N" : 0
        },
        "bw_min" : 0,
        "bw_max" : 0,
        "bw_agg" : 0.000000,
        "bw_mean" : 0.000000,
        "bw_dev" : 0.000000,
        "bw_samples" : 0,
        "iops_min" : 0,
        "iops_max" : 0,
        "iops_mean" : 0.000000,
        "iops_stddev" : 0.000000,
        "iops_samples" : 0
      },
      "sync" : {
        "total_ios" : 0,
        "lat_ns" : {
          "min" : 0,
          "max" : 0,
          "mean" : 0.000000,
          "stddev" : 0.000000,
          "N" : 0
        }
      },
      "job_runtime" : 3843791,
      "usr_cpu" : 0.002758,
      "sys_cpu" : 0.046673,
      "ctx" : 110396,
      "majf" : 0,
      "minf" : 6062,
      "iodepth_level" : {
        "1" : 100.000000,
        "2" : 0.000000,
        "4" : 0.000000,
        "8" : 0.000000,
        "16" : 0.000000,
        "32" : 0.000000,
        ">=64" : 0.000000
      },
      "iodepth_submit" : {
        "0" : 0.000000,
        "4" : 100.000000,
        "8" : 0.000000,
        "16" : 0.000000,
        "32" : 0.000000,
        "64" : 0.000000,
        ">=64" : 0.000000
      },
      "iodepth_complete" : {
        "0" : 0.000000,
        "4" : 100.000000,
        "8" : 0.000000,
        "16" : 0.000000,
        "32" : 0.000000,
        "64" : 0.000000,
        ">=64" : 0.000000
      },
      "latency_ns" : {
        "2" : 0.000000,
        "4" : 0.000000,
        "10" : 0.000000,
        "20" : 0.000000,
        "50" : 0.000000,
        "100" : 0.000000,
        "250" : 0.000000,
        "500" : 0.000000,
        "750" : 0.000000,
        "1000" : 0.000000
      },
      "latency_us" : {
        "2" : 0.000000,
        "4" : 0.000000,
        "10" : 0.000000,
        "20" : 0.000000,
        "50" : 0.000000,
        "100" : 0.000000,
        "250" : 0.000000,
        "500" : 0.000000,
        "750" : 0.000000,
        "1000" : 0.000000
      },
      "latency_ms" : {
        "2" : 0.000000,
        "4" : 0.000000,
        "10" : 0.000000,
        "20" : 0.000000,
        "50" : 0.000000,
        "100" : 0.010000,
        "250" : 99.992730,
        "500" : 0.000000,
        "750" : 0.000000,
        "1000" : 0.000000,
        "2000" : 0.000000,
        ">=2000" : 0.000000
      },
      "latency_depth" : 4,
      "latency_target" : 0,
      "latency_percentile" : 100.000000,
      "latency_window" : 0
    }
  ]
}
