{
  "fio version" : "fio-3.23",
  "timestamp" : 1757011568,
  "timestamp_ms" : 1757011568462,
  "time" : "Thu Sep  4 18:46:08 2025",
  "jobs" : [
    {
      "jobname" : "SeqR-4M-32-1",
      "groupid" : 0,
      "error" : 0,
      "eta" : 0,
      "elapsed" : 61,
      "job options" : {
        "name" : "SeqR-4M-32-1",
        "numjobs" : "32",
        "runtime" : "60",
        "directory" : "/tmp/e2sar/rgeorge-fio_test-p2s_SeqR-4M-32-1",
        "direct" : "1",
        "buffered" : "0",
        "rw" : "read",
        "unified_rw_reporting" : "0",
        "randrepeat" : "0",
        "bs" : "4M",
        "size" : "128M",
        "ioengine" : "pvsync",
        "iodepth" : "1",
        "lat_percentiles" : "1"
      },
      "read" : {
        "io_bytes" : 157856825344,
        "io_kbytes" : 154157056,
        "bw_bytes" : 2629325671,
        "bw" : 2567700,
        "iops" : 626.880091,
        "runtime" : 60037,
        "total_ios" : 37636,
        "short_ios" : 0,
        "drop_ios" : 0,
        "slat_ns" : {
          "min" : 0,
          "max" : 0,
          "mean" : 0.000000,
          "stddev" : 0.000000,
          "N" : 0
        },
        "clat_ns" : {
          "min" : 2812830,
          "max" : 452303189,
          "mean" : 51011102.272585,
          "stddev" : 20621285.315228,
          "N" : 37636,
          "percentile" : {
            "1.000000" : 19529728,
            "5.000000" : 42729472,
            "10.000000" : 46399488,
            "20.000000" : 47448064,
            "30.000000" : 47448064,
            "40.000000" : 47972352,
            "50.000000" : 48496640,
            "60.000000" : 48496640,
            "70.000000" : 49020928,
            "80.000000" : 49545216,
            "90.000000" : 50593792,
            "95.000000" : 58458112,
            "99.000000" : 152043520,
            "99.500000" : 187695104,
            "99.900000" : 304087040,
            "99.950000" : 320864256,
            "99.990000" : 400556032
          }
        },
        "lat_ns" : {
          "min" : 2812860,
          "max" : 452303213,
          "mean" : 51011171.255500,
          "stddev" : 20621291.041787,
          "N" : 37636,
          "percentile" : {
            "1.000000" : 19529728,
            "5.000000" : 42729472,
            "10.000000" : 46399488,
            "20.000000" : 47448064,
            "30.000000" : 47448064,
            "40.000000" : 47972352,
            "50.000000" : 48496640,
            "60.000000" : 48496640,
            "70.000000" : 49020928,
            "80.000000" : 49545216,
            "90.000000" : 50593792,
            "95.000000" : 58458112,
            "99.000000" : 152043520,
            "99.500000" : 187695104,
            "99.900000" : 304087040,
            "99.950000" : 320864256,
            "99.990000" : 400556032
          }
        },
        "bw_min" : 974848,
        "bw_max" : 3162112,
        "bw_agg" : 100.000000,
        "bw_mean" : 2568844.882353,
        "bw_dev" : 12461.016896,
        "bw_samples" : 3808,
        "iops_min" : 238,
        "iops_max" : 772,
        "iops_mean" : 627.151261,
        "iops_stddev" : 3.042581,
        "iops_samples" : 3808
      },
      "write" : {
        "io_bytes" : 0,
        "io_kbytes" : 0,
        "bw_bytes" : 0,
        "bw" : 0,
        "iops" : 0.000000,
        "runtime" : 0,
        "total_ios" : 0,
        "short_ios" : 0,
        "drop_ios" : 0,
        "slat_ns" : {
          "min" : 0,
          "max" : 0,
          "mean" : 0.000000,
          "stddev" : 0.000000,
          "N" : 0
        },
        "clat_ns" : {
          "min" : 0,
          "max" : 0,
          "mean" : 0.000000,
          "stddev" : 0.000000,
          "N" : 0
        },
        "lat_ns" : {
          "min" : 0,
          "max" : 0,
          "mean" : 0.000000,
          "stddev" : 0.000000,
          "N" : 0
        },
        "bw_min" : 0,
        "bw_max" : 0,
        "bw_agg" : 0.000000,
        "bw_mean" : 0.000000,
        "bw_dev" : 0.000000,
        "bw_samples" : 0,
        "iops_min" : 0,
        "iops_max" : 0,
        "iops_mean" : 0.000000,
        "iops_stddev" : 0.000000,
        "iops_samples" : 0
      },
      "trim" : {
        "io_bytes" : 0,
        "io_kbytes" : 0,
        "bw_bytes" : 0,
        "bw" : 0,
        "iops" : 0.000000,
        "runtime" : 0,
        "total_ios" : 0,
        "short_ios" : 0,
        "drop_ios" : 0,
        "slat_ns" : {
          "min" : 0,
          "max" : 0,
          "mean" : 0.000000,
          "stddev" : 0.000000,
          "N" : 0
        },
        "clat_ns" : {
          "min" : 0,
          "max" : 0,
          "mean" : 0.000000,
          "stddev" : 0.000000,
          "N" : 0
        },
        "lat_ns" : {
          "min" : 0,
          "max" : 0,
          "mean" : 0.000000,
          "stddev" : 0.000000,
          "N" : 0
        },
        "bw_min" : 0,
        "bw_max" : 0,
        "bw_agg" : 0.000000,
        "bw_mean" : 0.000000,
        "bw_dev" : 0.000000,
        "bw_samples" : 0,
        "iops_min" : 0,
        "iops_max" : 0,
        "iops_mean" : 0.000000,
        "iops_stddev" : 0.000000,
        "iops_samples" : 0
      },
      "sync" : {
        "total_ios" : 0,
        "lat_ns" : {
          "min" : 0,
          "max" : 0,
          "mean" : 0.000000,
          "stddev" : 0.000000,
          "N" : 0
        }
      },
      "job_runtime" : 1920831,
      "usr_cpu" : 0.003384,
      "sys_cpu" : 0.126195,
      "ctx" : 150737,
      "majf" : 0,
      "minf" : 33174,
      "iodepth_level" : {
        "1" : 100.000000,
        "2" : 0.000000,
        "4" : 0.000000,
        "8" : 0.000000,
        "16" : 0.000000,
        "32" : 0.000000,
        ">=64" : 0.000000
      },
      "iodepth_submit" : {
        "0" : 0.000000,
        "4" : 100.000000,
        "8" : 0.000000,
        "16" : 0.000000,
        "32" : 0.000000,
        "64" : 0.000000,
        ">=64" : 0.000000
      },
      "iodepth_complete" : {
        "0" : 0.000000,
        "4" : 100.000000,
        "8" : 0.000000,
        "16" : 0.000000,
        "32" : 0.000000,
        "64" : 0.000000,
        ">=64" : 0.000000
      },
      "latency_ns" : {
        "2" : 0.000000,
        "4" : 0.000000,
        "10" : 0.000000,
        "20" : 0.000000,
        "50" : 0.000000,
        "100" : 0.000000,
        "250" : 0.000000,
        "500" : 0.000000,
        "750" : 0.000000,
        "1000" : 0.000000
      },
      "latency_us" : {
        "2" : 0.000000,
        "4" : 0.000000,
        "10" : 0.000000,
        "20" : 0.000000,
        "50" : 0.000000,
        "100" : 0.000000,
        "250" : 0.000000,
        "500" : 0.000000,
        "750" : 0.000000,
        "1000" : 0.000000
      },
      "latency_ms" : {
        "2" : 0.000000,
        "4" : 0.092996,
        "10" : 0.345414,
        "20" : 0.584547,
        "50" : 86.361462,
        "100" : 10.160485,
        "250" : 2.200021,
        "500" : 0.255075,
        "750" : 0.000000,
        "1000" : 0.000000,
        "2000" : 0.000000,
        ">=2000" : 0.000000
      },
      "latency_depth" : 1,
      "latency_target" : 0,
      "latency_percentile" : 100.000000,
      "latency_window" : 0
    }
  ]
}
