{
  "fio version" : "fio-3.23",
  "timestamp" : 1757013206,
  "timestamp_ms" : 1757013206709,
  "time" : "Thu Sep  4 19:13:26 2025",
  "jobs" : [
    {
      "jobname" : "SeqRH-16K-32-8",
      "groupid" : 0,
      "error" : 0,
      "eta" : 0,
      "elapsed" : 62,
      "job options" : {
        "name" : "SeqRH-16K-32-8",
        "numjobs" : "32",
        "runtime" : "60",
        "directory" : "/tmp/e2sar/rgeorge-fio_test-p2s_SeqRH-16K-32-8",
        "direct" : "1",
        "buffered" : "0",
        "rw" : "rw",
        "rwmixread" : "80",
        "unified_rw_reporting" : "1",
        "randrepeat" : "0",
        "bs" : "16K",
        "size" : "128M",
        "ioengine" : "pvsync",
        "iodepth" : "8",
        "lat_percentiles" : "1"
      },
      "mixed" : {
        "io_bytes" : 47670394880,
        "io_kbytes" : 46553120,
        "bw_bytes" : 793977263,
        "bw" : 775368,
        "iops" : 48460.526316,
        "runtime" : 60040,
        "total_ios" : 2909570,
        "short_ios" : 0,
        "drop_ios" : 0,
        "slat_ns" : {
          "min" : 0,
          "max" : 0,
          "mean" : 0.000000,
          "stddev" : 0.000000,
          "N" : 0
        },
        "clat_ns" : {
          "min" : 124806,
          "max" : 563108198,
          "mean" : 657794.941940,
          "stddev" : 1992573.270470,
          "N" : 2909570,
          "percentile" : {
            "1.000000" : 228352,
            "5.000000" : 342016,
            "10.000000" : 419840,
            "20.000000" : 501760,
            "30.000000" : 552960,
            "40.000000" : 585728,
            "50.000000" : 610304,
            "60.000000" : 634880,
            "70.000000" : 651264,
            "80.000000" : 675840,
            "90.000000" : 724992,
            "95.000000" : 823296,
            "99.000000" : 1089536,
            "99.500000" : 1171456,
            "99.900000" : 15400960,
            "99.950000" : 38535168,
            "99.990000" : 87556096
          }
        },
        "lat_ns" : {
          "min" : 124835,
          "max" : 563108240,
          "mean" : 657856.159727,
          "stddev" : 1992572.935780,
          "N" : 2909570,
          "percentile" : {
            "1.000000" : 228352,
            "5.000000" : 342016,
            "10.000000" : 419840,
            "20.000000" : 501760,
            "30.000000" : 552960,
            "40.000000" : 585728,
            "50.000000" : 610304,
            "60.000000" : 634880,
            "70.000000" : 651264,
            "80.000000" : 675840,
            "90.000000" : 724992,
            "95.000000" : 823296,
            "99.000000" : 1089536,
            "99.500000" : 1171456,
            "99.900000" : 15400960,
            "99.950000" : 38535168,
            "99.990000" : 87556096
          }
        },
        "bw_min" : 331936,
        "bw_max" : 1008288,
        "bw_agg" : 100.000000,
        "bw_mean" : 777876.214784,
        "bw_dev" : 1787.174870,
        "bw_samples" : 7615,
        "iops_min" : 20746,
        "iops_max" : 63018,
        "iops_mean" : 48617.234012,
        "iops_stddev" : 111.698446,
        "iops_samples" : 7615
      },
      "job_runtime" : 1920058,
      "usr_cpu" : 0.356760,
      "sys_cpu" : 0.925545,
      "ctx" : 2909805,
      "majf" : 0,
      "minf" : 634,
      "iodepth_level" : {
        "1" : 100.000000,
        "2" : 0.000000,
        "4" : 0.000000,
        "8" : 0.000000,
        "16" : 0.000000,
        "32" : 0.000000,
        ">=64" : 0.000000
      },
      "iodepth_submit" : {
        "0" : 0.000000,
        "4" : 100.000000,
        "8" : 0.000000,
        "16" : 0.000000,
        "32" : 0.000000,
        "64" : 0.000000,
        ">=64" : 0.000000
      },
      "iodepth_complete" : {
        "0" : 0.000000,
        "4" : 100.000000,
        "8" : 0.000000,
        "16" : 0.000000,
        "32" : 0.000000,
        "64" : 0.000000,
        ">=64" : 0.000000
      },
      "latency_ns" : {
        "2" : 0.000000,
        "4" : 0.000000,
        "10" : 0.000000,
        "20" : 0.000000,
        "50" : 0.000000,
        "100" : 0.000000,
        "250" : 0.000000,
        "500" : 0.000000,
        "750" : 0.000000,
        "1000" : 0.000000
      },
      "latency_us" : {
        "2" : 0.000000,
        "4" : 0.000000,
        "10" : 0.000000,
        "20" : 0.000000,
        "50" : 0.000000,
        "100" : 0.000000,
        "250" : 1.610307,
        "500" : 18.039126,
        "750" : 73.024502,
        "1000" : 4.939115
      },
      "latency_ms" : {
        "2" : 2.103507,
        "4" : 0.056538,
        "10" : 0.097300,
        "20" : 0.045196,
        "50" : 0.047980,
        "100" : 0.031585,
        "250" : 0.010000,
        "500" : 0.010000,
        "750" : 0.010000,
        "1000" : 0.000000,
        "2000" : 0.000000,
        ">=2000" : 0.000000
      },
      "latency_depth" : 8,
      "latency_target" : 0,
      "latency_percentile" : 100.000000,
      "latency_window" : 0
    }
  ]
}
