{
  "fio version" : "fio-3.23",
  "timestamp" : 1756965706,
  "timestamp_ms" : 1756965706308,
  "time" : "Thu Sep  4 06:01:46 2025",
  "jobs" : [
    {
      "jobname" : "SeqBal-4K-16-64",
      "groupid" : 0,
      "error" : 0,
      "eta" : 0,
      "elapsed" : 62,
      "job options" : {
        "name" : "SeqBal-4K-16-64",
        "numjobs" : "16",
        "runtime" : "60",
        "directory" : "/tmp/e2sar/rgeorge-fio_test-p1s_SeqBal-4K-16-64",
        "direct" : "1",
        "buffered" : "0",
        "rw" : "rw",
        "unified_rw_reporting" : "1",
        "randrepeat" : "0",
        "bs" : "4K",
        "size" : "128M",
        "ioengine" : "pvsync",
        "iodepth" : "64",
        "lat_percentiles" : "1"
      },
      "mixed" : {
        "io_bytes" : 11861053440,
        "io_kbytes" : 11583060,
        "bw_bytes" : 197680929,
        "bw" : 193047,
        "iops" : 48261.945634,
        "runtime" : 60001,
        "total_ios" : 2895765,
        "short_ios" : 0,
        "drop_ios" : 0,
        "slat_ns" : {
          "min" : 0,
          "max" : 0,
          "mean" : 0.000000,
          "stddev" : 0.000000,
          "N" : 0
        },
        "clat_ns" : {
          "min" : 115216,
          "max" : 306916742,
          "mean" : 330321.633116,
          "stddev" : 1157254.626008,
          "N" : 2895765,
          "percentile" : {
            "1.000000" : 164864,
            "5.000000" : 189440,
            "10.000000" : 218112,
            "20.000000" : 272384,
            "30.000000" : 292864,
            "40.000000" : 305152,
            "50.000000" : 317440,
            "60.000000" : 329728,
            "70.000000" : 342016,
            "80.000000" : 354304,
            "90.000000" : 378880,
            "95.000000" : 407552,
            "99.000000" : 485376,
            "99.500000" : 509952,
            "99.900000" : 749568,
            "99.950000" : 7372800,
            "99.990000" : 49020928
          }
        },
        "lat_ns" : {
          "min" : 115239,
          "max" : 306916849,
          "mean" : 330388.487466,
          "stddev" : 1157254.398582,
          "N" : 2895765,
          "percentile" : {
            "1.000000" : 164864,
            "5.000000" : 191488,
            "10.000000" : 218112,
            "20.000000" : 272384,
            "30.000000" : 292864,
            "40.000000" : 305152,
            "50.000000" : 317440,
            "60.000000" : 329728,
            "70.000000" : 342016,
            "80.000000" : 354304,
            "90.000000" : 378880,
            "95.000000" : 407552,
            "99.000000" : 485376,
            "99.500000" : 509952,
            "99.900000" : 749568,
            "99.950000" : 7372800,
            "99.990000" : 49020928
          }
        },
        "bw_min" : 91936,
        "bw_max" : 280968,
        "bw_agg" : 100.000000,
        "bw_mean" : 193215.873950,
        "bw_dev" : 764.866507,
        "bw_samples" : 3808,
        "iops_min" : 22984,
        "iops_max" : 70242,
        "iops_mean" : 48303.966387,
        "iops_stddev" : 191.216520,
        "iops_samples" : 3808
      },
      "job_runtime" : 960000,
      "usr_cpu" : 0.635833,
      "sys_cpu" : 1.679792,
      "ctx" : 2895882,
      "majf" : 0,
      "minf" : 323,
      "iodepth_level" : {
        "1" : 100.000000,
        "2" : 0.000000,
        "4" : 0.000000,
        "8" : 0.000000,
        "16" : 0.000000,
        "32" : 0.000000,
        ">=64" : 0.000000
      },
      "iodepth_submit" : {
        "0" : 0.000000,
        "4" : 100.000000,
        "8" : 0.000000,
        "16" : 0.000000,
        "32" : 0.000000,
        "64" : 0.000000,
        ">=64" : 0.000000
      },
      "iodepth_complete" : {
        "0" : 0.000000,
        "4" : 100.000000,
        "8" : 0.000000,
        "16" : 0.000000,
        "32" : 0.000000,
        "64" : 0.000000,
        ">=64" : 0.000000
      },
      "latency_ns" : {
        "2" : 0.000000,
        "4" : 0.000000,
        "10" : 0.000000,
        "20" : 0.000000,
        "50" : 0.000000,
        "100" : 0.000000,
        "250" : 0.000000,
        "500" : 0.000000,
        "750" : 0.000000,
        "1000" : 0.000000
      },
      "latency_us" : {
        "2" : 0.000000,
        "4" : 0.000000,
        "10" : 0.000000,
        "20" : 0.000000,
        "50" : 0.000000,
        "100" : 0.000000,
        "250" : 14.759692,
        "500" : 84.606209,
        "750" : 0.534159,
        "1000" : 0.010000
      },
      "latency_ms" : {
        "2" : 0.012259,
        "4" : 0.013261,
        "10" : 0.035604,
        "20" : 0.014124,
        "50" : 0.010000,
        "100" : 0.010000,
        "250" : 0.010000,
        "500" : 0.010000,
        "750" : 0.000000,
        "1000" : 0.000000,
        "2000" : 0.000000,
        ">=2000" : 0.000000
      },
      "latency_depth" : 64,
      "latency_target" : 0,
      "latency_percentile" : 100.000000,
      "latency_window" : 0
    }
  ]
}
