{
  "fio version" : "fio-3.23",
  "timestamp" : 1757458931,
  "timestamp_ms" : 1757458931676,
  "time" : "Tue Sep  9 23:02:11 2025",
  "jobs" : [
    {
      "jobname" : "SeqWH-2M-32-4",
      "groupid" : 0,
      "error" : 0,
      "eta" : 0,
      "elapsed" : 61,
      "job options" : {
        "name" : "SeqWH-2M-32-4",
        "rw" : "rw",
        "rwmixread" : "20",
        "unified_rw_reporting" : "1",
        "bs" : "2M",
        "numjobs" : "32",
        "iodepth" : "4",
        "runtime" : "60",
        "directory" : "/tmp/e2sar/rgeorge-fio_test-m_SeqWH-2M-32-4",
        "direct" : "1",
        "buffered" : "0",
        "randrepeat" : "0",
        "size" : "128M",
        "ioengine" : "pvsync",
        "lat_percentiles" : "1"
      },
      "mixed" : {
        "io_bytes" : 436505411584,
        "io_kbytes" : 426274816,
        "bw_bytes" : 7273635465,
        "bw" : 7103159,
        "iops" : 3468.339665,
        "runtime" : 60012,
        "total_ios" : 208142,
        "short_ios" : 0,
        "drop_ios" : 0,
        "slat_ns" : {
          "min" : 0,
          "max" : 0,
          "mean" : 0.000000,
          "stddev" : 0.000000,
          "N" : 0
        },
        "clat_ns" : {
          "min" : 1574575,
          "max" : 144315061,
          "mean" : 8859062.199974,
          "stddev" : 3650318.139136,
          "N" : 208142,
          "percentile" : {
            "1.000000" : 4423680,
            "5.000000" : 5406720,
            "10.000000" : 5865472,
            "20.000000" : 6586368,
            "30.000000" : 7110656,
            "40.000000" : 7634944,
            "50.000000" : 8093696,
            "60.000000" : 8585216,
            "70.000000" : 9371648,
            "80.000000" : 10420224,
            "90.000000" : 12910592,
            "95.000000" : 15007744,
            "99.000000" : 19529728,
            "99.500000" : 21626880,
            "99.900000" : 45350912,
            "99.950000" : 70778880,
            "99.990000" : 86507520
          }
        },
        "lat_ns" : {
          "min" : 1574625,
          "max" : 144315129,
          "mean" : 8859224.098135,
          "stddev" : 3650294.001661,
          "N" : 208142,
          "percentile" : {
            "1.000000" : 4423680,
            "5.000000" : 5406720,
            "10.000000" : 5865472,
            "20.000000" : 6586368,
            "30.000000" : 7110656,
            "40.000000" : 7634944,
            "50.000000" : 8093696,
            "60.000000" : 8585216,
            "70.000000" : 9371648,
            "80.000000" : 10420224,
            "90.000000" : 12910592,
            "95.000000" : 15007744,
            "99.000000" : 19529728,
            "99.500000" : 21626880,
            "99.900000" : 45350912,
            "99.950000" : 70778880,
            "99.990000" : 86507520
          }
        },
        "bw_min" : 4505330,
        "bw_max" : 9870369,
        "bw_agg" : 100.000000,
        "bw_mean" : 7104936.394958,
        "bw_dev" : 16424.053776,
        "bw_samples" : 7616,
        "iops_min" : 2199,
        "iops_max" : 4818,
        "iops_mean" : 3469.058824,
        "iops_stddev" : 8.018610,
        "iops_samples" : 7616
      },
      "job_runtime" : 1920092,
      "usr_cpu" : 3.872262,
      "sys_cpu" : 0.317745,
      "ctx" : 416755,
      "majf" : 0,
      "minf" : 533,
      "iodepth_level" : {
        "1" : 100.000000,
        "2" : 0.000000,
        "4" : 0.000000,
        "8" : 0.000000,
        "16" : 0.000000,
        "32" : 0.000000,
        ">=64" : 0.000000
      },
      "iodepth_submit" : {
        "0" : 0.000000,
        "4" : 100.000000,
        "8" : 0.000000,
        "16" : 0.000000,
        "32" : 0.000000,
        "64" : 0.000000,
        ">=64" : 0.000000
      },
      "iodepth_complete" : {
        "0" : 0.000000,
        "4" : 100.000000,
        "8" : 0.000000,
        "16" : 0.000000,
        "32" : 0.000000,
        "64" : 0.000000,
        ">=64" : 0.000000
      },
      "latency_ns" : {
        "2" : 0.000000,
        "4" : 0.000000,
        "10" : 0.000000,
        "20" : 0.000000,
        "50" : 0.000000,
        "100" : 0.000000,
        "250" : 0.000000,
        "500" : 0.000000,
        "750" : 0.000000,
        "1000" : 0.000000
      },
      "latency_us" : {
        "2" : 0.000000,
        "4" : 0.000000,
        "10" : 0.000000,
        "20" : 0.000000,
        "50" : 0.000000,
        "100" : 0.000000,
        "250" : 0.000000,
        "500" : 0.000000,
        "750" : 0.000000,
        "1000" : 0.000000
      },
      "latency_ms" : {
        "2" : 0.010000,
        "4" : 0.432878,
        "10" : 76.335386,
        "20" : 22.383757,
        "50" : 0.754773,
        "100" : 0.089843,
        "250" : 0.010000,
        "500" : 0.000000,
        "750" : 0.000000,
        "1000" : 0.000000,
        "2000" : 0.000000,
        ">=2000" : 0.000000
      },
      "latency_depth" : 4,
      "latency_target" : 0,
      "latency_percentile" : 100.000000,
      "latency_window" : 0
    }
  ]
}
