{
  "fio version" : "fio-3.23",
  "timestamp" : 1757179169,
  "timestamp_ms" : 1757179169196,
  "time" : "Sat Sep  6 17:19:29 2025",
  "jobs" : [
    {
      "jobname" : "SeqBal-4K-128-1",
      "groupid" : 0,
      "error" : 0,
      "eta" : 0,
      "elapsed" : 63,
      "job options" : {
        "name" : "SeqBal-4K-128-1",
        "numjobs" : "128",
        "runtime" : "60",
        "directory" : "/tmp/e2sar/rgeorge-fio_test-p4s_SeqBal-4K-128-1",
        "direct" : "1",
        "buffered" : "0",
        "rw" : "rw",
        "unified_rw_reporting" : "1",
        "randrepeat" : "0",
        "bs" : "4K",
        "size" : "128M",
        "ioengine" : "pvsync",
        "iodepth" : "1",
        "lat_percentiles" : "1"
      },
      "mixed" : {
        "io_bytes" : 12983218176,
        "io_kbytes" : 12678924,
        "bw_bytes" : 216289639,
        "bw" : 211220,
        "iops" : 52805.087711,
        "runtime" : 60027,
        "total_ios" : 3169731,
        "short_ios" : 0,
        "drop_ios" : 0,
        "slat_ns" : {
          "min" : 0,
          "max" : 0,
          "mean" : 0.000000,
          "stddev" : 0.000000,
          "N" : 0
        },
        "clat_ns" : {
          "min" : 122689,
          "max" : 728987949,
          "mean" : 2402908.763983,
          "stddev" : 5371878.000227,
          "N" : 3169731,
          "percentile" : {
            "1.000000" : 1351680,
            "5.000000" : 1794048,
            "10.000000" : 1925120,
            "20.000000" : 2039808,
            "30.000000" : 2146304,
            "40.000000" : 2211840,
            "50.000000" : 2277376,
            "60.000000" : 2342912,
            "70.000000" : 2441216,
            "80.000000" : 2539520,
            "90.000000" : 2605056,
            "95.000000" : 2670592,
            "99.000000" : 2801664,
            "99.500000" : 3358720,
            "99.900000" : 25034752,
            "99.950000" : 80216064,
            "99.990000" : 358612992
          }
        },
        "lat_ns" : {
          "min" : 122728,
          "max" : 728988115,
          "mean" : 2402983.963039,
          "stddev" : 5371877.986627,
          "N" : 3169731,
          "percentile" : {
            "1.000000" : 1351680,
            "5.000000" : 1794048,
            "10.000000" : 1925120,
            "20.000000" : 2039808,
            "30.000000" : 2146304,
            "40.000000" : 2211840,
            "50.000000" : 2277376,
            "60.000000" : 2342912,
            "70.000000" : 2441216,
            "80.000000" : 2539520,
            "90.000000" : 2605056,
            "95.000000" : 2670592,
            "99.000000" : 2801664,
            "99.500000" : 3358720,
            "99.900000" : 25034752,
            "99.950000" : 80216064,
            "99.990000" : 358612992
          }
        },
        "bw_min" : 38407,
        "bw_max" : 368403,
        "bw_agg" : 100.000000,
        "bw_mean" : 213278.126226,
        "bw_dev" : 173.402233,
        "bw_samples" : 30231,
        "iops_min" : 9601,
        "iops_max" : 92099,
        "iops_mean" : 53319.476662,
        "iops_stddev" : 43.350561,
        "iops_samples" : 30231
      },
      "job_runtime" : 7680128,
      "usr_cpu" : 0.109256,
      "sys_cpu" : 0.240712,
      "ctx" : 3170669,
      "majf" : 0,
      "minf" : 2580,
      "iodepth_level" : {
        "1" : 100.000000,
        "2" : 0.000000,
        "4" : 0.000000,
        "8" : 0.000000,
        "16" : 0.000000,
        "32" : 0.000000,
        ">=64" : 0.000000
      },
      "iodepth_submit" : {
        "0" : 0.000000,
        "4" : 100.000000,
        "8" : 0.000000,
        "16" : 0.000000,
        "32" : 0.000000,
        "64" : 0.000000,
        ">=64" : 0.000000
      },
      "iodepth_complete" : {
        "0" : 0.000000,
        "4" : 100.000000,
        "8" : 0.000000,
        "16" : 0.000000,
        "32" : 0.000000,
        "64" : 0.000000,
        ">=64" : 0.000000
      },
      "latency_ns" : {
        "2" : 0.000000,
        "4" : 0.000000,
        "10" : 0.000000,
        "20" : 0.000000,
        "50" : 0.000000,
        "100" : 0.000000,
        "250" : 0.000000,
        "500" : 0.000000,
        "750" : 0.000000,
        "1000" : 0.000000
      },
      "latency_us" : {
        "2" : 0.000000,
        "4" : 0.000000,
        "10" : 0.000000,
        "20" : 0.000000,
        "50" : 0.000000,
        "100" : 0.000000,
        "250" : 0.094140,
        "500" : 0.207305,
        "750" : 0.157994,
        "1000" : 0.154461
      },
      "latency_ms" : {
        "2" : 15.391085,
        "4" : 83.573369,
        "10" : 0.237938,
        "20" : 0.071930,
        "50" : 0.045051,
        "100" : 0.029466,
        "250" : 0.023693,
        "500" : 0.012903,
        "750" : 0.010000,
        "1000" : 0.000000,
        "2000" : 0.000000,
        ">=2000" : 0.000000
      },
      "latency_depth" : 1,
      "latency_target" : 0,
      "latency_percentile" : 100.000000,
      "latency_window" : 0
    }
  ]
}
