{
  "fio version" : "fio-3.23",
  "timestamp" : 1756969091,
  "timestamp_ms" : 1756969091323,
  "time" : "Thu Sep  4 06:58:11 2025",
  "jobs" : [
    {
      "jobname" : "SeqRH-2M-16-128",
      "groupid" : 0,
      "error" : 0,
      "eta" : 0,
      "elapsed" : 61,
      "job options" : {
        "name" : "SeqRH-2M-16-128",
        "numjobs" : "16",
        "runtime" : "60",
        "directory" : "/tmp/e2sar/rgeorge-fio_test-p1s_SeqRH-2M-16-128",
        "direct" : "1",
        "buffered" : "0",
        "rw" : "rw",
        "rwmixread" : "80",
        "unified_rw_reporting" : "1",
        "randrepeat" : "0",
        "bs" : "2M",
        "size" : "128M",
        "ioengine" : "pvsync",
        "iodepth" : "128",
        "lat_percentiles" : "1"
      },
      "mixed" : {
        "io_bytes" : 218361757696,
        "io_kbytes" : 213243904,
        "bw_bytes" : 3639059373,
        "bw" : 3553768,
        "iops" : 1735.238730,
        "runtime" : 60005,
        "total_ios" : 104123,
        "short_ios" : 0,
        "drop_ios" : 0,
        "slat_ns" : {
          "min" : 0,
          "max" : 0,
          "mean" : 0.000000,
          "stddev" : 0.000000,
          "N" : 0
        },
        "clat_ns" : {
          "min" : 1221204,
          "max" : 543346889,
          "mean" : 9139789.899100,
          "stddev" : 8774600.292432,
          "N" : 104123,
          "percentile" : {
            "1.000000" : 3063808,
            "5.000000" : 6324224,
            "10.000000" : 6979584,
            "20.000000" : 7569408,
            "30.000000" : 7962624,
            "40.000000" : 8224768,
            "50.000000" : 8585216,
            "60.000000" : 8847360,
            "70.000000" : 9109504,
            "80.000000" : 9371648,
            "90.000000" : 9895936,
            "95.000000" : 10289152,
            "99.000000" : 28966912,
            "99.500000" : 59506688,
            "99.900000" : 139460608,
            "99.950000" : 183500800,
            "99.990000" : 274726912
          }
        },
        "lat_ns" : {
          "min" : 1221234,
          "max" : 543347153,
          "mean" : 9139855.273955,
          "stddev" : 8774609.655233,
          "N" : 104123,
          "percentile" : {
            "1.000000" : 3063808,
            "5.000000" : 6324224,
            "10.000000" : 6979584,
            "20.000000" : 7569408,
            "30.000000" : 7962624,
            "40.000000" : 8224768,
            "50.000000" : 8585216,
            "60.000000" : 8847360,
            "70.000000" : 9109504,
            "80.000000" : 9371648,
            "90.000000" : 9895936,
            "95.000000" : 10289152,
            "99.000000" : 28966912,
            "99.500000" : 59506688,
            "99.900000" : 139460608,
            "99.950000" : 183500800,
            "99.990000" : 274726912
          }
        },
        "bw_min" : 376695,
        "bw_max" : 5035705,
        "bw_agg" : 100.000000,
        "bw_mean" : 3556533.164413,
        "bw_dev" : 28375.389286,
        "bw_samples" : 3802,
        "iops_min" : 175,
        "iops_max" : 2451,
        "iops_mean" : 1728.650299,
        "iops_stddev" : 13.900742,
        "iops_samples" : 3802
      },
      "job_runtime" : 960022,
      "usr_cpu" : 0.858105,
      "sys_cpu" : 0.257807,
      "ctx" : 208356,
      "majf" : 0,
      "minf" : 282,
      "iodepth_level" : {
        "1" : 100.000000,
        "2" : 0.000000,
        "4" : 0.000000,
        "8" : 0.000000,
        "16" : 0.000000,
        "32" : 0.000000,
        ">=64" : 0.000000
      },
      "iodepth_submit" : {
        "0" : 0.000000,
        "4" : 100.000000,
        "8" : 0.000000,
        "16" : 0.000000,
        "32" : 0.000000,
        "64" : 0.000000,
        ">=64" : 0.000000
      },
      "iodepth_complete" : {
        "0" : 0.000000,
        "4" : 100.000000,
        "8" : 0.000000,
        "16" : 0.000000,
        "32" : 0.000000,
        "64" : 0.000000,
        ">=64" : 0.000000
      },
      "latency_ns" : {
        "2" : 0.000000,
        "4" : 0.000000,
        "10" : 0.000000,
        "20" : 0.000000,
        "50" : 0.000000,
        "100" : 0.000000,
        "250" : 0.000000,
        "500" : 0.000000,
        "750" : 0.000000,
        "1000" : 0.000000
      },
      "latency_us" : {
        "2" : 0.000000,
        "4" : 0.000000,
        "10" : 0.000000,
        "20" : 0.000000,
        "50" : 0.000000,
        "100" : 0.000000,
        "250" : 0.000000,
        "500" : 0.000000,
        "750" : 0.000000,
        "1000" : 0.000000
      },
      "latency_ms" : {
        "2" : 0.401448,
        "4" : 0.909501,
        "10" : 90.942443,
        "20" : 6.438539,
        "50" : 0.708777,
        "100" : 0.380319,
        "250" : 0.197843,
        "500" : 0.020168,
        "750" : 0.010000,
        "1000" : 0.000000,
        "2000" : 0.000000,
        ">=2000" : 0.000000
      },
      "latency_depth" : 128,
      "latency_target" : 0,
      "latency_percentile" : 100.000000,
      "latency_window" : 0
    }
  ]
}
