{
  "fio version" : "fio-3.23",
  "timestamp" : 1756952830,
  "timestamp_ms" : 1756952830042,
  "time" : "Thu Sep  4 02:27:10 2025",
  "jobs" : [
    {
      "jobname" : "RandR-4M-16-128",
      "groupid" : 0,
      "error" : 0,
      "eta" : 0,
      "elapsed" : 61,
      "job options" : {
        "name" : "RandR-4M-16-128",
        "numjobs" : "16",
        "runtime" : "60",
        "directory" : "/tmp/e2sar/rgeorge-fio_test-p1r2_RandR-4M-16-128",
        "direct" : "1",
        "buffered" : "0",
        "rw" : "randread",
        "unified_rw_reporting" : "0",
        "randrepeat" : "0",
        "bs" : "4M",
        "size" : "128M",
        "ioengine" : "pvsync",
        "iodepth" : "128",
        "lat_percentiles" : "1"
      },
      "read" : {
        "io_bytes" : 229701058560,
        "io_kbytes" : 224317440,
        "bw_bytes" : 3827649240,
        "bw" : 3737938,
        "iops" : 912.582693,
        "runtime" : 60011,
        "total_ios" : 54765,
        "short_ios" : 0,
        "drop_ios" : 0,
        "slat_ns" : {
          "min" : 0,
          "max" : 0,
          "mean" : 0.000000,
          "stddev" : 0.000000,
          "N" : 0
        },
        "clat_ns" : {
          "min" : 2071366,
          "max" : 621297613,
          "mean" : 17525516.533333,
          "stddev" : 13182287.207142,
          "N" : 54765,
          "percentile" : {
            "1.000000" : 9633792,
            "5.000000" : 15400960,
            "10.000000" : 15794176,
            "20.000000" : 16056320,
            "30.000000" : 16318464,
            "40.000000" : 16449536,
            "50.000000" : 16449536,
            "60.000000" : 16580608,
            "70.000000" : 16711680,
            "80.000000" : 16908288,
            "90.000000" : 17170432,
            "95.000000" : 17432576,
            "99.000000" : 45875200,
            "99.500000" : 94896128,
            "99.900000" : 235929600,
            "99.950000" : 287309824,
            "99.990000" : 354418688
          }
        },
        "lat_ns" : {
          "min" : 2071399,
          "max" : 621297652,
          "mean" : 17525581.704465,
          "stddev" : 13182293.808395,
          "N" : 54765,
          "percentile" : {
            "1.000000" : 9633792,
            "5.000000" : 15400960,
            "10.000000" : 15794176,
            "20.000000" : 16056320,
            "30.000000" : 16318464,
            "40.000000" : 16449536,
            "50.000000" : 16449536,
            "60.000000" : 16580608,
            "70.000000" : 16711680,
            "80.000000" : 16908288,
            "90.000000" : 17170432,
            "95.000000" : 17432576,
            "99.000000" : 45875200,
            "99.500000" : 94896128,
            "99.900000" : 235929600,
            "99.950000" : 287309824,
            "99.990000" : 354418688
          }
        },
        "bw_min" : 335872,
        "bw_max" : 4857856,
        "bw_agg" : 100.000000,
        "bw_mean" : 3740023.184874,
        "bw_dev" : 42557.485791,
        "bw_samples" : 1904,
        "iops_min" : 82,
        "iops_max" : 1186,
        "iops_mean" : 913.084034,
        "iops_stddev" : 10.390373,
        "iops_samples" : 1904
      },
      "write" : {
        "io_bytes" : 0,
        "io_kbytes" : 0,
        "bw_bytes" : 0,
        "bw" : 0,
        "iops" : 0.000000,
        "runtime" : 0,
        "total_ios" : 0,
        "short_ios" : 0,
        "drop_ios" : 0,
        "slat_ns" : {
          "min" : 0,
          "max" : 0,
          "mean" : 0.000000,
          "stddev" : 0.000000,
          "N" : 0
        },
        "clat_ns" : {
          "min" : 0,
          "max" : 0,
          "mean" : 0.000000,
          "stddev" : 0.000000,
          "N" : 0
        },
        "lat_ns" : {
          "min" : 0,
          "max" : 0,
          "mean" : 0.000000,
          "stddev" : 0.000000,
          "N" : 0
        },
        "bw_min" : 0,
        "bw_max" : 0,
        "bw_agg" : 0.000000,
        "bw_mean" : 0.000000,
        "bw_dev" : 0.000000,
        "bw_samples" : 0,
        "iops_min" : 0,
        "iops_max" : 0,
        "iops_mean" : 0.000000,
        "iops_stddev" : 0.000000,
        "iops_samples" : 0
      },
      "trim" : {
        "io_bytes" : 0,
        "io_kbytes" : 0,
        "bw_bytes" : 0,
        "bw" : 0,
        "iops" : 0.000000,
        "runtime" : 0,
        "total_ios" : 0,
        "short_ios" : 0,
        "drop_ios" : 0,
        "slat_ns" : {
          "min" : 0,
          "max" : 0,
          "mean" : 0.000000,
          "stddev" : 0.000000,
          "N" : 0
        },
        "clat_ns" : {
          "min" : 0,
          "max" : 0,
          "mean" : 0.000000,
          "stddev" : 0.000000,
          "N" : 0
        },
        "lat_ns" : {
          "min" : 0,
          "max" : 0,
          "mean" : 0.000000,
          "stddev" : 0.000000,
          "N" : 0
        },
        "bw_min" : 0,
        "bw_max" : 0,
        "bw_agg" : 0.000000,
        "bw_mean" : 0.000000,
        "bw_dev" : 0.000000,
        "bw_samples" : 0,
        "iops_min" : 0,
        "iops_max" : 0,
        "iops_mean" : 0.000000,
        "iops_stddev" : 0.000000,
        "iops_samples" : 0
      },
      "sync" : {
        "total_ios" : 0,
        "lat_ns" : {
          "min" : 0,
          "max" : 0,
          "mean" : 0.000000,
          "stddev" : 0.000000,
          "N" : 0
        }
      },
      "job_runtime" : 960084,
      "usr_cpu" : 0.005729,
      "sys_cpu" : 0.274559,
      "ctx" : 219142,
      "majf" : 0,
      "minf" : 7655,
      "iodepth_level" : {
        "1" : 100.000000,
        "2" : 0.000000,
        "4" : 0.000000,
        "8" : 0.000000,
        "16" : 0.000000,
        "32" : 0.000000,
        ">=64" : 0.000000
      },
      "iodepth_submit" : {
        "0" : 0.000000,
        "4" : 100.000000,
        "8" : 0.000000,
        "16" : 0.000000,
        "32" : 0.000000,
        "64" : 0.000000,
        ">=64" : 0.000000
      },
      "iodepth_complete" : {
        "0" : 0.000000,
        "4" : 100.000000,
        "8" : 0.000000,
        "16" : 0.000000,
        "32" : 0.000000,
        "64" : 0.000000,
        ">=64" : 0.000000
      },
      "latency_ns" : {
        "2" : 0.000000,
        "4" : 0.000000,
        "10" : 0.000000,
        "20" : 0.000000,
        "50" : 0.000000,
        "100" : 0.000000,
        "250" : 0.000000,
        "500" : 0.000000,
        "750" : 0.000000,
        "1000" : 0.000000
      },
      "latency_us" : {
        "2" : 0.000000,
        "4" : 0.000000,
        "10" : 0.000000,
        "20" : 0.000000,
        "50" : 0.000000,
        "100" : 0.000000,
        "250" : 0.000000,
        "500" : 0.000000,
        "750" : 0.000000,
        "1000" : 0.000000
      },
      "latency_ms" : {
        "2" : 0.000000,
        "4" : 0.399890,
        "10" : 0.639094,
        "20" : 96.704099,
        "50" : 1.334794,
        "100" : 0.449192,
        "250" : 0.383457,
        "500" : 0.085821,
        "750" : 0.010000,
        "1000" : 0.000000,
        "2000" : 0.000000,
        ">=2000" : 0.000000
      },
      "latency_depth" : 128,
      "latency_target" : 0,
      "latency_percentile" : 100.000000,
      "latency_window" : 0
    }
  ]
}
