{
  "fio version" : "fio-3.23",
  "timestamp" : 1757466657,
  "timestamp_ms" : 1757466657554,
  "time" : "Wed Sep 10 01:10:57 2025",
  "jobs" : [
    {
      "jobname" : "RandBal-2M-128-64",
      "groupid" : 0,
      "error" : 0,
      "eta" : 0,
      "elapsed" : 62,
      "job options" : {
        "name" : "RandBal-2M-128-64",
        "rw" : "randrw",
        "unified_rw_reporting" : "1",
        "bs" : "2M",
        "numjobs" : "128",
        "iodepth" : "64",
        "runtime" : "60",
        "directory" : "/tmp/e2sar/rgeorge-fio_test-m_RandBal-2M-128-64",
        "direct" : "1",
        "buffered" : "0",
        "randrepeat" : "0",
        "size" : "128M",
        "ioengine" : "pvsync",
        "lat_percentiles" : "1"
      },
      "mixed" : {
        "io_bytes" : 207517384704,
        "io_kbytes" : 202653696,
        "bw_bytes" : 3451719639,
        "bw" : 3370819,
        "iops" : 1645.908184,
        "runtime" : 60120,
        "total_ios" : 98952,
        "short_ios" : 0,
        "drop_ios" : 0,
        "slat_ns" : {
          "min" : 0,
          "max" : 0,
          "mean" : 0.000000,
          "stddev" : 0.000000,
          "N" : 0
        },
        "clat_ns" : {
          "min" : 1311752,
          "max" : 425364902,
          "mean" : 77269584.786684,
          "stddev" : 22461192.565616,
          "N" : 98952,
          "percentile" : {
            "1.000000" : 52690944,
            "5.000000" : 63700992,
            "10.000000" : 66322432,
            "20.000000" : 68681728,
            "30.000000" : 70778880,
            "40.000000" : 72876032,
            "50.000000" : 73924608,
            "60.000000" : 76021760,
            "70.000000" : 77070336,
            "80.000000" : 79167488,
            "90.000000" : 82313216,
            "95.000000" : 98041856,
            "99.000000" : 198180864,
            "99.500000" : 231735296,
            "99.900000" : 274726912,
            "99.950000" : 295698432,
            "99.990000" : 333447168
          }
        },
        "lat_ns" : {
          "min" : 1311813,
          "max" : 425365145,
          "mean" : 77269875.991420,
          "stddev" : 22461187.588880,
          "N" : 98952,
          "percentile" : {
            "1.000000" : 52690944,
            "5.000000" : 63700992,
            "10.000000" : 66322432,
            "20.000000" : 68681728,
            "30.000000" : 70778880,
            "40.000000" : 72876032,
            "50.000000" : 73924608,
            "60.000000" : 76021760,
            "70.000000" : 77070336,
            "80.000000" : 79167488,
            "90.000000" : 82313216,
            "95.000000" : 98041856,
            "99.000000" : 198180864,
            "99.500000" : 231735296,
            "99.900000" : 274726912,
            "99.950000" : 295698432,
            "99.990000" : 333447168
          }
        },
        "bw_min" : 1047143,
        "bw_max" : 7692124,
        "bw_agg" : 100.000000,
        "bw_mean" : 3420985.185943,
        "bw_dev" : 5435.458284,
        "bw_samples" : 30015,
        "iops_min" : 507,
        "iops_max" : 3754,
        "iops_mean" : 1669.999517,
        "iops_stddev" : 2.654046,
        "iops_samples" : 30015
      },
      "job_runtime" : 7682963,
      "usr_cpu" : 0.328688,
      "sys_cpu" : 0.090512,
      "ctx" : 199530,
      "majf" : 0,
      "minf" : 1820,
      "iodepth_level" : {
        "1" : 100.000000,
        "2" : 0.000000,
        "4" : 0.000000,
        "8" : 0.000000,
        "16" : 0.000000,
        "32" : 0.000000,
        ">=64" : 0.000000
      },
      "iodepth_submit" : {
        "0" : 0.000000,
        "4" : 100.000000,
        "8" : 0.000000,
        "16" : 0.000000,
        "32" : 0.000000,
        "64" : 0.000000,
        ">=64" : 0.000000
      },
      "iodepth_complete" : {
        "0" : 0.000000,
        "4" : 100.000000,
        "8" : 0.000000,
        "16" : 0.000000,
        "32" : 0.000000,
        "64" : 0.000000,
        ">=64" : 0.000000
      },
      "latency_ns" : {
        "2" : 0.000000,
        "4" : 0.000000,
        "10" : 0.000000,
        "20" : 0.000000,
        "50" : 0.000000,
        "100" : 0.000000,
        "250" : 0.000000,
        "500" : 0.000000,
        "750" : 0.000000,
        "1000" : 0.000000
      },
      "latency_us" : {
        "2" : 0.000000,
        "4" : 0.000000,
        "10" : 0.000000,
        "20" : 0.000000,
        "50" : 0.000000,
        "100" : 0.000000,
        "250" : 0.000000,
        "500" : 0.000000,
        "750" : 0.000000,
        "1000" : 0.000000
      },
      "latency_ms" : {
        "2" : 0.016169,
        "4" : 0.079837,
        "10" : 0.108133,
        "20" : 0.221319,
        "50" : 0.531571,
        "100" : 94.194155,
        "250" : 4.543617,
        "500" : 0.305198,
        "750" : 0.000000,
        "1000" : 0.000000,
        "2000" : 0.000000,
        ">=2000" : 0.000000
      },
      "latency_depth" : 64,
      "latency_target" : 0,
      "latency_percentile" : 100.000000,
      "latency_window" : 0
    }
  ]
}
