{
  "fio version" : "fio-3.23",
  "timestamp" : 1757459771,
  "timestamp_ms" : 1757459771870,
  "time" : "Tue Sep  9 23:16:11 2025",
  "jobs" : [
    {
      "jobname" : "SeqW-2M-128-4",
      "groupid" : 0,
      "error" : 0,
      "eta" : 0,
      "elapsed" : 61,
      "job options" : {
        "name" : "SeqW-2M-128-4",
        "rw" : "write",
        "unified_rw_reporting" : "0",
        "bs" : "2M",
        "numjobs" : "128",
        "iodepth" : "4",
        "runtime" : "60",
        "directory" : "/tmp/e2sar/rgeorge-fio_test-m_SeqW-2M-128-4",
        "direct" : "1",
        "buffered" : "0",
        "randrepeat" : "0",
        "size" : "128M",
        "ioengine" : "pvsync",
        "lat_percentiles" : "1"
      },
      "read" : {
        "io_bytes" : 0,
        "io_kbytes" : 0,
        "bw_bytes" : 0,
        "bw" : 0,
        "iops" : 0.000000,
        "runtime" : 0,
        "total_ios" : 0,
        "short_ios" : 0,
        "drop_ios" : 0,
        "slat_ns" : {
          "min" : 0,
          "max" : 0,
          "mean" : 0.000000,
          "stddev" : 0.000000,
          "N" : 0
        },
        "clat_ns" : {
          "min" : 0,
          "max" : 0,
          "mean" : 0.000000,
          "stddev" : 0.000000,
          "N" : 0
        },
        "lat_ns" : {
          "min" : 0,
          "max" : 0,
          "mean" : 0.000000,
          "stddev" : 0.000000,
          "N" : 0
        },
        "bw_min" : 0,
        "bw_max" : 0,
        "bw_agg" : 0.000000,
        "bw_mean" : 0.000000,
        "bw_dev" : 0.000000,
        "bw_samples" : 0,
        "iops_min" : 0,
        "iops_max" : 0,
        "iops_mean" : 0.000000,
        "iops_stddev" : 0.000000,
        "iops_samples" : 0
      },
      "write" : {
        "io_bytes" : 909799063552,
        "io_kbytes" : 888475648,
        "bw_bytes" : 15158264970,
        "bw" : 14802993,
        "iops" : 7228.023992,
        "runtime" : 60020,
        "total_ios" : 433826,
        "short_ios" : 0,
        "drop_ios" : 0,
        "slat_ns" : {
          "min" : 0,
          "max" : 0,
          "mean" : 0.000000,
          "stddev" : 0.000000,
          "N" : 0
        },
        "clat_ns" : {
          "min" : 2130310,
          "max" : 442410194,
          "mean" : 16948320.132343,
          "stddev" : 5691124.914200,
          "N" : 433826,
          "percentile" : {
            "1.000000" : 9633792,
            "5.000000" : 11075584,
            "10.000000" : 11862016,
            "20.000000" : 13303808,
            "30.000000" : 14614528,
            "40.000000" : 15663104,
            "50.000000" : 16580608,
            "60.000000" : 17694720,
            "70.000000" : 18743296,
            "80.000000" : 20316160,
            "90.000000" : 21889024,
            "95.000000" : 22937600,
            "99.000000" : 25296896,
            "99.500000" : 26345472,
            "99.900000" : 101187584,
            "99.950000" : 105381888,
            "99.990000" : 113770496
          }
        },
        "lat_ns" : {
          "min" : 2130536,
          "max" : 442410727,
          "mean" : 16948796.248634,
          "stddev" : 5691133.748163,
          "N" : 433826,
          "percentile" : {
            "1.000000" : 9633792,
            "5.000000" : 11075584,
            "10.000000" : 11862016,
            "20.000000" : 13303808,
            "30.000000" : 14614528,
            "40.000000" : 15663104,
            "50.000000" : 16580608,
            "60.000000" : 17694720,
            "70.000000" : 18743296,
            "80.000000" : 20316160,
            "90.000000" : 21889024,
            "95.000000" : 22937600,
            "99.000000" : 25296896,
            "99.500000" : 26345472,
            "99.900000" : 101187584,
            "99.950000" : 105381888,
            "99.990000" : 113770496
          }
        },
        "bw_min" : 9010101,
        "bw_max" : 20653482,
        "bw_agg" : 100.000000,
        "bw_mean" : 14864492.085672,
        "bw_dev" : 12608.750233,
        "bw_samples" : 15196,
        "iops_min" : 4370,
        "iops_max" : 10078,
        "iops_mean" : 7245.642074,
        "iops_stddev" : 6.172474,
        "iops_samples" : 15196
      },
      "trim" : {
        "io_bytes" : 0,
        "io_kbytes" : 0,
        "bw_bytes" : 0,
        "bw" : 0,
        "iops" : 0.000000,
        "runtime" : 0,
        "total_ios" : 0,
        "short_ios" : 0,
        "drop_ios" : 0,
        "slat_ns" : {
          "min" : 0,
          "max" : 0,
          "mean" : 0.000000,
          "stddev" : 0.000000,
          "N" : 0
        },
        "clat_ns" : {
          "min" : 0,
          "max" : 0,
          "mean" : 0.000000,
          "stddev" : 0.000000,
          "N" : 0
        },
        "lat_ns" : {
          "min" : 0,
          "max" : 0,
          "mean" : 0.000000,
          "stddev" : 0.000000,
          "N" : 0
        },
        "bw_min" : 0,
        "bw_max" : 0,
        "bw_agg" : 0.000000,
        "bw_mean" : 0.000000,
        "bw_dev" : 0.000000,
        "bw_samples" : 0,
        "iops_min" : 0,
        "iops_max" : 0,
        "iops_mean" : 0.000000,
        "iops_stddev" : 0.000000,
        "iops_samples" : 0
      },
      "sync" : {
        "total_ios" : 0,
        "lat_ns" : {
          "min" : 0,
          "max" : 0,
          "mean" : 0.000000,
          "stddev" : 0.000000,
          "N" : 0
        }
      },
      "job_runtime" : 7680627,
      "usr_cpu" : 3.547536,
      "sys_cpu" : 0.373576,
      "ctx" : 890737,
      "majf" : 0,
      "minf" : 1589,
      "iodepth_level" : {
        "1" : 100.000000,
        "2" : 0.000000,
        "4" : 0.000000,
        "8" : 0.000000,
        "16" : 0.000000,
        "32" : 0.000000,
        ">=64" : 0.000000
      },
      "iodepth_submit" : {
        "0" : 0.000000,
        "4" : 100.000000,
        "8" : 0.000000,
        "16" : 0.000000,
        "32" : 0.000000,
        "64" : 0.000000,
        ">=64" : 0.000000
      },
      "iodepth_complete" : {
        "0" : 0.000000,
        "4" : 100.000000,
        "8" : 0.000000,
        "16" : 0.000000,
        "32" : 0.000000,
        "64" : 0.000000,
        ">=64" : 0.000000
      },
      "latency_ns" : {
        "2" : 0.000000,
        "4" : 0.000000,
        "10" : 0.000000,
        "20" : 0.000000,
        "50" : 0.000000,
        "100" : 0.000000,
        "250" : 0.000000,
        "500" : 0.000000,
        "750" : 0.000000,
        "1000" : 0.000000
      },
      "latency_us" : {
        "2" : 0.000000,
        "4" : 0.000000,
        "10" : 0.000000,
        "20" : 0.000000,
        "50" : 0.000000,
        "100" : 0.000000,
        "250" : 0.000000,
        "500" : 0.000000,
        "750" : 0.000000,
        "1000" : 0.000000
      },
      "latency_ms" : {
        "2" : 0.000000,
        "4" : 0.129084,
        "10" : 1.389267,
        "20" : 77.052551,
        "50" : 21.183839,
        "100" : 0.134847,
        "250" : 0.107647,
        "500" : 0.010000,
        "750" : 0.000000,
        "1000" : 0.000000,
        "2000" : 0.000000,
        ">=2000" : 0.000000
      },
      "latency_depth" : 4,
      "latency_target" : 0,
      "latency_percentile" : 100.000000,
      "latency_window" : 0
    }
  ]
}
