{
  "fio version" : "fio-3.23",
  "timestamp" : 1756967083,
  "timestamp_ms" : 1756967083716,
  "time" : "Thu Sep  4 06:24:43 2025",
  "jobs" : [
    {
      "jobname" : "SeqW-2M-16-64",
      "groupid" : 0,
      "error" : 0,
      "eta" : 0,
      "elapsed" : 61,
      "job options" : {
        "name" : "SeqW-2M-16-64",
        "numjobs" : "16",
        "runtime" : "60",
        "directory" : "/tmp/e2sar/rgeorge-fio_test-p1s_SeqW-2M-16-64",
        "direct" : "1",
        "buffered" : "0",
        "rw" : "write",
        "unified_rw_reporting" : "0",
        "randrepeat" : "0",
        "bs" : "2M",
        "size" : "128M",
        "ioengine" : "pvsync",
        "iodepth" : "64",
        "lat_percentiles" : "1"
      },
      "read" : {
        "io_bytes" : 0,
        "io_kbytes" : 0,
        "bw_bytes" : 0,
        "bw" : 0,
        "iops" : 0.000000,
        "runtime" : 0,
        "total_ios" : 0,
        "short_ios" : 0,
        "drop_ios" : 0,
        "slat_ns" : {
          "min" : 0,
          "max" : 0,
          "mean" : 0.000000,
          "stddev" : 0.000000,
          "N" : 0
        },
        "clat_ns" : {
          "min" : 0,
          "max" : 0,
          "mean" : 0.000000,
          "stddev" : 0.000000,
          "N" : 0
        },
        "lat_ns" : {
          "min" : 0,
          "max" : 0,
          "mean" : 0.000000,
          "stddev" : 0.000000,
          "N" : 0
        },
        "bw_min" : 0,
        "bw_max" : 0,
        "bw_agg" : 0.000000,
        "bw_mean" : 0.000000,
        "bw_dev" : 0.000000,
        "bw_samples" : 0,
        "iops_min" : 0,
        "iops_max" : 0,
        "iops_mean" : 0.000000,
        "iops_stddev" : 0.000000,
        "iops_samples" : 0
      },
      "write" : {
        "io_bytes" : 626811469824,
        "io_kbytes" : 612120576,
        "bw_bytes" : 10446335513,
        "bw" : 10201499,
        "iops" : 4981.200940,
        "runtime" : 60003,
        "total_ios" : 298887,
        "short_ios" : 0,
        "drop_ios" : 0,
        "slat_ns" : {
          "min" : 0,
          "max" : 0,
          "mean" : 0.000000,
          "stddev" : 0.000000,
          "N" : 0
        },
        "clat_ns" : {
          "min" : 1506993,
          "max" : 543750558,
          "mean" : 2793342.501614,
          "stddev" : 6566679.196382,
          "N" : 298887,
          "percentile" : {
            "1.000000" : 1875968,
            "5.000000" : 2007040,
            "10.000000" : 2072576,
            "20.000000" : 2146304,
            "30.000000" : 2211840,
            "40.000000" : 2277376,
            "50.000000" : 2342912,
            "60.000000" : 2408448,
            "70.000000" : 2473984,
            "80.000000" : 2572288,
            "90.000000" : 2736128,
            "95.000000" : 2932736,
            "99.000000" : 5865472,
            "99.500000" : 24510464,
            "99.900000" : 100139008,
            "99.950000" : 137363456,
            "99.990000" : 256901120
          }
        },
        "lat_ns" : {
          "min" : 1507174,
          "max" : 543750795,
          "mean" : 2793493.469258,
          "stddev" : 6566691.199831,
          "N" : 298887,
          "percentile" : {
            "1.000000" : 1875968,
            "5.000000" : 2007040,
            "10.000000" : 2072576,
            "20.000000" : 2146304,
            "30.000000" : 2211840,
            "40.000000" : 2277376,
            "50.000000" : 2342912,
            "60.000000" : 2408448,
            "70.000000" : 2473984,
            "80.000000" : 2572288,
            "90.000000" : 2736128,
            "95.000000" : 2932736,
            "99.000000" : 5865472,
            "99.500000" : 24510464,
            "99.900000" : 100139008,
            "99.950000" : 137363456,
            "99.990000" : 256901120
          }
        },
        "bw_min" : 520167,
        "bw_max" : 12333056,
        "bw_agg" : 100.000000,
        "bw_mean" : 10229660.294118,
        "bw_dev" : 206210.748885,
        "bw_samples" : 1904,
        "iops_min" : 253,
        "iops_max" : 6022,
        "iops_mean" : 4994.857143,
        "iops_stddev" : 100.693356,
        "iops_samples" : 1904
      },
      "trim" : {
        "io_bytes" : 0,
        "io_kbytes" : 0,
        "bw_bytes" : 0,
        "bw" : 0,
        "iops" : 0.000000,
        "runtime" : 0,
        "total_ios" : 0,
        "short_ios" : 0,
        "drop_ios" : 0,
        "slat_ns" : {
          "min" : 0,
          "max" : 0,
          "mean" : 0.000000,
          "stddev" : 0.000000,
          "N" : 0
        },
        "clat_ns" : {
          "min" : 0,
          "max" : 0,
          "mean" : 0.000000,
          "stddev" : 0.000000,
          "N" : 0
        },
        "lat_ns" : {
          "min" : 0,
          "max" : 0,
          "mean" : 0.000000,
          "stddev" : 0.000000,
          "N" : 0
        },
        "bw_min" : 0,
        "bw_max" : 0,
        "bw_agg" : 0.000000,
        "bw_mean" : 0.000000,
        "bw_dev" : 0.000000,
        "bw_samples" : 0,
        "iops_min" : 0,
        "iops_max" : 0,
        "iops_mean" : 0.000000,
        "iops_stddev" : 0.000000,
        "iops_samples" : 0
      },
      "sync" : {
        "total_ios" : 0,
        "lat_ns" : {
          "min" : 0,
          "max" : 0,
          "mean" : 0.000000,
          "stddev" : 0.000000,
          "N" : 0
        }
      },
      "job_runtime" : 960016,
      "usr_cpu" : 13.023429,
      "sys_cpu" : 0.604886,
      "ctx" : 597922,
      "majf" : 0,
      "minf" : 191,
      "iodepth_level" : {
        "1" : 100.000000,
        "2" : 0.000000,
        "4" : 0.000000,
        "8" : 0.000000,
        "16" : 0.000000,
        "32" : 0.000000,
        ">=64" : 0.000000
      },
      "iodepth_submit" : {
        "0" : 0.000000,
        "4" : 100.000000,
        "8" : 0.000000,
        "16" : 0.000000,
        "32" : 0.000000,
        "64" : 0.000000,
        ">=64" : 0.000000
      },
      "iodepth_complete" : {
        "0" : 0.000000,
        "4" : 100.000000,
        "8" : 0.000000,
        "16" : 0.000000,
        "32" : 0.000000,
        "64" : 0.000000,
        ">=64" : 0.000000
      },
      "latency_ns" : {
        "2" : 0.000000,
        "4" : 0.000000,
        "10" : 0.000000,
        "20" : 0.000000,
        "50" : 0.000000,
        "100" : 0.000000,
        "250" : 0.000000,
        "500" : 0.000000,
        "750" : 0.000000,
        "1000" : 0.000000
      },
      "latency_us" : {
        "2" : 0.000000,
        "4" : 0.000000,
        "10" : 0.000000,
        "20" : 0.000000,
        "50" : 0.000000,
        "100" : 0.000000,
        "250" : 0.000000,
        "500" : 0.000000,
        "750" : 0.000000,
        "1000" : 0.000000
      },
      "latency_ms" : {
        "2" : 5.001890,
        "4" : 93.792637,
        "10" : 0.405170,
        "20" : 0.234537,
        "50" : 0.262641,
        "100" : 0.203087,
        "250" : 0.087993,
        "500" : 0.011376,
        "750" : 0.010000,
        "1000" : 0.000000,
        "2000" : 0.000000,
        ">=2000" : 0.000000
      },
      "latency_depth" : 64,
      "latency_target" : 0,
      "latency_percentile" : 100.000000,
      "latency_window" : 0
    }
  ]
}
