{
  "fio version" : "fio-3.23",
  "timestamp" : 1756989777,
  "timestamp_ms" : 1756989777041,
  "time" : "Thu Sep  4 12:42:57 2025",
  "jobs" : [
    {
      "jobname" : "RandRH-16K-32-8",
      "groupid" : 0,
      "error" : 0,
      "eta" : 0,
      "elapsed" : 61,
      "job options" : {
        "name" : "RandRH-16K-32-8",
        "numjobs" : "32",
        "runtime" : "60",
        "directory" : "/tmp/e2sar/rgeorge-fio_test-p2r_RandRH-16K-32-8",
        "direct" : "1",
        "buffered" : "0",
        "rw" : "randrw",
        "rwmixread" : "80",
        "unified_rw_reporting" : "1",
        "randrepeat" : "0",
        "bs" : "16K",
        "size" : "128M",
        "ioengine" : "pvsync",
        "iodepth" : "8",
        "lat_percentiles" : "1"
      },
      "mixed" : {
        "io_bytes" : 42780590080,
        "io_kbytes" : 41777920,
        "bw_bytes" : 712974185,
        "bw" : 696263,
        "iops" : 43516.490842,
        "runtime" : 60003,
        "total_ios" : 2611120,
        "short_ios" : 0,
        "drop_ios" : 0,
        "slat_ns" : {
          "min" : 0,
          "max" : 0,
          "mean" : 0.000000,
          "stddev" : 0.000000,
          "N" : 0
        },
        "clat_ns" : {
          "min" : 146950,
          "max" : 677216904,
          "mean" : 733081.388204,
          "stddev" : 2664631.023469,
          "N" : 2611120,
          "percentile" : {
            "1.000000" : 264192,
            "5.000000" : 337920,
            "10.000000" : 415744,
            "20.000000" : 493568,
            "30.000000" : 544768,
            "40.000000" : 593920,
            "50.000000" : 626688,
            "60.000000" : 651264,
            "70.000000" : 675840,
            "80.000000" : 708608,
            "90.000000" : 815104,
            "95.000000" : 937984,
            "99.000000" : 1155072,
            "99.500000" : 2506752,
            "99.900000" : 38535168,
            "99.950000" : 60555264,
            "99.990000" : 94896128
          }
        },
        "lat_ns" : {
          "min" : 146995,
          "max" : 677216965,
          "mean" : 733139.430235,
          "stddev" : 2664630.955226,
          "N" : 2611120,
          "percentile" : {
            "1.000000" : 264192,
            "5.000000" : 337920,
            "10.000000" : 415744,
            "20.000000" : 493568,
            "30.000000" : 544768,
            "40.000000" : 593920,
            "50.000000" : 626688,
            "60.000000" : 651264,
            "70.000000" : 675840,
            "80.000000" : 708608,
            "90.000000" : 815104,
            "95.000000" : 937984,
            "99.000000" : 1155072,
            "99.500000" : 2506752,
            "99.900000" : 38535168,
            "99.950000" : 60555264,
            "99.990000" : 94896128
          }
        },
        "bw_min" : 112384,
        "bw_max" : 1005504,
        "bw_agg" : 100.000000,
        "bw_mean" : 696877.093576,
        "bw_dev" : 3409.932108,
        "bw_samples" : 7614,
        "iops_min" : 7024,
        "iops_max" : 62844,
        "iops_mean" : 43554.794189,
        "iops_stddev" : 213.120568,
        "iops_samples" : 7614
      },
      "job_runtime" : 1920012,
      "usr_cpu" : 0.329425,
      "sys_cpu" : 0.755360,
      "ctx" : 2611360,
      "majf" : 0,
      "minf" : 616,
      "iodepth_level" : {
        "1" : 100.000000,
        "2" : 0.000000,
        "4" : 0.000000,
        "8" : 0.000000,
        "16" : 0.000000,
        "32" : 0.000000,
        ">=64" : 0.000000
      },
      "iodepth_submit" : {
        "0" : 0.000000,
        "4" : 100.000000,
        "8" : 0.000000,
        "16" : 0.000000,
        "32" : 0.000000,
        "64" : 0.000000,
        ">=64" : 0.000000
      },
      "iodepth_complete" : {
        "0" : 0.000000,
        "4" : 100.000000,
        "8" : 0.000000,
        "16" : 0.000000,
        "32" : 0.000000,
        "64" : 0.000000,
        ">=64" : 0.000000
      },
      "latency_ns" : {
        "2" : 0.000000,
        "4" : 0.000000,
        "10" : 0.000000,
        "20" : 0.000000,
        "50" : 0.000000,
        "100" : 0.000000,
        "250" : 0.000000,
        "500" : 0.000000,
        "750" : 0.000000,
        "1000" : 0.000000
      },
      "latency_us" : {
        "2" : 0.000000,
        "4" : 0.000000,
        "10" : 0.000000,
        "20" : 0.000000,
        "50" : 0.000000,
        "100" : 0.000000,
        "250" : 0.510815,
        "500" : 20.299144,
        "750" : 65.496339,
        "1000" : 10.573624
      },
      "latency_ms" : {
        "2" : 2.599612,
        "4" : 0.085059,
        "10" : 0.153804,
        "20" : 0.097085,
        "50" : 0.113591,
        "100" : 0.063651,
        "250" : 0.010000,
        "500" : 0.010000,
        "750" : 0.010000,
        "1000" : 0.000000,
        "2000" : 0.000000,
        ">=2000" : 0.000000
      },
      "latency_depth" : 8,
      "latency_target" : 0,
      "latency_percentile" : 100.000000,
      "latency_window" : 0
    }
  ]
}
