{
  "fio version" : "fio-3.23",
  "timestamp" : 1756989332,
  "timestamp_ms" : 1756989332391,
  "time" : "Thu Sep  4 12:35:32 2025",
  "jobs" : [
    {
      "jobname" : "RandWH-4K-32-8",
      "groupid" : 0,
      "error" : 0,
      "eta" : 0,
      "elapsed" : 61,
      "job options" : {
        "name" : "RandWH-4K-32-8",
        "numjobs" : "32",
        "runtime" : "60",
        "directory" : "/tmp/e2sar/rgeorge-fio_test-p2r_RandWH-4K-32-8",
        "direct" : "1",
        "buffered" : "0",
        "rw" : "randrw",
        "rwmixread" : "20",
        "unified_rw_reporting" : "1",
        "randrepeat" : "0",
        "bs" : "4K",
        "size" : "128M",
        "ioengine" : "pvsync",
        "iodepth" : "8",
        "lat_percentiles" : "1"
      },
      "mixed" : {
        "io_bytes" : 14130352128,
        "io_kbytes" : 13799172,
        "bw_bytes" : 235352889,
        "bw" : 229836,
        "iops" : 57459.201519,
        "runtime" : 60039,
        "total_ios" : 3449793,
        "short_ios" : 0,
        "drop_ios" : 0,
        "slat_ns" : {
          "min" : 0,
          "max" : 0,
          "mean" : 0.000000,
          "stddev" : 0.000000,
          "N" : 0
        },
        "clat_ns" : {
          "min" : 137882,
          "max" : 952856211,
          "mean" : 554474.416532,
          "stddev" : 2395948.181542,
          "N" : 3449793,
          "percentile" : {
            "1.000000" : 228352,
            "5.000000" : 276480,
            "10.000000" : 313344,
            "20.000000" : 358400,
            "30.000000" : 391168,
            "40.000000" : 423936,
            "50.000000" : 452608,
            "60.000000" : 485376,
            "70.000000" : 522240,
            "80.000000" : 569344,
            "90.000000" : 643072,
            "95.000000" : 716800,
            "99.000000" : 913408,
            "99.500000" : 1400832,
            "99.900000" : 25821184,
            "99.950000" : 38535168,
            "99.990000" : 86507520
          }
        },
        "lat_ns" : {
          "min" : 137924,
          "max" : 952856250,
          "mean" : 554540.947462,
          "stddev" : 2395948.020654,
          "N" : 3449793,
          "percentile" : {
            "1.000000" : 228352,
            "5.000000" : 276480,
            "10.000000" : 313344,
            "20.000000" : 358400,
            "30.000000" : 391168,
            "40.000000" : 423936,
            "50.000000" : 452608,
            "60.000000" : 485376,
            "70.000000" : 522240,
            "80.000000" : 569344,
            "90.000000" : 643072,
            "95.000000" : 716800,
            "99.000000" : 913408,
            "99.500000" : 1400832,
            "99.900000" : 25821184,
            "99.950000" : 38535168,
            "99.990000" : 86507520
          }
        },
        "bw_min" : 24096,
        "bw_max" : 305392,
        "bw_agg" : 100.000000,
        "bw_mean" : 230390.997294,
        "bw_dev" : 911.385806,
        "bw_samples" : 7608,
        "iops_min" : 6024,
        "iops_max" : 76348,
        "iops_mean" : 57597.740920,
        "iops_stddev" : 227.846479,
        "iops_samples" : 7608
      },
      "job_runtime" : 1920171,
      "usr_cpu" : 0.465323,
      "sys_cpu" : 1.058499,
      "ctx" : 3450034,
      "majf" : 0,
      "minf" : 611,
      "iodepth_level" : {
        "1" : 100.000000,
        "2" : 0.000000,
        "4" : 0.000000,
        "8" : 0.000000,
        "16" : 0.000000,
        "32" : 0.000000,
        ">=64" : 0.000000
      },
      "iodepth_submit" : {
        "0" : 0.000000,
        "4" : 100.000000,
        "8" : 0.000000,
        "16" : 0.000000,
        "32" : 0.000000,
        "64" : 0.000000,
        ">=64" : 0.000000
      },
      "iodepth_complete" : {
        "0" : 0.000000,
        "4" : 100.000000,
        "8" : 0.000000,
        "16" : 0.000000,
        "32" : 0.000000,
        "64" : 0.000000,
        ">=64" : 0.000000
      },
      "latency_ns" : {
        "2" : 0.000000,
        "4" : 0.000000,
        "10" : 0.000000,
        "20" : 0.000000,
        "50" : 0.000000,
        "100" : 0.000000,
        "250" : 0.000000,
        "500" : 0.000000,
        "750" : 0.000000,
        "1000" : 0.000000
      },
      "latency_us" : {
        "2" : 0.000000,
        "4" : 0.000000,
        "10" : 0.000000,
        "20" : 0.000000,
        "50" : 0.000000,
        "100" : 0.000000,
        "250" : 2.509107,
        "500" : 62.070855,
        "750" : 31.644855,
        "1000" : 3.141899
      },
      "latency_ms" : {
        "2" : 0.160531,
        "4" : 0.078555,
        "10" : 0.149226,
        "20" : 0.107572,
        "50" : 0.108644,
        "100" : 0.022436,
        "250" : 0.010000,
        "500" : 0.010000,
        "750" : 0.010000,
        "1000" : 0.010000,
        "2000" : 0.000000,
        ">=2000" : 0.000000
      },
      "latency_depth" : 8,
      "latency_target" : 0,
      "latency_percentile" : 100.000000,
      "latency_window" : 0
    }
  ]
}
