{
  "fio version" : "fio-3.23",
  "timestamp" : 1756996855,
  "timestamp_ms" : 1756996855979,
  "time" : "Thu Sep  4 14:40:55 2025",
  "jobs" : [
    {
      "jobname" : "RandWH-16K-32-32",
      "groupid" : 0,
      "error" : 0,
      "eta" : 0,
      "elapsed" : 61,
      "job options" : {
        "name" : "RandWH-16K-32-32",
        "numjobs" : "32",
        "runtime" : "60",
        "directory" : "/tmp/e2sar/rgeorge-fio_test-p2r_RandWH-16K-32-32",
        "direct" : "1",
        "buffered" : "0",
        "rw" : "randrw",
        "rwmixread" : "20",
        "unified_rw_reporting" : "1",
        "randrepeat" : "0",
        "bs" : "16K",
        "size" : "128M",
        "ioengine" : "pvsync",
        "iodepth" : "32",
        "lat_percentiles" : "1"
      },
      "mixed" : {
        "io_bytes" : 51105726464,
        "io_kbytes" : 49907936,
        "bw_bytes" : 851733716,
        "bw" : 831771,
        "iops" : 51985.700477,
        "runtime" : 60002,
        "total_ios" : 3119246,
        "short_ios" : 0,
        "drop_ios" : 0,
        "slat_ns" : {
          "min" : 0,
          "max" : 0,
          "mean" : 0.000000,
          "stddev" : 0.000000,
          "N" : 0
        },
        "clat_ns" : {
          "min" : 160422,
          "max" : 947248048,
          "mean" : 611097.288596,
          "stddev" : 2796961.349535,
          "N" : 3119246,
          "percentile" : {
            "1.000000" : 252928,
            "5.000000" : 301056,
            "10.000000" : 333824,
            "20.000000" : 382976,
            "30.000000" : 428032,
            "40.000000" : 464896,
            "50.000000" : 501760,
            "60.000000" : 536576,
            "70.000000" : 569344,
            "80.000000" : 610304,
            "90.000000" : 675840,
            "95.000000" : 749568,
            "99.000000" : 1036288,
            "99.500000" : 1482752,
            "99.900000" : 33423360,
            "99.950000" : 55836672,
            "99.990000" : 93847552
          }
        },
        "lat_ns" : {
          "min" : 160450,
          "max" : 947248468,
          "mean" : 611186.020520,
          "stddev" : 2796960.662863,
          "N" : 3119246,
          "percentile" : {
            "1.000000" : 252928,
            "5.000000" : 301056,
            "10.000000" : 333824,
            "20.000000" : 382976,
            "30.000000" : 428032,
            "40.000000" : 464896,
            "50.000000" : 501760,
            "60.000000" : 536576,
            "70.000000" : 569344,
            "80.000000" : 610304,
            "90.000000" : 675840,
            "95.000000" : 749568,
            "99.000000" : 1036288,
            "99.500000" : 1482752,
            "99.900000" : 33423360,
            "99.950000" : 55836672,
            "99.990000" : 93847552
          }
        },
        "bw_min" : 72416,
        "bw_max" : 1180064,
        "bw_agg" : 100.000000,
        "bw_mean" : 833701.458767,
        "bw_dev" : 4399.856949,
        "bw_samples" : 7607,
        "iops_min" : 4526,
        "iops_max" : 73754,
        "iops_mean" : 52106.331719,
        "iops_stddev" : 274.991133,
        "iops_samples" : 7607
      },
      "job_runtime" : 1920001,
      "usr_cpu" : 0.787239,
      "sys_cpu" : 1.035677,
      "ctx" : 3119498,
      "majf" : 0,
      "minf" : 613,
      "iodepth_level" : {
        "1" : 100.000000,
        "2" : 0.000000,
        "4" : 0.000000,
        "8" : 0.000000,
        "16" : 0.000000,
        "32" : 0.000000,
        ">=64" : 0.000000
      },
      "iodepth_submit" : {
        "0" : 0.000000,
        "4" : 100.000000,
        "8" : 0.000000,
        "16" : 0.000000,
        "32" : 0.000000,
        "64" : 0.000000,
        ">=64" : 0.000000
      },
      "iodepth_complete" : {
        "0" : 0.000000,
        "4" : 100.000000,
        "8" : 0.000000,
        "16" : 0.000000,
        "32" : 0.000000,
        "64" : 0.000000,
        ">=64" : 0.000000
      },
      "latency_ns" : {
        "2" : 0.000000,
        "4" : 0.000000,
        "10" : 0.000000,
        "20" : 0.000000,
        "50" : 0.000000,
        "100" : 0.000000,
        "250" : 0.000000,
        "500" : 0.000000,
        "750" : 0.000000,
        "1000" : 0.000000
      },
      "latency_us" : {
        "2" : 0.000000,
        "4" : 0.000000,
        "10" : 0.000000,
        "20" : 0.000000,
        "50" : 0.000000,
        "100" : 0.000000,
        "250" : 0.854309,
        "500" : 49.056823,
        "750" : 44.952498,
        "1000" : 3.984328
      },
      "latency_ms" : {
        "2" : 0.699047,
        "4" : 0.066522,
        "10" : 0.133494,
        "20" : 0.090535,
        "50" : 0.102461,
        "100" : 0.052224,
        "250" : 0.010000,
        "500" : 0.010000,
        "750" : 0.010000,
        "1000" : 0.010000,
        "2000" : 0.000000,
        ">=2000" : 0.000000
      },
      "latency_depth" : 32,
      "latency_target" : 0,
      "latency_percentile" : 100.000000,
      "latency_window" : 0
    }
  ]
}
