{
  "fio version" : "fio-3.23",
  "timestamp" : 1757449811,
  "timestamp_ms" : 1757449811379,
  "time" : "Tue Sep  9 20:30:11 2025",
  "jobs" : [
    {
      "jobname" : "SeqBal-1M-32-4",
      "groupid" : 0,
      "error" : 0,
      "eta" : 0,
      "elapsed" : 61,
      "job options" : {
        "name" : "SeqBal-1M-32-4",
        "rw" : "rw",
        "unified_rw_reporting" : "1",
        "bs" : "1M",
        "numjobs" : "32",
        "iodepth" : "4",
        "runtime" : "60",
        "directory" : "/tmp/e2sar/rgeorge-fio_test-m_SeqBal-1M-32-4",
        "direct" : "1",
        "buffered" : "0",
        "randrepeat" : "0",
        "size" : "128M",
        "ioengine" : "pvsync",
        "lat_percentiles" : "1"
      },
      "mixed" : {
        "io_bytes" : 326544392192,
        "io_kbytes" : 318891008,
        "bw_bytes" : 5440049181,
        "bw" : 5312548,
        "iops" : 5188.035185,
        "runtime" : 60026,
        "total_ios" : 311417,
        "short_ios" : 0,
        "drop_ios" : 0,
        "slat_ns" : {
          "min" : 0,
          "max" : 0,
          "mean" : 0.000000,
          "stddev" : 0.000000,
          "N" : 0
        },
        "clat_ns" : {
          "min" : 588969,
          "max" : 99637530,
          "mean" : 6052689.080509,
          "stddev" : 1931307.652654,
          "N" : 311417,
          "percentile" : {
            "1.000000" : 3325952,
            "5.000000" : 4145152,
            "10.000000" : 4554752,
            "20.000000" : 5079040,
            "30.000000" : 5406720,
            "40.000000" : 5734400,
            "50.000000" : 5996544,
            "60.000000" : 6258688,
            "70.000000" : 6586368,
            "80.000000" : 6979584,
            "90.000000" : 7438336,
            "95.000000" : 7831552,
            "99.000000" : 8585216,
            "99.500000" : 8978432,
            "99.900000" : 27918336,
            "99.950000" : 48496640,
            "99.990000" : 74973184
          }
        },
        "lat_ns" : {
          "min" : 589002,
          "max" : 99637668,
          "mean" : 6052756.856755,
          "stddev" : 1931304.142236,
          "N" : 311417,
          "percentile" : {
            "1.000000" : 3325952,
            "5.000000" : 4145152,
            "10.000000" : 4554752,
            "20.000000" : 5079040,
            "30.000000" : 5406720,
            "40.000000" : 5734400,
            "50.000000" : 5996544,
            "60.000000" : 6258688,
            "70.000000" : 6586368,
            "80.000000" : 6979584,
            "90.000000" : 7438336,
            "95.000000" : 7831552,
            "99.000000" : 8585216,
            "99.500000" : 8978432,
            "99.900000" : 27918336,
            "99.950000" : 48496640,
            "99.990000" : 74973184
          }
        },
        "bw_min" : 3608910,
        "bw_max" : 7269970,
        "bw_agg" : 100.000000,
        "bw_mean" : 5324335.193277,
        "bw_dev" : 10886.038535,
        "bw_samples" : 7616,
        "iops_min" : 3495,
        "iops_max" : 7091,
        "iops_mean" : 5183.310924,
        "iops_stddev" : 10.662048,
        "iops_samples" : 7616
      },
      "job_runtime" : 1920415,
      "usr_cpu" : 1.755870,
      "sys_cpu" : 0.258694,
      "ctx" : 311692,
      "majf" : 0,
      "minf" : 531,
      "iodepth_level" : {
        "1" : 100.000000,
        "2" : 0.000000,
        "4" : 0.000000,
        "8" : 0.000000,
        "16" : 0.000000,
        "32" : 0.000000,
        ">=64" : 0.000000
      },
      "iodepth_submit" : {
        "0" : 0.000000,
        "4" : 100.000000,
        "8" : 0.000000,
        "16" : 0.000000,
        "32" : 0.000000,
        "64" : 0.000000,
        ">=64" : 0.000000
      },
      "iodepth_complete" : {
        "0" : 0.000000,
        "4" : 100.000000,
        "8" : 0.000000,
        "16" : 0.000000,
        "32" : 0.000000,
        "64" : 0.000000,
        ">=64" : 0.000000
      },
      "latency_ns" : {
        "2" : 0.000000,
        "4" : 0.000000,
        "10" : 0.000000,
        "20" : 0.000000,
        "50" : 0.000000,
        "100" : 0.000000,
        "250" : 0.000000,
        "500" : 0.000000,
        "750" : 0.000000,
        "1000" : 0.000000
      },
      "latency_us" : {
        "2" : 0.000000,
        "4" : 0.000000,
        "10" : 0.000000,
        "20" : 0.000000,
        "50" : 0.000000,
        "100" : 0.000000,
        "250" : 0.000000,
        "500" : 0.000000,
        "750" : 0.010000,
        "1000" : 0.013487
      },
      "latency_ms" : {
        "2" : 0.111426,
        "4" : 3.688302,
        "10" : 95.984805,
        "20" : 0.071287,
        "50" : 0.077709,
        "100" : 0.047846,
        "250" : 0.000000,
        "500" : 0.000000,
        "750" : 0.000000,
        "1000" : 0.000000,
        "2000" : 0.000000,
        ">=2000" : 0.000000
      },
      "latency_depth" : 4,
      "latency_target" : 0,
      "latency_percentile" : 100.000000,
      "latency_window" : 0
    }
  ]
}
