{
  "fio version" : "fio-3.23",
  "timestamp" : 1757449470,
  "timestamp_ms" : 1757449470472,
  "time" : "Tue Sep  9 20:24:30 2025",
  "jobs" : [
    {
      "jobname" : "SeqRH-1M-128-32",
      "groupid" : 0,
      "error" : 0,
      "eta" : 0,
      "elapsed" : 62,
      "job options" : {
        "name" : "SeqRH-1M-128-32",
        "rw" : "rw",
        "rwmixread" : "80",
        "unified_rw_reporting" : "1",
        "bs" : "1M",
        "numjobs" : "128",
        "iodepth" : "32",
        "runtime" : "60",
        "directory" : "/tmp/e2sar/rgeorge-fio_test-m_SeqRH-1M-128-32",
        "direct" : "1",
        "buffered" : "0",
        "randrepeat" : "0",
        "size" : "128M",
        "ioengine" : "pvsync",
        "lat_percentiles" : "1"
      },
      "mixed" : {
        "io_bytes" : 148305346560,
        "io_kbytes" : 144829440,
        "bw_bytes" : 2469656567,
        "bw" : 2411773,
        "iops" : 2355.248039,
        "runtime" : 60051,
        "total_ios" : 141435,
        "short_ios" : 0,
        "drop_ios" : 0,
        "slat_ns" : {
          "min" : 0,
          "max" : 0,
          "mean" : 0.000000,
          "stddev" : 0.000000,
          "N" : 0
        },
        "clat_ns" : {
          "min" : 1002674,
          "max" : 297461740,
          "mean" : 53981280.155768,
          "stddev" : 14617560.257715,
          "N" : 141435,
          "percentile" : {
            "1.000000" : 38010880,
            "5.000000" : 47448064,
            "10.000000" : 49020928,
            "20.000000" : 50069504,
            "30.000000" : 51118080,
            "40.000000" : 52166656,
            "50.000000" : 52690944,
            "60.000000" : 53215232,
            "70.000000" : 53739520,
            "80.000000" : 54788096,
            "90.000000" : 55836672,
            "95.000000" : 56885248,
            "99.000000" : 129499136,
            "99.500000" : 166723584,
            "99.900000" : 221249536,
            "99.950000" : 235929600,
            "99.990000" : 265289728
          }
        },
        "lat_ns" : {
          "min" : 1003002,
          "max" : 297461991,
          "mean" : 53981422.777156,
          "stddev" : 14617563.032336,
          "N" : 141435,
          "percentile" : {
            "1.000000" : 38010880,
            "5.000000" : 47448064,
            "10.000000" : 49020928,
            "20.000000" : 50069504,
            "30.000000" : 51118080,
            "40.000000" : 52166656,
            "50.000000" : 52690944,
            "60.000000" : 53215232,
            "70.000000" : 53739520,
            "80.000000" : 54788096,
            "90.000000" : 55836672,
            "95.000000" : 56885248,
            "99.000000" : 129499136,
            "99.500000" : 166723584,
            "99.900000" : 221249536,
            "99.950000" : 235929600,
            "99.990000" : 265289728
          }
        },
        "bw_min" : 1046407,
        "bw_max" : 4806380,
        "bw_agg" : 100.000000,
        "bw_mean" : 2491445.613469,
        "bw_dev" : 2825.193707,
        "bw_samples" : 28415,
        "iops_min" : 1009,
        "iops_max" : 4689,
        "iops_mean" : 2432.154128,
        "iops_stddev" : 2.759885,
        "iops_samples" : 28415
      },
      "job_runtime" : 7682092,
      "usr_cpu" : 0.087229,
      "sys_cpu" : 0.041525,
      "ctx" : 142338,
      "majf" : 0,
      "minf" : 1916,
      "iodepth_level" : {
        "1" : 100.000000,
        "2" : 0.000000,
        "4" : 0.000000,
        "8" : 0.000000,
        "16" : 0.000000,
        "32" : 0.000000,
        ">=64" : 0.000000
      },
      "iodepth_submit" : {
        "0" : 0.000000,
        "4" : 100.000000,
        "8" : 0.000000,
        "16" : 0.000000,
        "32" : 0.000000,
        "64" : 0.000000,
        ">=64" : 0.000000
      },
      "iodepth_complete" : {
        "0" : 0.000000,
        "4" : 100.000000,
        "8" : 0.000000,
        "16" : 0.000000,
        "32" : 0.000000,
        "64" : 0.000000,
        ">=64" : 0.000000
      },
      "latency_ns" : {
        "2" : 0.000000,
        "4" : 0.000000,
        "10" : 0.000000,
        "20" : 0.000000,
        "50" : 0.000000,
        "100" : 0.000000,
        "250" : 0.000000,
        "500" : 0.000000,
        "750" : 0.000000,
        "1000" : 0.000000
      },
      "latency_us" : {
        "2" : 0.000000,
        "4" : 0.000000,
        "10" : 0.000000,
        "20" : 0.000000,
        "50" : 0.000000,
        "100" : 0.000000,
        "250" : 0.000000,
        "500" : 0.000000,
        "750" : 0.000000,
        "1000" : 0.000000
      },
      "latency_ms" : {
        "2" : 0.019090,
        "4" : 0.043129,
        "10" : 0.173224,
        "20" : 0.307562,
        "50" : 16.724997,
        "100" : 80.960865,
        "250" : 1.744264,
        "500" : 0.026867,
        "750" : 0.000000,
        "1000" : 0.000000,
        "2000" : 0.000000,
        ">=2000" : 0.000000
      },
      "latency_depth" : 32,
      "latency_target" : 0,
      "latency_percentile" : 100.000000,
      "latency_window" : 0
    }
  ]
}
