{
  "fio version" : "fio-3.23",
  "timestamp" : 1756940222,
  "timestamp_ms" : 1756940222899,
  "time" : "Wed Sep  3 22:57:02 2025",
  "jobs" : [
    {
      "jobname" : "RandWH-4M-16-1",
      "groupid" : 0,
      "error" : 0,
      "eta" : 0,
      "elapsed" : 61,
      "job options" : {
        "name" : "RandWH-4M-16-1",
        "numjobs" : "16",
        "runtime" : "60",
        "directory" : "/tmp/e2sar/rgeorge-fio_test-p1r1_RandWH-4M-16-1",
        "direct" : "1",
        "buffered" : "0",
        "rw" : "randrw",
        "rwmixread" : "20",
        "unified_rw_reporting" : "1",
        "randrepeat" : "0",
        "bs" : "4M",
        "size" : "128M",
        "ioengine" : "pvsync",
        "iodepth" : "1",
        "lat_percentiles" : "1"
      },
      "mixed" : {
        "io_bytes" : 373024620544,
        "io_kbytes" : 364281856,
        "bw_bytes" : 6207868670,
        "bw" : 6062371,
        "iops" : 1480.071228,
        "runtime" : 60089,
        "total_ios" : 88936,
        "short_ios" : 0,
        "drop_ios" : 0,
        "slat_ns" : {
          "min" : 0,
          "max" : 0,
          "mean" : 0.000000,
          "stddev" : 0.000000,
          "N" : 0
        },
        "clat_ns" : {
          "min" : 3368201,
          "max" : 484981380,
          "mean" : 10061270.427262,
          "stddev" : 14672230.727830,
          "N" : 88936,
          "percentile" : {
            "1.000000" : 4620288,
            "5.000000" : 5210112,
            "10.000000" : 5603328,
            "20.000000" : 6193152,
            "30.000000" : 6651904,
            "40.000000" : 7110656,
            "50.000000" : 7569408,
            "60.000000" : 8028160,
            "70.000000" : 8716288,
            "80.000000" : 9633792,
            "90.000000" : 12255232,
            "95.000000" : 20578304,
            "99.000000" : 61603840,
            "99.500000" : 102236160,
            "99.900000" : 225443840,
            "99.950000" : 287309824,
            "99.990000" : 375390208
          }
        },
        "lat_ns" : {
          "min" : 3368250,
          "max" : 484982010,
          "mean" : 10061445.874449,
          "stddev" : 14672241.714816,
          "N" : 88936,
          "percentile" : {
            "1.000000" : 4620288,
            "5.000000" : 5210112,
            "10.000000" : 5603328,
            "20.000000" : 6193152,
            "30.000000" : 6651904,
            "40.000000" : 7110656,
            "50.000000" : 7569408,
            "60.000000" : 8028160,
            "70.000000" : 8716288,
            "80.000000" : 9633792,
            "90.000000" : 12255232,
            "95.000000" : 20578304,
            "99.000000" : 61603840,
            "99.500000" : 102236160,
            "99.900000" : 225443840,
            "99.950000" : 287309824,
            "99.990000" : 375390208
          }
        },
        "bw_min" : 466944,
        "bw_max" : 9789440,
        "bw_agg" : 100.000000,
        "bw_mean" : 6130634.152016,
        "bw_dev" : 72533.856751,
        "bw_samples" : 3776,
        "iops_min" : 114,
        "iops_max" : 2390,
        "iops_mean" : 1496.599389,
        "iops_stddev" : 17.708067,
        "iops_samples" : 3776
      },
      "job_runtime" : 960657,
      "usr_cpu" : 6.798056,
      "sys_cpu" : 0.702644,
      "ctx" : 355881,
      "majf" : 0,
      "minf" : 268,
      "iodepth_level" : {
        "1" : 100.000000,
        "2" : 0.000000,
        "4" : 0.000000,
        "8" : 0.000000,
        "16" : 0.000000,
        "32" : 0.000000,
        ">=64" : 0.000000
      },
      "iodepth_submit" : {
        "0" : 0.000000,
        "4" : 100.000000,
        "8" : 0.000000,
        "16" : 0.000000,
        "32" : 0.000000,
        "64" : 0.000000,
        ">=64" : 0.000000
      },
      "iodepth_complete" : {
        "0" : 0.000000,
        "4" : 100.000000,
        "8" : 0.000000,
        "16" : 0.000000,
        "32" : 0.000000,
        "64" : 0.000000,
        ">=64" : 0.000000
      },
      "latency_ns" : {
        "2" : 0.000000,
        "4" : 0.000000,
        "10" : 0.000000,
        "20" : 0.000000,
        "50" : 0.000000,
        "100" : 0.000000,
        "250" : 0.000000,
        "500" : 0.000000,
        "750" : 0.000000,
        "1000" : 0.000000
      },
      "latency_us" : {
        "2" : 0.000000,
        "4" : 0.000000,
        "10" : 0.000000,
        "20" : 0.000000,
        "50" : 0.000000,
        "100" : 0.000000,
        "250" : 0.000000,
        "500" : 0.000000,
        "750" : 0.000000,
        "1000" : 0.000000
      },
      "latency_ms" : {
        "2" : 0.000000,
        "4" : 0.074211,
        "10" : 82.959656,
        "20" : 11.742152,
        "50" : 3.924170,
        "100" : 0.780336,
        "250" : 0.437393,
        "500" : 0.082081,
        "750" : 0.000000,
        "1000" : 0.000000,
        "2000" : 0.000000,
        ">=2000" : 0.000000
      },
      "latency_depth" : 1,
      "latency_target" : 0,
      "latency_percentile" : 100.000000,
      "latency_window" : 0
    }
  ]
}
