{
  "fio version" : "fio-3.23",
  "timestamp" : 1757006204,
  "timestamp_ms" : 1757006204392,
  "time" : "Thu Sep  4 17:16:44 2025",
  "jobs" : [
    {
      "jobname" : "RandBal-2M-32-128",
      "groupid" : 0,
      "error" : 0,
      "eta" : 0,
      "elapsed" : 61,
      "job options" : {
        "name" : "RandBal-2M-32-128",
        "numjobs" : "32",
        "runtime" : "60",
        "directory" : "/tmp/e2sar/rgeorge-fio_test-p2r_RandBal-2M-32-128",
        "direct" : "1",
        "buffered" : "0",
        "rw" : "randrw",
        "unified_rw_reporting" : "1",
        "randrepeat" : "0",
        "bs" : "2M",
        "size" : "128M",
        "ioengine" : "pvsync",
        "iodepth" : "128",
        "lat_percentiles" : "1"
      },
      "mixed" : {
        "io_bytes" : 248502026240,
        "io_kbytes" : 242677760,
        "bw_bytes" : 4140389314,
        "bw" : 4043348,
        "iops" : 1974.291474,
        "runtime" : 60019,
        "total_ios" : 118495,
        "short_ios" : 0,
        "drop_ios" : 0,
        "slat_ns" : {
          "min" : 0,
          "max" : 0,
          "mean" : 0.000000,
          "stddev" : 0.000000,
          "N" : 0
        },
        "clat_ns" : {
          "min" : 1340359,
          "max" : 1061727064,
          "mean" : 15977102.088476,
          "stddev" : 15735672.451377,
          "N" : 118495,
          "percentile" : {
            "1.000000" : 3620864,
            "5.000000" : 9240576,
            "10.000000" : 10813440,
            "20.000000" : 12124160,
            "30.000000" : 12910592,
            "40.000000" : 13565952,
            "50.000000" : 14221312,
            "60.000000" : 14745600,
            "70.000000" : 15532032,
            "80.000000" : 16318464,
            "90.000000" : 18219008,
            "95.000000" : 24772608,
            "99.000000" : 72876032,
            "99.500000" : 106430464,
            "99.900000" : 221249536,
            "99.950000" : 274726912,
            "99.990000" : 455081984
          }
        },
        "lat_ns" : {
          "min" : 1340391,
          "max" : 1061727346,
          "mean" : 15977229.992287,
          "stddev" : 15735678.634585,
          "N" : 118495,
          "percentile" : {
            "1.000000" : 3620864,
            "5.000000" : 9240576,
            "10.000000" : 10813440,
            "20.000000" : 12124160,
            "30.000000" : 12910592,
            "40.000000" : 13565952,
            "50.000000" : 14221312,
            "60.000000" : 14745600,
            "70.000000" : 15532032,
            "80.000000" : 16318464,
            "90.000000" : 18219008,
            "95.000000" : 24772608,
            "99.000000" : 72876032,
            "99.500000" : 106430464,
            "99.900000" : 221249536,
            "99.950000" : 274726912,
            "99.990000" : 455081984
          }
        },
        "bw_min" : 687723,
        "bw_max" : 7592132,
        "bw_agg" : 100.000000,
        "bw_mean" : 4052548.957100,
        "bw_dev" : 18144.716020,
        "bw_samples" : 7597,
        "iops_min" : 315,
        "iops_max" : 3700,
        "iops_mean" : 1968.284091,
        "iops_stddev" : 8.894045,
        "iops_samples" : 7597
      },
      "job_runtime" : 1920153,
      "usr_cpu" : 1.393899,
      "sys_cpu" : 0.206546,
      "ctx" : 237311,
      "majf" : 0,
      "minf" : 563,
      "iodepth_level" : {
        "1" : 100.000000,
        "2" : 0.000000,
        "4" : 0.000000,
        "8" : 0.000000,
        "16" : 0.000000,
        "32" : 0.000000,
        ">=64" : 0.000000
      },
      "iodepth_submit" : {
        "0" : 0.000000,
        "4" : 100.000000,
        "8" : 0.000000,
        "16" : 0.000000,
        "32" : 0.000000,
        "64" : 0.000000,
        ">=64" : 0.000000
      },
      "iodepth_complete" : {
        "0" : 0.000000,
        "4" : 100.000000,
        "8" : 0.000000,
        "16" : 0.000000,
        "32" : 0.000000,
        "64" : 0.000000,
        ">=64" : 0.000000
      },
      "latency_ns" : {
        "2" : 0.000000,
        "4" : 0.000000,
        "10" : 0.000000,
        "20" : 0.000000,
        "50" : 0.000000,
        "100" : 0.000000,
        "250" : 0.000000,
        "500" : 0.000000,
        "750" : 0.000000,
        "1000" : 0.000000
      },
      "latency_us" : {
        "2" : 0.000000,
        "4" : 0.000000,
        "10" : 0.000000,
        "20" : 0.000000,
        "50" : 0.000000,
        "100" : 0.000000,
        "250" : 0.000000,
        "500" : 0.000000,
        "750" : 0.000000,
        "1000" : 0.000000
      },
      "latency_ms" : {
        "2" : 0.102114,
        "4" : 1.043926,
        "10" : 5.531879,
        "20" : 85.835689,
        "50" : 5.962277,
        "100" : 0.963754,
        "250" : 0.483565,
        "500" : 0.069201,
        "750" : 0.010000,
        "1000" : 0.010000,
        "2000" : 0.010000,
        ">=2000" : 0.000000
      },
      "latency_depth" : 128,
      "latency_target" : 0,
      "latency_percentile" : 100.000000,
      "latency_window" : 0
    }
  ]
}
