{
  "fio version" : "fio-3.23",
  "timestamp" : 1757523029,
  "timestamp_ms" : 1757523029763,
  "time" : "Wed Sep 10 16:50:29 2025",
  "jobs" : [
    {
      "jobname" : "RandR-16K-16-8",
      "groupid" : 0,
      "error" : 0,
      "eta" : 0,
      "elapsed" : 61,
      "job options" : {
        "name" : "RandR-16K-16-8",
        "rw" : "randread",
        "unified_rw_reporting" : "0",
        "bs" : "16K",
        "numjobs" : "16",
        "iodepth" : "8",
        "runtime" : "60",
        "directory" : "/tmp/e2sar/rgeorge-fio_test-m_RandR-16K-16-8",
        "direct" : "1",
        "buffered" : "0",
        "randrepeat" : "0",
        "size" : "128M",
        "ioengine" : "pvsync",
        "lat_percentiles" : "1"
      },
      "read" : {
        "io_bytes" : 40422588416,
        "io_kbytes" : 39475184,
        "bw_bytes" : 673687350,
        "bw" : 657897,
        "iops" : 41118.612713,
        "runtime" : 60002,
        "total_ios" : 2467199,
        "short_ios" : 0,
        "drop_ios" : 0,
        "slat_ns" : {
          "min" : 0,
          "max" : 0,
          "mean" : 0.000000,
          "stddev" : 0.000000,
          "N" : 0
        },
        "clat_ns" : {
          "min" : 171862,
          "max" : 32630512,
          "mean" : 388588.562598,
          "stddev" : 142678.857279,
          "N" : 2467199,
          "percentile" : {
            "1.000000" : 280576,
            "5.000000" : 346112,
            "10.000000" : 358400,
            "20.000000" : 366592,
            "30.000000" : 374784,
            "40.000000" : 378880,
            "50.000000" : 387072,
            "60.000000" : 391168,
            "70.000000" : 399360,
            "80.000000" : 407552,
            "90.000000" : 415744,
            "95.000000" : 428032,
            "99.000000" : 468992,
            "99.500000" : 505856,
            "99.900000" : 561152,
            "99.950000" : 610304,
            "99.990000" : 7372800
          }
        },
        "lat_ns" : {
          "min" : 171905,
          "max" : 32630557,
          "mean" : 388629.288022,
          "stddev" : 142678.899674,
          "N" : 2467199,
          "percentile" : {
            "1.000000" : 280576,
            "5.000000" : 346112,
            "10.000000" : 358400,
            "20.000000" : 366592,
            "30.000000" : 374784,
            "40.000000" : 378880,
            "50.000000" : 387072,
            "60.000000" : 391168,
            "70.000000" : 399360,
            "80.000000" : 407552,
            "90.000000" : 415744,
            "95.000000" : 428032,
            "99.000000" : 468992,
            "99.500000" : 505856,
            "99.900000" : 561152,
            "99.950000" : 610304,
            "99.990000" : 7372800
          }
        },
        "bw_min" : 594496,
        "bw_max" : 674208,
        "bw_agg" : 100.000000,
        "bw_mean" : 658546.016807,
        "bw_dev" : 781.977245,
        "bw_samples" : 1904,
        "iops_min" : 37156,
        "iops_max" : 42138,
        "iops_mean" : 41159.126050,
        "iops_stddev" : 48.873578,
        "iops_samples" : 1904
      },
      "write" : {
        "io_bytes" : 0,
        "io_kbytes" : 0,
        "bw_bytes" : 0,
        "bw" : 0,
        "iops" : 0.000000,
        "runtime" : 0,
        "total_ios" : 0,
        "short_ios" : 0,
        "drop_ios" : 0,
        "slat_ns" : {
          "min" : 0,
          "max" : 0,
          "mean" : 0.000000,
          "stddev" : 0.000000,
          "N" : 0
        },
        "clat_ns" : {
          "min" : 0,
          "max" : 0,
          "mean" : 0.000000,
          "stddev" : 0.000000,
          "N" : 0
        },
        "lat_ns" : {
          "min" : 0,
          "max" : 0,
          "mean" : 0.000000,
          "stddev" : 0.000000,
          "N" : 0
        },
        "bw_min" : 0,
        "bw_max" : 0,
        "bw_agg" : 0.000000,
        "bw_mean" : 0.000000,
        "bw_dev" : 0.000000,
        "bw_samples" : 0,
        "iops_min" : 0,
        "iops_max" : 0,
        "iops_mean" : 0.000000,
        "iops_stddev" : 0.000000,
        "iops_samples" : 0
      },
      "trim" : {
        "io_bytes" : 0,
        "io_kbytes" : 0,
        "bw_bytes" : 0,
        "bw" : 0,
        "iops" : 0.000000,
        "runtime" : 0,
        "total_ios" : 0,
        "short_ios" : 0,
        "drop_ios" : 0,
        "slat_ns" : {
          "min" : 0,
          "max" : 0,
          "mean" : 0.000000,
          "stddev" : 0.000000,
          "N" : 0
        },
        "clat_ns" : {
          "min" : 0,
          "max" : 0,
          "mean" : 0.000000,
          "stddev" : 0.000000,
          "N" : 0
        },
        "lat_ns" : {
          "min" : 0,
          "max" : 0,
          "mean" : 0.000000,
          "stddev" : 0.000000,
          "N" : 0
        },
        "bw_min" : 0,
        "bw_max" : 0,
        "bw_agg" : 0.000000,
        "bw_mean" : 0.000000,
        "bw_dev" : 0.000000,
        "bw_samples" : 0,
        "iops_min" : 0,
        "iops_max" : 0,
        "iops_mean" : 0.000000,
        "iops_stddev" : 0.000000,
        "iops_samples" : 0
      },
      "sync" : {
        "total_ios" : 0,
        "lat_ns" : {
          "min" : 0,
          "max" : 0,
          "mean" : 0.000000,
          "stddev" : 0.000000,
          "N" : 0
        }
      },
      "job_runtime" : 960001,
      "usr_cpu" : 0.288541,
      "sys_cpu" : 1.434374,
      "ctx" : 2467285,
      "majf" : 0,
      "minf" : 256,
      "iodepth_level" : {
        "1" : 100.000000,
        "2" : 0.000000,
        "4" : 0.000000,
        "8" : 0.000000,
        "16" : 0.000000,
        "32" : 0.000000,
        ">=64" : 0.000000
      },
      "iodepth_submit" : {
        "0" : 0.000000,
        "4" : 100.000000,
        "8" : 0.000000,
        "16" : 0.000000,
        "32" : 0.000000,
        "64" : 0.000000,
        ">=64" : 0.000000
      },
      "iodepth_complete" : {
        "0" : 0.000000,
        "4" : 100.000000,
        "8" : 0.000000,
        "16" : 0.000000,
        "32" : 0.000000,
        "64" : 0.000000,
        ">=64" : 0.000000
      },
      "latency_ns" : {
        "2" : 0.000000,
        "4" : 0.000000,
        "10" : 0.000000,
        "20" : 0.000000,
        "50" : 0.000000,
        "100" : 0.000000,
        "250" : 0.000000,
        "500" : 0.000000,
        "750" : 0.000000,
        "1000" : 0.000000
      },
      "latency_us" : {
        "2" : 0.000000,
        "4" : 0.000000,
        "10" : 0.000000,
        "20" : 0.000000,
        "50" : 0.000000,
        "100" : 0.000000,
        "250" : 0.275495,
        "500" : 99.170274,
        "750" : 0.510782,
        "1000" : 0.010000
      },
      "latency_ms" : {
        "2" : 0.010000,
        "4" : 0.014875,
        "10" : 0.011430,
        "20" : 0.010000,
        "50" : 0.010000,
        "100" : 0.000000,
        "250" : 0.000000,
        "500" : 0.000000,
        "750" : 0.000000,
        "1000" : 0.000000,
        "2000" : 0.000000,
        ">=2000" : 0.000000
      },
      "latency_depth" : 8,
      "latency_target" : 0,
      "latency_percentile" : 100.000000,
      "latency_window" : 0
    }
  ]
}
