{
  "fio version" : "fio-3.23",
  "timestamp" : 1757181020,
  "timestamp_ms" : 1757181020510,
  "time" : "Sat Sep  6 17:50:20 2025",
  "jobs" : [
    {
      "jobname" : "SeqRH-16K-128-1",
      "groupid" : 0,
      "error" : 0,
      "eta" : 0,
      "elapsed" : 62,
      "job options" : {
        "name" : "SeqRH-16K-128-1",
        "numjobs" : "128",
        "runtime" : "60",
        "directory" : "/tmp/e2sar/rgeorge-fio_test-p4s_SeqRH-16K-128-1",
        "direct" : "1",
        "buffered" : "0",
        "rw" : "rw",
        "rwmixread" : "80",
        "unified_rw_reporting" : "1",
        "randrepeat" : "0",
        "bs" : "16K",
        "size" : "128M",
        "ioengine" : "pvsync",
        "iodepth" : "1",
        "lat_percentiles" : "1"
      },
      "mixed" : {
        "io_bytes" : 40251588608,
        "io_kbytes" : 39308192,
        "bw_bytes" : 668320193,
        "bw" : 652656,
        "iops" : 40791.027429,
        "runtime" : 60228,
        "total_ios" : 2456762,
        "short_ios" : 0,
        "drop_ios" : 0,
        "slat_ns" : {
          "min" : 0,
          "max" : 0,
          "mean" : 0.000000,
          "stddev" : 0.000000,
          "N" : 0
        },
        "clat_ns" : {
          "min" : 140006,
          "max" : 731535462,
          "mean" : 3046389.223469,
          "stddev" : 11570545.461301,
          "N" : 2456762,
          "percentile" : {
            "1.000000" : 1028096,
            "5.000000" : 1630208,
            "10.000000" : 1826816,
            "20.000000" : 2146304,
            "30.000000" : 2408448,
            "40.000000" : 2539520,
            "50.000000" : 2605056,
            "60.000000" : 2670592,
            "70.000000" : 2736128,
            "80.000000" : 2801664,
            "90.000000" : 2899968,
            "95.000000" : 3096576,
            "99.000000" : 8159232,
            "99.500000" : 17170432,
            "99.900000" : 108527616,
            "99.950000" : 362807296,
            "99.990000" : 488636416
          }
        },
        "lat_ns" : {
          "min" : 140039,
          "max" : 731535530,
          "mean" : 3046454.791160,
          "stddev" : 11570546.419458,
          "N" : 2456762,
          "percentile" : {
            "1.000000" : 1028096,
            "5.000000" : 1630208,
            "10.000000" : 1826816,
            "20.000000" : 2146304,
            "30.000000" : 2408448,
            "40.000000" : 2539520,
            "50.000000" : 2605056,
            "60.000000" : 2670592,
            "70.000000" : 2736128,
            "80.000000" : 2801664,
            "90.000000" : 2899968,
            "95.000000" : 3096576,
            "99.000000" : 8159232,
            "99.500000" : 17170432,
            "99.900000" : 108527616,
            "99.950000" : 362807296,
            "99.990000" : 488636416
          }
        },
        "bw_min" : 12576,
        "bw_max" : 1382617,
        "bw_agg" : 100.000000,
        "bw_mean" : 680392.385818,
        "bw_dev" : 1156.426010,
        "bw_samples" : 29090,
        "iops_min" : 786,
        "iops_max" : 86413,
        "iops_mean" : 42524.494017,
        "iops_stddev" : 72.276644,
        "iops_samples" : 29090
      },
      "job_runtime" : 7686383,
      "usr_cpu" : 0.081222,
      "sys_cpu" : 0.182075,
      "ctx" : 2457697,
      "majf" : 0,
      "minf" : 2628,
      "iodepth_level" : {
        "1" : 100.000000,
        "2" : 0.000000,
        "4" : 0.000000,
        "8" : 0.000000,
        "16" : 0.000000,
        "32" : 0.000000,
        ">=64" : 0.000000
      },
      "iodepth_submit" : {
        "0" : 0.000000,
        "4" : 100.000000,
        "8" : 0.000000,
        "16" : 0.000000,
        "32" : 0.000000,
        "64" : 0.000000,
        ">=64" : 0.000000
      },
      "iodepth_complete" : {
        "0" : 0.000000,
        "4" : 100.000000,
        "8" : 0.000000,
        "16" : 0.000000,
        "32" : 0.000000,
        "64" : 0.000000,
        ">=64" : 0.000000
      },
      "latency_ns" : {
        "2" : 0.000000,
        "4" : 0.000000,
        "10" : 0.000000,
        "20" : 0.000000,
        "50" : 0.000000,
        "100" : 0.000000,
        "250" : 0.000000,
        "500" : 0.000000,
        "750" : 0.000000,
        "1000" : 0.000000
      },
      "latency_us" : {
        "2" : 0.000000,
        "4" : 0.000000,
        "10" : 0.000000,
        "20" : 0.000000,
        "50" : 0.000000,
        "100" : 0.000000,
        "250" : 0.030243,
        "500" : 0.223994,
        "750" : 0.154675,
        "1000" : 0.485558
      },
      "latency_ms" : {
        "2" : 14.212732,
        "4" : 82.838549,
        "10" : 1.259585,
        "20" : 0.349118,
        "50" : 0.223383,
        "100" : 0.116006,
        "250" : 0.038832,
        "500" : 0.062643,
        "750" : 0.010000,
        "1000" : 0.000000,
        "2000" : 0.000000,
        ">=2000" : 0.000000
      },
      "latency_depth" : 1,
      "latency_target" : 0,
      "latency_percentile" : 100.000000,
      "latency_window" : 0
    }
  ]
}
