{
  "fio version" : "fio-3.23",
  "timestamp" : 1757015435,
  "timestamp_ms" : 1757015435341,
  "time" : "Thu Sep  4 19:50:35 2025",
  "jobs" : [
    {
      "jobname" : "SeqBal-4K-32-16",
      "groupid" : 0,
      "error" : 0,
      "eta" : 0,
      "elapsed" : 61,
      "job options" : {
        "name" : "SeqBal-4K-32-16",
        "numjobs" : "32",
        "runtime" : "60",
        "directory" : "/tmp/e2sar/rgeorge-fio_test-p2s_SeqBal-4K-32-16",
        "direct" : "1",
        "buffered" : "0",
        "rw" : "rw",
        "unified_rw_reporting" : "1",
        "randrepeat" : "0",
        "bs" : "4K",
        "size" : "128M",
        "ioengine" : "pvsync",
        "iodepth" : "16",
        "lat_percentiles" : "1"
      },
      "mixed" : {
        "io_bytes" : 12996902912,
        "io_kbytes" : 12692288,
        "bw_bytes" : 216575343,
        "bw" : 211499,
        "iops" : 52874.839613,
        "runtime" : 60011,
        "total_ios" : 3173072,
        "short_ios" : 0,
        "drop_ios" : 0,
        "slat_ns" : {
          "min" : 0,
          "max" : 0,
          "mean" : 0.000000,
          "stddev" : 0.000000,
          "N" : 0
        },
        "clat_ns" : {
          "min" : 126636,
          "max" : 281707863,
          "mean" : 603245.937404,
          "stddev" : 1590273.229086,
          "N" : 3173072,
          "percentile" : {
            "1.000000" : 257024,
            "5.000000" : 391168,
            "10.000000" : 448512,
            "20.000000" : 493568,
            "30.000000" : 522240,
            "40.000000" : 544768,
            "50.000000" : 569344,
            "60.000000" : 593920,
            "70.000000" : 610304,
            "80.000000" : 643072,
            "90.000000" : 675840,
            "95.000000" : 708608,
            "99.000000" : 1044480,
            "99.500000" : 1122304,
            "99.900000" : 7831552,
            "99.950000" : 16908288,
            "99.990000" : 83361792
          }
        },
        "lat_ns" : {
          "min" : 126680,
          "max" : 281707908,
          "mean" : 603306.929546,
          "stddev" : 1590272.976961,
          "N" : 3173072,
          "percentile" : {
            "1.000000" : 257024,
            "5.000000" : 391168,
            "10.000000" : 448512,
            "20.000000" : 493568,
            "30.000000" : 522240,
            "40.000000" : 544768,
            "50.000000" : 569344,
            "60.000000" : 593920,
            "70.000000" : 610304,
            "80.000000" : 643072,
            "90.000000" : 675840,
            "95.000000" : 708608,
            "99.000000" : 1044480,
            "99.500000" : 1122304,
            "99.900000" : 7831552,
            "99.950000" : 16908288,
            "99.990000" : 83361792
          }
        },
        "bw_min" : 105904,
        "bw_max" : 268792,
        "bw_agg" : 100.000000,
        "bw_mean" : 211734.554622,
        "bw_dev" : 344.231563,
        "bw_samples" : 7616,
        "iops_min" : 26476,
        "iops_max" : 67198,
        "iops_mean" : 52933.630252,
        "iops_stddev" : 86.057984,
        "iops_samples" : 7616
      },
      "job_runtime" : 1920016,
      "usr_cpu" : 0.360987,
      "sys_cpu" : 0.981815,
      "ctx" : 3173319,
      "majf" : 0,
      "minf" : 678,
      "iodepth_level" : {
        "1" : 100.000000,
        "2" : 0.000000,
        "4" : 0.000000,
        "8" : 0.000000,
        "16" : 0.000000,
        "32" : 0.000000,
        ">=64" : 0.000000
      },
      "iodepth_submit" : {
        "0" : 0.000000,
        "4" : 100.000000,
        "8" : 0.000000,
        "16" : 0.000000,
        "32" : 0.000000,
        "64" : 0.000000,
        ">=64" : 0.000000
      },
      "iodepth_complete" : {
        "0" : 0.000000,
        "4" : 100.000000,
        "8" : 0.000000,
        "16" : 0.000000,
        "32" : 0.000000,
        "64" : 0.000000,
        ">=64" : 0.000000
      },
      "latency_ns" : {
        "2" : 0.000000,
        "4" : 0.000000,
        "10" : 0.000000,
        "20" : 0.000000,
        "50" : 0.000000,
        "100" : 0.000000,
        "250" : 0.000000,
        "500" : 0.000000,
        "750" : 0.000000,
        "1000" : 0.000000
      },
      "latency_us" : {
        "2" : 0.000000,
        "4" : 0.000000,
        "10" : 0.000000,
        "20" : 0.000000,
        "50" : 0.000000,
        "100" : 0.000000,
        "250" : 0.878140,
        "500" : 21.526458,
        "750" : 74.331972,
        "1000" : 1.966391
      },
      "latency_ms" : {
        "2" : 1.127519,
        "4" : 0.030444,
        "10" : 0.062116,
        "20" : 0.031988,
        "50" : 0.024078,
        "100" : 0.015821,
        "250" : 0.010000,
        "500" : 0.010000,
        "750" : 0.000000,
        "1000" : 0.000000,
        "2000" : 0.000000,
        ">=2000" : 0.000000
      },
      "latency_depth" : 16,
      "latency_target" : 0,
      "latency_percentile" : 100.000000,
      "latency_window" : 0
    }
  ]
}
