{
  "fio version" : "fio-3.23",
  "timestamp" : 1757455019,
  "timestamp_ms" : 1757455019079,
  "time" : "Tue Sep  9 21:56:59 2025",
  "jobs" : [
    {
      "jobname" : "RandWH-1M-64-4",
      "groupid" : 0,
      "error" : 0,
      "eta" : 0,
      "elapsed" : 61,
      "job options" : {
        "name" : "RandWH-1M-64-4",
        "rw" : "randrw",
        "rwmixread" : "20",
        "unified_rw_reporting" : "1",
        "bs" : "1M",
        "numjobs" : "64",
        "iodepth" : "4",
        "runtime" : "60",
        "directory" : "/tmp/e2sar/rgeorge-fio_test-m_RandWH-1M-64-4",
        "direct" : "1",
        "buffered" : "0",
        "randrepeat" : "0",
        "size" : "128M",
        "ioengine" : "pvsync",
        "lat_percentiles" : "1"
      },
      "mixed" : {
        "io_bytes" : 400009723904,
        "io_kbytes" : 390634496,
        "bw_bytes" : 6664829282,
        "bw" : 6508622,
        "iops" : 6356.076510,
        "runtime" : 60018,
        "total_ios" : 381479,
        "short_ios" : 0,
        "drop_ios" : 0,
        "slat_ns" : {
          "min" : 0,
          "max" : 0,
          "mean" : 0.000000,
          "stddev" : 0.000000,
          "N" : 0
        },
        "clat_ns" : {
          "min" : 662202,
          "max" : 362658854,
          "mean" : 9861107.702324,
          "stddev" : 5288083.184627,
          "N" : 381479,
          "percentile" : {
            "1.000000" : 4816896,
            "5.000000" : 6127616,
            "10.000000" : 6782976,
            "20.000000" : 7503872,
            "30.000000" : 8093696,
            "40.000000" : 8585216,
            "50.000000" : 9109504,
            "60.000000" : 9502720,
            "70.000000" : 10158080,
            "80.000000" : 10813440,
            "90.000000" : 12255232,
            "95.000000" : 15400960,
            "99.000000" : 30277632,
            "99.500000" : 38010880,
            "99.900000" : 80216064,
            "99.950000" : 90701824,
            "99.990000" : 113770496
          }
        },
        "lat_ns" : {
          "min" : 662455,
          "max" : 362659160,
          "mean" : 9861233.626380,
          "stddev" : 5288080.446117,
          "N" : 381479,
          "percentile" : {
            "1.000000" : 4816896,
            "5.000000" : 6127616,
            "10.000000" : 6782976,
            "20.000000" : 7503872,
            "30.000000" : 8093696,
            "40.000000" : 8585216,
            "50.000000" : 9109504,
            "60.000000" : 9502720,
            "70.000000" : 10158080,
            "80.000000" : 10813440,
            "90.000000" : 12255232,
            "95.000000" : 15400960,
            "99.000000" : 30277632,
            "99.500000" : 38010880,
            "99.900000" : 80216064,
            "99.950000" : 90701824,
            "99.990000" : 113770496
          }
        },
        "bw_min" : 3587927,
        "bw_max" : 9758720,
        "bw_agg" : 100.000000,
        "bw_mean" : 6519090.252101,
        "bw_dev" : 8393.820500,
        "bw_samples" : 15232,
        "iops_min" : 3502,
        "iops_max" : 9530,
        "iops_mean" : 6366.252101,
        "iops_stddev" : 8.197818,
        "iops_samples" : 15232
      },
      "job_runtime" : 3840216,
      "usr_cpu" : 1.799456,
      "sys_cpu" : 0.198557,
      "ctx" : 384918,
      "majf" : 0,
      "minf" : 1041,
      "iodepth_level" : {
        "1" : 100.000000,
        "2" : 0.000000,
        "4" : 0.000000,
        "8" : 0.000000,
        "16" : 0.000000,
        "32" : 0.000000,
        ">=64" : 0.000000
      },
      "iodepth_submit" : {
        "0" : 0.000000,
        "4" : 100.000000,
        "8" : 0.000000,
        "16" : 0.000000,
        "32" : 0.000000,
        "64" : 0.000000,
        ">=64" : 0.000000
      },
      "iodepth_complete" : {
        "0" : 0.000000,
        "4" : 100.000000,
        "8" : 0.000000,
        "16" : 0.000000,
        "32" : 0.000000,
        "64" : 0.000000,
        ">=64" : 0.000000
      },
      "latency_ns" : {
        "2" : 0.000000,
        "4" : 0.000000,
        "10" : 0.000000,
        "20" : 0.000000,
        "50" : 0.000000,
        "100" : 0.000000,
        "250" : 0.000000,
        "500" : 0.000000,
        "750" : 0.000000,
        "1000" : 0.000000
      },
      "latency_us" : {
        "2" : 0.000000,
        "4" : 0.000000,
        "10" : 0.000000,
        "20" : 0.000000,
        "50" : 0.000000,
        "100" : 0.000000,
        "250" : 0.000000,
        "500" : 0.000000,
        "750" : 0.010000,
        "1000" : 0.010000
      },
      "latency_ms" : {
        "2" : 0.139195,
        "4" : 0.257681,
        "10" : 67.891286,
        "20" : 28.748371,
        "50" : 2.687173,
        "100" : 0.245885,
        "250" : 0.018350,
        "500" : 0.010000,
        "750" : 0.000000,
        "1000" : 0.000000,
        "2000" : 0.000000,
        ">=2000" : 0.000000
      },
      "latency_depth" : 4,
      "latency_target" : 0,
      "latency_percentile" : 100.000000,
      "latency_window" : 0
    }
  ]
}
