{
  "fio version" : "fio-3.23",
  "timestamp" : 1756957103,
  "timestamp_ms" : 1756957103852,
  "time" : "Thu Sep  4 03:38:23 2025",
  "jobs" : [
    {
      "jobname" : "SeqR-16K-16-1",
      "groupid" : 0,
      "error" : 0,
      "eta" : 0,
      "elapsed" : 61,
      "job options" : {
        "name" : "SeqR-16K-16-1",
        "numjobs" : "16",
        "runtime" : "60",
        "directory" : "/tmp/e2sar/rgeorge-fio_test-p1s_SeqR-16K-16-1",
        "direct" : "1",
        "buffered" : "0",
        "rw" : "read",
        "unified_rw_reporting" : "0",
        "randrepeat" : "0",
        "bs" : "16K",
        "size" : "128M",
        "ioengine" : "pvsync",
        "iodepth" : "1",
        "lat_percentiles" : "1"
      },
      "read" : {
        "io_bytes" : 48136863744,
        "io_kbytes" : 47008656,
        "bw_bytes" : 801386181,
        "bw" : 782603,
        "iops" : 48912.730784,
        "runtime" : 60067,
        "total_ios" : 2938041,
        "short_ios" : 0,
        "drop_ios" : 0,
        "slat_ns" : {
          "min" : 0,
          "max" : 0,
          "mean" : 0.000000,
          "stddev" : 0.000000,
          "N" : 0
        },
        "clat_ns" : {
          "min" : 123268,
          "max" : 496147983,
          "mean" : 323907.270195,
          "stddev" : 1427208.546215,
          "N" : 2938041,
          "percentile" : {
            "1.000000" : 175104,
            "5.000000" : 216064,
            "10.000000" : 244736,
            "20.000000" : 268288,
            "30.000000" : 276480,
            "40.000000" : 284672,
            "50.000000" : 292864,
            "60.000000" : 301056,
            "70.000000" : 309248,
            "80.000000" : 317440,
            "90.000000" : 342016,
            "95.000000" : 374784,
            "99.000000" : 428032,
            "99.500000" : 544768,
            "99.900000" : 3358720,
            "99.950000" : 13303808,
            "99.990000" : 76021760
          }
        },
        "lat_ns" : {
          "min" : 123303,
          "max" : 496148017,
          "mean" : 323948.324918,
          "stddev" : 1427208.552274,
          "N" : 2938041,
          "percentile" : {
            "1.000000" : 175104,
            "5.000000" : 216064,
            "10.000000" : 244736,
            "20.000000" : 268288,
            "30.000000" : 276480,
            "40.000000" : 284672,
            "50.000000" : 292864,
            "60.000000" : 301056,
            "70.000000" : 309248,
            "80.000000" : 317440,
            "90.000000" : 342016,
            "95.000000" : 374784,
            "99.000000" : 428032,
            "99.500000" : 544768,
            "99.900000" : 3358720,
            "99.950000" : 13303808,
            "99.990000" : 76021760
          }
        },
        "bw_min" : 184160,
        "bw_max" : 914240,
        "bw_agg" : 100.000000,
        "bw_mean" : 793072.569719,
        "bw_dev" : 9165.491341,
        "bw_samples" : 1892,
        "iops_min" : 11510,
        "iops_max" : 57140,
        "iops_mean" : 49567.035607,
        "iops_stddev" : 572.843209,
        "iops_samples" : 1892
      },
      "write" : {
        "io_bytes" : 0,
        "io_kbytes" : 0,
        "bw_bytes" : 0,
        "bw" : 0,
        "iops" : 0.000000,
        "runtime" : 0,
        "total_ios" : 0,
        "short_ios" : 0,
        "drop_ios" : 0,
        "slat_ns" : {
          "min" : 0,
          "max" : 0,
          "mean" : 0.000000,
          "stddev" : 0.000000,
          "N" : 0
        },
        "clat_ns" : {
          "min" : 0,
          "max" : 0,
          "mean" : 0.000000,
          "stddev" : 0.000000,
          "N" : 0
        },
        "lat_ns" : {
          "min" : 0,
          "max" : 0,
          "mean" : 0.000000,
          "stddev" : 0.000000,
          "N" : 0
        },
        "bw_min" : 0,
        "bw_max" : 0,
        "bw_agg" : 0.000000,
        "bw_mean" : 0.000000,
        "bw_dev" : 0.000000,
        "bw_samples" : 0,
        "iops_min" : 0,
        "iops_max" : 0,
        "iops_mean" : 0.000000,
        "iops_stddev" : 0.000000,
        "iops_samples" : 0
      },
      "trim" : {
        "io_bytes" : 0,
        "io_kbytes" : 0,
        "bw_bytes" : 0,
        "bw" : 0,
        "iops" : 0.000000,
        "runtime" : 0,
        "total_ios" : 0,
        "short_ios" : 0,
        "drop_ios" : 0,
        "slat_ns" : {
          "min" : 0,
          "max" : 0,
          "mean" : 0.000000,
          "stddev" : 0.000000,
          "N" : 0
        },
        "clat_ns" : {
          "min" : 0,
          "max" : 0,
          "mean" : 0.000000,
          "stddev" : 0.000000,
          "N" : 0
        },
        "lat_ns" : {
          "min" : 0,
          "max" : 0,
          "mean" : 0.000000,
          "stddev" : 0.000000,
          "N" : 0
        },
        "bw_min" : 0,
        "bw_max" : 0,
        "bw_agg" : 0.000000,
        "bw_mean" : 0.000000,
        "bw_dev" : 0.000000,
        "bw_samples" : 0,
        "iops_min" : 0,
        "iops_max" : 0,
        "iops_mean" : 0.000000,
        "iops_stddev" : 0.000000,
        "iops_samples" : 0
      },
      "sync" : {
        "total_ios" : 0,
        "lat_ns" : {
          "min" : 0,
          "max" : 0,
          "mean" : 0.000000,
          "stddev" : 0.000000,
          "N" : 0
        }
      },
      "job_runtime" : 960381,
      "usr_cpu" : 0.361003,
      "sys_cpu" : 1.224306,
      "ctx" : 2938133,
      "majf" : 0,
      "minf" : 328,
      "iodepth_level" : {
        "1" : 100.000000,
        "2" : 0.000000,
        "4" : 0.000000,
        "8" : 0.000000,
        "16" : 0.000000,
        "32" : 0.000000,
        ">=64" : 0.000000
      },
      "iodepth_submit" : {
        "0" : 0.000000,
        "4" : 100.000000,
        "8" : 0.000000,
        "16" : 0.000000,
        "32" : 0.000000,
        "64" : 0.000000,
        ">=64" : 0.000000
      },
      "iodepth_complete" : {
        "0" : 0.000000,
        "4" : 100.000000,
        "8" : 0.000000,
        "16" : 0.000000,
        "32" : 0.000000,
        "64" : 0.000000,
        ">=64" : 0.000000
      },
      "latency_ns" : {
        "2" : 0.000000,
        "4" : 0.000000,
        "10" : 0.000000,
        "20" : 0.000000,
        "50" : 0.000000,
        "100" : 0.000000,
        "250" : 0.000000,
        "500" : 0.000000,
        "750" : 0.000000,
        "1000" : 0.000000
      },
      "latency_us" : {
        "2" : 0.000000,
        "4" : 0.000000,
        "10" : 0.000000,
        "20" : 0.000000,
        "50" : 0.000000,
        "100" : 0.000000,
        "250" : 11.853204,
        "500" : 87.620833,
        "750" : 0.114022,
        "1000" : 0.139242
      },
      "latency_ms" : {
        "2" : 0.153163,
        "4" : 0.025357,
        "10" : 0.036997,
        "20" : 0.019094,
        "50" : 0.017393,
        "100" : 0.018073,
        "250" : 0.010000,
        "500" : 0.010000,
        "750" : 0.000000,
        "1000" : 0.000000,
        "2000" : 0.000000,
        ">=2000" : 0.000000
      },
      "latency_depth" : 1,
      "latency_target" : 0,
      "latency_percentile" : 100.000000,
      "latency_window" : 0
    }
  ]
}
