{
  "fio version" : "fio-3.23",
  "timestamp" : 1756966804,
  "timestamp_ms" : 1756966804975,
  "time" : "Thu Sep  4 06:20:04 2025",
  "jobs" : [
    {
      "jobname" : "SeqR-2M-16-64",
      "groupid" : 0,
      "error" : 0,
      "eta" : 0,
      "elapsed" : 61,
      "job options" : {
        "name" : "SeqR-2M-16-64",
        "numjobs" : "16",
        "runtime" : "60",
        "directory" : "/tmp/e2sar/rgeorge-fio_test-p1s_SeqR-2M-16-64",
        "direct" : "1",
        "buffered" : "0",
        "rw" : "read",
        "unified_rw_reporting" : "0",
        "randrepeat" : "0",
        "bs" : "2M",
        "size" : "128M",
        "ioengine" : "pvsync",
        "iodepth" : "64",
        "lat_percentiles" : "1"
      },
      "read" : {
        "io_bytes" : 288486326272,
        "io_kbytes" : 281724928,
        "bw_bytes" : 4807624675,
        "bw" : 4694945,
        "iops" : 2292.454088,
        "runtime" : 60006,
        "total_ios" : 137561,
        "short_ios" : 0,
        "drop_ios" : 0,
        "slat_ns" : {
          "min" : 0,
          "max" : 0,
          "mean" : 0.000000,
          "stddev" : 0.000000,
          "N" : 0
        },
        "clat_ns" : {
          "min" : 951624,
          "max" : 360205409,
          "mean" : 6976691.204833,
          "stddev" : 7065280.536485,
          "N" : 137561,
          "percentile" : {
            "1.000000" : 2342912,
            "5.000000" : 5668864,
            "10.000000" : 5931008,
            "20.000000" : 6193152,
            "30.000000" : 6389760,
            "40.000000" : 6455296,
            "50.000000" : 6520832,
            "60.000000" : 6586368,
            "70.000000" : 6651904,
            "80.000000" : 6782976,
            "90.000000" : 7045120,
            "95.000000" : 7241728,
            "99.000000" : 16908288,
            "99.500000" : 41680896,
            "99.900000" : 115867648,
            "99.950000" : 147849216,
            "99.990000" : 254803968
          }
        },
        "lat_ns" : {
          "min" : 951723,
          "max" : 360205445,
          "mean" : 6976728.603550,
          "stddev" : 7065284.999509,
          "N" : 137561,
          "percentile" : {
            "1.000000" : 2342912,
            "5.000000" : 5668864,
            "10.000000" : 5931008,
            "20.000000" : 6193152,
            "30.000000" : 6389760,
            "40.000000" : 6455296,
            "50.000000" : 6520832,
            "60.000000" : 6586368,
            "70.000000" : 6651904,
            "80.000000" : 6782976,
            "90.000000" : 7045120,
            "95.000000" : 7241728,
            "99.000000" : 16908288,
            "99.500000" : 41680896,
            "99.900000" : 115867648,
            "99.950000" : 147849216,
            "99.990000" : 254803968
          }
        },
        "bw_min" : 499712,
        "bw_max" : 5545984,
        "bw_agg" : 100.000000,
        "bw_mean" : 4698210.655462,
        "bw_dev" : 62431.895018,
        "bw_samples" : 1904,
        "iops_min" : 244,
        "iops_max" : 2708,
        "iops_mean" : 2294.042017,
        "iops_stddev" : 30.484451,
        "iops_samples" : 1904
      },
      "write" : {
        "io_bytes" : 0,
        "io_kbytes" : 0,
        "bw_bytes" : 0,
        "bw" : 0,
        "iops" : 0.000000,
        "runtime" : 0,
        "total_ios" : 0,
        "short_ios" : 0,
        "drop_ios" : 0,
        "slat_ns" : {
          "min" : 0,
          "max" : 0,
          "mean" : 0.000000,
          "stddev" : 0.000000,
          "N" : 0
        },
        "clat_ns" : {
          "min" : 0,
          "max" : 0,
          "mean" : 0.000000,
          "stddev" : 0.000000,
          "N" : 0
        },
        "lat_ns" : {
          "min" : 0,
          "max" : 0,
          "mean" : 0.000000,
          "stddev" : 0.000000,
          "N" : 0
        },
        "bw_min" : 0,
        "bw_max" : 0,
        "bw_agg" : 0.000000,
        "bw_mean" : 0.000000,
        "bw_dev" : 0.000000,
        "bw_samples" : 0,
        "iops_min" : 0,
        "iops_max" : 0,
        "iops_mean" : 0.000000,
        "iops_stddev" : 0.000000,
        "iops_samples" : 0
      },
      "trim" : {
        "io_bytes" : 0,
        "io_kbytes" : 0,
        "bw_bytes" : 0,
        "bw" : 0,
        "iops" : 0.000000,
        "runtime" : 0,
        "total_ios" : 0,
        "short_ios" : 0,
        "drop_ios" : 0,
        "slat_ns" : {
          "min" : 0,
          "max" : 0,
          "mean" : 0.000000,
          "stddev" : 0.000000,
          "N" : 0
        },
        "clat_ns" : {
          "min" : 0,
          "max" : 0,
          "mean" : 0.000000,
          "stddev" : 0.000000,
          "N" : 0
        },
        "lat_ns" : {
          "min" : 0,
          "max" : 0,
          "mean" : 0.000000,
          "stddev" : 0.000000,
          "N" : 0
        },
        "bw_min" : 0,
        "bw_max" : 0,
        "bw_agg" : 0.000000,
        "bw_mean" : 0.000000,
        "bw_dev" : 0.000000,
        "bw_samples" : 0,
        "iops_min" : 0,
        "iops_max" : 0,
        "iops_mean" : 0.000000,
        "iops_stddev" : 0.000000,
        "iops_samples" : 0
      },
      "sync" : {
        "total_ios" : 0,
        "lat_ns" : {
          "min" : 0,
          "max" : 0,
          "mean" : 0.000000,
          "stddev" : 0.000000,
          "N" : 0
        }
      },
      "job_runtime" : 960048,
      "usr_cpu" : 0.012708,
      "sys_cpu" : 0.290819,
      "ctx" : 275202,
      "majf" : 0,
      "minf" : 227,
      "iodepth_level" : {
        "1" : 100.000000,
        "2" : 0.000000,
        "4" : 0.000000,
        "8" : 0.000000,
        "16" : 0.000000,
        "32" : 0.000000,
        ">=64" : 0.000000
      },
      "iodepth_submit" : {
        "0" : 0.000000,
        "4" : 100.000000,
        "8" : 0.000000,
        "16" : 0.000000,
        "32" : 0.000000,
        "64" : 0.000000,
        ">=64" : 0.000000
      },
      "iodepth_complete" : {
        "0" : 0.000000,
        "4" : 100.000000,
        "8" : 0.000000,
        "16" : 0.000000,
        "32" : 0.000000,
        "64" : 0.000000,
        ">=64" : 0.000000
      },
      "latency_ns" : {
        "2" : 0.000000,
        "4" : 0.000000,
        "10" : 0.000000,
        "20" : 0.000000,
        "50" : 0.000000,
        "100" : 0.000000,
        "250" : 0.000000,
        "500" : 0.000000,
        "750" : 0.000000,
        "1000" : 0.000000
      },
      "latency_us" : {
        "2" : 0.000000,
        "4" : 0.000000,
        "10" : 0.000000,
        "20" : 0.000000,
        "50" : 0.000000,
        "100" : 0.000000,
        "250" : 0.000000,
        "500" : 0.000000,
        "750" : 0.000000,
        "1000" : 0.010904
      },
      "latency_ms" : {
        "2" : 0.856347,
        "4" : 0.644805,
        "10" : 96.990426,
        "20" : 0.639716,
        "50" : 0.423812,
        "100" : 0.306773,
        "250" : 0.115585,
        "500" : 0.011631,
        "750" : 0.000000,
        "1000" : 0.000000,
        "2000" : 0.000000,
        ">=2000" : 0.000000
      },
      "latency_depth" : 64,
      "latency_target" : 0,
      "latency_percentile" : 100.000000,
      "latency_window" : 0
    }
  ]
}
