{
  "fio version" : "fio-3.23",
  "timestamp" : 1756962816,
  "timestamp_ms" : 1756962816673,
  "time" : "Thu Sep  4 05:13:36 2025",
  "jobs" : [
    {
      "jobname" : "SeqRH-4M-16-16",
      "groupid" : 0,
      "error" : 0,
      "eta" : 0,
      "elapsed" : 61,
      "job options" : {
        "name" : "SeqRH-4M-16-16",
        "numjobs" : "16",
        "runtime" : "60",
        "directory" : "/tmp/e2sar/rgeorge-fio_test-p1s_SeqRH-4M-16-16",
        "direct" : "1",
        "buffered" : "0",
        "rw" : "rw",
        "rwmixread" : "80",
        "unified_rw_reporting" : "1",
        "randrepeat" : "0",
        "bs" : "4M",
        "size" : "128M",
        "ioengine" : "pvsync",
        "iodepth" : "16",
        "lat_percentiles" : "1"
      },
      "mixed" : {
        "io_bytes" : 204283576320,
        "io_kbytes" : 199495680,
        "bw_bytes" : 3403875303,
        "bw" : 3324096,
        "iops" : 811.547113,
        "runtime" : 60015,
        "total_ios" : 48705,
        "short_ios" : 0,
        "drop_ios" : 0,
        "slat_ns" : {
          "min" : 0,
          "max" : 0,
          "mean" : 0.000000,
          "stddev" : 0.000000,
          "N" : 0
        },
        "clat_ns" : {
          "min" : 2584907,
          "max" : 833501824,
          "mean" : 19555327.378750,
          "stddev" : 17964715.328285,
          "N" : 48705,
          "percentile" : {
            "1.000000" : 5603328,
            "5.000000" : 13697024,
            "10.000000" : 15138816,
            "20.000000" : 16318464,
            "30.000000" : 17170432,
            "40.000000" : 17694720,
            "50.000000" : 18219008,
            "60.000000" : 18743296,
            "70.000000" : 19267584,
            "80.000000" : 20054016,
            "90.000000" : 20840448,
            "95.000000" : 21626880,
            "99.000000" : 67633152,
            "99.500000" : 137363456,
            "99.900000" : 291504128,
            "99.950000" : 337641472,
            "99.990000" : 549453824
          }
        },
        "lat_ns" : {
          "min" : 2584939,
          "max" : 833501847,
          "mean" : 19555403.591767,
          "stddev" : 17964725.318506,
          "N" : 48705,
          "percentile" : {
            "1.000000" : 5603328,
            "5.000000" : 13697024,
            "10.000000" : 15138816,
            "20.000000" : 16318464,
            "30.000000" : 17170432,
            "40.000000" : 17694720,
            "50.000000" : 18219008,
            "60.000000" : 18743296,
            "70.000000" : 19267584,
            "80.000000" : 20054016,
            "90.000000" : 20840448,
            "95.000000" : 21626880,
            "99.000000" : 67633152,
            "99.500000" : 137363456,
            "99.900000" : 291504128,
            "99.950000" : 337641472,
            "99.990000" : 549453824
          }
        },
        "bw_min" : 483328,
        "bw_max" : 7208960,
        "bw_agg" : 100.000000,
        "bw_mean" : 3343312.232801,
        "bw_dev" : 34425.384787,
        "bw_samples" : 3768,
        "iops_min" : 118,
        "iops_max" : 1760,
        "iops_mean" : 816.222093,
        "iops_stddev" : 8.404804,
        "iops_samples" : 3768
      },
      "job_runtime" : 960091,
      "usr_cpu" : 0.784509,
      "sys_cpu" : 0.216334,
      "ctx" : 194937,
      "majf" : 0,
      "minf" : 291,
      "iodepth_level" : {
        "1" : 100.000000,
        "2" : 0.000000,
        "4" : 0.000000,
        "8" : 0.000000,
        "16" : 0.000000,
        "32" : 0.000000,
        ">=64" : 0.000000
      },
      "iodepth_submit" : {
        "0" : 0.000000,
        "4" : 100.000000,
        "8" : 0.000000,
        "16" : 0.000000,
        "32" : 0.000000,
        "64" : 0.000000,
        ">=64" : 0.000000
      },
      "iodepth_complete" : {
        "0" : 0.000000,
        "4" : 100.000000,
        "8" : 0.000000,
        "16" : 0.000000,
        "32" : 0.000000,
        "64" : 0.000000,
        ">=64" : 0.000000
      },
      "latency_ns" : {
        "2" : 0.000000,
        "4" : 0.000000,
        "10" : 0.000000,
        "20" : 0.000000,
        "50" : 0.000000,
        "100" : 0.000000,
        "250" : 0.000000,
        "500" : 0.000000,
        "750" : 0.000000,
        "1000" : 0.000000
      },
      "latency_us" : {
        "2" : 0.000000,
        "4" : 0.000000,
        "10" : 0.000000,
        "20" : 0.000000,
        "50" : 0.000000,
        "100" : 0.000000,
        "250" : 0.000000,
        "500" : 0.000000,
        "750" : 0.000000,
        "1000" : 0.000000
      },
      "latency_ms" : {
        "2" : 0.000000,
        "4" : 0.367519,
        "10" : 2.194847,
        "20" : 78.497074,
        "50" : 17.614208,
        "100" : 0.593368,
        "250" : 0.554358,
        "500" : 0.166307,
        "750" : 0.010266,
        "1000" : 0.010000,
        "2000" : 0.000000,
        ">=2000" : 0.000000
      },
      "latency_depth" : 16,
      "latency_target" : 0,
      "latency_percentile" : 100.000000,
      "latency_window" : 0
    }
  ]
}
