{
  "fio version" : "fio-3.23",
  "timestamp" : 1756992361,
  "timestamp_ms" : 1756992361198,
  "time" : "Thu Sep  4 13:26:01 2025",
  "jobs" : [
    {
      "jobname" : "RandBal-4K-32-16",
      "groupid" : 0,
      "error" : 0,
      "eta" : 0,
      "elapsed" : 61,
      "job options" : {
        "name" : "RandBal-4K-32-16",
        "numjobs" : "32",
        "runtime" : "60",
        "directory" : "/tmp/e2sar/rgeorge-fio_test-p2r_RandBal-4K-32-16",
        "direct" : "1",
        "buffered" : "0",
        "rw" : "randrw",
        "unified_rw_reporting" : "1",
        "randrepeat" : "0",
        "bs" : "4K",
        "size" : "128M",
        "ioengine" : "pvsync",
        "iodepth" : "16",
        "lat_percentiles" : "1"
      },
      "mixed" : {
        "io_bytes" : 13604245504,
        "io_kbytes" : 13285396,
        "bw_bytes" : 226673200,
        "bw" : 221360,
        "iops" : 55340.136961,
        "runtime" : 60017,
        "total_ios" : 3321349,
        "short_ios" : 0,
        "drop_ios" : 0,
        "slat_ns" : {
          "min" : 0,
          "max" : 0,
          "mean" : 0.000000,
          "stddev" : 0.000000,
          "N" : 0
        },
        "clat_ns" : {
          "min" : 141117,
          "max" : 944261209,
          "mean" : 576132.126468,
          "stddev" : 2281251.044975,
          "N" : 3321349,
          "percentile" : {
            "1.000000" : 232448,
            "5.000000" : 276480,
            "10.000000" : 313344,
            "20.000000" : 358400,
            "30.000000" : 399360,
            "40.000000" : 440320,
            "50.000000" : 481280,
            "60.000000" : 522240,
            "70.000000" : 561152,
            "80.000000" : 610304,
            "90.000000" : 675840,
            "95.000000" : 741376,
            "99.000000" : 888832,
            "99.500000" : 1613824,
            "99.900000" : 26607616,
            "99.950000" : 38010880,
            "99.990000" : 81264640
          }
        },
        "lat_ns" : {
          "min" : 141164,
          "max" : 944261248,
          "mean" : 576190.623956,
          "stddev" : 2281251.012057,
          "N" : 3321349,
          "percentile" : {
            "1.000000" : 232448,
            "5.000000" : 276480,
            "10.000000" : 313344,
            "20.000000" : 358400,
            "30.000000" : 399360,
            "40.000000" : 440320,
            "50.000000" : 481280,
            "60.000000" : 522240,
            "70.000000" : 561152,
            "80.000000" : 610304,
            "90.000000" : 675840,
            "95.000000" : 741376,
            "99.000000" : 888832,
            "99.500000" : 1613824,
            "99.900000" : 26607616,
            "99.950000" : 38010880,
            "99.990000" : 81264640
          }
        },
        "bw_min" : 34632,
        "bw_max" : 282168,
        "bw_agg" : 100.000000,
        "bw_mean" : 221788.126620,
        "bw_dev" : 732.298431,
        "bw_samples" : 7612,
        "iops_min" : 8658,
        "iops_max" : 70542,
        "iops_mean" : 55447.025353,
        "iops_stddev" : 183.074616,
        "iops_samples" : 7612
      },
      "job_runtime" : 1920027,
      "usr_cpu" : 0.427702,
      "sys_cpu" : 0.861915,
      "ctx" : 3321585,
      "majf" : 0,
      "minf" : 599,
      "iodepth_level" : {
        "1" : 100.000000,
        "2" : 0.000000,
        "4" : 0.000000,
        "8" : 0.000000,
        "16" : 0.000000,
        "32" : 0.000000,
        ">=64" : 0.000000
      },
      "iodepth_submit" : {
        "0" : 0.000000,
        "4" : 100.000000,
        "8" : 0.000000,
        "16" : 0.000000,
        "32" : 0.000000,
        "64" : 0.000000,
        ">=64" : 0.000000
      },
      "iodepth_complete" : {
        "0" : 0.000000,
        "4" : 100.000000,
        "8" : 0.000000,
        "16" : 0.000000,
        "32" : 0.000000,
        "64" : 0.000000,
        ">=64" : 0.000000
      },
      "latency_ns" : {
        "2" : 0.000000,
        "4" : 0.000000,
        "10" : 0.000000,
        "20" : 0.000000,
        "50" : 0.000000,
        "100" : 0.000000,
        "250" : 0.000000,
        "500" : 0.000000,
        "750" : 0.000000,
        "1000" : 0.000000
      },
      "latency_us" : {
        "2" : 0.000000,
        "4" : 0.000000,
        "10" : 0.000000,
        "20" : 0.000000,
        "50" : 0.000000,
        "100" : 0.000000,
        "250" : 2.182968,
        "500" : 52.572644,
        "750" : 40.742451,
        "1000" : 3.908864
      },
      "latency_ms" : {
        "2" : 0.108932,
        "4" : 0.075602,
        "10" : 0.148825,
        "20" : 0.115134,
        "50" : 0.116037,
        "100" : 0.022942,
        "250" : 0.010000,
        "500" : 0.010000,
        "750" : 0.010000,
        "1000" : 0.010000,
        "2000" : 0.000000,
        ">=2000" : 0.000000
      },
      "latency_depth" : 16,
      "latency_target" : 0,
      "latency_percentile" : 100.000000,
      "latency_window" : 0
    }
  ]
}
