{
  "fio version" : "fio-3.23",
  "timestamp" : 1756964468,
  "timestamp_ms" : 1756964468092,
  "time" : "Thu Sep  4 05:41:08 2025",
  "jobs" : [
    {
      "jobname" : "SeqWH-1M-16-32",
      "groupid" : 0,
      "error" : 0,
      "eta" : 0,
      "elapsed" : 61,
      "job options" : {
        "name" : "SeqWH-1M-16-32",
        "numjobs" : "16",
        "runtime" : "60",
        "directory" : "/tmp/e2sar/rgeorge-fio_test-p1s_SeqWH-1M-16-32",
        "direct" : "1",
        "buffered" : "0",
        "rw" : "rw",
        "rwmixread" : "20",
        "unified_rw_reporting" : "1",
        "randrepeat" : "0",
        "bs" : "1M",
        "size" : "128M",
        "ioengine" : "pvsync",
        "iodepth" : "32",
        "lat_percentiles" : "1"
      },
      "mixed" : {
        "io_bytes" : 378838974464,
        "io_kbytes" : 369959936,
        "bw_bytes" : 6313667224,
        "bw" : 6165690,
        "iops" : 6021.182274,
        "runtime" : 60003,
        "total_ios" : 361289,
        "short_ios" : 0,
        "drop_ios" : 0,
        "slat_ns" : {
          "min" : 0,
          "max" : 0,
          "mean" : 0.000000,
          "stddev" : 0.000000,
          "N" : 0
        },
        "clat_ns" : {
          "min" : 666775,
          "max" : 1113943782,
          "mean" : 2494788.934415,
          "stddev" : 5727433.108051,
          "N" : 361289,
          "percentile" : {
            "1.000000" : 1019904,
            "5.000000" : 1187840,
            "10.000000" : 1302528,
            "20.000000" : 1482752,
            "30.000000" : 1630208,
            "40.000000" : 1777664,
            "50.000000" : 1925120,
            "60.000000" : 2113536,
            "70.000000" : 2342912,
            "80.000000" : 2670592,
            "90.000000" : 3424256,
            "95.000000" : 4145152,
            "99.000000" : 7110656,
            "99.500000" : 21626880,
            "99.900000" : 84410368,
            "99.950000" : 101187584,
            "99.990000" : 208666624
          }
        },
        "lat_ns" : {
          "min" : 666806,
          "max" : 1113944030,
          "mean" : 2494869.594458,
          "stddev" : 5727441.253281,
          "N" : 361289,
          "percentile" : {
            "1.000000" : 1019904,
            "5.000000" : 1187840,
            "10.000000" : 1302528,
            "20.000000" : 1482752,
            "30.000000" : 1630208,
            "40.000000" : 1777664,
            "50.000000" : 1925120,
            "60.000000" : 2113536,
            "70.000000" : 2342912,
            "80.000000" : 2670592,
            "90.000000" : 3424256,
            "95.000000" : 4145152,
            "99.000000" : 7110656,
            "99.500000" : 21626880,
            "99.900000" : 84410368,
            "99.950000" : 101187584,
            "99.990000" : 208666624
          }
        },
        "bw_min" : 398864,
        "bw_max" : 8920606,
        "bw_agg" : 100.000000,
        "bw_mean" : 6169501.180672,
        "bw_dev" : 67370.942162,
        "bw_samples" : 3804,
        "iops_min" : 369,
        "iops_max" : 8702,
        "iops_mean" : 6010.319969,
        "iops_stddev" : 65.869714,
        "iops_samples" : 3804
      },
      "job_runtime" : 960009,
      "usr_cpu" : 6.097859,
      "sys_cpu" : 0.379580,
      "ctx" : 361463,
      "majf" : 0,
      "minf" : 296,
      "iodepth_level" : {
        "1" : 100.000000,
        "2" : 0.000000,
        "4" : 0.000000,
        "8" : 0.000000,
        "16" : 0.000000,
        "32" : 0.000000,
        ">=64" : 0.000000
      },
      "iodepth_submit" : {
        "0" : 0.000000,
        "4" : 100.000000,
        "8" : 0.000000,
        "16" : 0.000000,
        "32" : 0.000000,
        "64" : 0.000000,
        ">=64" : 0.000000
      },
      "iodepth_complete" : {
        "0" : 0.000000,
        "4" : 100.000000,
        "8" : 0.000000,
        "16" : 0.000000,
        "32" : 0.000000,
        "64" : 0.000000,
        ">=64" : 0.000000
      },
      "latency_ns" : {
        "2" : 0.000000,
        "4" : 0.000000,
        "10" : 0.000000,
        "20" : 0.000000,
        "50" : 0.000000,
        "100" : 0.000000,
        "250" : 0.000000,
        "500" : 0.000000,
        "750" : 0.000000,
        "1000" : 0.000000
      },
      "latency_us" : {
        "2" : 0.000000,
        "4" : 0.000000,
        "10" : 0.000000,
        "20" : 0.000000,
        "50" : 0.000000,
        "100" : 0.000000,
        "250" : 0.000000,
        "500" : 0.000000,
        "750" : 0.010000,
        "1000" : 0.800190
      },
      "latency_ms" : {
        "2" : 53.936599,
        "4" : 39.563618,
        "10" : 4.914625,
        "20" : 0.254921,
        "50" : 0.282599,
        "100" : 0.193751,
        "250" : 0.048161,
        "500" : 0.010000,
        "750" : 0.010000,
        "1000" : 0.000000,
        "2000" : 0.010000,
        ">=2000" : 0.000000
      },
      "latency_depth" : 32,
      "latency_target" : 0,
      "latency_percentile" : 100.000000,
      "latency_window" : 0
    }
  ]
}
