{
  "fio version" : "fio-3.23",
  "timestamp" : 1757217481,
  "timestamp_ms" : 1757217481262,
  "time" : "Sun Sep  7 03:58:01 2025",
  "jobs" : [
    {
      "jobname" : "SeqWH-4M-64-64",
      "groupid" : 0,
      "error" : 0,
      "eta" : 0,
      "elapsed" : 62,
      "job options" : {
        "name" : "SeqWH-4M-64-64",
        "numjobs" : "64",
        "runtime" : "60",
        "directory" : "/tmp/e2sar/rgeorge-fio_test-p3s_SeqWH-4M-64-64",
        "direct" : "1",
        "buffered" : "0",
        "rw" : "rw",
        "rwmixread" : "20",
        "unified_rw_reporting" : "1",
        "randrepeat" : "0",
        "bs" : "4M",
        "size" : "128M",
        "ioengine" : "pvsync",
        "iodepth" : "64",
        "lat_percentiles" : "1"
      },
      "mixed" : {
        "io_bytes" : 285409804288,
        "io_kbytes" : 278720512,
        "bw_bytes" : 4744967652,
        "bw" : 4633757,
        "iops" : 1131.288446,
        "runtime" : 60150,
        "total_ios" : 68047,
        "short_ios" : 0,
        "drop_ios" : 0,
        "slat_ns" : {
          "min" : 0,
          "max" : 0,
          "mean" : 0.000000,
          "stddev" : 0.000000,
          "N" : 0
        },
        "clat_ns" : {
          "min" : 4073316,
          "max" : 2386521915,
          "mean" : 55599903.690302,
          "stddev" : 88037292.367974,
          "N" : 68047,
          "percentile" : {
            "1.000000" : 7503872,
            "5.000000" : 18219008,
            "10.000000" : 24510464,
            "20.000000" : 31064064,
            "30.000000" : 33816576,
            "40.000000" : 36438016,
            "50.000000" : 38535168,
            "60.000000" : 40632320,
            "70.000000" : 43778048,
            "80.000000" : 49545216,
            "90.000000" : 71827456,
            "95.000000" : 127401984,
            "99.000000" : 480247808,
            "99.500000" : 616562688,
            "99.900000" : 1044381696,
            "99.950000" : 1249902592,
            "99.990000" : 1669332992
          }
        },
        "lat_ns" : {
          "min" : 4073434,
          "max" : 2386522198,
          "mean" : 55600246.643511,
          "stddev" : 88037297.636549,
          "N" : 68047,
          "percentile" : {
            "1.000000" : 7503872,
            "5.000000" : 18219008,
            "10.000000" : 24510464,
            "20.000000" : 31064064,
            "30.000000" : 33816576,
            "40.000000" : 36438016,
            "50.000000" : 38535168,
            "60.000000" : 40632320,
            "70.000000" : 43778048,
            "80.000000" : 49545216,
            "90.000000" : 71827456,
            "95.000000" : 127401984,
            "99.000000" : 480247808,
            "99.500000" : 616562688,
            "99.900000" : 1044381696,
            "99.950000" : 1249902592,
            "99.990000" : 1669332992
          }
        },
        "bw_min" : 1048389,
        "bw_max" : 13237716,
        "bw_agg" : 100.000000,
        "bw_mean" : 5123630.195012,
        "bw_dev" : 23198.307288,
        "bw_samples" : 13135,
        "iops_min" : 245,
        "iops_max" : 3231,
        "iops_mean" : 1249.780401,
        "iops_stddev" : 5.661578,
        "iops_samples" : 13135
      },
      "job_runtime" : 3841092,
      "usr_cpu" : 1.449249,
      "sys_cpu" : 0.095207,
      "ctx" : 273840,
      "majf" : 0,
      "minf" : 1229,
      "iodepth_level" : {
        "1" : 100.000000,
        "2" : 0.000000,
        "4" : 0.000000,
        "8" : 0.000000,
        "16" : 0.000000,
        "32" : 0.000000,
        ">=64" : 0.000000
      },
      "iodepth_submit" : {
        "0" : 0.000000,
        "4" : 100.000000,
        "8" : 0.000000,
        "16" : 0.000000,
        "32" : 0.000000,
        "64" : 0.000000,
        ">=64" : 0.000000
      },
      "iodepth_complete" : {
        "0" : 0.000000,
        "4" : 100.000000,
        "8" : 0.000000,
        "16" : 0.000000,
        "32" : 0.000000,
        "64" : 0.000000,
        ">=64" : 0.000000
      },
      "latency_ns" : {
        "2" : 0.000000,
        "4" : 0.000000,
        "10" : 0.000000,
        "20" : 0.000000,
        "50" : 0.000000,
        "100" : 0.000000,
        "250" : 0.000000,
        "500" : 0.000000,
        "750" : 0.000000,
        "1000" : 0.000000
      },
      "latency_us" : {
        "2" : 0.000000,
        "4" : 0.000000,
        "10" : 0.000000,
        "20" : 0.000000,
        "50" : 0.000000,
        "100" : 0.000000,
        "250" : 0.000000,
        "500" : 0.000000,
        "750" : 0.000000,
        "1000" : 0.000000
      },
      "latency_ms" : {
        "2" : 0.000000,
        "4" : 0.000000,
        "10" : 1.735565,
        "20" : 4.420474,
        "50" : 74.138463,
        "100" : 13.384866,
        "250" : 3.703323,
        "500" : 1.788470,
        "750" : 0.437933,
        "1000" : 0.273340,
        "2000" : 0.114627,
        ">=2000" : 0.010000
      },
      "latency_depth" : 64,
      "latency_target" : 0,
      "latency_percentile" : 100.000000,
      "latency_window" : 0
    }
  ]
}
