{
  "fio version" : "fio-3.23",
  "timestamp" : 1757456248,
  "timestamp_ms" : 1757456248314,
  "time" : "Tue Sep  9 22:17:28 2025",
  "jobs" : [
    {
      "jobname" : "RandW-1M-64-64",
      "groupid" : 0,
      "error" : 0,
      "eta" : 0,
      "elapsed" : 61,
      "job options" : {
        "name" : "RandW-1M-64-64",
        "rw" : "randwrite",
        "unified_rw_reporting" : "0",
        "bs" : "1M",
        "numjobs" : "64",
        "iodepth" : "64",
        "runtime" : "60",
        "directory" : "/tmp/e2sar/rgeorge-fio_test-m_RandW-1M-64-64",
        "direct" : "1",
        "buffered" : "0",
        "randrepeat" : "0",
        "size" : "128M",
        "ioengine" : "pvsync",
        "lat_percentiles" : "1"
      },
      "read" : {
        "io_bytes" : 0,
        "io_kbytes" : 0,
        "bw_bytes" : 0,
        "bw" : 0,
        "iops" : 0.000000,
        "runtime" : 0,
        "total_ios" : 0,
        "short_ios" : 0,
        "drop_ios" : 0,
        "slat_ns" : {
          "min" : 0,
          "max" : 0,
          "mean" : 0.000000,
          "stddev" : 0.000000,
          "N" : 0
        },
        "clat_ns" : {
          "min" : 0,
          "max" : 0,
          "mean" : 0.000000,
          "stddev" : 0.000000,
          "N" : 0
        },
        "lat_ns" : {
          "min" : 0,
          "max" : 0,
          "mean" : 0.000000,
          "stddev" : 0.000000,
          "N" : 0
        },
        "bw_min" : 0,
        "bw_max" : 0,
        "bw_agg" : 0.000000,
        "bw_mean" : 0.000000,
        "bw_dev" : 0.000000,
        "bw_samples" : 0,
        "iops_min" : 0,
        "iops_max" : 0,
        "iops_mean" : 0.000000,
        "iops_stddev" : 0.000000,
        "iops_samples" : 0
      },
      "write" : {
        "io_bytes" : 812441927680,
        "io_kbytes" : 793400320,
        "bw_bytes" : 13539119230,
        "bw" : 13221796,
        "iops" : 12911.910277,
        "runtime" : 60007,
        "total_ios" : 774805,
        "short_ios" : 0,
        "drop_ios" : 0,
        "slat_ns" : {
          "min" : 0,
          "max" : 0,
          "mean" : 0.000000,
          "stddev" : 0.000000,
          "N" : 0
        },
        "clat_ns" : {
          "min" : 791072,
          "max" : 339858656,
          "mean" : 4666479.624897,
          "stddev" : 2416425.638574,
          "N" : 774805,
          "percentile" : {
            "1.000000" : 1302528,
            "5.000000" : 2539520,
            "10.000000" : 2768896,
            "20.000000" : 3293184,
            "30.000000" : 4079616,
            "40.000000" : 4489216,
            "50.000000" : 4751360,
            "60.000000" : 5013504,
            "70.000000" : 5275648,
            "80.000000" : 5603328,
            "90.000000" : 6258688,
            "95.000000" : 6717440,
            "99.000000" : 7438336,
            "99.500000" : 7700480,
            "99.900000" : 14745600,
            "99.950000" : 53739520,
            "99.990000" : 92798976
          }
        },
        "lat_ns" : {
          "min" : 791143,
          "max" : 339858810,
          "mean" : 4666646.904690,
          "stddev" : 2416430.886821,
          "N" : 774805,
          "percentile" : {
            "1.000000" : 1302528,
            "5.000000" : 2539520,
            "10.000000" : 2768896,
            "20.000000" : 3293184,
            "30.000000" : 4079616,
            "40.000000" : 4489216,
            "50.000000" : 4751360,
            "60.000000" : 5013504,
            "70.000000" : 5275648,
            "80.000000" : 5603328,
            "90.000000" : 6258688,
            "95.000000" : 6717440,
            "99.000000" : 7438336,
            "99.500000" : 7700480,
            "99.900000" : 14745600,
            "99.950000" : 53739520,
            "99.990000" : 92798976
          }
        },
        "bw_min" : 9441280,
        "bw_max" : 15992486,
        "bw_agg" : 100.000000,
        "bw_mean" : 13242610.882353,
        "bw_dev" : 13716.479036,
        "bw_samples" : 7616,
        "iops_min" : 9220,
        "iops_max" : 15615,
        "iops_mean" : 12930.344538,
        "iops_stddev" : 13.394227,
        "iops_samples" : 7616
      },
      "trim" : {
        "io_bytes" : 0,
        "io_kbytes" : 0,
        "bw_bytes" : 0,
        "bw" : 0,
        "iops" : 0.000000,
        "runtime" : 0,
        "total_ios" : 0,
        "short_ios" : 0,
        "drop_ios" : 0,
        "slat_ns" : {
          "min" : 0,
          "max" : 0,
          "mean" : 0.000000,
          "stddev" : 0.000000,
          "N" : 0
        },
        "clat_ns" : {
          "min" : 0,
          "max" : 0,
          "mean" : 0.000000,
          "stddev" : 0.000000,
          "N" : 0
        },
        "lat_ns" : {
          "min" : 0,
          "max" : 0,
          "mean" : 0.000000,
          "stddev" : 0.000000,
          "N" : 0
        },
        "bw_min" : 0,
        "bw_max" : 0,
        "bw_agg" : 0.000000,
        "bw_mean" : 0.000000,
        "bw_dev" : 0.000000,
        "bw_samples" : 0,
        "iops_min" : 0,
        "iops_max" : 0,
        "iops_mean" : 0.000000,
        "iops_stddev" : 0.000000,
        "iops_samples" : 0
      },
      "sync" : {
        "total_ios" : 0,
        "lat_ns" : {
          "min" : 0,
          "max" : 0,
          "mean" : 0.000000,
          "stddev" : 0.000000,
          "N" : 0
        }
      },
      "job_runtime" : 3840083,
      "usr_cpu" : 5.241892,
      "sys_cpu" : 0.257937,
      "ctx" : 818436,
      "majf" : 0,
      "minf" : 733,
      "iodepth_level" : {
        "1" : 100.000000,
        "2" : 0.000000,
        "4" : 0.000000,
        "8" : 0.000000,
        "16" : 0.000000,
        "32" : 0.000000,
        ">=64" : 0.000000
      },
      "iodepth_submit" : {
        "0" : 0.000000,
        "4" : 100.000000,
        "8" : 0.000000,
        "16" : 0.000000,
        "32" : 0.000000,
        "64" : 0.000000,
        ">=64" : 0.000000
      },
      "iodepth_complete" : {
        "0" : 0.000000,
        "4" : 100.000000,
        "8" : 0.000000,
        "16" : 0.000000,
        "32" : 0.000000,
        "64" : 0.000000,
        ">=64" : 0.000000
      },
      "latency_ns" : {
        "2" : 0.000000,
        "4" : 0.000000,
        "10" : 0.000000,
        "20" : 0.000000,
        "50" : 0.000000,
        "100" : 0.000000,
        "250" : 0.000000,
        "500" : 0.000000,
        "750" : 0.000000,
        "1000" : 0.000000
      },
      "latency_us" : {
        "2" : 0.000000,
        "4" : 0.000000,
        "10" : 0.000000,
        "20" : 0.000000,
        "50" : 0.000000,
        "100" : 0.000000,
        "250" : 0.000000,
        "500" : 0.000000,
        "750" : 0.000000,
        "1000" : 0.037171
      },
      "latency_ms" : {
        "2" : 2.164286,
        "4" : 25.930783,
        "10" : 71.750440,
        "20" : 0.036138,
        "50" : 0.028523,
        "100" : 0.050335,
        "250" : 0.010000,
        "500" : 0.010000,
        "750" : 0.000000,
        "1000" : 0.000000,
        "2000" : 0.000000,
        ">=2000" : 0.000000
      },
      "latency_depth" : 64,
      "latency_target" : 0,
      "latency_percentile" : 100.000000,
      "latency_window" : 0
    }
  ]
}
