{
  "fio version" : "fio-3.23",
  "timestamp" : 1757082255,
  "timestamp_ms" : 1757082255293,
  "time" : "Fri Sep  5 14:24:15 2025",
  "jobs" : [
    {
      "jobname" : "SeqWH-4K-64-1",
      "groupid" : 0,
      "error" : 0,
      "eta" : 0,
      "elapsed" : 61,
      "job options" : {
        "name" : "SeqWH-4K-64-1",
        "numjobs" : "64",
        "runtime" : "60",
        "directory" : "/tmp/e2sar/rgeorge-fio_test-p3s_SeqWH-4K-64-1",
        "direct" : "1",
        "buffered" : "0",
        "rw" : "rw",
        "rwmixread" : "20",
        "unified_rw_reporting" : "1",
        "randrepeat" : "0",
        "bs" : "4K",
        "size" : "128M",
        "ioengine" : "pvsync",
        "iodepth" : "1",
        "lat_percentiles" : "1"
      },
      "mixed" : {
        "io_bytes" : 13688299520,
        "io_kbytes" : 13367480,
        "bw_bytes" : 228126918,
        "bw" : 222780,
        "iops" : 55695.048581,
        "runtime" : 60003,
        "total_ios" : 3341870,
        "short_ios" : 0,
        "drop_ios" : 0,
        "slat_ns" : {
          "min" : 0,
          "max" : 0,
          "mean" : 0.000000,
          "stddev" : 0.000000,
          "N" : 0
        },
        "clat_ns" : {
          "min" : 118212,
          "max" : 742916917,
          "mean" : 1143121.720029,
          "stddev" : 8201755.415060,
          "N" : 3341870,
          "percentile" : {
            "1.000000" : 171008,
            "5.000000" : 366592,
            "10.000000" : 593920,
            "20.000000" : 765952,
            "30.000000" : 839680,
            "40.000000" : 888832,
            "50.000000" : 921600,
            "60.000000" : 954368,
            "70.000000" : 987136,
            "80.000000" : 1036288,
            "90.000000" : 1122304,
            "95.000000" : 1236992,
            "99.000000" : 1515520,
            "99.500000" : 1712128,
            "99.900000" : 57409536,
            "99.950000" : 244318208,
            "99.990000" : 367001600
          }
        },
        "lat_ns" : {
          "min" : 118247,
          "max" : 742916971,
          "mean" : 1143204.150168,
          "stddev" : 8201757.173126,
          "N" : 3341870,
          "percentile" : {
            "1.000000" : 171008,
            "5.000000" : 366592,
            "10.000000" : 593920,
            "20.000000" : 765952,
            "30.000000" : 839680,
            "40.000000" : 888832,
            "50.000000" : 921600,
            "60.000000" : 954368,
            "70.000000" : 987136,
            "80.000000" : 1036288,
            "90.000000" : 1122304,
            "95.000000" : 1236992,
            "99.000000" : 1515520,
            "99.500000" : 1712128,
            "99.900000" : 57409536,
            "99.950000" : 244318208,
            "99.990000" : 367001600
          }
        },
        "bw_min" : 1048,
        "bw_max" : 686194,
        "bw_agg" : 100.000000,
        "bw_mean" : 227465.858740,
        "bw_dev" : 1085.601982,
        "bw_samples" : 14596,
        "iops_min" : 262,
        "iops_max" : 171548,
        "iops_mean" : 56866.415948,
        "iops_stddev" : 271.401027,
        "iops_samples" : 14596
      },
      "job_runtime" : 3840029,
      "usr_cpu" : 0.238983,
      "sys_cpu" : 0.503147,
      "ctx" : 3342343,
      "majf" : 0,
      "minf" : 1365,
      "iodepth_level" : {
        "1" : 100.000000,
        "2" : 0.000000,
        "4" : 0.000000,
        "8" : 0.000000,
        "16" : 0.000000,
        "32" : 0.000000,
        ">=64" : 0.000000
      },
      "iodepth_submit" : {
        "0" : 0.000000,
        "4" : 100.000000,
        "8" : 0.000000,
        "16" : 0.000000,
        "32" : 0.000000,
        "64" : 0.000000,
        ">=64" : 0.000000
      },
      "iodepth_complete" : {
        "0" : 0.000000,
        "4" : 100.000000,
        "8" : 0.000000,
        "16" : 0.000000,
        "32" : 0.000000,
        "64" : 0.000000,
        ">=64" : 0.000000
      },
      "latency_ns" : {
        "2" : 0.000000,
        "4" : 0.000000,
        "10" : 0.000000,
        "20" : 0.000000,
        "50" : 0.000000,
        "100" : 0.000000,
        "250" : 0.000000,
        "500" : 0.000000,
        "750" : 0.000000,
        "1000" : 0.000000
      },
      "latency_us" : {
        "2" : 0.000000,
        "4" : 0.000000,
        "10" : 0.000000,
        "20" : 0.000000,
        "50" : 0.000000,
        "100" : 0.000000,
        "250" : 2.988477,
        "500" : 4.640725,
        "750" : 10.570878,
        "1000" : 54.426833
      },
      "latency_ms" : {
        "2" : 27.027293,
        "4" : 0.042072,
        "10" : 0.108023,
        "20" : 0.042102,
        "50" : 0.045513,
        "100" : 0.040307,
        "250" : 0.031300,
        "500" : 0.035699,
        "750" : 0.010000,
        "1000" : 0.000000,
        "2000" : 0.000000,
        ">=2000" : 0.000000
      },
      "latency_depth" : 1,
      "latency_target" : 0,
      "latency_percentile" : 100.000000,
      "latency_window" : 0
    }
  ]
}
