{
  "fio version" : "fio-3.23",
  "timestamp" : 1757448171,
  "timestamp_ms" : 1757448171122,
  "time" : "Tue Sep  9 20:02:51 2025",
  "jobs" : [
    {
      "jobname" : "RandW-16K-128-64",
      "groupid" : 0,
      "error" : 0,
      "eta" : 0,
      "elapsed" : 61,
      "job options" : {
        "name" : "RandW-16K-128-64",
        "rw" : "randwrite",
        "unified_rw_reporting" : "0",
        "bs" : "16K",
        "numjobs" : "128",
        "iodepth" : "64",
        "runtime" : "60",
        "directory" : "/tmp/e2sar/rgeorge-fio_test-m_RandW-16K-128-64",
        "direct" : "1",
        "buffered" : "0",
        "randrepeat" : "0",
        "size" : "128M",
        "ioengine" : "pvsync",
        "lat_percentiles" : "1"
      },
      "read" : {
        "io_bytes" : 0,
        "io_kbytes" : 0,
        "bw_bytes" : 0,
        "bw" : 0,
        "iops" : 0.000000,
        "runtime" : 0,
        "total_ios" : 0,
        "short_ios" : 0,
        "drop_ios" : 0,
        "slat_ns" : {
          "min" : 0,
          "max" : 0,
          "mean" : 0.000000,
          "stddev" : 0.000000,
          "N" : 0
        },
        "clat_ns" : {
          "min" : 0,
          "max" : 0,
          "mean" : 0.000000,
          "stddev" : 0.000000,
          "N" : 0
        },
        "lat_ns" : {
          "min" : 0,
          "max" : 0,
          "mean" : 0.000000,
          "stddev" : 0.000000,
          "N" : 0
        },
        "bw_min" : 0,
        "bw_max" : 0,
        "bw_agg" : 0.000000,
        "bw_mean" : 0.000000,
        "bw_dev" : 0.000000,
        "bw_samples" : 0,
        "iops_min" : 0,
        "iops_max" : 0,
        "iops_mean" : 0.000000,
        "iops_stddev" : 0.000000,
        "iops_samples" : 0
      },
      "write" : {
        "io_bytes" : 59608432640,
        "io_kbytes" : 58211360,
        "bw_bytes" : 993407650,
        "bw" : 970124,
        "iops" : 60632.791147,
        "runtime" : 60004,
        "total_ios" : 3638210,
        "short_ios" : 0,
        "drop_ios" : 0,
        "slat_ns" : {
          "min" : 0,
          "max" : 0,
          "mean" : 0.000000,
          "stddev" : 0.000000,
          "N" : 0
        },
        "clat_ns" : {
          "min" : 186404,
          "max" : 180892170,
          "mean" : 2096001.032548,
          "stddev" : 1022511.491080,
          "N" : 3638210,
          "percentile" : {
            "1.000000" : 1499136,
            "5.000000" : 1974272,
            "10.000000" : 2007040,
            "20.000000" : 2023424,
            "30.000000" : 2056192,
            "40.000000" : 2072576,
            "50.000000" : 2088960,
            "60.000000" : 2088960,
            "70.000000" : 2113536,
            "80.000000" : 2146304,
            "90.000000" : 2146304,
            "95.000000" : 2179072,
            "99.000000" : 2244608,
            "99.500000" : 2277376,
            "99.900000" : 8028160,
            "99.950000" : 20054016,
            "99.990000" : 55836672
          }
        },
        "lat_ns" : {
          "min" : 186433,
          "max" : 180892252,
          "mean" : 2096113.553865,
          "stddev" : 1022511.770871,
          "N" : 3638210,
          "percentile" : {
            "1.000000" : 1499136,
            "5.000000" : 1974272,
            "10.000000" : 2007040,
            "20.000000" : 2023424,
            "30.000000" : 2056192,
            "40.000000" : 2072576,
            "50.000000" : 2088960,
            "60.000000" : 2088960,
            "70.000000" : 2113536,
            "80.000000" : 2146304,
            "90.000000" : 2146304,
            "95.000000" : 2179072,
            "99.000000" : 2244608,
            "99.500000" : 2277376,
            "99.900000" : 8028160,
            "99.950000" : 20054016,
            "99.990000" : 55836672
          }
        },
        "bw_min" : 628960,
        "bw_max" : 1417487,
        "bw_agg" : 100.000000,
        "bw_mean" : 973125.969093,
        "bw_dev" : 692.633080,
        "bw_samples" : 15208,
        "iops_min" : 39310,
        "iops_max" : 88592,
        "iops_mean" : 60820.365190,
        "iops_stddev" : 43.289325,
        "iops_samples" : 15208
      },
      "trim" : {
        "io_bytes" : 0,
        "io_kbytes" : 0,
        "bw_bytes" : 0,
        "bw" : 0,
        "iops" : 0.000000,
        "runtime" : 0,
        "total_ios" : 0,
        "short_ios" : 0,
        "drop_ios" : 0,
        "slat_ns" : {
          "min" : 0,
          "max" : 0,
          "mean" : 0.000000,
          "stddev" : 0.000000,
          "N" : 0
        },
        "clat_ns" : {
          "min" : 0,
          "max" : 0,
          "mean" : 0.000000,
          "stddev" : 0.000000,
          "N" : 0
        },
        "lat_ns" : {
          "min" : 0,
          "max" : 0,
          "mean" : 0.000000,
          "stddev" : 0.000000,
          "N" : 0
        },
        "bw_min" : 0,
        "bw_max" : 0,
        "bw_agg" : 0.000000,
        "bw_mean" : 0.000000,
        "bw_dev" : 0.000000,
        "bw_samples" : 0,
        "iops_min" : 0,
        "iops_max" : 0,
        "iops_mean" : 0.000000,
        "iops_stddev" : 0.000000,
        "iops_samples" : 0
      },
      "sync" : {
        "total_ios" : 0,
        "lat_ns" : {
          "min" : 0,
          "max" : 0,
          "mean" : 0.000000,
          "stddev" : 0.000000,
          "N" : 0
        }
      },
      "job_runtime" : 7680052,
      "usr_cpu" : 0.280910,
      "sys_cpu" : 0.303514,
      "ctx" : 3639207,
      "majf" : 0,
      "minf" : 1422,
      "iodepth_level" : {
        "1" : 100.000000,
        "2" : 0.000000,
        "4" : 0.000000,
        "8" : 0.000000,
        "16" : 0.000000,
        "32" : 0.000000,
        ">=64" : 0.000000
      },
      "iodepth_submit" : {
        "0" : 0.000000,
        "4" : 100.000000,
        "8" : 0.000000,
        "16" : 0.000000,
        "32" : 0.000000,
        "64" : 0.000000,
        ">=64" : 0.000000
      },
      "iodepth_complete" : {
        "0" : 0.000000,
        "4" : 100.000000,
        "8" : 0.000000,
        "16" : 0.000000,
        "32" : 0.000000,
        "64" : 0.000000,
        ">=64" : 0.000000
      },
      "latency_ns" : {
        "2" : 0.000000,
        "4" : 0.000000,
        "10" : 0.000000,
        "20" : 0.000000,
        "50" : 0.000000,
        "100" : 0.000000,
        "250" : 0.000000,
        "500" : 0.000000,
        "750" : 0.000000,
        "1000" : 0.000000
      },
      "latency_us" : {
        "2" : 0.000000,
        "4" : 0.000000,
        "10" : 0.000000,
        "20" : 0.000000,
        "50" : 0.000000,
        "100" : 0.000000,
        "250" : 0.010000,
        "500" : 0.217470,
        "750" : 0.186548,
        "1000" : 0.132070
      },
      "latency_ms" : {
        "2" : 9.017044,
        "4" : 90.302869,
        "10" : 0.052031,
        "20" : 0.037079,
        "50" : 0.036721,
        "100" : 0.012726,
        "250" : 0.010000,
        "500" : 0.000000,
        "750" : 0.000000,
        "1000" : 0.000000,
        "2000" : 0.000000,
        ">=2000" : 0.000000
      },
      "latency_depth" : 64,
      "latency_target" : 0,
      "latency_percentile" : 100.000000,
      "latency_window" : 0
    }
  ]
}
