{
  "fio version" : "fio-3.23",
  "timestamp" : 1756944185,
  "timestamp_ms" : 1756944185109,
  "time" : "Thu Sep  4 00:03:05 2025",
  "jobs" : [
    {
      "jobname" : "RandRH-1M-16-16",
      "groupid" : 0,
      "error" : 0,
      "eta" : 0,
      "elapsed" : 61,
      "job options" : {
        "name" : "RandRH-1M-16-16",
        "numjobs" : "16",
        "runtime" : "60",
        "directory" : "/tmp/e2sar/rgeorge-fio_test-p1r1_RandRH-1M-16-16",
        "direct" : "1",
        "buffered" : "0",
        "rw" : "randrw",
        "rwmixread" : "80",
        "unified_rw_reporting" : "1",
        "randrepeat" : "0",
        "bs" : "1M",
        "size" : "128M",
        "ioengine" : "pvsync",
        "iodepth" : "16",
        "lat_percentiles" : "1"
      },
      "mixed" : {
        "io_bytes" : 207000436736,
        "io_kbytes" : 202148864,
        "bw_bytes" : 3449777293,
        "bw" : 3368923,
        "iops" : 3289.964002,
        "runtime" : 60004,
        "total_ios" : 197411,
        "short_ios" : 0,
        "drop_ios" : 0,
        "slat_ns" : {
          "min" : 0,
          "max" : 0,
          "mean" : 0.000000,
          "stddev" : 0.000000,
          "N" : 0
        },
        "clat_ns" : {
          "min" : 566740,
          "max" : 708254854,
          "mean" : 4813242.096352,
          "stddev" : 6659181.512131,
          "N" : 197411,
          "percentile" : {
            "1.000000" : 1105920,
            "5.000000" : 2801664,
            "10.000000" : 3325952,
            "20.000000" : 3719168,
            "30.000000" : 3981312,
            "40.000000" : 4227072,
            "50.000000" : 4358144,
            "60.000000" : 4554752,
            "70.000000" : 4751360,
            "80.000000" : 5013504,
            "90.000000" : 5341184,
            "95.000000" : 5668864,
            "99.000000" : 15532032,
            "99.500000" : 39583744,
            "99.900000" : 92798976,
            "99.950000" : 114819072,
            "99.990000" : 225443840
          }
        },
        "lat_ns" : {
          "min" : 566782,
          "max" : 708255191,
          "mean" : 4813290.981845,
          "stddev" : 6659186.697501,
          "N" : 197411,
          "percentile" : {
            "1.000000" : 1105920,
            "5.000000" : 2801664,
            "10.000000" : 3325952,
            "20.000000" : 3719168,
            "30.000000" : 3981312,
            "40.000000" : 4227072,
            "50.000000" : 4358144,
            "60.000000" : 4554752,
            "70.000000" : 4751360,
            "80.000000" : 5013504,
            "90.000000" : 5341184,
            "95.000000" : 5668864,
            "99.000000" : 15532032,
            "99.500000" : 39583744,
            "99.900000" : 92798976,
            "99.950000" : 114819072,
            "99.990000" : 225443840
          }
        },
        "bw_min" : 438151,
        "bw_max" : 4771840,
        "bw_agg" : 100.000000,
        "bw_mean" : 3374669.983193,
        "bw_dev" : 29884.028578,
        "bw_samples" : 3808,
        "iops_min" : 424,
        "iops_max" : 4660,
        "iops_mean" : 3295.344538,
        "iops_stddev" : 29.192445,
        "iops_samples" : 3808
      },
      "job_runtime" : 960022,
      "usr_cpu" : 1.010498,
      "sys_cpu" : 0.339888,
      "ctx" : 197527,
      "majf" : 0,
      "minf" : 276,
      "iodepth_level" : {
        "1" : 100.000000,
        "2" : 0.000000,
        "4" : 0.000000,
        "8" : 0.000000,
        "16" : 0.000000,
        "32" : 0.000000,
        ">=64" : 0.000000
      },
      "iodepth_submit" : {
        "0" : 0.000000,
        "4" : 100.000000,
        "8" : 0.000000,
        "16" : 0.000000,
        "32" : 0.000000,
        "64" : 0.000000,
        ">=64" : 0.000000
      },
      "iodepth_complete" : {
        "0" : 0.000000,
        "4" : 100.000000,
        "8" : 0.000000,
        "16" : 0.000000,
        "32" : 0.000000,
        "64" : 0.000000,
        ">=64" : 0.000000
      },
      "latency_ns" : {
        "2" : 0.000000,
        "4" : 0.000000,
        "10" : 0.000000,
        "20" : 0.000000,
        "50" : 0.000000,
        "100" : 0.000000,
        "250" : 0.000000,
        "500" : 0.000000,
        "750" : 0.000000,
        "1000" : 0.000000
      },
      "latency_us" : {
        "2" : 0.000000,
        "4" : 0.000000,
        "10" : 0.000000,
        "20" : 0.000000,
        "50" : 0.000000,
        "100" : 0.000000,
        "250" : 0.000000,
        "500" : 0.000000,
        "750" : 0.107390,
        "1000" : 0.631171
      },
      "latency_ms" : {
        "2" : 1.497384,
        "4" : 28.250705,
        "10" : 68.212004,
        "20" : 0.465020,
        "50" : 0.434120,
        "100" : 0.331289,
        "250" : 0.065852,
        "500" : 0.010000,
        "750" : 0.010000,
        "1000" : 0.000000,
        "2000" : 0.000000,
        ">=2000" : 0.000000
      },
      "latency_depth" : 16,
      "latency_target" : 0,
      "latency_percentile" : 100.000000,
      "latency_window" : 0
    }
  ]
}
