{
  "fio version" : "fio-3.23",
  "timestamp" : 1757027760,
  "timestamp_ms" : 1757027760352,
  "time" : "Thu Sep  4 23:16:00 2025",
  "jobs" : [
    {
      "jobname" : "SeqW-2M-32-128",
      "groupid" : 0,
      "error" : 0,
      "eta" : 0,
      "elapsed" : 61,
      "job options" : {
        "name" : "SeqW-2M-32-128",
        "numjobs" : "32",
        "runtime" : "60",
        "directory" : "/tmp/e2sar/rgeorge-fio_test-p2s_SeqW-2M-32-128",
        "direct" : "1",
        "buffered" : "0",
        "rw" : "write",
        "unified_rw_reporting" : "0",
        "randrepeat" : "0",
        "bs" : "2M",
        "size" : "128M",
        "ioengine" : "pvsync",
        "iodepth" : "128",
        "lat_percentiles" : "1"
      },
      "read" : {
        "io_bytes" : 0,
        "io_kbytes" : 0,
        "bw_bytes" : 0,
        "bw" : 0,
        "iops" : 0.000000,
        "runtime" : 0,
        "total_ios" : 0,
        "short_ios" : 0,
        "drop_ios" : 0,
        "slat_ns" : {
          "min" : 0,
          "max" : 0,
          "mean" : 0.000000,
          "stddev" : 0.000000,
          "N" : 0
        },
        "clat_ns" : {
          "min" : 0,
          "max" : 0,
          "mean" : 0.000000,
          "stddev" : 0.000000,
          "N" : 0
        },
        "lat_ns" : {
          "min" : 0,
          "max" : 0,
          "mean" : 0.000000,
          "stddev" : 0.000000,
          "N" : 0
        },
        "bw_min" : 0,
        "bw_max" : 0,
        "bw_agg" : 0.000000,
        "bw_mean" : 0.000000,
        "bw_dev" : 0.000000,
        "bw_samples" : 0,
        "iops_min" : 0,
        "iops_max" : 0,
        "iops_mean" : 0.000000,
        "iops_stddev" : 0.000000,
        "iops_samples" : 0
      },
      "write" : {
        "io_bytes" : 496221814784,
        "io_kbytes" : 484591616,
        "bw_bytes" : 8224034850,
        "bw" : 8031284,
        "iops" : 3921.525407,
        "runtime" : 60338,
        "total_ios" : 236617,
        "short_ios" : 0,
        "drop_ios" : 0,
        "slat_ns" : {
          "min" : 0,
          "max" : 0,
          "mean" : 0.000000,
          "stddev" : 0.000000,
          "N" : 0
        },
        "clat_ns" : {
          "min" : 2027336,
          "max" : 1189141979,
          "mean" : 7643876.621904,
          "stddev" : 31022348.884889,
          "N" : 236617,
          "percentile" : {
            "1.000000" : 2506752,
            "5.000000" : 2768896,
            "10.000000" : 2965504,
            "20.000000" : 3489792,
            "30.000000" : 4227072,
            "40.000000" : 4620288,
            "50.000000" : 5013504,
            "60.000000" : 5275648,
            "70.000000" : 5668864,
            "80.000000" : 6324224,
            "90.000000" : 7045120,
            "95.000000" : 7634944,
            "99.000000" : 58458112,
            "99.500000" : 181403648,
            "99.900000" : 484442112,
            "99.950000" : 549453824,
            "99.990000" : 843055104
          }
        },
        "lat_ns" : {
          "min" : 2027517,
          "max" : 1189142074,
          "mean" : 7644082.575462,
          "stddev" : 31022354.695102,
          "N" : 236617,
          "percentile" : {
            "1.000000" : 2506752,
            "5.000000" : 2768896,
            "10.000000" : 2965504,
            "20.000000" : 3489792,
            "30.000000" : 4227072,
            "40.000000" : 4620288,
            "50.000000" : 5013504,
            "60.000000" : 5275648,
            "70.000000" : 5668864,
            "80.000000" : 6324224,
            "90.000000" : 7045120,
            "95.000000" : 7634944,
            "99.000000" : 58458112,
            "99.500000" : 181403648,
            "99.900000" : 484442112,
            "99.950000" : 549453824,
            "99.990000" : 843055104
          }
        },
        "bw_min" : 143351,
        "bw_max" : 16497461,
        "bw_agg" : 100.000000,
        "bw_mean" : 8182916.603328,
        "bw_dev" : 150607.949504,
        "bw_samples" : 3781,
        "iops_min" : 69,
        "iops_max" : 8055,
        "iops_mean" : 3990.659755,
        "iops_stddev" : 73.449678,
        "iops_samples" : 3781
      },
      "trim" : {
        "io_bytes" : 0,
        "io_kbytes" : 0,
        "bw_bytes" : 0,
        "bw" : 0,
        "iops" : 0.000000,
        "runtime" : 0,
        "total_ios" : 0,
        "short_ios" : 0,
        "drop_ios" : 0,
        "slat_ns" : {
          "min" : 0,
          "max" : 0,
          "mean" : 0.000000,
          "stddev" : 0.000000,
          "N" : 0
        },
        "clat_ns" : {
          "min" : 0,
          "max" : 0,
          "mean" : 0.000000,
          "stddev" : 0.000000,
          "N" : 0
        },
        "lat_ns" : {
          "min" : 0,
          "max" : 0,
          "mean" : 0.000000,
          "stddev" : 0.000000,
          "N" : 0
        },
        "bw_min" : 0,
        "bw_max" : 0,
        "bw_agg" : 0.000000,
        "bw_mean" : 0.000000,
        "bw_dev" : 0.000000,
        "bw_samples" : 0,
        "iops_min" : 0,
        "iops_max" : 0,
        "iops_mean" : 0.000000,
        "iops_stddev" : 0.000000,
        "iops_samples" : 0
      },
      "sync" : {
        "total_ios" : 0,
        "lat_ns" : {
          "min" : 0,
          "max" : 0,
          "mean" : 0.000000,
          "stddev" : 0.000000,
          "N" : 0
        }
      },
      "job_runtime" : 1923318,
      "usr_cpu" : 5.929805,
      "sys_cpu" : 0.576088,
      "ctx" : 474436,
      "majf" : 0,
      "minf" : 392,
      "iodepth_level" : {
        "1" : 100.000000,
        "2" : 0.000000,
        "4" : 0.000000,
        "8" : 0.000000,
        "16" : 0.000000,
        "32" : 0.000000,
        ">=64" : 0.000000
      },
      "iodepth_submit" : {
        "0" : 0.000000,
        "4" : 100.000000,
        "8" : 0.000000,
        "16" : 0.000000,
        "32" : 0.000000,
        "64" : 0.000000,
        ">=64" : 0.000000
      },
      "iodepth_complete" : {
        "0" : 0.000000,
        "4" : 100.000000,
        "8" : 0.000000,
        "16" : 0.000000,
        "32" : 0.000000,
        "64" : 0.000000,
        ">=64" : 0.000000
      },
      "latency_ns" : {
        "2" : 0.000000,
        "4" : 0.000000,
        "10" : 0.000000,
        "20" : 0.000000,
        "50" : 0.000000,
        "100" : 0.000000,
        "250" : 0.000000,
        "500" : 0.000000,
        "750" : 0.000000,
        "1000" : 0.000000
      },
      "latency_us" : {
        "2" : 0.000000,
        "4" : 0.000000,
        "10" : 0.000000,
        "20" : 0.000000,
        "50" : 0.000000,
        "100" : 0.000000,
        "250" : 0.000000,
        "500" : 0.000000,
        "750" : 0.000000,
        "1000" : 0.000000
      },
      "latency_ms" : {
        "2" : 0.000000,
        "4" : 26.514156,
        "10" : 71.302992,
        "20" : 0.572233,
        "50" : 0.534619,
        "100" : 0.379516,
        "250" : 0.255265,
        "500" : 0.363879,
        "750" : 0.060858,
        "1000" : 0.013101,
        "2000" : 0.010000,
        ">=2000" : 0.000000
      },
      "latency_depth" : 128,
      "latency_target" : 0,
      "latency_percentile" : 100.000000,
      "latency_window" : 0
    }
  ]
}
