{
  "fio version" : "fio-3.23",
  "timestamp" : 1757283984,
  "timestamp_ms" : 1757283984473,
  "time" : "Sun Sep  7 22:26:24 2025",
  "jobs" : [
    {
      "jobname" : "RandW-16K-128-8",
      "groupid" : 0,
      "error" : 0,
      "eta" : 0,
      "elapsed" : 61,
      "job options" : {
        "name" : "RandW-16K-128-8",
        "numjobs" : "128",
        "runtime" : "60",
        "directory" : "/tmp/e2sar/rgeorge-fio_test-p4r_RandW-16K-128-8",
        "direct" : "1",
        "buffered" : "0",
        "rw" : "randwrite",
        "unified_rw_reporting" : "0",
        "randrepeat" : "0",
        "bs" : "16K",
        "size" : "128M",
        "ioengine" : "pvsync",
        "iodepth" : "8",
        "lat_percentiles" : "1"
      },
      "read" : {
        "io_bytes" : 0,
        "io_kbytes" : 0,
        "bw_bytes" : 0,
        "bw" : 0,
        "iops" : 0.000000,
        "runtime" : 0,
        "total_ios" : 0,
        "short_ios" : 0,
        "drop_ios" : 0,
        "slat_ns" : {
          "min" : 0,
          "max" : 0,
          "mean" : 0.000000,
          "stddev" : 0.000000,
          "N" : 0
        },
        "clat_ns" : {
          "min" : 0,
          "max" : 0,
          "mean" : 0.000000,
          "stddev" : 0.000000,
          "N" : 0
        },
        "lat_ns" : {
          "min" : 0,
          "max" : 0,
          "mean" : 0.000000,
          "stddev" : 0.000000,
          "N" : 0
        },
        "bw_min" : 0,
        "bw_max" : 0,
        "bw_agg" : 0.000000,
        "bw_mean" : 0.000000,
        "bw_dev" : 0.000000,
        "bw_samples" : 0,
        "iops_min" : 0,
        "iops_max" : 0,
        "iops_mean" : 0.000000,
        "iops_stddev" : 0.000000,
        "iops_samples" : 0
      },
      "write" : {
        "io_bytes" : 47894478848,
        "io_kbytes" : 46771952,
        "bw_bytes" : 797576666,
        "bw" : 778883,
        "iops" : 48680.216486,
        "runtime" : 60050,
        "total_ios" : 2923247,
        "short_ios" : 0,
        "drop_ios" : 0,
        "slat_ns" : {
          "min" : 0,
          "max" : 0,
          "mean" : 0.000000,
          "stddev" : 0.000000,
          "N" : 0
        },
        "clat_ns" : {
          "min" : 170877,
          "max" : 629524167,
          "mean" : 2609699.956760,
          "stddev" : 10029658.734371,
          "N" : 2923247,
          "percentile" : {
            "1.000000" : 1220608,
            "5.000000" : 1630208,
            "10.000000" : 1810432,
            "20.000000" : 1941504,
            "30.000000" : 1990656,
            "40.000000" : 2007040,
            "50.000000" : 2039808,
            "60.000000" : 2056192,
            "70.000000" : 2072576,
            "80.000000" : 2088960,
            "90.000000" : 2146304,
            "95.000000" : 2572288,
            "99.000000" : 10027008,
            "99.500000" : 19267584,
            "99.900000" : 162529280,
            "99.950000" : 308281344,
            "99.990000" : 358612992
          }
        },
        "lat_ns" : {
          "min" : 170982,
          "max" : 629524225,
          "mean" : 2609811.752324,
          "stddev" : 10029658.610311,
          "N" : 2923247,
          "percentile" : {
            "1.000000" : 1220608,
            "5.000000" : 1630208,
            "10.000000" : 1810432,
            "20.000000" : 1941504,
            "30.000000" : 1990656,
            "40.000000" : 2007040,
            "50.000000" : 2039808,
            "60.000000" : 2056192,
            "70.000000" : 2072576,
            "80.000000" : 2088960,
            "90.000000" : 2146304,
            "95.000000" : 2572288,
            "99.000000" : 10027008,
            "99.500000" : 19267584,
            "99.900000" : 162529280,
            "99.950000" : 308281344,
            "99.990000" : 358612992
          }
        },
        "bw_min" : 36606,
        "bw_max" : 1510000,
        "bw_agg" : 100.000000,
        "bw_mean" : 782276.372230,
        "bw_dev" : 2737.168972,
        "bw_samples" : 15206,
        "iops_min" : 2286,
        "iops_max" : 94318,
        "iops_mean" : 48884.437433,
        "iops_stddev" : 171.043252,
        "iops_samples" : 15206
      },
      "trim" : {
        "io_bytes" : 0,
        "io_kbytes" : 0,
        "bw_bytes" : 0,
        "bw" : 0,
        "iops" : 0.000000,
        "runtime" : 0,
        "total_ios" : 0,
        "short_ios" : 0,
        "drop_ios" : 0,
        "slat_ns" : {
          "min" : 0,
          "max" : 0,
          "mean" : 0.000000,
          "stddev" : 0.000000,
          "N" : 0
        },
        "clat_ns" : {
          "min" : 0,
          "max" : 0,
          "mean" : 0.000000,
          "stddev" : 0.000000,
          "N" : 0
        },
        "lat_ns" : {
          "min" : 0,
          "max" : 0,
          "mean" : 0.000000,
          "stddev" : 0.000000,
          "N" : 0
        },
        "bw_min" : 0,
        "bw_max" : 0,
        "bw_agg" : 0.000000,
        "bw_mean" : 0.000000,
        "bw_dev" : 0.000000,
        "bw_samples" : 0,
        "iops_min" : 0,
        "iops_max" : 0,
        "iops_mean" : 0.000000,
        "iops_stddev" : 0.000000,
        "iops_samples" : 0
      },
      "sync" : {
        "total_ios" : 0,
        "lat_ns" : {
          "min" : 0,
          "max" : 0,
          "mean" : 0.000000,
          "stddev" : 0.000000,
          "N" : 0
        }
      },
      "job_runtime" : 7680934,
      "usr_cpu" : 0.236091,
      "sys_cpu" : 0.228618,
      "ctx" : 2924224,
      "majf" : 0,
      "minf" : 1631,
      "iodepth_level" : {
        "1" : 100.000000,
        "2" : 0.000000,
        "4" : 0.000000,
        "8" : 0.000000,
        "16" : 0.000000,
        "32" : 0.000000,
        ">=64" : 0.000000
      },
      "iodepth_submit" : {
        "0" : 0.000000,
        "4" : 100.000000,
        "8" : 0.000000,
        "16" : 0.000000,
        "32" : 0.000000,
        "64" : 0.000000,
        ">=64" : 0.000000
      },
      "iodepth_complete" : {
        "0" : 0.000000,
        "4" : 100.000000,
        "8" : 0.000000,
        "16" : 0.000000,
        "32" : 0.000000,
        "64" : 0.000000,
        ">=64" : 0.000000
      },
      "latency_ns" : {
        "2" : 0.000000,
        "4" : 0.000000,
        "10" : 0.000000,
        "20" : 0.000000,
        "50" : 0.000000,
        "100" : 0.000000,
        "250" : 0.000000,
        "500" : 0.000000,
        "750" : 0.000000,
        "1000" : 0.000000
      },
      "latency_us" : {
        "2" : 0.000000,
        "4" : 0.000000,
        "10" : 0.000000,
        "20" : 0.000000,
        "50" : 0.000000,
        "100" : 0.000000,
        "250" : 0.010000,
        "500" : 0.234534,
        "750" : 0.216266,
        "1000" : 0.209630
      },
      "latency_ms" : {
        "2" : 33.282340,
        "4" : 62.921402,
        "10" : 2.122845,
        "20" : 0.522193,
        "50" : 0.264466,
        "100" : 0.104302,
        "250" : 0.030822,
        "500" : 0.082066,
        "750" : 0.010000,
        "1000" : 0.000000,
        "2000" : 0.000000,
        ">=2000" : 0.000000
      },
      "latency_depth" : 8,
      "latency_target" : 0,
      "latency_percentile" : 100.000000,
      "latency_window" : 0
    }
  ]
}
