{
  "fio version" : "fio-3.23",
  "timestamp" : 1757028104,
  "timestamp_ms" : 1757028104016,
  "time" : "Thu Sep  4 23:21:44 2025",
  "jobs" : [
    {
      "jobname" : "SeqWH-4M-32-128",
      "groupid" : 0,
      "error" : 0,
      "eta" : 0,
      "elapsed" : 62,
      "job options" : {
        "name" : "SeqWH-4M-32-128",
        "numjobs" : "32",
        "runtime" : "60",
        "directory" : "/tmp/e2sar/rgeorge-fio_test-p2s_SeqWH-4M-32-128",
        "direct" : "1",
        "buffered" : "0",
        "rw" : "rw",
        "rwmixread" : "20",
        "unified_rw_reporting" : "1",
        "randrepeat" : "0",
        "bs" : "4M",
        "size" : "128M",
        "ioengine" : "pvsync",
        "iodepth" : "128",
        "lat_percentiles" : "1"
      },
      "mixed" : {
        "io_bytes" : 287469207552,
        "io_kbytes" : 280731648,
        "bw_bytes" : 4781590278,
        "bw" : 4669521,
        "iops" : 1140.019960,
        "runtime" : 60120,
        "total_ios" : 68538,
        "short_ios" : 0,
        "drop_ios" : 0,
        "slat_ns" : {
          "min" : 0,
          "max" : 0,
          "mean" : 0.000000,
          "stddev" : 0.000000,
          "N" : 0
        },
        "clat_ns" : {
          "min" : 3452151,
          "max" : 2744296577,
          "mean" : 27221897.555312,
          "stddev" : 73824506.584814,
          "N" : 68538,
          "percentile" : {
            "1.000000" : 5537792,
            "5.000000" : 6586368,
            "10.000000" : 8978432,
            "20.000000" : 12255232,
            "30.000000" : 13959168,
            "40.000000" : 15138816,
            "50.000000" : 16318464,
            "60.000000" : 17432576,
            "70.000000" : 19005440,
            "80.000000" : 21626880,
            "90.000000" : 31064064,
            "95.000000" : 53215232,
            "99.000000" : 346030080,
            "99.500000" : 492830720,
            "99.900000" : 1044381696,
            "99.950000" : 1182793728,
            "99.990000" : 1988100096
          }
        },
        "lat_ns" : {
          "min" : 3452176,
          "max" : 2744296664,
          "mean" : 27222143.722796,
          "stddev" : 73824518.408923,
          "N" : 68538,
          "percentile" : {
            "1.000000" : 5537792,
            "5.000000" : 6586368,
            "10.000000" : 8978432,
            "20.000000" : 12255232,
            "30.000000" : 13959168,
            "40.000000" : 15138816,
            "50.000000" : 16318464,
            "60.000000" : 17432576,
            "70.000000" : 19005440,
            "80.000000" : 21626880,
            "90.000000" : 31064064,
            "95.000000" : 53215232,
            "99.000000" : 346030080,
            "99.500000" : 492830720,
            "99.900000" : 1044381696,
            "99.950000" : 1182793728,
            "99.990000" : 1988100096
          }
        },
        "bw_min" : 523506,
        "bw_max" : 13234194,
        "bw_agg" : 100.000000,
        "bw_mean" : 5192476.320320,
        "bw_dev" : 54973.661790,
        "bw_samples" : 6596,
        "iops_min" : 82,
        "iops_max" : 3218,
        "iops_mean" : 1254.992211,
        "iops_stddev" : 13.397140,
        "iops_samples" : 6596
      },
      "job_runtime" : 1920323,
      "usr_cpu" : 2.831086,
      "sys_cpu" : 0.235950,
      "ctx" : 274710,
      "majf" : 0,
      "minf" : 584,
      "iodepth_level" : {
        "1" : 100.000000,
        "2" : 0.000000,
        "4" : 0.000000,
        "8" : 0.000000,
        "16" : 0.000000,
        "32" : 0.000000,
        ">=64" : 0.000000
      },
      "iodepth_submit" : {
        "0" : 0.000000,
        "4" : 100.000000,
        "8" : 0.000000,
        "16" : 0.000000,
        "32" : 0.000000,
        "64" : 0.000000,
        ">=64" : 0.000000
      },
      "iodepth_complete" : {
        "0" : 0.000000,
        "4" : 100.000000,
        "8" : 0.000000,
        "16" : 0.000000,
        "32" : 0.000000,
        "64" : 0.000000,
        ">=64" : 0.000000
      },
      "latency_ns" : {
        "2" : 0.000000,
        "4" : 0.000000,
        "10" : 0.000000,
        "20" : 0.000000,
        "50" : 0.000000,
        "100" : 0.000000,
        "250" : 0.000000,
        "500" : 0.000000,
        "750" : 0.000000,
        "1000" : 0.000000
      },
      "latency_us" : {
        "2" : 0.000000,
        "4" : 0.000000,
        "10" : 0.000000,
        "20" : 0.000000,
        "50" : 0.000000,
        "100" : 0.000000,
        "250" : 0.000000,
        "500" : 0.000000,
        "750" : 0.000000,
        "1000" : 0.000000
      },
      "latency_ms" : {
        "2" : 0.000000,
        "4" : 0.016049,
        "10" : 11.949575,
        "20" : 63.093466,
        "50" : 19.708775,
        "100" : 2.398669,
        "250" : 1.514488,
        "500" : 0.831655,
        "750" : 0.205725,
        "1000" : 0.167790,
        "2000" : 0.105051,
        ">=2000" : 0.010000
      },
      "latency_depth" : 128,
      "latency_target" : 0,
      "latency_percentile" : 100.000000,
      "latency_window" : 0
    }
  ]
}
