{
  "fio version" : "fio-3.23",
  "timestamp" : 1757020235,
  "timestamp_ms" : 1757020235911,
  "time" : "Thu Sep  4 21:10:35 2025",
  "jobs" : [
    {
      "jobname" : "SeqW-4M-32-32",
      "groupid" : 0,
      "error" : 0,
      "eta" : 0,
      "elapsed" : 61,
      "job options" : {
        "name" : "SeqW-4M-32-32",
        "numjobs" : "32",
        "runtime" : "60",
        "directory" : "/tmp/e2sar/rgeorge-fio_test-p2s_SeqW-4M-32-32",
        "direct" : "1",
        "buffered" : "0",
        "rw" : "write",
        "unified_rw_reporting" : "0",
        "randrepeat" : "0",
        "bs" : "4M",
        "size" : "128M",
        "ioengine" : "pvsync",
        "iodepth" : "32",
        "lat_percentiles" : "1"
      },
      "read" : {
        "io_bytes" : 0,
        "io_kbytes" : 0,
        "bw_bytes" : 0,
        "bw" : 0,
        "iops" : 0.000000,
        "runtime" : 0,
        "total_ios" : 0,
        "short_ios" : 0,
        "drop_ios" : 0,
        "slat_ns" : {
          "min" : 0,
          "max" : 0,
          "mean" : 0.000000,
          "stddev" : 0.000000,
          "N" : 0
        },
        "clat_ns" : {
          "min" : 0,
          "max" : 0,
          "mean" : 0.000000,
          "stddev" : 0.000000,
          "N" : 0
        },
        "lat_ns" : {
          "min" : 0,
          "max" : 0,
          "mean" : 0.000000,
          "stddev" : 0.000000,
          "N" : 0
        },
        "bw_min" : 0,
        "bw_max" : 0,
        "bw_agg" : 0.000000,
        "bw_mean" : 0.000000,
        "bw_dev" : 0.000000,
        "bw_samples" : 0,
        "iops_min" : 0,
        "iops_max" : 0,
        "iops_mean" : 0.000000,
        "iops_stddev" : 0.000000,
        "iops_samples" : 0
      },
      "write" : {
        "io_bytes" : 663383703552,
        "io_kbytes" : 647835648,
        "bw_bytes" : 11054184222,
        "bw" : 10795101,
        "iops" : 2635.522895,
        "runtime" : 60012,
        "total_ios" : 158163,
        "short_ios" : 0,
        "drop_ios" : 0,
        "slat_ns" : {
          "min" : 0,
          "max" : 0,
          "mean" : 0.000000,
          "stddev" : 0.000000,
          "N" : 0
        },
        "clat_ns" : {
          "min" : 4719563,
          "max" : 452255675,
          "mean" : 11086556.264385,
          "stddev" : 13597572.749345,
          "N" : 158163,
          "percentile" : {
            "1.000000" : 5734400,
            "5.000000" : 6520832,
            "10.000000" : 7241728,
            "20.000000" : 8093696,
            "30.000000" : 8716288,
            "40.000000" : 9240576,
            "50.000000" : 9764864,
            "60.000000" : 10289152,
            "70.000000" : 10813440,
            "80.000000" : 11468800,
            "90.000000" : 12517376,
            "95.000000" : 13434880,
            "99.000000" : 50069504,
            "99.500000" : 103284736,
            "99.900000" : 225443840,
            "99.950000" : 278921216,
            "99.990000" : 320864256
          }
        },
        "lat_ns" : {
          "min" : 4719714,
          "max" : 452256566,
          "mean" : 11086852.435728,
          "stddev" : 13597586.351525,
          "N" : 158163,
          "percentile" : {
            "1.000000" : 5734400,
            "5.000000" : 6520832,
            "10.000000" : 7241728,
            "20.000000" : 8093696,
            "30.000000" : 8716288,
            "40.000000" : 9240576,
            "50.000000" : 9764864,
            "60.000000" : 10289152,
            "70.000000" : 10813440,
            "80.000000" : 11468800,
            "90.000000" : 12517376,
            "95.000000" : 13434880,
            "99.000000" : 50069504,
            "99.500000" : 103284736,
            "99.900000" : 225443840,
            "99.950000" : 278921216,
            "99.990000" : 320864256
          }
        },
        "bw_min" : 917504,
        "bw_max" : 13426688,
        "bw_agg" : 100.000000,
        "bw_mean" : 10797732.025210,
        "bw_dev" : 93742.018691,
        "bw_samples" : 3808,
        "iops_min" : 224,
        "iops_max" : 3278,
        "iops_mean" : 2636.151261,
        "iops_stddev" : 22.886099,
        "iops_samples" : 3808
      },
      "trim" : {
        "io_bytes" : 0,
        "io_kbytes" : 0,
        "bw_bytes" : 0,
        "bw" : 0,
        "iops" : 0.000000,
        "runtime" : 0,
        "total_ios" : 0,
        "short_ios" : 0,
        "drop_ios" : 0,
        "slat_ns" : {
          "min" : 0,
          "max" : 0,
          "mean" : 0.000000,
          "stddev" : 0.000000,
          "N" : 0
        },
        "clat_ns" : {
          "min" : 0,
          "max" : 0,
          "mean" : 0.000000,
          "stddev" : 0.000000,
          "N" : 0
        },
        "lat_ns" : {
          "min" : 0,
          "max" : 0,
          "mean" : 0.000000,
          "stddev" : 0.000000,
          "N" : 0
        },
        "bw_min" : 0,
        "bw_max" : 0,
        "bw_agg" : 0.000000,
        "bw_mean" : 0.000000,
        "bw_dev" : 0.000000,
        "bw_samples" : 0,
        "iops_min" : 0,
        "iops_max" : 0,
        "iops_mean" : 0.000000,
        "iops_stddev" : 0.000000,
        "iops_samples" : 0
      },
      "sync" : {
        "total_ios" : 0,
        "lat_ns" : {
          "min" : 0,
          "max" : 0,
          "mean" : 0.000000,
          "stddev" : 0.000000,
          "N" : 0
        }
      },
      "job_runtime" : 1920123,
      "usr_cpu" : 8.678559,
      "sys_cpu" : 0.659177,
      "ctx" : 633358,
      "majf" : 0,
      "minf" : 368,
      "iodepth_level" : {
        "1" : 100.000000,
        "2" : 0.000000,
        "4" : 0.000000,
        "8" : 0.000000,
        "16" : 0.000000,
        "32" : 0.000000,
        ">=64" : 0.000000
      },
      "iodepth_submit" : {
        "0" : 0.000000,
        "4" : 100.000000,
        "8" : 0.000000,
        "16" : 0.000000,
        "32" : 0.000000,
        "64" : 0.000000,
        ">=64" : 0.000000
      },
      "iodepth_complete" : {
        "0" : 0.000000,
        "4" : 100.000000,
        "8" : 0.000000,
        "16" : 0.000000,
        "32" : 0.000000,
        "64" : 0.000000,
        ">=64" : 0.000000
      },
      "latency_ns" : {
        "2" : 0.000000,
        "4" : 0.000000,
        "10" : 0.000000,
        "20" : 0.000000,
        "50" : 0.000000,
        "100" : 0.000000,
        "250" : 0.000000,
        "500" : 0.000000,
        "750" : 0.000000,
        "1000" : 0.000000
      },
      "latency_us" : {
        "2" : 0.000000,
        "4" : 0.000000,
        "10" : 0.000000,
        "20" : 0.000000,
        "50" : 0.000000,
        "100" : 0.000000,
        "250" : 0.000000,
        "500" : 0.000000,
        "750" : 0.000000,
        "1000" : 0.000000
      },
      "latency_ms" : {
        "2" : 0.000000,
        "4" : 0.000000,
        "10" : 54.985047,
        "20" : 43.283195,
        "50" : 0.725833,
        "100" : 0.488104,
        "250" : 0.441317,
        "500" : 0.076503,
        "750" : 0.000000,
        "1000" : 0.000000,
        "2000" : 0.000000,
        ">=2000" : 0.000000
      },
      "latency_depth" : 32,
      "latency_target" : 0,
      "latency_percentile" : 100.000000,
      "latency_window" : 0
    }
  ]
}
