{
  "fio version" : "fio-3.23",
  "timestamp" : 1757455906,
  "timestamp_ms" : 1757455906802,
  "time" : "Tue Sep  9 22:11:46 2025",
  "jobs" : [
    {
      "jobname" : "RandW-1M-16-4",
      "groupid" : 0,
      "error" : 0,
      "eta" : 0,
      "elapsed" : 61,
      "job options" : {
        "name" : "RandW-1M-16-4",
        "rw" : "randwrite",
        "unified_rw_reporting" : "0",
        "bs" : "1M",
        "numjobs" : "16",
        "iodepth" : "4",
        "runtime" : "60",
        "directory" : "/tmp/e2sar/rgeorge-fio_test-m_RandW-1M-16-4",
        "direct" : "1",
        "buffered" : "0",
        "randrepeat" : "0",
        "size" : "128M",
        "ioengine" : "pvsync",
        "lat_percentiles" : "1"
      },
      "read" : {
        "io_bytes" : 0,
        "io_kbytes" : 0,
        "bw_bytes" : 0,
        "bw" : 0,
        "iops" : 0.000000,
        "runtime" : 0,
        "total_ios" : 0,
        "short_ios" : 0,
        "drop_ios" : 0,
        "slat_ns" : {
          "min" : 0,
          "max" : 0,
          "mean" : 0.000000,
          "stddev" : 0.000000,
          "N" : 0
        },
        "clat_ns" : {
          "min" : 0,
          "max" : 0,
          "mean" : 0.000000,
          "stddev" : 0.000000,
          "N" : 0
        },
        "lat_ns" : {
          "min" : 0,
          "max" : 0,
          "mean" : 0.000000,
          "stddev" : 0.000000,
          "N" : 0
        },
        "bw_min" : 0,
        "bw_max" : 0,
        "bw_agg" : 0.000000,
        "bw_mean" : 0.000000,
        "bw_dev" : 0.000000,
        "bw_samples" : 0,
        "iops_min" : 0,
        "iops_max" : 0,
        "iops_mean" : 0.000000,
        "iops_stddev" : 0.000000,
        "iops_samples" : 0
      },
      "write" : {
        "io_bytes" : 716141756416,
        "io_kbytes" : 699357184,
        "bw_bytes" : 11935298096,
        "bw" : 11655564,
        "iops" : 11382.387254,
        "runtime" : 60002,
        "total_ios" : 682966,
        "short_ios" : 0,
        "drop_ios" : 0,
        "slat_ns" : {
          "min" : 0,
          "max" : 0,
          "mean" : 0.000000,
          "stddev" : 0.000000,
          "N" : 0
        },
        "clat_ns" : {
          "min" : 702089,
          "max" : 62073219,
          "mean" : 1190098.739915,
          "stddev" : 411598.402937,
          "N" : 682966,
          "percentile" : {
            "1.000000" : 856064,
            "5.000000" : 929792,
            "10.000000" : 978944,
            "20.000000" : 1036288,
            "30.000000" : 1089536,
            "40.000000" : 1122304,
            "50.000000" : 1155072,
            "60.000000" : 1204224,
            "70.000000" : 1253376,
            "80.000000" : 1318912,
            "90.000000" : 1400832,
            "95.000000" : 1499136,
            "99.000000" : 1761280,
            "99.500000" : 2211840,
            "99.900000" : 2703360,
            "99.950000" : 2867200,
            "99.990000" : 22675456
          }
        },
        "lat_ns" : {
          "min" : 702121,
          "max" : 62073293,
          "mean" : 1190177.032811,
          "stddev" : 411599.730568,
          "N" : 682966,
          "percentile" : {
            "1.000000" : 856064,
            "5.000000" : 929792,
            "10.000000" : 978944,
            "20.000000" : 1036288,
            "30.000000" : 1089536,
            "40.000000" : 1122304,
            "50.000000" : 1155072,
            "60.000000" : 1204224,
            "70.000000" : 1253376,
            "80.000000" : 1318912,
            "90.000000" : 1400832,
            "95.000000" : 1499136,
            "99.000000" : 1761280,
            "99.500000" : 2211840,
            "99.900000" : 2703360,
            "99.950000" : 2867200,
            "99.990000" : 22675456
          }
        },
        "bw_min" : 10194944,
        "bw_max" : 12425216,
        "bw_agg" : 100.000000,
        "bw_mean" : 11677007.596639,
        "bw_dev" : 23825.599063,
        "bw_samples" : 1904,
        "iops_min" : 9956,
        "iops_max" : 12134,
        "iops_mean" : 11403.344538,
        "iops_stddev" : 23.267149,
        "iops_samples" : 1904
      },
      "trim" : {
        "io_bytes" : 0,
        "io_kbytes" : 0,
        "bw_bytes" : 0,
        "bw" : 0,
        "iops" : 0.000000,
        "runtime" : 0,
        "total_ios" : 0,
        "short_ios" : 0,
        "drop_ios" : 0,
        "slat_ns" : {
          "min" : 0,
          "max" : 0,
          "mean" : 0.000000,
          "stddev" : 0.000000,
          "N" : 0
        },
        "clat_ns" : {
          "min" : 0,
          "max" : 0,
          "mean" : 0.000000,
          "stddev" : 0.000000,
          "N" : 0
        },
        "lat_ns" : {
          "min" : 0,
          "max" : 0,
          "mean" : 0.000000,
          "stddev" : 0.000000,
          "N" : 0
        },
        "bw_min" : 0,
        "bw_max" : 0,
        "bw_agg" : 0.000000,
        "bw_mean" : 0.000000,
        "bw_dev" : 0.000000,
        "bw_samples" : 0,
        "iops_min" : 0,
        "iops_max" : 0,
        "iops_mean" : 0.000000,
        "iops_stddev" : 0.000000,
        "iops_samples" : 0
      },
      "sync" : {
        "total_ios" : 0,
        "lat_ns" : {
          "min" : 0,
          "max" : 0,
          "mean" : 0.000000,
          "stddev" : 0.000000,
          "N" : 0
        }
      },
      "job_runtime" : 960006,
      "usr_cpu" : 15.350425,
      "sys_cpu" : 0.968952,
      "ctx" : 683131,
      "majf" : 0,
      "minf" : 196,
      "iodepth_level" : {
        "1" : 100.000000,
        "2" : 0.000000,
        "4" : 0.000000,
        "8" : 0.000000,
        "16" : 0.000000,
        "32" : 0.000000,
        ">=64" : 0.000000
      },
      "iodepth_submit" : {
        "0" : 0.000000,
        "4" : 100.000000,
        "8" : 0.000000,
        "16" : 0.000000,
        "32" : 0.000000,
        "64" : 0.000000,
        ">=64" : 0.000000
      },
      "iodepth_complete" : {
        "0" : 0.000000,
        "4" : 100.000000,
        "8" : 0.000000,
        "16" : 0.000000,
        "32" : 0.000000,
        "64" : 0.000000,
        ">=64" : 0.000000
      },
      "latency_ns" : {
        "2" : 0.000000,
        "4" : 0.000000,
        "10" : 0.000000,
        "20" : 0.000000,
        "50" : 0.000000,
        "100" : 0.000000,
        "250" : 0.000000,
        "500" : 0.000000,
        "750" : 0.000000,
        "1000" : 0.000000
      },
      "latency_us" : {
        "2" : 0.000000,
        "4" : 0.000000,
        "10" : 0.000000,
        "20" : 0.000000,
        "50" : 0.000000,
        "100" : 0.000000,
        "250" : 0.000000,
        "500" : 0.000000,
        "750" : 0.010000,
        "1000" : 13.549723
      },
      "latency_ms" : {
        "2" : 85.835605,
        "4" : 0.583777,
        "10" : 0.010000,
        "20" : 0.010000,
        "50" : 0.010000,
        "100" : 0.010000,
        "250" : 0.000000,
        "500" : 0.000000,
        "750" : 0.000000,
        "1000" : 0.000000,
        "2000" : 0.000000,
        ">=2000" : 0.000000
      },
      "latency_depth" : 4,
      "latency_target" : 0,
      "latency_percentile" : 100.000000,
      "latency_window" : 0
    }
  ]
}
