{
  "fio version" : "fio-3.23",
  "timestamp" : 1757014223,
  "timestamp_ms" : 1757014223082,
  "time" : "Thu Sep  4 19:30:23 2025",
  "jobs" : [
    {
      "jobname" : "SeqWH-2M-32-8",
      "groupid" : 0,
      "error" : 0,
      "eta" : 0,
      "elapsed" : 61,
      "job options" : {
        "name" : "SeqWH-2M-32-8",
        "numjobs" : "32",
        "runtime" : "60",
        "directory" : "/tmp/e2sar/rgeorge-fio_test-p2s_SeqWH-2M-32-8",
        "direct" : "1",
        "buffered" : "0",
        "rw" : "rw",
        "rwmixread" : "20",
        "unified_rw_reporting" : "1",
        "randrepeat" : "0",
        "bs" : "2M",
        "size" : "128M",
        "ioengine" : "pvsync",
        "iodepth" : "8",
        "lat_percentiles" : "1"
      },
      "mixed" : {
        "io_bytes" : 351384109056,
        "io_kbytes" : 343148544,
        "bw_bytes" : 5855230771,
        "bw" : 5717998,
        "iops" : 2791.991602,
        "runtime" : 60012,
        "total_ios" : 167553,
        "short_ios" : 0,
        "drop_ios" : 0,
        "slat_ns" : {
          "min" : 0,
          "max" : 0,
          "mean" : 0.000000,
          "stddev" : 0.000000,
          "N" : 0
        },
        "clat_ns" : {
          "min" : 1800674,
          "max" : 1136823058,
          "mean" : 11087761.095731,
          "stddev" : 13990306.228871,
          "N" : 167553,
          "percentile" : {
            "1.000000" : 3588096,
            "5.000000" : 5668864,
            "10.000000" : 6455296,
            "20.000000" : 7372800,
            "30.000000" : 8028160,
            "40.000000" : 8585216,
            "50.000000" : 9109504,
            "60.000000" : 9764864,
            "70.000000" : 10682368,
            "80.000000" : 12124160,
            "90.000000" : 15400960,
            "95.000000" : 18481152,
            "99.000000" : 50069504,
            "99.500000" : 89653248,
            "99.900000" : 185597952,
            "99.950000" : 261095424,
            "99.990000" : 413138944
          }
        },
        "lat_ns" : {
          "min" : 1800739,
          "max" : 1136823162,
          "mean" : 11087939.766187,
          "stddev" : 13990308.203069,
          "N" : 167553,
          "percentile" : {
            "1.000000" : 3588096,
            "5.000000" : 5668864,
            "10.000000" : 6455296,
            "20.000000" : 7372800,
            "30.000000" : 8028160,
            "40.000000" : 8585216,
            "50.000000" : 9109504,
            "60.000000" : 9764864,
            "70.000000" : 10682368,
            "80.000000" : 12124160,
            "90.000000" : 15400960,
            "95.000000" : 18481152,
            "99.000000" : 50069504,
            "99.500000" : 89653248,
            "99.900000" : 185597952,
            "99.950000" : 261095424,
            "99.990000" : 413138944
          }
        },
        "bw_min" : 712704,
        "bw_max" : 9596502,
        "bw_agg" : 100.000000,
        "bw_mean" : 5750304.774321,
        "bw_dev" : 30135.577876,
        "bw_samples" : 7557,
        "iops_min" : 348,
        "iops_max" : 4685,
        "iops_mean" : 2807.660486,
        "iops_stddev" : 14.713521,
        "iops_samples" : 7557
      },
      "job_runtime" : 1920103,
      "usr_cpu" : 3.170872,
      "sys_cpu" : 0.278787,
      "ctx" : 335553,
      "majf" : 0,
      "minf" : 557,
      "iodepth_level" : {
        "1" : 100.000000,
        "2" : 0.000000,
        "4" : 0.000000,
        "8" : 0.000000,
        "16" : 0.000000,
        "32" : 0.000000,
        ">=64" : 0.000000
      },
      "iodepth_submit" : {
        "0" : 0.000000,
        "4" : 100.000000,
        "8" : 0.000000,
        "16" : 0.000000,
        "32" : 0.000000,
        "64" : 0.000000,
        ">=64" : 0.000000
      },
      "iodepth_complete" : {
        "0" : 0.000000,
        "4" : 100.000000,
        "8" : 0.000000,
        "16" : 0.000000,
        "32" : 0.000000,
        "64" : 0.000000,
        ">=64" : 0.000000
      },
      "latency_ns" : {
        "2" : 0.000000,
        "4" : 0.000000,
        "10" : 0.000000,
        "20" : 0.000000,
        "50" : 0.000000,
        "100" : 0.000000,
        "250" : 0.000000,
        "500" : 0.000000,
        "750" : 0.000000,
        "1000" : 0.000000
      },
      "latency_us" : {
        "2" : 0.000000,
        "4" : 0.000000,
        "10" : 0.000000,
        "20" : 0.000000,
        "50" : 0.000000,
        "100" : 0.000000,
        "250" : 0.000000,
        "500" : 0.000000,
        "750" : 0.000000,
        "1000" : 0.000000
      },
      "latency_ms" : {
        "2" : 0.010000,
        "4" : 1.376281,
        "10" : 61.080971,
        "20" : 33.843023,
        "50" : 2.700041,
        "100" : 0.583696,
        "250" : 0.361080,
        "500" : 0.045956,
        "750" : 0.010000,
        "1000" : 0.010000,
        "2000" : 0.010000,
        ">=2000" : 0.000000
      },
      "latency_depth" : 8,
      "latency_target" : 0,
      "latency_percentile" : 100.000000,
      "latency_window" : 0
    }
  ]
}
