{
  "fio version" : "fio-3.23",
  "timestamp" : 1757216456,
  "timestamp_ms" : 1757216456705,
  "time" : "Sun Sep  7 03:40:56 2025",
  "jobs" : [
    {
      "jobname" : "SeqBal-1M-64-64",
      "groupid" : 0,
      "error" : 0,
      "eta" : 0,
      "elapsed" : 62,
      "job options" : {
        "name" : "SeqBal-1M-64-64",
        "numjobs" : "64",
        "runtime" : "60",
        "directory" : "/tmp/e2sar/rgeorge-fio_test-p3s_SeqBal-1M-64-64",
        "direct" : "1",
        "buffered" : "0",
        "rw" : "rw",
        "unified_rw_reporting" : "1",
        "randrepeat" : "0",
        "bs" : "1M",
        "size" : "128M",
        "ioengine" : "pvsync",
        "iodepth" : "64",
        "lat_percentiles" : "1"
      },
      "mixed" : {
        "io_bytes" : 190788403200,
        "io_kbytes" : 186316800,
        "bw_bytes" : 3179011967,
        "bw" : 3104503,
        "iops" : 3031.742064,
        "runtime" : 60015,
        "total_ios" : 181950,
        "short_ios" : 0,
        "drop_ios" : 0,
        "slat_ns" : {
          "min" : 0,
          "max" : 0,
          "mean" : 0.000000,
          "stddev" : 0.000000,
          "N" : 0
        },
        "clat_ns" : {
          "min" : 748131,
          "max" : 1279258537,
          "mean" : 20948191.222154,
          "stddev" : 44598766.782190,
          "N" : 181950,
          "percentile" : {
            "1.000000" : 3096576,
            "5.000000" : 7503872,
            "10.000000" : 10813440,
            "20.000000" : 13172736,
            "30.000000" : 14352384,
            "40.000000" : 15138816,
            "50.000000" : 15794176,
            "60.000000" : 16449536,
            "70.000000" : 17170432,
            "80.000000" : 17956864,
            "90.000000" : 19267584,
            "95.000000" : 21626880,
            "99.000000" : 181403648,
            "99.500000" : 446693376,
            "99.900000" : 583008256,
            "99.950000" : 608174080,
            "99.990000" : 717225984
          }
        },
        "lat_ns" : {
          "min" : 748166,
          "max" : 1279258831,
          "mean" : 20948289.482808,
          "stddev" : 44598774.211593,
          "N" : 181950,
          "percentile" : {
            "1.000000" : 3096576,
            "5.000000" : 7503872,
            "10.000000" : 10813440,
            "20.000000" : 13172736,
            "30.000000" : 14352384,
            "40.000000" : 15138816,
            "50.000000" : 15794176,
            "60.000000" : 16449536,
            "70.000000" : 17170432,
            "80.000000" : 17956864,
            "90.000000" : 19267584,
            "95.000000" : 21626880,
            "99.000000" : 181403648,
            "99.500000" : 446693376,
            "99.900000" : 583008256,
            "99.950000" : 608174080,
            "99.990000" : 717225984
          }
        },
        "bw_min" : 264192,
        "bw_max" : 6641664,
        "bw_agg" : 100.000000,
        "bw_mean" : 3194269.137152,
        "bw_dev" : 11381.169720,
        "bw_samples" : 14787,
        "iops_min" : 258,
        "iops_max" : 6486,
        "iops_mean" : 3119.336395,
        "iops_stddev" : 11.114687,
        "iops_samples" : 14787
      },
      "job_runtime" : 3840282,
      "usr_cpu" : 0.533476,
      "sys_cpu" : 0.056871,
      "ctx" : 182577,
      "majf" : 0,
      "minf" : 1239,
      "iodepth_level" : {
        "1" : 100.000000,
        "2" : 0.000000,
        "4" : 0.000000,
        "8" : 0.000000,
        "16" : 0.000000,
        "32" : 0.000000,
        ">=64" : 0.000000
      },
      "iodepth_submit" : {
        "0" : 0.000000,
        "4" : 100.000000,
        "8" : 0.000000,
        "16" : 0.000000,
        "32" : 0.000000,
        "64" : 0.000000,
        ">=64" : 0.000000
      },
      "iodepth_complete" : {
        "0" : 0.000000,
        "4" : 100.000000,
        "8" : 0.000000,
        "16" : 0.000000,
        "32" : 0.000000,
        "64" : 0.000000,
        ">=64" : 0.000000
      },
      "latency_ns" : {
        "2" : 0.000000,
        "4" : 0.000000,
        "10" : 0.000000,
        "20" : 0.000000,
        "50" : 0.000000,
        "100" : 0.000000,
        "250" : 0.000000,
        "500" : 0.000000,
        "750" : 0.000000,
        "1000" : 0.000000
      },
      "latency_us" : {
        "2" : 0.000000,
        "4" : 0.000000,
        "10" : 0.000000,
        "20" : 0.000000,
        "50" : 0.000000,
        "100" : 0.000000,
        "250" : 0.000000,
        "500" : 0.000000,
        "750" : 0.010000,
        "1000" : 0.010000
      },
      "latency_ms" : {
        "2" : 0.236329,
        "4" : 1.746634,
        "10" : 5.976917,
        "20" : 84.770541,
        "50" : 4.320418,
        "100" : 1.277274,
        "250" : 0.770541,
        "500" : 0.633691,
        "750" : 0.255015,
        "1000" : 0.010000,
        "2000" : 0.010000,
        ">=2000" : 0.000000
      },
      "latency_depth" : 64,
      "latency_target" : 0,
      "latency_percentile" : 100.000000,
      "latency_window" : 0
    }
  ]
}
