{
  "fio version" : "fio-3.23",
  "timestamp" : 1756991383,
  "timestamp_ms" : 1756991383489,
  "time" : "Thu Sep  4 13:09:43 2025",
  "jobs" : [
    {
      "jobname" : "RandWH-4M-32-8",
      "groupid" : 0,
      "error" : 0,
      "eta" : 0,
      "elapsed" : 61,
      "job options" : {
        "name" : "RandWH-4M-32-8",
        "numjobs" : "32",
        "runtime" : "60",
        "directory" : "/tmp/e2sar/rgeorge-fio_test-p2r_RandWH-4M-32-8",
        "direct" : "1",
        "buffered" : "0",
        "rw" : "randrw",
        "rwmixread" : "20",
        "unified_rw_reporting" : "1",
        "randrepeat" : "0",
        "bs" : "4M",
        "size" : "128M",
        "ioengine" : "pvsync",
        "iodepth" : "8",
        "lat_percentiles" : "1"
      },
      "mixed" : {
        "io_bytes" : 374874308608,
        "io_kbytes" : 366088192,
        "bw_bytes" : 6246343557,
        "bw" : 6099944,
        "iops" : 1489.244356,
        "runtime" : 60015,
        "total_ios" : 89377,
        "short_ios" : 0,
        "drop_ios" : 0,
        "slat_ns" : {
          "min" : 0,
          "max" : 0,
          "mean" : 0.000000,
          "stddev" : 0.000000,
          "N" : 0
        },
        "clat_ns" : {
          "min" : 3687325,
          "max" : 910930591,
          "mean" : 20689532.814505,
          "stddev" : 20617542.744144,
          "N" : 89377,
          "percentile" : {
            "1.000000" : 6717440,
            "5.000000" : 11075584,
            "10.000000" : 12517376,
            "20.000000" : 14090240,
            "30.000000" : 15269888,
            "40.000000" : 16187392,
            "50.000000" : 17170432,
            "60.000000" : 17956864,
            "70.000000" : 19267584,
            "80.000000" : 20840448,
            "90.000000" : 26345472,
            "95.000000" : 42205184,
            "99.000000" : 93847552,
            "99.500000" : 139460608,
            "99.900000" : 291504128,
            "99.950000" : 337641472,
            "99.990000" : 616562688
          }
        },
        "lat_ns" : {
          "min" : 3687445,
          "max" : 910931258,
          "mean" : 20689767.102230,
          "stddev" : 20617540.611091,
          "N" : 89377,
          "percentile" : {
            "1.000000" : 6717440,
            "5.000000" : 11075584,
            "10.000000" : 12517376,
            "20.000000" : 14090240,
            "30.000000" : 15269888,
            "40.000000" : 16187392,
            "50.000000" : 17170432,
            "60.000000" : 17956864,
            "70.000000" : 19267584,
            "80.000000" : 20840448,
            "90.000000" : 26345472,
            "95.000000" : 42205184,
            "99.000000" : 93847552,
            "99.500000" : 139460608,
            "99.900000" : 291504128,
            "99.950000" : 337641472,
            "99.990000" : 616562688
          }
        },
        "bw_min" : 794624,
        "bw_max" : 10600448,
        "bw_agg" : 100.000000,
        "bw_mean" : 6137131.302777,
        "bw_dev" : 32059.461289,
        "bw_samples" : 7525,
        "iops_min" : 194,
        "iops_max" : 2588,
        "iops_mean" : 1498.274826,
        "iops_stddev" : 7.826935,
        "iops_samples" : 7525
      },
      "job_runtime" : 1920156,
      "usr_cpu" : 3.610280,
      "sys_cpu" : 0.193734,
      "ctx" : 358011,
      "majf" : 0,
      "minf" : 512,
      "iodepth_level" : {
        "1" : 100.000000,
        "2" : 0.000000,
        "4" : 0.000000,
        "8" : 0.000000,
        "16" : 0.000000,
        "32" : 0.000000,
        ">=64" : 0.000000
      },
      "iodepth_submit" : {
        "0" : 0.000000,
        "4" : 100.000000,
        "8" : 0.000000,
        "16" : 0.000000,
        "32" : 0.000000,
        "64" : 0.000000,
        ">=64" : 0.000000
      },
      "iodepth_complete" : {
        "0" : 0.000000,
        "4" : 100.000000,
        "8" : 0.000000,
        "16" : 0.000000,
        "32" : 0.000000,
        "64" : 0.000000,
        ">=64" : 0.000000
      },
      "latency_ns" : {
        "2" : 0.000000,
        "4" : 0.000000,
        "10" : 0.000000,
        "20" : 0.000000,
        "50" : 0.000000,
        "100" : 0.000000,
        "250" : 0.000000,
        "500" : 0.000000,
        "750" : 0.000000,
        "1000" : 0.000000
      },
      "latency_us" : {
        "2" : 0.000000,
        "4" : 0.000000,
        "10" : 0.000000,
        "20" : 0.000000,
        "50" : 0.000000,
        "100" : 0.000000,
        "250" : 0.000000,
        "500" : 0.000000,
        "750" : 0.000000,
        "1000" : 0.000000
      },
      "latency_ms" : {
        "2" : 0.000000,
        "4" : 0.010000,
        "10" : 2.895600,
        "20" : 72.577956,
        "50" : 20.842051,
        "100" : 2.790427,
        "250" : 0.712711,
        "500" : 0.161115,
        "750" : 0.012307,
        "1000" : 0.010000,
        "2000" : 0.000000,
        ">=2000" : 0.000000
      },
      "latency_depth" : 8,
      "latency_target" : 0,
      "latency_percentile" : 100.000000,
      "latency_window" : 0
    }
  ]
}
