{
  "fio version" : "fio-3.23",
  "timestamp" : 1757450522,
  "timestamp_ms" : 1757450522976,
  "time" : "Tue Sep  9 20:42:02 2025",
  "jobs" : [
    {
      "jobname" : "SeqWH-1M-32-4",
      "groupid" : 0,
      "error" : 0,
      "eta" : 0,
      "elapsed" : 61,
      "job options" : {
        "name" : "SeqWH-1M-32-4",
        "rw" : "rw",
        "rwmixread" : "20",
        "unified_rw_reporting" : "1",
        "bs" : "1M",
        "numjobs" : "32",
        "iodepth" : "4",
        "runtime" : "60",
        "directory" : "/tmp/e2sar/rgeorge-fio_test-m_SeqWH-1M-32-4",
        "direct" : "1",
        "buffered" : "0",
        "randrepeat" : "0",
        "size" : "128M",
        "ioengine" : "pvsync",
        "lat_percentiles" : "1"
      },
      "mixed" : {
        "io_bytes" : 410329808896,
        "io_kbytes" : 400712704,
        "bw_bytes" : 6838146333,
        "bw" : 6677877,
        "iops" : 6521.364530,
        "runtime" : 60006,
        "total_ios" : 391321,
        "short_ios" : 0,
        "drop_ios" : 0,
        "slat_ns" : {
          "min" : 0,
          "max" : 0,
          "mean" : 0.000000,
          "stddev" : 0.000000,
          "N" : 0
        },
        "clat_ns" : {
          "min" : 892303,
          "max" : 189023893,
          "mean" : 4735033.438839,
          "stddev" : 2282031.396761,
          "N" : 391321,
          "percentile" : {
            "1.000000" : 1925120,
            "5.000000" : 2539520,
            "10.000000" : 2899968,
            "20.000000" : 3358720,
            "30.000000" : 3686400,
            "40.000000" : 4014080,
            "50.000000" : 4358144,
            "60.000000" : 4685824,
            "70.000000" : 5144576,
            "80.000000" : 5799936,
            "90.000000" : 7045120,
            "95.000000" : 8224768,
            "99.000000" : 10551296,
            "99.500000" : 11599872,
            "99.900000" : 19267584,
            "99.950000" : 41156608,
            "99.990000" : 71827456
          }
        },
        "lat_ns" : {
          "min" : 892327,
          "max" : 189023947,
          "mean" : 4735125.653180,
          "stddev" : 2282025.838755,
          "N" : 391321,
          "percentile" : {
            "1.000000" : 1925120,
            "5.000000" : 2539520,
            "10.000000" : 2899968,
            "20.000000" : 3358720,
            "30.000000" : 3686400,
            "40.000000" : 4014080,
            "50.000000" : 4358144,
            "60.000000" : 4685824,
            "70.000000" : 5144576,
            "80.000000" : 5799936,
            "90.000000" : 7045120,
            "95.000000" : 8224768,
            "99.000000" : 10551296,
            "99.500000" : 11599872,
            "99.900000" : 19267584,
            "99.950000" : 41156608,
            "99.990000" : 71827456
          }
        },
        "bw_min" : 4822286,
        "bw_max" : 8735174,
        "bw_agg" : 100.000000,
        "bw_mean" : 6685660.058824,
        "bw_dev" : 12044.070143,
        "bw_samples" : 7616,
        "iops_min" : 4671,
        "iops_max" : 8515,
        "iops_mean" : 6503.983193,
        "iops_stddev" : 11.811025,
        "iops_samples" : 7616
      },
      "job_runtime" : 1920041,
      "usr_cpu" : 3.432531,
      "sys_cpu" : 0.342024,
      "ctx" : 391864,
      "majf" : 0,
      "minf" : 622,
      "iodepth_level" : {
        "1" : 100.000000,
        "2" : 0.000000,
        "4" : 0.000000,
        "8" : 0.000000,
        "16" : 0.000000,
        "32" : 0.000000,
        ">=64" : 0.000000
      },
      "iodepth_submit" : {
        "0" : 0.000000,
        "4" : 100.000000,
        "8" : 0.000000,
        "16" : 0.000000,
        "32" : 0.000000,
        "64" : 0.000000,
        ">=64" : 0.000000
      },
      "iodepth_complete" : {
        "0" : 0.000000,
        "4" : 100.000000,
        "8" : 0.000000,
        "16" : 0.000000,
        "32" : 0.000000,
        "64" : 0.000000,
        ">=64" : 0.000000
      },
      "latency_ns" : {
        "2" : 0.000000,
        "4" : 0.000000,
        "10" : 0.000000,
        "20" : 0.000000,
        "50" : 0.000000,
        "100" : 0.000000,
        "250" : 0.000000,
        "500" : 0.000000,
        "750" : 0.000000,
        "1000" : 0.000000
      },
      "latency_us" : {
        "2" : 0.000000,
        "4" : 0.000000,
        "10" : 0.000000,
        "20" : 0.000000,
        "50" : 0.000000,
        "100" : 0.000000,
        "250" : 0.000000,
        "500" : 0.000000,
        "750" : 0.000000,
        "1000" : 0.010000
      },
      "latency_ms" : {
        "2" : 1.281045,
        "4" : 38.367478,
        "10" : 58.865995,
        "20" : 1.383519,
        "50" : 0.060820,
        "100" : 0.036287,
        "250" : 0.010000,
        "500" : 0.000000,
        "750" : 0.000000,
        "1000" : 0.000000,
        "2000" : 0.000000,
        ">=2000" : 0.000000
      },
      "latency_depth" : 4,
      "latency_target" : 0,
      "latency_percentile" : 100.000000,
      "latency_window" : 0
    }
  ]
}
