{
  "fio version" : "fio-3.23",
  "timestamp" : 1756987463,
  "timestamp_ms" : 1756987463237,
  "time" : "Thu Sep  4 12:04:23 2025",
  "jobs" : [
    {
      "jobname" : "RandW-1M-32-1",
      "groupid" : 0,
      "error" : 0,
      "eta" : 0,
      "elapsed" : 61,
      "job options" : {
        "name" : "RandW-1M-32-1",
        "numjobs" : "32",
        "runtime" : "60",
        "directory" : "/tmp/e2sar/rgeorge-fio_test-p2r_RandW-1M-32-1",
        "direct" : "1",
        "buffered" : "0",
        "rw" : "randwrite",
        "unified_rw_reporting" : "0",
        "randrepeat" : "0",
        "bs" : "1M",
        "size" : "128M",
        "ioengine" : "pvsync",
        "iodepth" : "1",
        "lat_percentiles" : "1"
      },
      "read" : {
        "io_bytes" : 0,
        "io_kbytes" : 0,
        "bw_bytes" : 0,
        "bw" : 0,
        "iops" : 0.000000,
        "runtime" : 0,
        "total_ios" : 0,
        "short_ios" : 0,
        "drop_ios" : 0,
        "slat_ns" : {
          "min" : 0,
          "max" : 0,
          "mean" : 0.000000,
          "stddev" : 0.000000,
          "N" : 0
        },
        "clat_ns" : {
          "min" : 0,
          "max" : 0,
          "mean" : 0.000000,
          "stddev" : 0.000000,
          "N" : 0
        },
        "lat_ns" : {
          "min" : 0,
          "max" : 0,
          "mean" : 0.000000,
          "stddev" : 0.000000,
          "N" : 0
        },
        "bw_min" : 0,
        "bw_max" : 0,
        "bw_agg" : 0.000000,
        "bw_mean" : 0.000000,
        "bw_dev" : 0.000000,
        "bw_samples" : 0,
        "iops_min" : 0,
        "iops_max" : 0,
        "iops_mean" : 0.000000,
        "iops_stddev" : 0.000000,
        "iops_samples" : 0
      },
      "write" : {
        "io_bytes" : 591943172096,
        "io_kbytes" : 578069504,
        "bw_bytes" : 9865390688,
        "bw" : 9634170,
        "iops" : 9408.369721,
        "runtime" : 60002,
        "total_ios" : 564521,
        "short_ios" : 0,
        "drop_ios" : 0,
        "slat_ns" : {
          "min" : 0,
          "max" : 0,
          "mean" : 0.000000,
          "stddev" : 0.000000,
          "N" : 0
        },
        "clat_ns" : {
          "min" : 736782,
          "max" : 531010658,
          "mean" : 3174144.657113,
          "stddev" : 5837213.303285,
          "N" : 564521,
          "percentile" : {
            "1.000000" : 1036288,
            "5.000000" : 1286144,
            "10.000000" : 1531904,
            "20.000000" : 1843200,
            "30.000000" : 2244608,
            "40.000000" : 2736128,
            "50.000000" : 3096576,
            "60.000000" : 3260416,
            "70.000000" : 3424256,
            "80.000000" : 3555328,
            "90.000000" : 3751936,
            "95.000000" : 3915776,
            "99.000000" : 7962624,
            "99.500000" : 23724032,
            "99.900000" : 88604672,
            "99.950000" : 114819072,
            "99.990000" : 229638144
          }
        },
        "lat_ns" : {
          "min" : 736829,
          "max" : 531010702,
          "mean" : 3174259.236859,
          "stddev" : 5837219.798853,
          "N" : 564521,
          "percentile" : {
            "1.000000" : 1036288,
            "5.000000" : 1286144,
            "10.000000" : 1531904,
            "20.000000" : 1843200,
            "30.000000" : 2244608,
            "40.000000" : 2736128,
            "50.000000" : 3096576,
            "60.000000" : 3260416,
            "70.000000" : 3424256,
            "80.000000" : 3555328,
            "90.000000" : 3751936,
            "95.000000" : 3915776,
            "99.000000" : 7962624,
            "99.500000" : 23724032,
            "99.900000" : 88604672,
            "99.950000" : 114819072,
            "99.990000" : 229638144
          }
        },
        "bw_min" : 622338,
        "bw_max" : 13215744,
        "bw_agg" : 100.000000,
        "bw_mean" : 9643076.537815,
        "bw_dev" : 80937.785365,
        "bw_samples" : 3808,
        "iops_min" : 602,
        "iops_max" : 12906,
        "iops_mean" : 9416.310924,
        "iops_stddev" : 79.060697,
        "iops_samples" : 3808
      },
      "trim" : {
        "io_bytes" : 0,
        "io_kbytes" : 0,
        "bw_bytes" : 0,
        "bw" : 0,
        "iops" : 0.000000,
        "runtime" : 0,
        "total_ios" : 0,
        "short_ios" : 0,
        "drop_ios" : 0,
        "slat_ns" : {
          "min" : 0,
          "max" : 0,
          "mean" : 0.000000,
          "stddev" : 0.000000,
          "N" : 0
        },
        "clat_ns" : {
          "min" : 0,
          "max" : 0,
          "mean" : 0.000000,
          "stddev" : 0.000000,
          "N" : 0
        },
        "lat_ns" : {
          "min" : 0,
          "max" : 0,
          "mean" : 0.000000,
          "stddev" : 0.000000,
          "N" : 0
        },
        "bw_min" : 0,
        "bw_max" : 0,
        "bw_agg" : 0.000000,
        "bw_mean" : 0.000000,
        "bw_dev" : 0.000000,
        "bw_samples" : 0,
        "iops_min" : 0,
        "iops_max" : 0,
        "iops_mean" : 0.000000,
        "iops_stddev" : 0.000000,
        "iops_samples" : 0
      },
      "sync" : {
        "total_ios" : 0,
        "lat_ns" : {
          "min" : 0,
          "max" : 0,
          "mean" : 0.000000,
          "stddev" : 0.000000,
          "N" : 0
        }
      },
      "job_runtime" : 1920017,
      "usr_cpu" : 6.607389,
      "sys_cpu" : 0.574162,
      "ctx" : 566121,
      "majf" : 0,
      "minf" : 392,
      "iodepth_level" : {
        "1" : 100.000000,
        "2" : 0.000000,
        "4" : 0.000000,
        "8" : 0.000000,
        "16" : 0.000000,
        "32" : 0.000000,
        ">=64" : 0.000000
      },
      "iodepth_submit" : {
        "0" : 0.000000,
        "4" : 100.000000,
        "8" : 0.000000,
        "16" : 0.000000,
        "32" : 0.000000,
        "64" : 0.000000,
        ">=64" : 0.000000
      },
      "iodepth_complete" : {
        "0" : 0.000000,
        "4" : 100.000000,
        "8" : 0.000000,
        "16" : 0.000000,
        "32" : 0.000000,
        "64" : 0.000000,
        ">=64" : 0.000000
      },
      "latency_ns" : {
        "2" : 0.000000,
        "4" : 0.000000,
        "10" : 0.000000,
        "20" : 0.000000,
        "50" : 0.000000,
        "100" : 0.000000,
        "250" : 0.000000,
        "500" : 0.000000,
        "750" : 0.000000,
        "1000" : 0.000000
      },
      "latency_us" : {
        "2" : 0.000000,
        "4" : 0.000000,
        "10" : 0.000000,
        "20" : 0.000000,
        "50" : 0.000000,
        "100" : 0.000000,
        "250" : 0.000000,
        "500" : 0.000000,
        "750" : 0.010000,
        "1000" : 0.588463
      },
      "latency_ms" : {
        "2" : 23.341204,
        "4" : 72.615545,
        "10" : 2.628600,
        "20" : 0.277049,
        "50" : 0.262878,
        "100" : 0.219124,
        "250" : 0.060937,
        "500" : 0.010000,
        "750" : 0.010000,
        "1000" : 0.000000,
        "2000" : 0.000000,
        ">=2000" : 0.000000
      },
      "latency_depth" : 1,
      "latency_target" : 0,
      "latency_percentile" : 100.000000,
      "latency_window" : 0
    }
  ]
}
