{
  "fio version" : "fio-3.23",
  "timestamp" : 1756993651,
  "timestamp_ms" : 1756993651005,
  "time" : "Thu Sep  4 13:47:31 2025",
  "jobs" : [
    {
      "jobname" : "RandW-16K-32-16",
      "groupid" : 0,
      "error" : 0,
      "eta" : 0,
      "elapsed" : 61,
      "job options" : {
        "name" : "RandW-16K-32-16",
        "numjobs" : "32",
        "runtime" : "60",
        "directory" : "/tmp/e2sar/rgeorge-fio_test-p2r_RandW-16K-32-16",
        "direct" : "1",
        "buffered" : "0",
        "rw" : "randwrite",
        "unified_rw_reporting" : "0",
        "randrepeat" : "0",
        "bs" : "16K",
        "size" : "128M",
        "ioengine" : "pvsync",
        "iodepth" : "16",
        "lat_percentiles" : "1"
      },
      "read" : {
        "io_bytes" : 0,
        "io_kbytes" : 0,
        "bw_bytes" : 0,
        "bw" : 0,
        "iops" : 0.000000,
        "runtime" : 0,
        "total_ios" : 0,
        "short_ios" : 0,
        "drop_ios" : 0,
        "slat_ns" : {
          "min" : 0,
          "max" : 0,
          "mean" : 0.000000,
          "stddev" : 0.000000,
          "N" : 0
        },
        "clat_ns" : {
          "min" : 0,
          "max" : 0,
          "mean" : 0.000000,
          "stddev" : 0.000000,
          "N" : 0
        },
        "lat_ns" : {
          "min" : 0,
          "max" : 0,
          "mean" : 0.000000,
          "stddev" : 0.000000,
          "N" : 0
        },
        "bw_min" : 0,
        "bw_max" : 0,
        "bw_agg" : 0.000000,
        "bw_mean" : 0.000000,
        "bw_dev" : 0.000000,
        "bw_samples" : 0,
        "iops_min" : 0,
        "iops_max" : 0,
        "iops_mean" : 0.000000,
        "iops_stddev" : 0.000000,
        "iops_samples" : 0
      },
      "write" : {
        "io_bytes" : 62647959552,
        "io_kbytes" : 61179648,
        "bw_bytes" : 1044097855,
        "bw" : 1019626,
        "iops" : 63726.675777,
        "runtime" : 60002,
        "total_ios" : 3823728,
        "short_ios" : 0,
        "drop_ios" : 0,
        "slat_ns" : {
          "min" : 0,
          "max" : 0,
          "mean" : 0.000000,
          "stddev" : 0.000000,
          "N" : 0
        },
        "clat_ns" : {
          "min" : 153665,
          "max" : 479897482,
          "mean" : 497100.064398,
          "stddev" : 2150169.277875,
          "N" : 3823728,
          "percentile" : {
            "1.000000" : 238592,
            "5.000000" : 288768,
            "10.000000" : 317440,
            "20.000000" : 346112,
            "30.000000" : 366592,
            "40.000000" : 395264,
            "50.000000" : 423936,
            "60.000000" : 448512,
            "70.000000" : 473088,
            "80.000000" : 501760,
            "90.000000" : 536576,
            "95.000000" : 569344,
            "99.000000" : 643072,
            "99.500000" : 700416,
            "99.900000" : 24248320,
            "99.950000" : 48496640,
            "99.990000" : 89653248
          }
        },
        "lat_ns" : {
          "min" : 153711,
          "max" : 479897564,
          "mean" : 497188.867586,
          "stddev" : 2150169.071008,
          "N" : 3823728,
          "percentile" : {
            "1.000000" : 238592,
            "5.000000" : 288768,
            "10.000000" : 317440,
            "20.000000" : 346112,
            "30.000000" : 366592,
            "40.000000" : 395264,
            "50.000000" : 423936,
            "60.000000" : 448512,
            "70.000000" : 473088,
            "80.000000" : 501760,
            "90.000000" : 536576,
            "95.000000" : 569344,
            "99.000000" : 643072,
            "99.500000" : 700416,
            "99.900000" : 24248320,
            "99.950000" : 48496640,
            "99.990000" : 89653248
          }
        },
        "bw_min" : 74912,
        "bw_max" : 1443008,
        "bw_agg" : 100.000000,
        "bw_mean" : 1026118.714286,
        "bw_dev" : 9585.321589,
        "bw_samples" : 3808,
        "iops_min" : 4682,
        "iops_max" : 90188,
        "iops_mean" : 64132.411765,
        "iops_stddev" : 599.082504,
        "iops_samples" : 3808
      },
      "trim" : {
        "io_bytes" : 0,
        "io_kbytes" : 0,
        "bw_bytes" : 0,
        "bw" : 0,
        "iops" : 0.000000,
        "runtime" : 0,
        "total_ios" : 0,
        "short_ios" : 0,
        "drop_ios" : 0,
        "slat_ns" : {
          "min" : 0,
          "max" : 0,
          "mean" : 0.000000,
          "stddev" : 0.000000,
          "N" : 0
        },
        "clat_ns" : {
          "min" : 0,
          "max" : 0,
          "mean" : 0.000000,
          "stddev" : 0.000000,
          "N" : 0
        },
        "lat_ns" : {
          "min" : 0,
          "max" : 0,
          "mean" : 0.000000,
          "stddev" : 0.000000,
          "N" : 0
        },
        "bw_min" : 0,
        "bw_max" : 0,
        "bw_agg" : 0.000000,
        "bw_mean" : 0.000000,
        "bw_dev" : 0.000000,
        "bw_samples" : 0,
        "iops_min" : 0,
        "iops_max" : 0,
        "iops_mean" : 0.000000,
        "iops_stddev" : 0.000000,
        "iops_samples" : 0
      },
      "sync" : {
        "total_ios" : 0,
        "lat_ns" : {
          "min" : 0,
          "max" : 0,
          "mean" : 0.000000,
          "stddev" : 0.000000,
          "N" : 0
        }
      },
      "job_runtime" : 1920008,
      "usr_cpu" : 1.173745,
      "sys_cpu" : 1.218745,
      "ctx" : 3824050,
      "majf" : 0,
      "minf" : 382,
      "iodepth_level" : {
        "1" : 100.000000,
        "2" : 0.000000,
        "4" : 0.000000,
        "8" : 0.000000,
        "16" : 0.000000,
        "32" : 0.000000,
        ">=64" : 0.000000
      },
      "iodepth_submit" : {
        "0" : 0.000000,
        "4" : 100.000000,
        "8" : 0.000000,
        "16" : 0.000000,
        "32" : 0.000000,
        "64" : 0.000000,
        ">=64" : 0.000000
      },
      "iodepth_complete" : {
        "0" : 0.000000,
        "4" : 100.000000,
        "8" : 0.000000,
        "16" : 0.000000,
        "32" : 0.000000,
        "64" : 0.000000,
        ">=64" : 0.000000
      },
      "latency_ns" : {
        "2" : 0.000000,
        "4" : 0.000000,
        "10" : 0.000000,
        "20" : 0.000000,
        "50" : 0.000000,
        "100" : 0.000000,
        "250" : 0.000000,
        "500" : 0.000000,
        "750" : 0.000000,
        "1000" : 0.000000
      },
      "latency_us" : {
        "2" : 0.000000,
        "4" : 0.000000,
        "10" : 0.000000,
        "20" : 0.000000,
        "50" : 0.000000,
        "100" : 0.000000,
        "250" : 1.770916,
        "500" : 77.897146,
        "750" : 19.948385,
        "1000" : 0.050814
      },
      "latency_ms" : {
        "2" : 0.036718,
        "4" : 0.047179,
        "10" : 0.085100,
        "20" : 0.050657,
        "50" : 0.065434,
        "100" : 0.042106,
        "250" : 0.010000,
        "500" : 0.010000,
        "750" : 0.000000,
        "1000" : 0.000000,
        "2000" : 0.000000,
        ">=2000" : 0.000000
      },
      "latency_depth" : 16,
      "latency_target" : 0,
      "latency_percentile" : 100.000000,
      "latency_window" : 0
    }
  ]
}
