{
  "fio version" : "fio-3.23",
  "timestamp" : 1756987829,
  "timestamp_ms" : 1756987829669,
  "time" : "Thu Sep  4 12:10:29 2025",
  "jobs" : [
    {
      "jobname" : "RandW-2M-32-1",
      "groupid" : 0,
      "error" : 0,
      "eta" : 0,
      "elapsed" : 61,
      "job options" : {
        "name" : "RandW-2M-32-1",
        "numjobs" : "32",
        "runtime" : "60",
        "directory" : "/tmp/e2sar/rgeorge-fio_test-p2r_RandW-2M-32-1",
        "direct" : "1",
        "buffered" : "0",
        "rw" : "randwrite",
        "unified_rw_reporting" : "0",
        "randrepeat" : "0",
        "bs" : "2M",
        "size" : "128M",
        "ioengine" : "pvsync",
        "iodepth" : "1",
        "lat_percentiles" : "1"
      },
      "read" : {
        "io_bytes" : 0,
        "io_kbytes" : 0,
        "bw_bytes" : 0,
        "bw" : 0,
        "iops" : 0.000000,
        "runtime" : 0,
        "total_ios" : 0,
        "short_ios" : 0,
        "drop_ios" : 0,
        "slat_ns" : {
          "min" : 0,
          "max" : 0,
          "mean" : 0.000000,
          "stddev" : 0.000000,
          "N" : 0
        },
        "clat_ns" : {
          "min" : 0,
          "max" : 0,
          "mean" : 0.000000,
          "stddev" : 0.000000,
          "N" : 0
        },
        "lat_ns" : {
          "min" : 0,
          "max" : 0,
          "mean" : 0.000000,
          "stddev" : 0.000000,
          "N" : 0
        },
        "bw_min" : 0,
        "bw_max" : 0,
        "bw_agg" : 0.000000,
        "bw_mean" : 0.000000,
        "bw_dev" : 0.000000,
        "bw_samples" : 0,
        "iops_min" : 0,
        "iops_max" : 0,
        "iops_mean" : 0.000000,
        "iops_stddev" : 0.000000,
        "iops_samples" : 0
      },
      "write" : {
        "io_bytes" : 608784351232,
        "io_kbytes" : 594515968,
        "bw_bytes" : 10145560390,
        "bw" : 9907773,
        "iops" : 4837.780185,
        "runtime" : 60005,
        "total_ios" : 290291,
        "short_ios" : 0,
        "drop_ios" : 0,
        "slat_ns" : {
          "min" : 0,
          "max" : 0,
          "mean" : 0.000000,
          "stddev" : 0.000000,
          "N" : 0
        },
        "clat_ns" : {
          "min" : 1604506,
          "max" : 887542334,
          "mean" : 6120991.293226,
          "stddev" : 9631967.491287,
          "N" : 290291,
          "percentile" : {
            "1.000000" : 2277376,
            "5.000000" : 3063808,
            "10.000000" : 3686400,
            "20.000000" : 4227072,
            "30.000000" : 4620288,
            "40.000000" : 5013504,
            "50.000000" : 5275648,
            "60.000000" : 5668864,
            "70.000000" : 6193152,
            "80.000000" : 6717440,
            "90.000000" : 7176192,
            "95.000000" : 7503872,
            "99.000000" : 26345472,
            "99.500000" : 57933824,
            "99.900000" : 127401984,
            "99.950000" : 164626432,
            "99.990000" : 316669952
          }
        },
        "lat_ns" : {
          "min" : 1604589,
          "max" : 887542448,
          "mean" : 6121212.563779,
          "stddev" : 9631972.666800,
          "N" : 290291,
          "percentile" : {
            "1.000000" : 2277376,
            "5.000000" : 3063808,
            "10.000000" : 3686400,
            "20.000000" : 4227072,
            "30.000000" : 4620288,
            "40.000000" : 5013504,
            "50.000000" : 5275648,
            "60.000000" : 5668864,
            "70.000000" : 6193152,
            "80.000000" : 6717440,
            "90.000000" : 7176192,
            "95.000000" : 7503872,
            "99.000000" : 26345472,
            "99.500000" : 57933824,
            "99.900000" : 127401984,
            "99.950000" : 164626432,
            "99.990000" : 316669952
          }
        },
        "bw_min" : 974848,
        "bw_max" : 15736832,
        "bw_agg" : 100.000000,
        "bw_mean" : 9927896.092722,
        "bw_dev" : 85501.730631,
        "bw_samples" : 3803,
        "iops_min" : 476,
        "iops_max" : 7684,
        "iops_mean" : 4844.981698,
        "iops_stddev" : 41.736588,
        "iops_samples" : 3803
      },
      "trim" : {
        "io_bytes" : 0,
        "io_kbytes" : 0,
        "bw_bytes" : 0,
        "bw" : 0,
        "iops" : 0.000000,
        "runtime" : 0,
        "total_ios" : 0,
        "short_ios" : 0,
        "drop_ios" : 0,
        "slat_ns" : {
          "min" : 0,
          "max" : 0,
          "mean" : 0.000000,
          "stddev" : 0.000000,
          "N" : 0
        },
        "clat_ns" : {
          "min" : 0,
          "max" : 0,
          "mean" : 0.000000,
          "stddev" : 0.000000,
          "N" : 0
        },
        "lat_ns" : {
          "min" : 0,
          "max" : 0,
          "mean" : 0.000000,
          "stddev" : 0.000000,
          "N" : 0
        },
        "bw_min" : 0,
        "bw_max" : 0,
        "bw_agg" : 0.000000,
        "bw_mean" : 0.000000,
        "bw_dev" : 0.000000,
        "bw_samples" : 0,
        "iops_min" : 0,
        "iops_max" : 0,
        "iops_mean" : 0.000000,
        "iops_stddev" : 0.000000,
        "iops_samples" : 0
      },
      "sync" : {
        "total_ios" : 0,
        "lat_ns" : {
          "min" : 0,
          "max" : 0,
          "mean" : 0.000000,
          "stddev" : 0.000000,
          "N" : 0
        }
      },
      "job_runtime" : 1920051,
      "usr_cpu" : 7.360690,
      "sys_cpu" : 0.764823,
      "ctx" : 581617,
      "majf" : 0,
      "minf" : 415,
      "iodepth_level" : {
        "1" : 100.000000,
        "2" : 0.000000,
        "4" : 0.000000,
        "8" : 0.000000,
        "16" : 0.000000,
        "32" : 0.000000,
        ">=64" : 0.000000
      },
      "iodepth_submit" : {
        "0" : 0.000000,
        "4" : 100.000000,
        "8" : 0.000000,
        "16" : 0.000000,
        "32" : 0.000000,
        "64" : 0.000000,
        ">=64" : 0.000000
      },
      "iodepth_complete" : {
        "0" : 0.000000,
        "4" : 100.000000,
        "8" : 0.000000,
        "16" : 0.000000,
        "32" : 0.000000,
        "64" : 0.000000,
        ">=64" : 0.000000
      },
      "latency_ns" : {
        "2" : 0.000000,
        "4" : 0.000000,
        "10" : 0.000000,
        "20" : 0.000000,
        "50" : 0.000000,
        "100" : 0.000000,
        "250" : 0.000000,
        "500" : 0.000000,
        "750" : 0.000000,
        "1000" : 0.000000
      },
      "latency_us" : {
        "2" : 0.000000,
        "4" : 0.000000,
        "10" : 0.000000,
        "20" : 0.000000,
        "50" : 0.000000,
        "100" : 0.000000,
        "250" : 0.000000,
        "500" : 0.000000,
        "750" : 0.000000,
        "1000" : 0.000000
      },
      "latency_ms" : {
        "2" : 0.140549,
        "4" : 15.073495,
        "10" : 83.075603,
        "20" : 0.526368,
        "50" : 0.575629,
        "100" : 0.442315,
        "250" : 0.139171,
        "500" : 0.022736,
        "750" : 0.010000,
        "1000" : 0.010000,
        "2000" : 0.000000,
        ">=2000" : 0.000000
      },
      "latency_depth" : 1,
      "latency_target" : 0,
      "latency_percentile" : 100.000000,
      "latency_window" : 0
    }
  ]
}
