{"jobs": [ {
      "jobname": "SeqR-4K-16-1",
      "groupid": 0,
      "error": 0,
      "eta": 0,
      "elapsed": 61,
      "job options": {
        "name": "SeqR-4K-16-1",
        "numjobs": "16",
        "runtime": "60",
        "directory": "/tmp/e2sar/rgeorge-fio_test-p1_SeqR-4K-16-1",
        "direct": "1",
        "buffered": "0",
        "rw": "read",
        "unified_rw_reporting": "0",
        "randrepeat": "0",
        "bs": "4K",
        "size": "128M",
        "ioengine": "pvsync",
        "iodepth": "1",
        "lat_percentiles": "1"
      },
      "read": {
        "io_bytes": 10189742080,
        "io_kbytes": 9950920,
        "bw_bytes": 169749818,
        "bw": 165771,
        "iops": 41442.826681,
        "runtime": 60028,
        "total_ios": 2487730,
        "short_ios": 0,
        "drop_ios": 0,
        "slat_ns": {
          "min": 0,
          "max": 0,
          "mean": 0,
          "stddev": 0,
          "N": 0
        },
        "clat_ns": {
          "min": 130690,
          "max": 297972994,
          "mean": 385387.779067,
          "stddev": 1170204.95832,
          "N": 2487730,
          "percentile": {
            "1.000000": 218112,
            "5.000000": 276480,
            "10.000000": 317440,
            "20.000000": 342016,
            "30.000000": 354304,
            "40.000000": 362496,
            "50.000000": 366592,
            "60.000000": 374784,
            "70.000000": 382976,
            "80.000000": 391168,
            "90.000000": 407552,
            "95.000000": 428032,
            "99.000000": 536576,
            "99.500000": 552960,
            "99.900000": 1122304,
            "99.950000": 7700480,
            "99.990000": 58982400
          }
        },
        "lat_ns": {
          "min": 130732,
          "max": 297973027,
          "mean": 385427.199442,
          "stddev": 1170204.960461,
          "N": 2487730,
          "percentile": {
            "1.000000": 218112,
            "5.000000": 276480,
            "10.000000": 317440,
            "20.000000": 342016,
            "30.000000": 354304,
            "40.000000": 362496,
            "50.000000": 366592,
            "60.000000": 374784,
            "70.000000": 382976,
            "80.000000": 391168,
            "90.000000": 407552,
            "95.000000": 428032,
            "99.000000": 536576,
            "99.500000": 552960,
            "99.900000": 1122304,
            "99.950000": 7700480,
            "99.990000": 58982400
          }
        },
        "bw_min": 75080,
        "bw_max": 199632,
        "bw_agg": 100,
        "bw_mean": 166059.773109,
        "bw_dev": 1039.745873,
        "bw_samples": 1904,
        "iops_min": 18770,
        "iops_max": 49908,
        "iops_mean": 41514.932773,
        "iops_stddev": 259.937104,
        "iops_samples": 1904
      },
      "write": {
        "io_bytes": 0,
        "io_kbytes": 0,
        "bw_bytes": 0,
        "bw": 0,
        "iops": 0,
        "runtime": 0,
        "total_ios": 0,
        "short_ios": 0,
        "drop_ios": 0,
        "slat_ns": {
          "min": 0,
          "max": 0,
          "mean": 0,
          "stddev": 0,
          "N": 0
        },
        "clat_ns": {
          "min": 0,
          "max": 0,
          "mean": 0,
          "stddev": 0,
          "N": 0
        },
        "lat_ns": {
          "min": 0,
          "max": 0,
          "mean": 0,
          "stddev": 0,
          "N": 0
        },
        "bw_min": 0,
        "bw_max": 0,
        "bw_agg": 0,
        "bw_mean": 0,
        "bw_dev": 0,
        "bw_samples": 0,
        "iops_min": 0,
        "iops_max": 0,
        "iops_mean": 0,
        "iops_stddev": 0,
        "iops_samples": 0
      },
      "trim": {
        "io_bytes": 0,
        "io_kbytes": 0,
        "bw_bytes": 0,
        "bw": 0,
        "iops": 0,
        "runtime": 0,
        "total_ios": 0,
        "short_ios": 0,
        "drop_ios": 0,
        "slat_ns": {
          "min": 0,
          "max": 0,
          "mean": 0,
          "stddev": 0,
          "N": 0
        },
        "clat_ns": {
          "min": 0,
          "max": 0,
          "mean": 0,
          "stddev": 0,
          "N": 0
        },
        "lat_ns": {
          "min": 0,
          "max": 0,
          "mean": 0,
          "stddev": 0,
          "N": 0
        },
        "bw_min": 0,
        "bw_max": 0,
        "bw_agg": 0,
        "bw_mean": 0,
        "bw_dev": 0,
        "bw_samples": 0,
        "iops_min": 0,
        "iops_max": 0,
        "iops_mean": 0,
        "iops_stddev": 0,
        "iops_samples": 0
      },
      "sync": {
        "total_ios": 0,
        "lat_ns": {
          "min": 0,
          "max": 0,
          "mean": 0,
          "stddev": 0,
          "N": 0
        }
      },
      "job_runtime": 960080,
      "usr_cpu": 0.367053,
      "sys_cpu": 1.382697,
      "ctx": 2487839,
      "majf": 0,
      "minf": 262,
      "iodepth_level": {
        "1": 100,
        "2": 0,
        "4": 0,
        "8": 0,
        "16": 0,
        "32": 0,
        ">=64": 0
      },
      "iodepth_submit": {
        "0": 0,
        "4": 100,
        "8": 0,
        "16": 0,
        "32": 0,
        "64": 0,
        ">=64": 0
      },
      "iodepth_complete": {
        "0": 0,
        "4": 100,
        "8": 0,
        "16": 0,
        "32": 0,
        "64": 0,
        ">=64": 0
      },
      "latency_ns": {
        "2": 0,
        "4": 0,
        "10": 0,
        "20": 0,
        "50": 0,
        "100": 0,
        "250": 0,
        "500": 0,
        "750": 0,
        "1000": 0
      },
      "latency_us": {
        "2": 0,
        "4": 0,
        "10": 0,
        "20": 0,
        "50": 0,
        "100": 0,
        "250": 2.980589,
        "500": 94.641139,
        "750": 2.268454,
        "1000": 0.01
      },
      "latency_ms": {
        "2": 0.014712,
        "4": 0.017928,
        "10": 0.034369,
        "20": 0.012341,
        "50": 0.010773,
        "100": 0.01021,
        "250": 0.01,
        "500": 0.01,
        "750": 0,
        "1000": 0,
        "2000": 0,
        ">=2000": 0
      },
      "latency_depth": 1,
      "latency_target": 0,
      "latency_percentile": 100,
      "latency_window": 0
} ] }  