{
  "fio version" : "fio-3.23",
  "timestamp" : 1757469699,
  "timestamp_ms" : 1757469699873,
  "time" : "Wed Sep 10 02:01:39 2025",
  "jobs" : [
    {
      "jobname" : "RandW-2M-64-64",
      "groupid" : 0,
      "error" : 0,
      "eta" : 0,
      "elapsed" : 61,
      "job options" : {
        "name" : "RandW-2M-64-64",
        "rw" : "randwrite",
        "unified_rw_reporting" : "0",
        "bs" : "2M",
        "numjobs" : "64",
        "iodepth" : "64",
        "runtime" : "60",
        "directory" : "/tmp/e2sar/rgeorge-fio_test-m_RandW-2M-64-64",
        "direct" : "1",
        "buffered" : "0",
        "randrepeat" : "0",
        "size" : "128M",
        "ioengine" : "pvsync",
        "lat_percentiles" : "1"
      },
      "read" : {
        "io_bytes" : 0,
        "io_kbytes" : 0,
        "bw_bytes" : 0,
        "bw" : 0,
        "iops" : 0.000000,
        "runtime" : 0,
        "total_ios" : 0,
        "short_ios" : 0,
        "drop_ios" : 0,
        "slat_ns" : {
          "min" : 0,
          "max" : 0,
          "mean" : 0.000000,
          "stddev" : 0.000000,
          "N" : 0
        },
        "clat_ns" : {
          "min" : 0,
          "max" : 0,
          "mean" : 0.000000,
          "stddev" : 0.000000,
          "N" : 0
        },
        "lat_ns" : {
          "min" : 0,
          "max" : 0,
          "mean" : 0.000000,
          "stddev" : 0.000000,
          "N" : 0
        },
        "bw_min" : 0,
        "bw_max" : 0,
        "bw_agg" : 0.000000,
        "bw_mean" : 0.000000,
        "bw_dev" : 0.000000,
        "bw_samples" : 0,
        "iops_min" : 0,
        "iops_max" : 0,
        "iops_mean" : 0.000000,
        "iops_stddev" : 0.000000,
        "iops_samples" : 0
      },
      "write" : {
        "io_bytes" : 811987894272,
        "io_kbytes" : 792956928,
        "bw_bytes" : 13520062177,
        "bw" : 13203185,
        "iops" : 6446.868028,
        "runtime" : 60058,
        "total_ios" : 387186,
        "short_ios" : 0,
        "drop_ios" : 0,
        "slat_ns" : {
          "min" : 0,
          "max" : 0,
          "mean" : 0.000000,
          "stddev" : 0.000000,
          "N" : 0
        },
        "clat_ns" : {
          "min" : 1902257,
          "max" : 425055573,
          "mean" : 9341693.267680,
          "stddev" : 3492049.152059,
          "N" : 387186,
          "percentile" : {
            "1.000000" : 5275648,
            "5.000000" : 6062080,
            "10.000000" : 6717440,
            "20.000000" : 7634944,
            "30.000000" : 8290304,
            "40.000000" : 8847360,
            "50.000000" : 9371648,
            "60.000000" : 9764864,
            "70.000000" : 10289152,
            "80.000000" : 10813440,
            "90.000000" : 11599872,
            "95.000000" : 12255232,
            "99.000000" : 13565952,
            "99.500000" : 14090240,
            "99.900000" : 62128128,
            "99.950000" : 91750400,
            "99.990000" : 102236160
          }
        },
        "lat_ns" : {
          "min" : 1902378,
          "max" : 425055850,
          "mean" : 9342029.046182,
          "stddev" : 3492053.186849,
          "N" : 387186,
          "percentile" : {
            "1.000000" : 5275648,
            "5.000000" : 6062080,
            "10.000000" : 6717440,
            "20.000000" : 7634944,
            "30.000000" : 8290304,
            "40.000000" : 8847360,
            "50.000000" : 9371648,
            "60.000000" : 9764864,
            "70.000000" : 10289152,
            "80.000000" : 10813440,
            "90.000000" : 11599872,
            "95.000000" : 12255232,
            "99.000000" : 13565952,
            "99.500000" : 14090240,
            "99.900000" : 62128128,
            "99.950000" : 91750400,
            "99.990000" : 102236160
          }
        },
        "bw_min" : 9956286,
        "bw_max" : 16319671,
        "bw_agg" : 100.000000,
        "bw_mean" : 13226378.168067,
        "bw_dev" : 11974.455749,
        "bw_samples" : 7616,
        "iops_min" : 4857,
        "iops_max" : 7965,
        "iops_mean" : 6457.277311,
        "iops_stddev" : 5.852433,
        "iops_samples" : 7616
      },
      "trim" : {
        "io_bytes" : 0,
        "io_kbytes" : 0,
        "bw_bytes" : 0,
        "bw" : 0,
        "iops" : 0.000000,
        "runtime" : 0,
        "total_ios" : 0,
        "short_ios" : 0,
        "drop_ios" : 0,
        "slat_ns" : {
          "min" : 0,
          "max" : 0,
          "mean" : 0.000000,
          "stddev" : 0.000000,
          "N" : 0
        },
        "clat_ns" : {
          "min" : 0,
          "max" : 0,
          "mean" : 0.000000,
          "stddev" : 0.000000,
          "N" : 0
        },
        "lat_ns" : {
          "min" : 0,
          "max" : 0,
          "mean" : 0.000000,
          "stddev" : 0.000000,
          "N" : 0
        },
        "bw_min" : 0,
        "bw_max" : 0,
        "bw_agg" : 0.000000,
        "bw_mean" : 0.000000,
        "bw_dev" : 0.000000,
        "bw_samples" : 0,
        "iops_min" : 0,
        "iops_max" : 0,
        "iops_mean" : 0.000000,
        "iops_stddev" : 0.000000,
        "iops_samples" : 0
      },
      "sync" : {
        "total_ios" : 0,
        "lat_ns" : {
          "min" : 0,
          "max" : 0,
          "mean" : 0.000000,
          "stddev" : 0.000000,
          "N" : 0
        }
      },
      "job_runtime" : 3840200,
      "usr_cpu" : 5.699104,
      "sys_cpu" : 0.614265,
      "ctx" : 784530,
      "majf" : 0,
      "minf" : 651,
      "iodepth_level" : {
        "1" : 100.000000,
        "2" : 0.000000,
        "4" : 0.000000,
        "8" : 0.000000,
        "16" : 0.000000,
        "32" : 0.000000,
        ">=64" : 0.000000
      },
      "iodepth_submit" : {
        "0" : 0.000000,
        "4" : 100.000000,
        "8" : 0.000000,
        "16" : 0.000000,
        "32" : 0.000000,
        "64" : 0.000000,
        ">=64" : 0.000000
      },
      "iodepth_complete" : {
        "0" : 0.000000,
        "4" : 100.000000,
        "8" : 0.000000,
        "16" : 0.000000,
        "32" : 0.000000,
        "64" : 0.000000,
        ">=64" : 0.000000
      },
      "latency_ns" : {
        "2" : 0.000000,
        "4" : 0.000000,
        "10" : 0.000000,
        "20" : 0.000000,
        "50" : 0.000000,
        "100" : 0.000000,
        "250" : 0.000000,
        "500" : 0.000000,
        "750" : 0.000000,
        "1000" : 0.000000
      },
      "latency_us" : {
        "2" : 0.000000,
        "4" : 0.000000,
        "10" : 0.000000,
        "20" : 0.000000,
        "50" : 0.000000,
        "100" : 0.000000,
        "250" : 0.000000,
        "500" : 0.000000,
        "750" : 0.000000,
        "1000" : 0.000000
      },
      "latency_ms" : {
        "2" : 0.010000,
        "4" : 0.335498,
        "10" : 64.063525,
        "20" : 35.439298,
        "50" : 0.049072,
        "100" : 0.098144,
        "250" : 0.012914,
        "500" : 0.010000,
        "750" : 0.000000,
        "1000" : 0.000000,
        "2000" : 0.000000,
        ">=2000" : 0.000000
      },
      "latency_depth" : 64,
      "latency_target" : 0,
      "latency_percentile" : 100.000000,
      "latency_window" : 0
    }
  ]
}
