{
  "fio version" : "fio-3.23",
  "timestamp" : 1757469122,
  "timestamp_ms" : 1757469122448,
  "time" : "Wed Sep 10 01:52:02 2025",
  "jobs" : [
    {
      "jobname" : "RandWH-2M-128-64",
      "groupid" : 0,
      "error" : 0,
      "eta" : 0,
      "elapsed" : 62,
      "job options" : {
        "name" : "RandWH-2M-128-64",
        "rw" : "randrw",
        "rwmixread" : "20",
        "unified_rw_reporting" : "1",
        "bs" : "2M",
        "numjobs" : "128",
        "iodepth" : "64",
        "runtime" : "60",
        "directory" : "/tmp/e2sar/rgeorge-fio_test-m_RandWH-2M-128-64",
        "direct" : "1",
        "buffered" : "0",
        "randrepeat" : "0",
        "size" : "128M",
        "ioengine" : "pvsync",
        "lat_percentiles" : "1"
      },
      "mixed" : {
        "io_bytes" : 399807348736,
        "io_kbytes" : 390436864,
        "bw_bytes" : 6656799013,
        "bw" : 6500780,
        "iops" : 3174.209124,
        "runtime" : 60060,
        "total_ios" : 190643,
        "short_ios" : 0,
        "drop_ios" : 0,
        "slat_ns" : {
          "min" : 0,
          "max" : 0,
          "mean" : 0.000000,
          "stddev" : 0.000000,
          "N" : 0
        },
        "clat_ns" : {
          "min" : 1878889,
          "max" : 388276924,
          "mean" : 39797067.771563,
          "stddev" : 18865314.695683,
          "N" : 190643,
          "percentile" : {
            "1.000000" : 25034752,
            "5.000000" : 28966912,
            "10.000000" : 30539776,
            "20.000000" : 32374784,
            "30.000000" : 33816576,
            "40.000000" : 35389440,
            "50.000000" : 36438016,
            "60.000000" : 38010880,
            "70.000000" : 39583744,
            "80.000000" : 41680896,
            "90.000000" : 45875200,
            "95.000000" : 60030976,
            "99.000000" : 125304832,
            "99.500000" : 185597952,
            "99.900000" : 242221056,
            "99.950000" : 256901120,
            "99.990000" : 299892736
          }
        },
        "lat_ns" : {
          "min" : 1878995,
          "max" : 388277332,
          "mean" : 39797445.499987,
          "stddev" : 18865302.784977,
          "N" : 190643,
          "percentile" : {
            "1.000000" : 25034752,
            "5.000000" : 28966912,
            "10.000000" : 30539776,
            "20.000000" : 32374784,
            "30.000000" : 33816576,
            "40.000000" : 35389440,
            "50.000000" : 36438016,
            "60.000000" : 38010880,
            "70.000000" : 39583744,
            "80.000000" : 41680896,
            "90.000000" : 45875200,
            "95.000000" : 60030976,
            "99.000000" : 125304832,
            "99.500000" : 185597952,
            "99.900000" : 242221056,
            "99.950000" : 256901120,
            "99.990000" : 299892736
          }
        },
        "bw_min" : 2661091,
        "bw_max" : 12351566,
        "bw_agg" : 100.000000,
        "bw_mean" : 6574801.977599,
        "bw_dev" : 7548.704977,
        "bw_samples" : 29527,
        "iops_min" : 1184,
        "iops_max" : 6016,
        "iops_mean" : 3188.823071,
        "iops_stddev" : 3.694064,
        "iops_samples" : 29527
      },
      "job_runtime" : 7681297,
      "usr_cpu" : 1.084491,
      "sys_cpu" : 0.153047,
      "ctx" : 390790,
      "majf" : 0,
      "minf" : 1883,
      "iodepth_level" : {
        "1" : 100.000000,
        "2" : 0.000000,
        "4" : 0.000000,
        "8" : 0.000000,
        "16" : 0.000000,
        "32" : 0.000000,
        ">=64" : 0.000000
      },
      "iodepth_submit" : {
        "0" : 0.000000,
        "4" : 100.000000,
        "8" : 0.000000,
        "16" : 0.000000,
        "32" : 0.000000,
        "64" : 0.000000,
        ">=64" : 0.000000
      },
      "iodepth_complete" : {
        "0" : 0.000000,
        "4" : 100.000000,
        "8" : 0.000000,
        "16" : 0.000000,
        "32" : 0.000000,
        "64" : 0.000000,
        ">=64" : 0.000000
      },
      "latency_ns" : {
        "2" : 0.000000,
        "4" : 0.000000,
        "10" : 0.000000,
        "20" : 0.000000,
        "50" : 0.000000,
        "100" : 0.000000,
        "250" : 0.000000,
        "500" : 0.000000,
        "750" : 0.000000,
        "1000" : 0.000000
      },
      "latency_us" : {
        "2" : 0.000000,
        "4" : 0.000000,
        "10" : 0.000000,
        "20" : 0.000000,
        "50" : 0.000000,
        "100" : 0.000000,
        "250" : 0.000000,
        "500" : 0.000000,
        "750" : 0.000000,
        "1000" : 0.000000
      },
      "latency_ms" : {
        "2" : 0.010000,
        "4" : 0.078681,
        "10" : 0.225028,
        "20" : 0.239715,
        "50" : 92.353771,
        "100" : 5.503480,
        "250" : 1.530610,
        "500" : 0.068190,
        "750" : 0.000000,
        "1000" : 0.000000,
        "2000" : 0.000000,
        ">=2000" : 0.000000
      },
      "latency_depth" : 64,
      "latency_target" : 0,
      "latency_percentile" : 100.000000,
      "latency_window" : 0
    }
  ]
}
