{
  "fio version" : "fio-3.23",
  "timestamp" : 1759972668,
  "timestamp_ms" : 1759972668520,
  "time" : "Thu Oct  9 01:17:48 2025",
  "jobs" : [
    {
      "jobname" : "RandBal-1M-16-4",
      "groupid" : 0,
      "error" : 0,
      "eta" : 0,
      "elapsed" : 61,
      "job options" : {
        "name" : "RandBal-1M-16-4",
        "numjobs" : "16",
        "runtime" : "60",
        "directory" : "/tmp/e2sar/rgeorge-fio_test-st_RandBal-1M-16-4",
        "direct" : "0",
        "buffered" : "1",
        "rw" : "randrw",
        "unified_rw_reporting" : "0",
        "randrepeat" : "0",
        "bs" : "1M",
        "size" : "128M",
        "ioengine" : "pvsync",
        "iodepth" : "4",
        "lat_percentiles" : "1"
      },
      "read" : {
        "io_bytes" : 134284836864,
        "io_kbytes" : 131137536,
        "bw_bytes" : 2237968715,
        "bw" : 2185516,
        "iops" : 2134.293285,
        "runtime" : 60003,
        "total_ios" : 128064,
        "short_ios" : 0,
        "drop_ios" : 0,
        "slat_ns" : {
          "min" : 0,
          "max" : 0,
          "mean" : 0.000000,
          "stddev" : 0.000000,
          "N" : 0
        },
        "clat_ns" : {
          "min" : 801316,
          "max" : 109015071,
          "mean" : 4150668.881106,
          "stddev" : 1551783.230395,
          "N" : 128064,
          "percentile" : {
            "1.000000" : 1925120,
            "5.000000" : 2473984,
            "10.000000" : 2768896,
            "20.000000" : 3162112,
            "30.000000" : 3457024,
            "40.000000" : 3719168,
            "50.000000" : 3948544,
            "60.000000" : 4227072,
            "70.000000" : 4489216,
            "80.000000" : 4882432,
            "90.000000" : 5537792,
            "95.000000" : 6455296,
            "99.000000" : 9240576,
            "99.500000" : 10682368,
            "99.900000" : 15925248,
            "99.950000" : 20840448,
            "99.990000" : 39583744
          }
        },
        "lat_ns" : {
          "min" : 801349,
          "max" : 109015311,
          "mean" : 4150719.613763,
          "stddev" : 1551783.217760,
          "N" : 128064,
          "percentile" : {
            "1.000000" : 1925120,
            "5.000000" : 2473984,
            "10.000000" : 2768896,
            "20.000000" : 3162112,
            "30.000000" : 3457024,
            "40.000000" : 3719168,
            "50.000000" : 3948544,
            "60.000000" : 4227072,
            "70.000000" : 4489216,
            "80.000000" : 4882432,
            "90.000000" : 5537792,
            "95.000000" : 6455296,
            "99.000000" : 9240576,
            "99.500000" : 10682368,
            "99.900000" : 15925248,
            "99.950000" : 20840448,
            "99.990000" : 39583744
          }
        },
        "bw_min" : 1658880,
        "bw_max" : 2682880,
        "bw_agg" : 100.000000,
        "bw_mean" : 2190976.596639,
        "bw_dev" : 11937.094335,
        "bw_samples" : 1904,
        "iops_min" : 1620,
        "iops_max" : 2620,
        "iops_mean" : 2139.613445,
        "iops_stddev" : 11.657151,
        "iops_samples" : 1904
      },
      "write" : {
        "io_bytes" : 134728384512,
        "io_kbytes" : 131570688,
        "bw_bytes" : 2245360807,
        "bw" : 2192735,
        "iops" : 2141.342933,
        "runtime" : 60003,
        "total_ios" : 128487,
        "short_ios" : 0,
        "drop_ios" : 0,
        "slat_ns" : {
          "min" : 0,
          "max" : 0,
          "mean" : 0.000000,
          "stddev" : 0.000000,
          "N" : 0
        },
        "clat_ns" : {
          "min" : 897324,
          "max" : 98022485,
          "mean" : 3127954.763517,
          "stddev" : 1112522.068889,
          "N" : 128487,
          "percentile" : {
            "1.000000" : 1531904,
            "5.000000" : 1925120,
            "10.000000" : 2146304,
            "20.000000" : 2408448,
            "30.000000" : 2637824,
            "40.000000" : 2867200,
            "50.000000" : 3063808,
            "60.000000" : 3260416,
            "70.000000" : 3489792,
            "80.000000" : 3784704,
            "90.000000" : 4145152,
            "95.000000" : 4489216,
            "99.000000" : 5079040,
            "99.500000" : 5341184,
            "99.900000" : 8978432,
            "99.950000" : 21626880,
            "99.990000" : 38535168
          }
        },
        "lat_ns" : {
          "min" : 897357,
          "max" : 98022535,
          "mean" : 3128026.512153,
          "stddev" : 1112524.115655,
          "N" : 128487,
          "percentile" : {
            "1.000000" : 1531904,
            "5.000000" : 1925120,
            "10.000000" : 2146304,
            "20.000000" : 2408448,
            "30.000000" : 2637824,
            "40.000000" : 2867200,
            "50.000000" : 3063808,
            "60.000000" : 3260416,
            "70.000000" : 3489792,
            "80.000000" : 3784704,
            "90.000000" : 4145152,
            "95.000000" : 4489216,
            "99.000000" : 5079040,
            "99.500000" : 5341184,
            "99.900000" : 8978432,
            "99.950000" : 21626880,
            "99.990000" : 38535168
          }
        },
        "bw_min" : 1622016,
        "bw_max" : 2721792,
        "bw_agg" : 100.000000,
        "bw_mean" : 2198136.436975,
        "bw_dev" : 13239.311925,
        "bw_samples" : 1904,
        "iops_min" : 1584,
        "iops_max" : 2658,
        "iops_mean" : 2146.605042,
        "iops_stddev" : 12.929513,
        "iops_samples" : 1904
      },
      "trim" : {
        "io_bytes" : 0,
        "io_kbytes" : 0,
        "bw_bytes" : 0,
        "bw" : 0,
        "iops" : 0.000000,
        "runtime" : 0,
        "total_ios" : 0,
        "short_ios" : 0,
        "drop_ios" : 0,
        "slat_ns" : {
          "min" : 0,
          "max" : 0,
          "mean" : 0.000000,
          "stddev" : 0.000000,
          "N" : 0
        },
        "clat_ns" : {
          "min" : 0,
          "max" : 0,
          "mean" : 0.000000,
          "stddev" : 0.000000,
          "N" : 0
        },
        "lat_ns" : {
          "min" : 0,
          "max" : 0,
          "mean" : 0.000000,
          "stddev" : 0.000000,
          "N" : 0
        },
        "bw_min" : 0,
        "bw_max" : 0,
        "bw_agg" : 0.000000,
        "bw_mean" : 0.000000,
        "bw_dev" : 0.000000,
        "bw_samples" : 0,
        "iops_min" : 0,
        "iops_max" : 0,
        "iops_mean" : 0.000000,
        "iops_stddev" : 0.000000,
        "iops_samples" : 0
      },
      "sync" : {
        "total_ios" : 0,
        "lat_ns" : {
          "min" : 0,
          "max" : 0,
          "mean" : 0.000000,
          "stddev" : 0.000000,
          "N" : 0
        }
      },
      "job_runtime" : 960016,
      "usr_cpu" : 2.748288,
      "sys_cpu" : 0.451555,
      "ctx" : 513232,
      "majf" : 0,
      "minf" : 260,
      "iodepth_level" : {
        "1" : 100.000000,
        "2" : 0.000000,
        "4" : 0.000000,
        "8" : 0.000000,
        "16" : 0.000000,
        "32" : 0.000000,
        ">=64" : 0.000000
      },
      "iodepth_submit" : {
        "0" : 0.000000,
        "4" : 100.000000,
        "8" : 0.000000,
        "16" : 0.000000,
        "32" : 0.000000,
        "64" : 0.000000,
        ">=64" : 0.000000
      },
      "iodepth_complete" : {
        "0" : 0.000000,
        "4" : 100.000000,
        "8" : 0.000000,
        "16" : 0.000000,
        "32" : 0.000000,
        "64" : 0.000000,
        ">=64" : 0.000000
      },
      "latency_ns" : {
        "2" : 0.000000,
        "4" : 0.000000,
        "10" : 0.000000,
        "20" : 0.000000,
        "50" : 0.000000,
        "100" : 0.000000,
        "250" : 0.000000,
        "500" : 0.000000,
        "750" : 0.000000,
        "1000" : 0.000000
      },
      "latency_us" : {
        "2" : 0.000000,
        "4" : 0.000000,
        "10" : 0.000000,
        "20" : 0.000000,
        "50" : 0.000000,
        "100" : 0.000000,