{
  "fio version" : "fio-3.23",
  "timestamp" : 1757511442,
  "timestamp_ms" : 1757511442119,
  "time" : "Wed Sep 10 13:37:22 2025",
  "jobs" : [
    {
      "jobname" : "RandRH-4M-128-32",
      "groupid" : 0,
      "error" : 0,
      "eta" : 0,
      "elapsed" : 62,
      "job options" : {
        "name" : "RandRH-4M-128-32",
        "rw" : "randrw",
        "rwmixread" : "80",
        "unified_rw_reporting" : "1",
        "bs" : "4M",
        "numjobs" : "128",
        "iodepth" : "32",
        "runtime" : "60",
        "directory" : "/tmp/e2sar/rgeorge-fio_test-m_RandRH-4M-128-32",
        "direct" : "1",
        "buffered" : "0",
        "randrepeat" : "0",
        "size" : "128M",
        "ioengine" : "pvsync",
        "lat_percentiles" : "1"
      },
      "mixed" : {
        "io_bytes" : 138340728832,
        "io_kbytes" : 135098368,
        "bw_bytes" : 2298400545,
        "bw" : 2244531,
        "iops" : 547.981392,
        "runtime" : 60190,
        "total_ios" : 32983,
        "short_ios" : 0,
        "drop_ios" : 0,
        "slat_ns" : {
          "min" : 0,
          "max" : 0,
          "mean" : 0.000000,
          "stddev" : 0.000000,
          "N" : 0
        },
        "clat_ns" : {
          "min" : 3068019,
          "max" : 617585838,
          "mean" : 232551977.309705,
          "stddev" : 31286975.430386,
          "N" : 32983,
          "percentile" : {
            "1.000000" : 154140672,
            "5.000000" : 210763776,
            "10.000000" : 214958080,
            "20.000000" : 221249536,
            "30.000000" : 223346688,
            "40.000000" : 227540992,
            "50.000000" : 229638144,
            "60.000000" : 231735296,
            "70.000000" : 233832448,
            "80.000000" : 235929600,
            "90.000000" : 242221056,
            "95.000000" : 291504128,
            "99.000000" : 358612992,
            "99.500000" : 375390208,
            "99.900000" : 408944640,
            "99.950000" : 425721856,
            "99.990000" : 455081984
          }
        },
        "lat_ns" : {
          "min" : 3068336,
          "max" : 617586060,
          "mean" : 232552289.827214,
          "stddev" : 31286961.402016,
          "N" : 32983,
          "percentile" : {
            "1.000000" : 154140672,
            "5.000000" : 210763776,
            "10.000000" : 214958080,
            "20.000000" : 221249536,
            "30.000000" : 223346688,
            "40.000000" : 227540992,
            "50.000000" : 229638144,
            "60.000000" : 231735296,
            "70.000000" : 233832448,
            "80.000000" : 235929600,
            "90.000000" : 242221056,
            "95.000000" : 291504128,
            "99.000000" : 358612992,
            "99.500000" : 375390208,
            "99.900000" : 408944640,
            "99.950000" : 425721856,
            "99.990000" : 455081984
          }
        },
        "bw_min" : 2088922,
        "bw_max" : 6119093,
        "bw_agg" : 100.000000,
        "bw_mean" : 3082674.136670,
        "bw_dev" : 4526.291996,
        "bw_samples" : 20357,
        "iops_min" : 348,
        "iops_max" : 1489,
        "iops_mean" : 744.589175,
        "iops_stddev" : 1.117483,
        "iops_samples" : 20357
      },
      "job_runtime" : 7688945,
      "usr_cpu" : 0.074601,
      "sys_cpu" : 0.043803,
      "ctx" : 132836,
      "majf" : 0,
      "minf" : 1706,
      "iodepth_level" : {
        "1" : 100.000000,
        "2" : 0.000000,
        "4" : 0.000000,
        "8" : 0.000000,
        "16" : 0.000000,
        "32" : 0.000000,
        ">=64" : 0.000000
      },
      "iodepth_submit" : {
        "0" : 0.000000,
        "4" : 100.000000,
        "8" : 0.000000,
        "16" : 0.000000,
        "32" : 0.000000,
        "64" : 0.000000,
        ">=64" : 0.000000
      },
      "iodepth_complete" : {
        "0" : 0.000000,
        "4" : 100.000000,
        "8" : 0.000000,
        "16" : 0.000000,
        "32" : 0.000000,
        "64" : 0.000000,
        ">=64" : 0.000000
      },
      "latency_ns" : {
        "2" : 0.000000,
        "4" : 0.000000,
        "10" : 0.000000,
        "20" : 0.000000,
        "50" : 0.000000,
        "100" : 0.000000,
        "250" : 0.000000,
        "500" : 0.000000,
        "750" : 0.000000,
        "1000" : 0.000000
      },
      "latency_us" : {
        "2" : 0.000000,
        "4" : 0.000000,
        "10" : 0.000000,
        "20" : 0.000000,
        "50" : 0.000000,
        "100" : 0.000000,
        "250" : 0.000000,
        "500" : 0.000000,
        "750" : 0.000000,
        "1000" : 0.000000
      },
      "latency_ms" : {
        "2" : 0.000000,
        "4" : 0.010000,
        "10" : 0.036382,
        "20" : 0.048510,
        "50" : 0.169784,
        "100" : 0.309250,
        "250" : 92.168693,
        "500" : 7.255253,
        "750" : 0.010000,
        "1000" : 0.000000,
        "2000" : 0.000000,
        ">=2000" : 0.000000
      },
      "latency_depth" : 32,
      "latency_target" : 0,
      "latency_percentile" : 100.000000,
      "latency_window" : 0
    }
  ]
}
