{
  "fio version" : "fio-3.23",
  "timestamp" : 1757510658,
  "timestamp_ms" : 1757510658822,
  "time" : "Wed Sep 10 13:24:18 2025",
  "jobs" : [
    {
      "jobname" : "RandRH-4M-32-128",
      "groupid" : 0,
      "error" : 0,
      "eta" : 0,
      "elapsed" : 62,
      "job options" : {
        "name" : "RandRH-4M-32-128",
        "rw" : "randrw",
        "rwmixread" : "80",
        "unified_rw_reporting" : "1",
        "bs" : "4M",
        "numjobs" : "32",
        "iodepth" : "128",
        "runtime" : "60",
        "directory" : "/tmp/e2sar/rgeorge-fio_test-m_RandRH-4M-32-128",
        "direct" : "1",
        "buffered" : "0",
        "randrepeat" : "0",
        "size" : "128M",
        "ioengine" : "pvsync",
        "lat_percentiles" : "1"
      },
      "mixed" : {
        "io_bytes" : 183437885440,
        "io_kbytes" : 179138560,
        "bw_bytes" : 3055312137,
        "bw" : 2983703,
        "iops" : 728.443179,
        "runtime" : 60039,
        "total_ios" : 43735,
        "short_ios" : 0,
        "drop_ios" : 0,
        "slat_ns" : {
          "min" : 0,
          "max" : 0,
          "mean" : 0.000000,
          "stddev" : 0.000000,
          "N" : 0
        },
        "clat_ns" : {
          "min" : 2683107,
          "max" : 165809109,
          "mean" : 43719363.189368,
          "stddev" : 6323787.675127,
          "N" : 43735,
          "percentile" : {
            "1.000000" : 30539776,
            "5.000000" : 35913728,
            "10.000000" : 38535168,
            "20.000000" : 40632320,
            "30.000000" : 42205184,
            "40.000000" : 43253760,
            "50.000000" : 43778048,
            "60.000000" : 44826624,
            "70.000000" : 45875200,
            "80.000000" : 46399488,
            "90.000000" : 47448064,
            "95.000000" : 48496640,
            "99.000000" : 65798144,
            "99.500000" : 80216064,
            "99.900000" : 106430464,
            "99.950000" : 114819072,
            "99.990000" : 145752064
          }
        },
        "lat_ns" : {
          "min" : 2683147,
          "max" : 165809142,
          "mean" : 43719522.314005,
          "stddev" : 6323758.221432,
          "N" : 43735,
          "percentile" : {
            "1.000000" : 30539776,
            "5.000000" : 35913728,
            "10.000000" : 38535168,
            "20.000000" : 40632320,
            "30.000000" : 42205184,
            "40.000000" : 43253760,
            "50.000000" : 43778048,
            "60.000000" : 44826624,
            "70.000000" : 45875200,
            "80.000000" : 46399488,
            "90.000000" : 47448064,
            "95.000000" : 48496640,
            "99.000000" : 65798144,
            "99.500000" : 80216064,
            "99.900000" : 106430464,
            "99.950000" : 114819072,
            "99.990000" : 145752064
          }
        },
        "bw_min" : 1646477,
        "bw_max" : 5341184,
        "bw_agg" : 100.000000,
        "bw_mean" : 3040391.659451,
        "bw_dev" : 11436.498383,
        "bw_samples" : 7289,
        "iops_min" : 400,
        "iops_max" : 1304,
        "iops_mean" : 742.179711,
        "iops_stddev" : 2.792613,
        "iops_samples" : 7289
      },
      "job_runtime" : 1920333,
      "usr_cpu" : 0.403315,
      "sys_cpu" : 0.156587,
      "ctx" : 175153,
      "majf" : 0,
      "minf" : 420,
      "iodepth_level" : {
        "1" : 100.000000,
        "2" : 0.000000,
        "4" : 0.000000,
        "8" : 0.000000,
        "16" : 0.000000,
        "32" : 0.000000,
        ">=64" : 0.000000
      },
      "iodepth_submit" : {
        "0" : 0.000000,
        "4" : 100.000000,
        "8" : 0.000000,
        "16" : 0.000000,
        "32" : 0.000000,
        "64" : 0.000000,
        ">=64" : 0.000000
      },
      "iodepth_complete" : {
        "0" : 0.000000,
        "4" : 100.000000,
        "8" : 0.000000,
        "16" : 0.000000,
        "32" : 0.000000,
        "64" : 0.000000,
        ">=64" : 0.000000
      },
      "latency_ns" : {
        "2" : 0.000000,
        "4" : 0.000000,
        "10" : 0.000000,
        "20" : 0.000000,
        "50" : 0.000000,
        "100" : 0.000000,
        "250" : 0.000000,
        "500" : 0.000000,
        "750" : 0.000000,
        "1000" : 0.000000
      },
      "latency_us" : {
        "2" : 0.000000,
        "4" : 0.000000,
        "10" : 0.000000,
        "20" : 0.000000,
        "50" : 0.000000,
        "100" : 0.000000,
        "250" : 0.000000,
        "500" : 0.000000,
        "750" : 0.000000,
        "1000" : 0.000000
      },
      "latency_ms" : {
        "2" : 0.000000,
        "4" : 0.045730,
        "10" : 0.196639,
        "20" : 0.176060,
        "50" : 97.370527,
        "100" : 2.032697,
        "250" : 0.178347,
        "500" : 0.000000,
        "750" : 0.000000,
        "1000" : 0.000000,
        "2000" : 0.000000,
        ">=2000" : 0.000000
      },
      "latency_depth" : 128,
      "latency_target" : 0,
      "latency_percentile" : 100.000000,
      "latency_window" : 0
    }
  ]
}
