{
  "fio version" : "fio-3.23",
  "timestamp" : 1757514936,
  "timestamp_ms" : 1757514936355,
  "time" : "Wed Sep 10 14:35:36 2025",
  "jobs" : [
    {
      "jobname" : "RandW-4M-128-64",
      "groupid" : 0,
      "error" : 0,
      "eta" : 0,
      "elapsed" : 63,
      "job options" : {
        "name" : "RandW-4M-128-64",
        "rw" : "randwrite",
        "unified_rw_reporting" : "0",
        "bs" : "4M",
        "numjobs" : "128",
        "iodepth" : "64",
        "runtime" : "60",
        "directory" : "/tmp/e2sar/rgeorge-fio_test-m_RandW-4M-128-64",
        "direct" : "1",
        "buffered" : "0",
        "randrepeat" : "0",
        "size" : "128M",
        "ioengine" : "pvsync",
        "lat_percentiles" : "1"
      },
      "read" : {
        "io_bytes" : 0,
        "io_kbytes" : 0,
        "bw_bytes" : 0,
        "bw" : 0,
        "iops" : 0.000000,
        "runtime" : 0,
        "total_ios" : 0,
        "short_ios" : 0,
        "drop_ios" : 0,
        "slat_ns" : {
          "min" : 0,
          "max" : 0,
          "mean" : 0.000000,
          "stddev" : 0.000000,
          "N" : 0
        },
        "clat_ns" : {
          "min" : 0,
          "max" : 0,
          "mean" : 0.000000,
          "stddev" : 0.000000,
          "N" : 0
        },
        "lat_ns" : {
          "min" : 0,
          "max" : 0,
          "mean" : 0.000000,
          "stddev" : 0.000000,
          "N" : 0
        },
        "bw_min" : 0,
        "bw_max" : 0,
        "bw_agg" : 0.000000,
        "bw_mean" : 0.000000,
        "bw_dev" : 0.000000,
        "bw_samples" : 0,
        "iops_min" : 0,
        "iops_max" : 0,
        "iops_mean" : 0.000000,
        "iops_stddev" : 0.000000,
        "iops_samples" : 0
      },
      "write" : {
        "io_bytes" : 925146021888,
        "io_kbytes" : 903462912,
        "bw_bytes" : 15396006355,
        "bw" : 15035162,
        "iops" : 3670.693959,
        "runtime" : 60090,
        "total_ios" : 220572,
        "short_ios" : 0,
        "drop_ios" : 0,
        "slat_ns" : {
          "min" : 0,
          "max" : 0,
          "mean" : 0.000000,
          "stddev" : 0.000000,
          "N" : 0
        },
        "clat_ns" : {
          "min" : 4238744,
          "max" : 140458738,
          "mean" : 33476937.717226,
          "stddev" : 7820207.134169,
          "N" : 220572,
          "percentile" : {
            "1.000000" : 16711680,
            "5.000000" : 25559040,
            "10.000000" : 27394048,
            "20.000000" : 29491200,
            "30.000000" : 30801920,
            "40.000000" : 32112640,
            "50.000000" : 33161216,
            "60.000000" : 34340864,
            "70.000000" : 35389440,
            "80.000000" : 36962304,
            "90.000000" : 39583744,
            "95.000000" : 41156608,
            "99.000000" : 45875200,
            "99.500000" : 93847552,
            "99.900000" : 122159104,
            "99.950000" : 126353408,
            "99.990000" : 132644864
          }
        },
        "lat_ns" : {
          "min" : 4238903,
          "max" : 140459141,
          "mean" : 33477498.679261,
          "stddev" : 7820220.155289,
          "N" : 220572,
          "percentile" : {
            "1.000000" : 16711680,
            "5.000000" : 25559040,
            "10.000000" : 27394048,
            "20.000000" : 29491200,
            "30.000000" : 30801920,
            "40.000000" : 32112640,
            "50.000000" : 33161216,
            "60.000000" : 34340864,
            "70.000000" : 35389440,
            "80.000000" : 36962304,
            "90.000000" : 39583744,
            "95.000000" : 41156608,
            "99.000000" : 45875200,
            "99.500000" : 93847552,
            "99.900000" : 122159104,
            "99.950000" : 126353408,
            "99.990000" : 132644864
          }
        },
        "bw_min" : 11170431,
        "bw_max" : 27212274,
        "bw_agg" : 100.000000,
        "bw_mean" : 15043647.465674,
        "bw_dev" : 16181.833423,
        "bw_samples" : 15212,
        "iops_min" : 2709,
        "iops_max" : 6618,
        "iops_mean" : 3658.369321,
        "iops_stddev" : 3.958321,
        "iops_samples" : 15212
      },
      "trim" : {
        "io_bytes" : 0,
        "io_kbytes" : 0,
        "bw_bytes" : 0,
        "bw" : 0,
        "iops" : 0.000000,
        "runtime" : 0,
        "total_ios" : 0,
        "short_ios" : 0,
        "drop_ios" : 0,
        "slat_ns" : {
          "min" : 0,
          "max" : 0,
          "mean" : 0.000000,
          "stddev" : 0.000000,
          "N" : 0
        },
        "clat_ns" : {
          "min" : 0,
          "max" : 0,
          "mean" : 0.000000,
          "stddev" : 0.000000,
          "N" : 0
        },
        "lat_ns" : {
          "min" : 0,
          "max" : 0,
          "mean" : 0.000000,
          "stddev" : 0.000000,
          "N" : 0
        },
        "bw_min" : 0,
        "bw_max" : 0,
        "bw_agg" : 0.000000,
        "bw_mean" : 0.000000,
        "bw_dev" : 0.000000,
        "bw_samples" : 0,
        "iops_min" : 0,
        "iops_max" : 0,
        "iops_mean" : 0.000000,
        "iops_stddev" : 0.000000,
        "iops_samples" : 0
      },
      "sync" : {
        "total_ios" : 0,
        "lat_ns" : {
          "min" : 0,
          "max" : 0,
          "mean" : 0.000000,
          "stddev" : 0.000000,
          "N" : 0
        }
      },
      "job_runtime" : 7681702,
      "usr_cpu" : 3.596169,
      "sys_cpu" : 0.372144,
      "ctx" : 904703,
      "majf" : 0,
      "minf" : 1240,
      "iodepth_level" : {
        "1" : 100.000000,
        "2" : 0.000000,
        "4" : 0.000000,
        "8" : 0.000000,
        "16" : 0.000000,
        "32" : 0.000000,
        ">=64" : 0.000000
      },
      "iodepth_submit" : {
        "0" : 0.000000,
        "4" : 100.000000,
        "8" : 0.000000,
        "16" : 0.000000,
        "32" : 0.000000,
        "64" : 0.000000,
        ">=64" : 0.000000
      },
      "iodepth_complete" : {
        "0" : 0.000000,
        "4" : 100.000000,
        "8" : 0.000000,
        "16" : 0.000000,
        "32" : 0.000000,
        "64" : 0.000000,
        ">=64" : 0.000000
      },
      "latency_ns" : {
        "2" : 0.000000,
        "4" : 0.000000,
        "10" : 0.000000,
        "20" : 0.000000,
        "50" : 0.000000,
        "100" : 0.000000,
        "250" : 0.000000,
        "500" : 0.000000,
        "750" : 0.000000,
        "1000" : 0.000000
      },
      "latency_us" : {
        "2" : 0.000000,
        "4" : 0.000000,
        "10" : 0.000000,
        "20" : 0.000000,
        "50" : 0.000000,
        "100" : 0.000000,
        "250" : 0.000000,
        "500" : 0.000000,
        "750" : 0.000000,
        "1000" : 0.000000
      },
      "latency_ms" : {
        "2" : 0.000000,
        "4" : 0.000000,
        "10" : 0.504144,
        "20" : 0.853236,
        "50" : 98.019241,
        "100" : 0.178626,
        "250" : 0.444753,
        "500" : 0.000000,
        "750" : 0.000000,
        "1000" : 0.000000,
        "2000" : 0.000000,
        ">=2000" : 0.000000
      },
      "latency_depth" : 64,
      "latency_target" : 0,
      "latency_percentile" : 100.000000,
      "latency_window" : 0
    }
  ]
}
