{
  "fio version" : "fio-3.23",
  "timestamp" : 1757513742,
  "timestamp_ms" : 1757513742834,
  "time" : "Wed Sep 10 14:15:42 2025",
  "jobs" : [
    {
      "jobname" : "RandWH-4M-128-16",
      "groupid" : 0,
      "error" : 0,
      "eta" : 0,
      "elapsed" : 62,
      "job options" : {
        "name" : "RandWH-4M-128-16",
        "rw" : "randrw",
        "rwmixread" : "20",
        "unified_rw_reporting" : "1",
        "bs" : "4M",
        "numjobs" : "128",
        "iodepth" : "16",
        "runtime" : "60",
        "directory" : "/tmp/e2sar/rgeorge-fio_test-m_RandWH-4M-128-16",
        "direct" : "1",
        "buffered" : "0",
        "randrepeat" : "0",
        "size" : "128M",
        "ioengine" : "pvsync",
        "lat_percentiles" : "1"
      },
      "mixed" : {
        "io_bytes" : 406675521536,
        "io_kbytes" : 397144064,
        "bw_bytes" : 6768562181,
        "bw" : 6609924,
        "iops" : 1613.750978,
        "runtime" : 60083,
        "total_ios" : 96959,
        "short_ios" : 0,
        "drop_ios" : 0,
        "slat_ns" : {
          "min" : 0,
          "max" : 0,
          "mean" : 0.000000,
          "stddev" : 0.000000,
          "N" : 0
        },
        "clat_ns" : {
          "min" : 3443660,
          "max" : 668110414,
          "mean" : 78069861.155220,
          "stddev" : 31329935.430667,
          "N" : 96959,
          "percentile" : {
            "1.000000" : 47972352,
            "5.000000" : 57933824,
            "10.000000" : 61079552,
            "20.000000" : 64225280,
            "30.000000" : 66846720,
            "40.000000" : 68681728,
            "50.000000" : 71827456,
            "60.000000" : 73924608,
            "70.000000" : 76021760,
            "80.000000" : 80216064,
            "90.000000" : 91750400,
            "95.000000" : 127401984,
            "99.000000" : 242221056,
            "99.500000" : 270532608,
            "99.900000" : 325058560,
            "99.950000" : 362807296,
            "99.990000" : 505413632
          }
        },
        "lat_ns" : {
          "min" : 3443941,
          "max" : 668110693,
          "mean" : 78070236.603853,
          "stddev" : 31329951.876534,
          "N" : 96959,
          "percentile" : {
            "1.000000" : 47972352,
            "5.000000" : 57933824,
            "10.000000" : 61079552,
            "20.000000" : 64225280,
            "30.000000" : 66846720,
            "40.000000" : 68681728,
            "50.000000" : 71827456,
            "60.000000" : 73924608,
            "70.000000" : 76021760,
            "80.000000" : 80216064,
            "90.000000" : 91750400,
            "95.000000" : 127401984,
            "99.000000" : 242221056,
            "99.500000" : 270532608,
            "99.900000" : 325058560,
            "99.950000" : 362807296,
            "99.990000" : 505413632
          }
        },
        "bw_min" : 2381466,
        "bw_max" : 14367095,
        "bw_agg" : 100.000000,
        "bw_mean" : 7047573.546690,
        "bw_dev" : 10058.038092,
        "bw_samples" : 26785,
        "iops_min" : 448,
        "iops_max" : 3495,
        "iops_mean" : 1703.593524,
        "iops_stddev" : 2.463631,
        "iops_samples" : 26785
      },
      "job_runtime" : 7682463,
      "usr_cpu" : 1.093204,
      "sys_cpu" : 0.117579,
      "ctx" : 394582,
      "majf" : 0,
      "minf" : 1837,
      "iodepth_level" : {
        "1" : 100.000000,
        "2" : 0.000000,
        "4" : 0.000000,
        "8" : 0.000000,
        "16" : 0.000000,
        "32" : 0.000000,
        ">=64" : 0.000000
      },
      "iodepth_submit" : {
        "0" : 0.000000,
        "4" : 100.000000,
        "8" : 0.000000,
        "16" : 0.000000,
        "32" : 0.000000,
        "64" : 0.000000,
        ">=64" : 0.000000
      },
      "iodepth_complete" : {
        "0" : 0.000000,
        "4" : 100.000000,
        "8" : 0.000000,
        "16" : 0.000000,
        "32" : 0.000000,
        "64" : 0.000000,
        ">=64" : 0.000000
      },
      "latency_ns" : {
        "2" : 0.000000,
        "4" : 0.000000,
        "10" : 0.000000,
        "20" : 0.000000,
        "50" : 0.000000,
        "100" : 0.000000,
        "250" : 0.000000,
        "500" : 0.000000,
        "750" : 0.000000,
        "1000" : 0.000000
      },
      "latency_us" : {
        "2" : 0.000000,
        "4" : 0.000000,
        "10" : 0.000000,
        "20" : 0.000000,
        "50" : 0.000000,
        "100" : 0.000000,
        "250" : 0.000000,
        "500" : 0.000000,
        "750" : 0.000000,
        "1000" : 0.000000
      },
      "latency_ms" : {
        "2" : 0.000000,
        "4" : 0.010000,
        "10" : 0.122732,
        "20" : 0.287750,
        "50" : 0.750833,
        "100" : 90.623872,
        "250" : 7.325777,
        "500" : 0.873565,
        "750" : 0.011345,
        "1000" : 0.000000,
        "2000" : 0.000000,
        ">=2000" : 0.000000
      },
      "latency_depth" : 16,
      "latency_target" : 0,
      "latency_percentile" : 100.000000,
      "latency_window" : 0
    }
  ]
}
