{
  "fio version" : "fio-3.23",
  "timestamp" : 1757508207,
  "timestamp_ms" : 1757508207841,
  "time" : "Wed Sep 10 12:43:27 2025",
  "jobs" : [
    {
      "jobname" : "SeqWH-4M-64-4",
      "groupid" : 0,
      "error" : 0,
      "eta" : 0,
      "elapsed" : 61,
      "job options" : {
        "name" : "SeqWH-4M-64-4",
        "rw" : "rw",
        "rwmixread" : "20",
        "unified_rw_reporting" : "1",
        "bs" : "4M",
        "numjobs" : "64",
        "iodepth" : "4",
        "runtime" : "60",
        "directory" : "/tmp/e2sar/rgeorge-fio_test-m_SeqWH-4M-64-4",
        "direct" : "1",
        "buffered" : "0",
        "randrepeat" : "0",
        "size" : "128M",
        "ioengine" : "pvsync",
        "lat_percentiles" : "1"
      },
      "mixed" : {
        "io_bytes" : 371086852096,
        "io_kbytes" : 362389504,
        "bw_bytes" : 6177059543,
        "bw" : 6032284,
        "iops" : 1472.725759,
        "runtime" : 60075,
        "total_ios" : 88474,
        "short_ios" : 0,
        "drop_ios" : 0,
        "slat_ns" : {
          "min" : 0,
          "max" : 0,
          "mean" : 0.000000,
          "stddev" : 0.000000,
          "N" : 0
        },
        "clat_ns" : {
          "min" : 4855884,
          "max" : 391588638,
          "mean" : 42483210.630468,
          "stddev" : 14350914.033974,
          "N" : 88474,
          "percentile" : {
            "1.000000" : 26345472,
            "5.000000" : 29753344,
            "10.000000" : 31588352,
            "20.000000" : 33816576,
            "30.000000" : 35389440,
            "40.000000" : 36962304,
            "50.000000" : 38535168,
            "60.000000" : 40108032,
            "70.000000" : 42205184,
            "80.000000" : 46923776,
            "90.000000" : 61079552,
            "95.000000" : 70778880,
            "99.000000" : 98041856,
            "99.500000" : 109576192,
            "99.900000" : 137363456,
            "99.950000" : 152043520,
            "99.990000" : 193986560
          }
        },
        "lat_ns" : {
          "min" : 4856104,
          "max" : 391589002,
          "mean" : 42483548.809729,
          "stddev" : 14350867.655477,
          "N" : 88474,
          "percentile" : {
            "1.000000" : 26345472,
            "5.000000" : 29753344,
            "10.000000" : 31588352,
            "20.000000" : 33816576,
            "30.000000" : 35389440,
            "40.000000" : 36962304,
            "50.000000" : 38535168,
            "60.000000" : 40108032,
            "70.000000" : 42205184,
            "80.000000" : 46923776,
            "90.000000" : 61079552,
            "95.000000" : 70778880,
            "99.000000" : 98041856,
            "99.500000" : 109576192,
            "99.900000" : 137363456,
            "99.950000" : 152043520,
            "99.990000" : 193986560
          }
        },
        "bw_min" : 2441165,
        "bw_max" : 10813162,
        "bw_agg" : 100.000000,
        "bw_mean" : 6127456.797190,
        "bw_dev" : 14085.717831,
        "bw_samples" : 14731,
        "iops_min" : 593,
        "iops_max" : 2639,
        "iops_mean" : 1495.842523,
        "iops_stddev" : 3.438926,
        "iops_samples" : 14731
      },
      "job_runtime" : 3841129,
      "usr_cpu" : 1.966661,
      "sys_cpu" : 0.121397,
      "ctx" : 355553,
      "majf" : 0,
      "minf" : 1114,
      "iodepth_level" : {
        "1" : 100.000000,
        "2" : 0.000000,
        "4" : 0.000000,
        "8" : 0.000000,
        "16" : 0.000000,
        "32" : 0.000000,
        ">=64" : 0.000000
      },
      "iodepth_submit" : {
        "0" : 0.000000,
        "4" : 100.000000,
        "8" : 0.000000,
        "16" : 0.000000,
        "32" : 0.000000,
        "64" : 0.000000,
        ">=64" : 0.000000
      },
      "iodepth_complete" : {
        "0" : 0.000000,
        "4" : 100.000000,
        "8" : 0.000000,
        "16" : 0.000000,
        "32" : 0.000000,
        "64" : 0.000000,
        ">=64" : 0.000000
      },
      "latency_ns" : {
        "2" : 0.000000,
        "4" : 0.000000,
        "10" : 0.000000,
        "20" : 0.000000,
        "50" : 0.000000,
        "100" : 0.000000,
        "250" : 0.000000,
        "500" : 0.000000,
        "750" : 0.000000,
        "1000" : 0.000000
      },
      "latency_us" : {
        "2" : 0.000000,
        "4" : 0.000000,
        "10" : 0.000000,
        "20" : 0.000000,
        "50" : 0.000000,
        "100" : 0.000000,
        "250" : 0.000000,
        "500" : 0.000000,
        "750" : 0.000000,
        "1000" : 0.000000
      },
      "latency_ms" : {
        "2" : 0.000000,
        "4" : 0.000000,
        "10" : 0.206840,
        "20" : 0.111897,
        "50" : 82.806248,
        "100" : 15.956100,
        "250" : 0.912132,
        "500" : 0.010000,
        "750" : 0.000000,
        "1000" : 0.000000,
        "2000" : 0.000000,
        ">=2000" : 0.000000
      },
      "latency_depth" : 4,
      "latency_target" : 0,
      "latency_percentile" : 100.000000,
      "latency_window" : 0
    }
  ]
}
