{
  "fio version" : "fio-3.23",
  "timestamp" : 1757514240,
  "timestamp_ms" : 1757514240204,
  "time" : "Wed Sep 10 14:24:00 2025",
  "jobs" : [
    {
      "jobname" : "RandW-4M-32-128",
      "groupid" : 0,
      "error" : 0,
      "eta" : 0,
      "elapsed" : 62,
      "job options" : {
        "name" : "RandW-4M-32-128",
        "rw" : "randwrite",
        "unified_rw_reporting" : "0",
        "bs" : "4M",
        "numjobs" : "32",
        "iodepth" : "128",
        "runtime" : "60",
        "directory" : "/tmp/e2sar/rgeorge-fio_test-m_RandW-4M-32-128",
        "direct" : "1",
        "buffered" : "0",
        "randrepeat" : "0",
        "size" : "128M",
        "ioengine" : "pvsync",
        "lat_percentiles" : "1"
      },
      "read" : {
        "io_bytes" : 0,
        "io_kbytes" : 0,
        "bw_bytes" : 0,
        "bw" : 0,
        "iops" : 0.000000,
        "runtime" : 0,
        "total_ios" : 0,
        "short_ios" : 0,
        "drop_ios" : 0,
        "slat_ns" : {
          "min" : 0,
          "max" : 0,
          "mean" : 0.000000,
          "stddev" : 0.000000,
          "N" : 0
        },
        "clat_ns" : {
          "min" : 0,
          "max" : 0,
          "mean" : 0.000000,
          "stddev" : 0.000000,
          "N" : 0
        },
        "lat_ns" : {
          "min" : 0,
          "max" : 0,
          "mean" : 0.000000,
          "stddev" : 0.000000,
          "N" : 0
        },
        "bw_min" : 0,
        "bw_max" : 0,
        "bw_agg" : 0.000000,
        "bw_mean" : 0.000000,
        "bw_dev" : 0.000000,
        "bw_samples" : 0,
        "iops_min" : 0,
        "iops_max" : 0,
        "iops_mean" : 0.000000,
        "iops_stddev" : 0.000000,
        "iops_samples" : 0
      },
      "write" : {
        "io_bytes" : 704034897920,
        "io_kbytes" : 687534080,
        "bw_bytes" : 11732546168,
        "bw" : 11457564,
        "iops" : 2797.256987,
        "runtime" : 60007,
        "total_ios" : 167855,
        "short_ios" : 0,
        "drop_ios" : 0,
        "slat_ns" : {
          "min" : 0,
          "max" : 0,
          "mean" : 0.000000,
          "stddev" : 0.000000,
          "N" : 0
        },
        "clat_ns" : {
          "min" : 3547785,
          "max" : 385802860,
          "mean" : 10378548.761824,
          "stddev" : 4095892.761887,
          "N" : 167855,
          "percentile" : {
            "1.000000" : 5537792,
            "5.000000" : 7307264,
            "10.000000" : 8028160,
            "20.000000" : 8716288,
            "30.000000" : 9240576,
            "40.000000" : 9764864,
            "50.000000" : 10289152,
            "60.000000" : 10682368,
            "70.000000" : 11206656,
            "80.000000" : 11862016,
            "90.000000" : 12648448,
            "95.000000" : 13434880,
            "99.000000" : 14745600,
            "99.500000" : 15269888,
            "99.900000" : 53215232,
            "99.950000" : 67633152,
            "99.990000" : 162529280
          }
        },
        "lat_ns" : {
          "min" : 3547915,
          "max" : 385802995,
          "mean" : 10378844.094278,
          "stddev" : 4095893.353286,
          "N" : 167855,
          "percentile" : {
            "1.000000" : 5537792,
            "5.000000" : 7307264,
            "10.000000" : 8028160,
            "20.000000" : 8716288,
            "30.000000" : 9240576,
            "40.000000" : 9764864,
            "50.000000" : 10289152,
            "60.000000" : 10682368,
            "70.000000" : 11206656,
            "80.000000" : 11862016,
            "90.000000" : 12648448,
            "95.000000" : 13434880,
            "99.000000" : 14745600,
            "99.500000" : 15269888,
            "99.900000" : 53215232,
            "99.950000" : 67633152,
            "99.990000" : 162529280
          }
        },
        "bw_min" : 7174620,
        "bw_max" : 14983295,
        "bw_agg" : 99.958241,
        "bw_mean" : 11452780.235294,
        "bw_dev" : 22857.163284,
        "bw_samples" : 3808,
        "iops_min" : 1747,
        "iops_max" : 3652,
        "iops_mean" : 2793.302521,
        "iops_stddev" : 5.592166,
        "iops_samples" : 3808
      },
      "trim" : {
        "io_bytes" : 0,
        "io_kbytes" : 0,
        "bw_bytes" : 0,
        "bw" : 0,
        "iops" : 0.000000,
        "runtime" : 0,
        "total_ios" : 0,
        "short_ios" : 0,
        "drop_ios" : 0,
        "slat_ns" : {
          "min" : 0,
          "max" : 0,
          "mean" : 0.000000,
          "stddev" : 0.000000,
          "N" : 0
        },
        "clat_ns" : {
          "min" : 0,
          "max" : 0,
          "mean" : 0.000000,
          "stddev" : 0.000000,
          "N" : 0
        },
        "lat_ns" : {
          "min" : 0,
          "max" : 0,
          "mean" : 0.000000,
          "stddev" : 0.000000,
          "N" : 0
        },
        "bw_min" : 0,
        "bw_max" : 0,
        "bw_agg" : 0.000000,
        "bw_mean" : 0.000000,
        "bw_dev" : 0.000000,
        "bw_samples" : 0,
        "iops_min" : 0,
        "iops_max" : 0,
        "iops_mean" : 0.000000,
        "iops_stddev" : 0.000000,
        "iops_samples" : 0
      },
      "sync" : {
        "total_ios" : 0,
        "lat_ns" : {
          "min" : 0,
          "max" : 0,
          "mean" : 0.000000,
          "stddev" : 0.000000,
          "N" : 0
        }
      },
      "job_runtime" : 1920084,
      "usr_cpu" : 9.294333,
      "sys_cpu" : 0.620650,
      "ctx" : 672179,
      "majf" : 0,
      "minf" : 320,
      "iodepth_level" : {
        "1" : 100.000000,
        "2" : 0.000000,
        "4" : 0.000000,
        "8" : 0.000000,
        "16" : 0.000000,
        "32" : 0.000000,
        ">=64" : 0.000000
      },
      "iodepth_submit" : {
        "0" : 0.000000,
        "4" : 100.000000,
        "8" : 0.000000,
        "16" : 0.000000,
        "32" : 0.000000,
        "64" : 0.000000,
        ">=64" : 0.000000
      },
      "iodepth_complete" : {
        "0" : 0.000000,
        "4" : 100.000000,
        "8" : 0.000000,
        "16" : 0.000000,
        "32" : 0.000000,
        "64" : 0.000000,
        ">=64" : 0.000000
      },
      "latency_ns" : {
        "2" : 0.000000,
        "4" : 0.000000,
        "10" : 0.000000,
        "20" : 0.000000,
        "50" : 0.000000,
        "100" : 0.000000,
        "250" : 0.000000,
        "500" : 0.000000,
        "750" : 0.000000,
        "1000" : 0.000000
      },
      "latency_us" : {
        "2" : 0.000000,
        "4" : 0.000000,
        "10" : 0.000000,
        "20" : 0.000000,
        "50" : 0.000000,
        "100" : 0.000000,
        "250" : 0.000000,
        "500" : 0.000000,
        "750" : 0.000000,
        "1000" : 0.000000
      },
      "latency_ms" : {
        "2" : 0.000000,
        "4" : 0.010000,
        "10" : 44.404397,
        "20" : 55.437133,
        "50" : 0.045277,
        "100" : 0.099491,
        "250" : 0.010000,
        "500" : 0.010000,
        "750" : 0.000000,
        "1000" : 0.000000,
        "2000" : 0.000000,
        ">=2000" : 0.000000
      },
      "latency_depth" : 128,
      "latency_target" : 0,
      "latency_percentile" : 100.000000,
      "latency_window" : 0
    }
  ]
}
