{
  "fio version" : "fio-3.23",
  "timestamp" : 1757509464,
  "timestamp_ms" : 1757509464339,
  "time" : "Wed Sep 10 13:04:24 2025",
  "jobs" : [
    {
      "jobname" : "RandR-4M-32-128",
      "groupid" : 0,
      "error" : 0,
      "eta" : 0,
      "elapsed" : 61,
      "job options" : {
        "name" : "RandR-4M-32-128",
        "rw" : "randread",
        "unified_rw_reporting" : "0",
        "bs" : "4M",
        "numjobs" : "32",
        "iodepth" : "128",
        "runtime" : "60",
        "directory" : "/tmp/e2sar/rgeorge-fio_test-m_RandR-4M-32-128",
        "direct" : "1",
        "buffered" : "0",
        "randrepeat" : "0",
        "size" : "128M",
        "ioengine" : "pvsync",
        "lat_percentiles" : "1"
      },
      "read" : {
        "io_bytes" : 177859461120,
        "io_kbytes" : 173690880,
        "bw_bytes" : 2962842930,
        "bw" : 2893401,
        "iops" : 706.396802,
        "runtime" : 60030,
        "total_ios" : 42405,
        "short_ios" : 0,
        "drop_ios" : 0,
        "slat_ns" : {
          "min" : 0,
          "max" : 0,
          "mean" : 0.000000,
          "stddev" : 0.000000,
          "N" : 0
        },
        "clat_ns" : {
          "min" : 9031448,
          "max" : 117196890,
          "mean" : 45269933.266313,
          "stddev" : 2185806.303842,
          "N" : 42405,
          "percentile" : {
            "1.000000" : 43253760,
            "5.000000" : 43778048,
            "10.000000" : 43778048,
            "20.000000" : 44302336,
            "30.000000" : 44826624,
            "40.000000" : 44826624,
            "50.000000" : 45350912,
            "60.000000" : 45350912,
            "70.000000" : 45875200,
            "80.000000" : 45875200,
            "90.000000" : 46399488,
            "95.000000" : 46923776,
            "99.000000" : 47972352,
            "99.500000" : 50069504,
            "99.900000" : 82313216,
            "99.950000" : 92798976,
            "99.990000" : 107479040
          }
        },
        "lat_ns" : {
          "min" : 9031535,
          "max" : 117196913,
          "mean" : 45269985.682137,
          "stddev" : 2185806.937953,
          "N" : 42405,
          "percentile" : {
            "1.000000" : 43253760,
            "5.000000" : 43778048,
            "10.000000" : 43778048,
            "20.000000" : 44302336,
            "30.000000" : 44826624,
            "40.000000" : 44826624,
            "50.000000" : 45350912,
            "60.000000" : 45350912,
            "70.000000" : 45875200,
            "80.000000" : 45875200,
            "90.000000" : 46399488,
            "95.000000" : 46923776,
            "99.000000" : 47972352,
            "99.500000" : 50069504,
            "99.900000" : 82313216,
            "99.950000" : 92798976,
            "99.990000" : 107479040
          }
        },
        "bw_min" : 2375532,
        "bw_max" : 3145728,
        "bw_agg" : 100.000000,
        "bw_mean" : 2896318.218487,
        "bw_dev" : 3039.108679,
        "bw_samples" : 3808,
        "iops_min" : 579,
        "iops_max" : 768,
        "iops_mean" : 707.100840,
        "iops_stddev" : 0.743543,
        "iops_samples" : 3808
      },
      "write" : {
        "io_bytes" : 0,
        "io_kbytes" : 0,
        "bw_bytes" : 0,
        "bw" : 0,
        "iops" : 0.000000,
        "runtime" : 0,
        "total_ios" : 0,
        "short_ios" : 0,
        "drop_ios" : 0,
        "slat_ns" : {
          "min" : 0,
          "max" : 0,
          "mean" : 0.000000,
          "stddev" : 0.000000,
          "N" : 0
        },
        "clat_ns" : {
          "min" : 0,
          "max" : 0,
          "mean" : 0.000000,
          "stddev" : 0.000000,
          "N" : 0
        },
        "lat_ns" : {
          "min" : 0,
          "max" : 0,
          "mean" : 0.000000,
          "stddev" : 0.000000,
          "N" : 0
        },
        "bw_min" : 0,
        "bw_max" : 0,
        "bw_agg" : 0.000000,
        "bw_mean" : 0.000000,
        "bw_dev" : 0.000000,
        "bw_samples" : 0,
        "iops_min" : 0,
        "iops_max" : 0,
        "iops_mean" : 0.000000,
        "iops_stddev" : 0.000000,
        "iops_samples" : 0
      },
      "trim" : {
        "io_bytes" : 0,
        "io_kbytes" : 0,
        "bw_bytes" : 0,
        "bw" : 0,
        "iops" : 0.000000,
        "runtime" : 0,
        "total_ios" : 0,
        "short_ios" : 0,
        "drop_ios" : 0,
        "slat_ns" : {
          "min" : 0,
          "max" : 0,
          "mean" : 0.000000,
          "stddev" : 0.000000,
          "N" : 0
        },
        "clat_ns" : {
          "min" : 0,
          "max" : 0,
          "mean" : 0.000000,
          "stddev" : 0.000000,
          "N" : 0
        },
        "lat_ns" : {
          "min" : 0,
          "max" : 0,
          "mean" : 0.000000,
          "stddev" : 0.000000,
          "N" : 0
        },
        "bw_min" : 0,
        "bw_max" : 0,
        "bw_agg" : 0.000000,
        "bw_mean" : 0.000000,
        "bw_dev" : 0.000000,
        "bw_samples" : 0,
        "iops_min" : 0,
        "iops_max" : 0,
        "iops_mean" : 0.000000,
        "iops_stddev" : 0.000000,
        "iops_samples" : 0
      },
      "sync" : {
        "total_ios" : 0,
        "lat_ns" : {
          "min" : 0,
          "max" : 0,
          "mean" : 0.000000,
          "stddev" : 0.000000,
          "N" : 0
        }
      },
      "job_runtime" : 1920570,
      "usr_cpu" : 0.002655,
      "sys_cpu" : 0.111009,
      "ctx" : 169781,
      "majf" : 0,
      "minf" : 15256,
      "iodepth_level" : {
        "1" : 100.000000,
        "2" : 0.000000,
        "4" : 0.000000,
        "8" : 0.000000,
        "16" : 0.000000,
        "32" : 0.000000,
        ">=64" : 0.000000
      },
      "iodepth_submit" : {
        "0" : 0.000000,
        "4" : 100.000000,
        "8" : 0.000000,
        "16" : 0.000000,
        "32" : 0.000000,
        "64" : 0.000000,
        ">=64" : 0.000000
      },
      "iodepth_complete" : {
        "0" : 0.000000,
        "4" : 100.000000,
        "8" : 0.000000,
        "16" : 0.000000,
        "32" : 0.000000,
        "64" : 0.000000,
        ">=64" : 0.000000
      },
      "latency_ns" : {
        "2" : 0.000000,
        "4" : 0.000000,
        "10" : 0.000000,
        "20" : 0.000000,
        "50" : 0.000000,
        "100" : 0.000000,
        "250" : 0.000000,
        "500" : 0.000000,
        "750" : 0.000000,
        "1000" : 0.000000
      },
      "latency_us" : {
        "2" : 0.000000,
        "4" : 0.000000,
        "10" : 0.000000,
        "20" : 0.000000,
        "50" : 0.000000,
        "100" : 0.000000,
        "250" : 0.000000,
        "500" : 0.000000,
        "750" : 0.000000,
        "1000" : 0.000000
      },
      "latency_ms" : {
        "2" : 0.000000,
        "4" : 0.000000,
        "10" : 0.010000,
        "20" : 0.010000,
        "50" : 99.500059,
        "100" : 0.474001,
        "250" : 0.021224,
        "500" : 0.000000,
        "750" : 0.000000,
        "1000" : 0.000000,
        "2000" : 0.000000,
        ">=2000" : 0.000000
      },
      "latency_depth" : 128,
      "latency_target" : 0,
      "latency_percentile" : 100.000000,
      "latency_window" : 0
    }
  ]
}
