{
  "fio version" : "fio-3.23",
  "timestamp" : 1757511705,
  "timestamp_ms" : 1757511705968,
  "time" : "Wed Sep 10 13:41:45 2025",
  "jobs" : [
    {
      "jobname" : "RandBal-4M-16-4",
      "groupid" : 0,
      "error" : 0,
      "eta" : 0,
      "elapsed" : 61,
      "job options" : {
        "name" : "RandBal-4M-16-4",
        "rw" : "randrw",
        "unified_rw_reporting" : "1",
        "bs" : "4M",
        "numjobs" : "16",
        "iodepth" : "4",
        "runtime" : "60",
        "directory" : "/tmp/e2sar/rgeorge-fio_test-m_RandBal-4M-16-4",
        "direct" : "1",
        "buffered" : "0",
        "randrepeat" : "0",
        "size" : "128M",
        "ioengine" : "pvsync",
        "lat_percentiles" : "1"
      },
      "mixed" : {
        "io_bytes" : 304061874176,
        "io_kbytes" : 296935424,
        "bw_bytes" : 5066937862,
        "bw" : 4948181,
        "iops" : 1208.052126,
        "runtime" : 60009,
        "total_ios" : 72494,
        "short_ios" : 0,
        "drop_ios" : 0,
        "slat_ns" : {
          "min" : 0,
          "max" : 0,
          "mean" : 0.000000,
          "stddev" : 0.000000,
          "N" : 0
        },
        "clat_ns" : {
          "min" : 3190667,
          "max" : 90098767,
          "mean" : 12834520.015919,
          "stddev" : 3808430.348329,
          "N" : 72494,
          "percentile" : {
            "1.000000" : 6979584,
            "5.000000" : 8355840,
            "10.000000" : 9109504,
            "20.000000" : 10289152,
            "30.000000" : 11075584,
            "40.000000" : 11730944,
            "50.000000" : 12386304,
            "60.000000" : 13041664,
            "70.000000" : 13828096,
            "80.000000" : 14745600,
            "90.000000" : 16187392,
            "95.000000" : 18219008,
            "99.000000" : 27394048,
            "99.500000" : 32112640,
            "99.900000" : 45350912,
            "99.950000" : 51642368,
            "99.990000" : 66846720
          }
        },
        "lat_ns" : {
          "min" : 3190748,
          "max" : 90098884,
          "mean" : 12834648.158151,
          "stddev" : 3808405.773357,
          "N" : 72494,
          "percentile" : {
            "1.000000" : 6979584,
            "5.000000" : 8355840,
            "10.000000" : 9109504,
            "20.000000" : 10289152,
            "30.000000" : 11075584,
            "40.000000" : 11730944,
            "50.000000" : 12386304,
            "60.000000" : 13041664,
            "70.000000" : 13828096,
            "80.000000" : 14745600,
            "90.000000" : 16187392,
            "95.000000" : 18219008,
            "99.000000" : 27394048,
            "99.500000" : 32112640,
            "99.900000" : 45350912,
            "99.950000" : 51642368,
            "99.990000" : 66846720
          }
        },
        "bw_min" : 2850816,
        "bw_max" : 7143424,
        "bw_agg" : 100.000000,
        "bw_mean" : 4956155.319328,
        "bw_dev" : 25471.088961,
        "bw_samples" : 3808,
        "iops_min" : 696,
        "iops_max" : 1744,
        "iops_mean" : 1209.983193,
        "iops_stddev" : 6.218835,
        "iops_samples" : 3808
      },
      "job_runtime" : 960062,
      "usr_cpu" : 3.046574,
      "sys_cpu" : 0.366539,
      "ctx" : 290105,
      "majf" : 0,
      "minf" : 250,
      "iodepth_level" : {
        "1" : 100.000000,
        "2" : 0.000000,
        "4" : 0.000000,
        "8" : 0.000000,
        "16" : 0.000000,
        "32" : 0.000000,
        ">=64" : 0.000000
      },
      "iodepth_submit" : {
        "0" : 0.000000,
        "4" : 100.000000,
        "8" : 0.000000,
        "16" : 0.000000,
        "32" : 0.000000,
        "64" : 0.000000,
        ">=64" : 0.000000
      },
      "iodepth_complete" : {
        "0" : 0.000000,
        "4" : 100.000000,
        "8" : 0.000000,
        "16" : 0.000000,
        "32" : 0.000000,
        "64" : 0.000000,
        ">=64" : 0.000000
      },
      "latency_ns" : {
        "2" : 0.000000,
        "4" : 0.000000,
        "10" : 0.000000,
        "20" : 0.000000,
        "50" : 0.000000,
        "100" : 0.000000,
        "250" : 0.000000,
        "500" : 0.000000,
        "750" : 0.000000,
        "1000" : 0.000000
      },
      "latency_us" : {
        "2" : 0.000000,
        "4" : 0.000000,
        "10" : 0.000000,
        "20" : 0.000000,
        "50" : 0.000000,
        "100" : 0.000000,
        "250" : 0.000000,
        "500" : 0.000000,
        "750" : 0.000000,
        "1000" : 0.000000
      },
      "latency_ms" : {
        "2" : 0.000000,
        "4" : 0.010000,
        "10" : 17.394543,
        "20" : 79.127928,
        "50" : 3.407179,
        "100" : 0.062074,
        "250" : 0.000000,
        "500" : 0.000000,
        "750" : 0.000000,
        "1000" : 0.000000,
        "2000" : 0.000000,
        ">=2000" : 0.000000
      },
      "latency_depth" : 4,
      "latency_target" : 0,
      "latency_percentile" : 100.000000,
      "latency_window" : 0
    }
  ]
}
