{
  "fio version" : "fio-3.23",
  "timestamp" : 1757513647,
  "timestamp_ms" : 1757513647090,
  "time" : "Wed Sep 10 14:14:07 2025",
  "jobs" : [
    {
      "jobname" : "RandWH-4M-128-4",
      "groupid" : 0,
      "error" : 0,
      "eta" : 0,
      "elapsed" : 62,
      "job options" : {
        "name" : "RandWH-4M-128-4",
        "rw" : "randrw",
        "rwmixread" : "20",
        "unified_rw_reporting" : "1",
        "bs" : "4M",
        "numjobs" : "128",
        "iodepth" : "4",
        "runtime" : "60",
        "directory" : "/tmp/e2sar/rgeorge-fio_test-m_RandWH-4M-128-4",
        "direct" : "1",
        "buffered" : "0",
        "randrepeat" : "0",
        "size" : "128M",
        "ioengine" : "pvsync",
        "lat_percentiles" : "1"
      },
      "mixed" : {
        "io_bytes" : 377986482176,
        "io_kbytes" : 369127424,
        "bw_bytes" : 6286572899,
        "bw" : 6139231,
        "iops" : 1498.835778,
        "runtime" : 60126,
        "total_ios" : 90119,
        "short_ios" : 0,
        "drop_ios" : 0,
        "slat_ns" : {
          "min" : 0,
          "max" : 0,
          "mean" : 0.000000,
          "stddev" : 0.000000,
          "N" : 0
        },
        "clat_ns" : {
          "min" : 4067867,
          "max" : 636247315,
          "mean" : 83957336.795437,
          "stddev" : 31567739.644127,
          "N" : 90119,
          "percentile" : {
            "1.000000" : 54263808,
            "5.000000" : 62652416,
            "10.000000" : 66322432,
            "20.000000" : 69730304,
            "30.000000" : 72876032,
            "40.000000" : 74973184,
            "50.000000" : 77070336,
            "60.000000" : 79167488,
            "70.000000" : 82313216,
            "80.000000" : 86507520,
            "90.000000" : 98041856,
            "95.000000" : 137363456,
            "99.000000" : 248512512,
            "99.500000" : 270532608,
            "99.900000" : 325058560,
            "99.950000" : 354418688,
            "99.990000" : 421527552
          }
        },
        "lat_ns" : {
          "min" : 4067994,
          "max" : 636247560,
          "mean" : 83957732.483849,
          "stddev" : 31567718.677398,
          "N" : 90119,
          "percentile" : {
            "1.000000" : 54263808,
            "5.000000" : 62652416,
            "10.000000" : 66322432,
            "20.000000" : 69730304,
            "30.000000" : 72876032,
            "40.000000" : 74973184,
            "50.000000" : 77070336,
            "60.000000" : 79167488,
            "70.000000" : 82313216,
            "80.000000" : 86507520,
            "90.000000" : 98041856,
            "95.000000" : 137363456,
            "99.000000" : 248512512,
            "99.500000" : 270532608,
            "99.900000" : 325058560,
            "99.950000" : 354418688,
            "99.990000" : 421527552
          }
        },
        "bw_min" : 2414339,
        "bw_max" : 12599214,
        "bw_agg" : 100.000000,
        "bw_mean" : 6614597.799977,
        "bw_dev" : 9469.749451,
        "bw_samples" : 26441,
        "iops_min" : 465,
        "iops_max" : 3075,
        "iops_mean" : 1606.172498,
        "iops_stddev" : 2.325950,
        "iops_samples" : 26441
      },
      "job_runtime" : 7684397,
      "usr_cpu" : 1.024817,
      "sys_cpu" : 0.098654,
      "ctx" : 363742,
      "majf" : 0,
      "minf" : 1893,
      "iodepth_level" : {
        "1" : 100.000000,
        "2" : 0.000000,
        "4" : 0.000000,
        "8" : 0.000000,
        "16" : 0.000000,
        "32" : 0.000000,
        ">=64" : 0.000000
      },
      "iodepth_submit" : {
        "0" : 0.000000,
        "4" : 100.000000,
        "8" : 0.000000,
        "16" : 0.000000,
        "32" : 0.000000,
        "64" : 0.000000,
        ">=64" : 0.000000
      },
      "iodepth_complete" : {
        "0" : 0.000000,
        "4" : 100.000000,
        "8" : 0.000000,
        "16" : 0.000000,
        "32" : 0.000000,
        "64" : 0.000000,
        ">=64" : 0.000000
      },
      "latency_ns" : {
        "2" : 0.000000,
        "4" : 0.000000,
        "10" : 0.000000,
        "20" : 0.000000,
        "50" : 0.000000,
        "100" : 0.000000,
        "250" : 0.000000,
        "500" : 0.000000,
        "750" : 0.000000,
        "1000" : 0.000000
      },
      "latency_us" : {
        "2" : 0.000000,
        "4" : 0.000000,
        "10" : 0.000000,
        "20" : 0.000000,
        "50" : 0.000000,
        "100" : 0.000000,
        "250" : 0.000000,
        "500" : 0.000000,
        "750" : 0.000000,
        "1000" : 0.000000
      },
      "latency_ms" : {
        "2" : 0.000000,
        "4" : 0.000000,
        "10" : 0.096539,
        "20" : 0.152021,
        "50" : 0.487134,
        "100" : 89.998779,
        "250" : 8.285711,
        "500" : 0.974267,
        "750" : 0.010000,
        "1000" : 0.000000,
        "2000" : 0.000000,
        ">=2000" : 0.000000
      },
      "latency_depth" : 4,
      "latency_target" : 0,
      "latency_percentile" : 100.000000,
      "latency_window" : 0
    }
  ]
}
