{
  "fio version" : "fio-3.23",
  "timestamp" : 1757513937,
  "timestamp_ms" : 1757513937943,
  "time" : "Wed Sep 10 14:18:57 2025",
  "jobs" : [
    {
      "jobname" : "RandWH-4M-128-64",
      "groupid" : 0,
      "error" : 0,
      "eta" : 0,
      "elapsed" : 63,
      "job options" : {
        "name" : "RandWH-4M-128-64",
        "rw" : "randrw",
        "rwmixread" : "20",
        "unified_rw_reporting" : "1",
        "bs" : "4M",
        "numjobs" : "128",
        "iodepth" : "64",
        "runtime" : "60",
        "directory" : "/tmp/e2sar/rgeorge-fio_test-m_RandWH-4M-128-64",
        "direct" : "1",
        "buffered" : "0",
        "randrepeat" : "0",
        "size" : "128M",
        "ioengine" : "pvsync",
        "lat_percentiles" : "1"
      },
      "mixed" : {
        "io_bytes" : 386693857280,
        "io_kbytes" : 377630720,
        "bw_bytes" : 6429894534,
        "bw" : 6279193,
        "iops" : 1533.006319,
        "runtime" : 60140,
        "total_ios" : 92195,
        "short_ios" : 0,
        "drop_ios" : 0,
        "slat_ns" : {
          "min" : 0,
          "max" : 0,
          "mean" : 0.000000,
          "stddev" : 0.000000,
          "N" : 0
        },
        "clat_ns" : {
          "min" : 4057495,
          "max" : 659568795,
          "mean" : 82355205.713336,
          "stddev" : 31708489.948224,
          "N" : 92195,
          "percentile" : {
            "1.000000" : 33816576,
            "5.000000" : 60030976,
            "10.000000" : 63700992,
            "20.000000" : 67633152,
            "30.000000" : 70778880,
            "40.000000" : 73924608,
            "50.000000" : 76021760,
            "60.000000" : 79167488,
            "70.000000" : 82313216,
            "80.000000" : 86507520,
            "90.000000" : 96993280,
            "95.000000" : 133693440,
            "99.000000" : 248512512,
            "99.500000" : 274726912,
            "99.900000" : 325058560,
            "99.950000" : 346030080,
            "99.990000" : 450887680
          }
        },
        "lat_ns" : {
          "min" : 4057775,
          "max" : 659569013,
          "mean" : 82355645.988210,
          "stddev" : 31708464.100782,
          "N" : 92195,
          "percentile" : {
            "1.000000" : 33816576,
            "5.000000" : 60030976,
            "10.000000" : 63700992,
            "20.000000" : 67633152,
            "30.000000" : 70778880,
            "40.000000" : 73924608,
            "50.000000" : 76021760,
            "60.000000" : 79167488,
            "70.000000" : 82313216,
            "80.000000" : 86507520,
            "90.000000" : 96993280,
            "95.000000" : 133693440,
            "99.000000" : 248512512,
            "99.500000" : 274726912,
            "99.900000" : 325058560,
            "99.950000" : 346030080,
            "99.990000" : 450887680
          }
        },
        "bw_min" : 2299987,
        "bw_max" : 15069184,
        "bw_agg" : 100.000000,
        "bw_mean" : 6720348.649063,
        "bw_dev" : 10382.394877,
        "bw_samples" : 26500,
        "iops_min" : 436,
        "iops_max" : 3658,
        "iops_mean" : 1622.845335,
        "iops_stddev" : 2.542751,
        "iops_samples" : 26500
      },
      "job_runtime" : 7682775,
      "usr_cpu" : 1.063847,
      "sys_cpu" : 0.127376,
      "ctx" : 374089,
      "majf" : 0,
      "minf" : 1814,
      "iodepth_level" : {
        "1" : 100.000000,
        "2" : 0.000000,
        "4" : 0.000000,
        "8" : 0.000000,
        "16" : 0.000000,
        "32" : 0.000000,
        ">=64" : 0.000000
      },
      "iodepth_submit" : {
        "0" : 0.000000,
        "4" : 100.000000,
        "8" : 0.000000,
        "16" : 0.000000,
        "32" : 0.000000,
        "64" : 0.000000,
        ">=64" : 0.000000
      },
      "iodepth_complete" : {
        "0" : 0.000000,
        "4" : 100.000000,
        "8" : 0.000000,
        "16" : 0.000000,
        "32" : 0.000000,
        "64" : 0.000000,
        ">=64" : 0.000000
      },
      "latency_ns" : {
        "2" : 0.000000,
        "4" : 0.000000,
        "10" : 0.000000,
        "20" : 0.000000,
        "50" : 0.000000,
        "100" : 0.000000,
        "250" : 0.000000,
        "500" : 0.000000,
        "750" : 0.000000,
        "1000" : 0.000000
      },
      "latency_us" : {
        "2" : 0.000000,
        "4" : 0.000000,
        "10" : 0.000000,
        "20" : 0.000000,
        "50" : 0.000000,
        "100" : 0.000000,
        "250" : 0.000000,
        "500" : 0.000000,
        "750" : 0.000000,
        "1000" : 0.000000
      },
      "latency_ms" : {
        "2" : 0.000000,
        "4" : 0.000000,
        "10" : 0.317805,
        "20" : 0.225609,
        "50" : 1.162753,
        "100" : 89.055806,
        "250" : 8.259667,
        "500" : 0.976192,
        "750" : 0.010000,
        "1000" : 0.000000,
        "2000" : 0.000000,
        ">=2000" : 0.000000
      },
      "latency_depth" : 64,
      "latency_target" : 0,
      "latency_percentile" : 100.000000,
      "latency_window" : 0
    }
  ]
}
