{
  "fio version" : "fio-3.23",
  "timestamp" : 1757507688,
  "timestamp_ms" : 1757507688876,
  "time" : "Wed Sep 10 12:34:48 2025",
  "jobs" : [
    {
      "jobname" : "SeqBal-4M-128-16",
      "groupid" : 0,
      "error" : 0,
      "eta" : 0,
      "elapsed" : 62,
      "job options" : {
        "name" : "SeqBal-4M-128-16",
        "rw" : "rw",
        "unified_rw_reporting" : "1",
        "bs" : "4M",
        "numjobs" : "128",
        "iodepth" : "16",
        "runtime" : "60",
        "directory" : "/tmp/e2sar/rgeorge-fio_test-m_SeqBal-4M-128-16",
        "direct" : "1",
        "buffered" : "0",
        "randrepeat" : "0",
        "size" : "128M",
        "ioengine" : "pvsync",
        "lat_percentiles" : "1"
      },
      "mixed" : {
        "io_bytes" : 205701251072,
        "io_kbytes" : 200880128,
        "bw_bytes" : 3420373313,
        "bw" : 3340208,
        "iops" : 815.480545,
        "runtime" : 60140,
        "total_ios" : 49043,
        "short_ios" : 0,
        "drop_ios" : 0,
        "slat_ns" : {
          "min" : 0,
          "max" : 0,
          "mean" : 0.000000,
          "stddev" : 0.000000,
          "N" : 0
        },
        "clat_ns" : {
          "min" : 3240858,
          "max" : 394347242,
          "mean" : 155743949.080766,
          "stddev" : 31788500.616947,
          "N" : 49043,
          "percentile" : {
            "1.000000" : 109576192,
            "5.000000" : 132644864,
            "10.000000" : 137363456,
            "20.000000" : 141557760,
            "30.000000" : 145752064,
            "40.000000" : 147849216,
            "50.000000" : 152043520,
            "60.000000" : 154140672,
            "70.000000" : 158334976,
            "80.000000" : 162529280,
            "90.000000" : 168820736,
            "95.000000" : 185597952,
            "99.000000" : 320864256,
            "99.500000" : 333447168,
            "99.900000" : 358612992,
            "99.950000" : 371195904,
            "99.990000" : 383778816
          }
        },
        "lat_ns" : {
          "min" : 3240927,
          "max" : 394347557,
          "mean" : 155744286.942540,
          "stddev" : 31788493.043869,
          "N" : 49043,
          "percentile" : {
            "1.000000" : 109576192,
            "5.000000" : 132644864,
            "10.000000" : 137363456,
            "20.000000" : 141557760,
            "30.000000" : 145752064,
            "40.000000" : 147849216,
            "50.000000" : 152043520,
            "60.000000" : 154140672,
            "70.000000" : 158334976,
            "80.000000" : 162529280,
            "90.000000" : 168820736,
            "95.000000" : 185597952,
            "99.000000" : 320864256,
            "99.500000" : 333447168,
            "99.900000" : 358612992,
            "99.950000" : 371195904,
            "99.990000" : 383778816
          }
        },
        "bw_min" : 2091658,
        "bw_max" : 8895640,
        "bw_agg" : 100.000000,
        "bw_mean" : 3801688.897471,
        "bw_dev" : 6503.933120,
        "bw_samples" : 26801,
        "iops_min" : 264,
        "iops_max" : 2162,
        "iops_mean" : 910.048800,
        "iops_stddev" : 1.613774,
        "iops_samples" : 26801
      },
      "job_runtime" : 7685445,
      "usr_cpu" : 0.302051,
      "sys_cpu" : 0.035170,
      "ctx" : 197220,
      "majf" : 0,
      "minf" : 1854,
      "iodepth_level" : {
        "1" : 100.000000,
        "2" : 0.000000,
        "4" : 0.000000,
        "8" : 0.000000,
        "16" : 0.000000,
        "32" : 0.000000,
        ">=64" : 0.000000
      },
      "iodepth_submit" : {
        "0" : 0.000000,
        "4" : 100.000000,
        "8" : 0.000000,
        "16" : 0.000000,
        "32" : 0.000000,
        "64" : 0.000000,
        ">=64" : 0.000000
      },
      "iodepth_complete" : {
        "0" : 0.000000,
        "4" : 100.000000,
        "8" : 0.000000,
        "16" : 0.000000,
        "32" : 0.000000,
        "64" : 0.000000,
        ">=64" : 0.000000
      },
      "latency_ns" : {
        "2" : 0.000000,
        "4" : 0.000000,
        "10" : 0.000000,
        "20" : 0.000000,
        "50" : 0.000000,
        "100" : 0.000000,
        "250" : 0.000000,
        "500" : 0.000000,
        "750" : 0.000000,
        "1000" : 0.000000
      },
      "latency_us" : {
        "2" : 0.000000,
        "4" : 0.000000,
        "10" : 0.000000,
        "20" : 0.000000,
        "50" : 0.000000,
        "100" : 0.000000,
        "250" : 0.000000,
        "500" : 0.000000,
        "750" : 0.000000,
        "1000" : 0.000000
      },
      "latency_ms" : {
        "2" : 0.000000,
        "4" : 0.010000,
        "10" : 0.077483,
        "20" : 0.150888,
        "50" : 0.218176,
        "100" : 0.460820,
        "250" : 96.036132,
        "500" : 3.052423,
        "750" : 0.000000,
        "1000" : 0.000000,
        "2000" : 0.000000,
        ">=2000" : 0.000000
      },
      "latency_depth" : 16,
      "latency_target" : 0,
      "latency_percentile" : 100.000000,
      "latency_window" : 0
    }
  ]
}
