{
  "fio version" : "fio-3.23",
  "timestamp" : 1757512351,
  "timestamp_ms" : 1757512351303,
  "time" : "Wed Sep 10 13:52:31 2025",
  "jobs" : [
    {
      "jobname" : "RandBal-4M-64-128",
      "groupid" : 0,
      "error" : 0,
      "eta" : 0,
      "elapsed" : 62,
      "job options" : {
        "name" : "RandBal-4M-64-128",
        "rw" : "randrw",
        "unified_rw_reporting" : "1",
        "bs" : "4M",
        "numjobs" : "64",
        "iodepth" : "128",
        "runtime" : "60",
        "directory" : "/tmp/e2sar/rgeorge-fio_test-m_RandBal-4M-64-128",
        "direct" : "1",
        "buffered" : "0",
        "randrepeat" : "0",
        "size" : "128M",
        "ioengine" : "pvsync",
        "lat_percentiles" : "1"
      },
      "mixed" : {
        "io_bytes" : 244213350400,
        "io_kbytes" : 238489600,
        "bw_bytes" : 4066698035,
        "bw" : 3971384,
        "iops" : 969.576367,
        "runtime" : 60052,
        "total_ios" : 58225,
        "short_ios" : 0,
        "drop_ios" : 0,
        "slat_ns" : {
          "min" : 0,
          "max" : 0,
          "mean" : 0.000000,
          "stddev" : 0.000000,
          "N" : 0
        },
        "clat_ns" : {
          "min" : 3080853,
          "max" : 362312547,
          "mean" : 65441140.320481,
          "stddev" : 16905543.486608,
          "N" : 58225,
          "percentile" : {
            "1.000000" : 22151168,
            "5.000000" : 51642368,
            "10.000000" : 54788096,
            "20.000000" : 57933824,
            "30.000000" : 60030976,
            "40.000000" : 61603840,
            "50.000000" : 63176704,
            "60.000000" : 65273856,
            "70.000000" : 66846720,
            "80.000000" : 69730304,
            "90.000000" : 72876032,
            "95.000000" : 91750400,
            "99.000000" : 141557760,
            "99.500000" : 160432128,
            "99.900000" : 200278016,
            "99.950000" : 214958080,
            "99.990000" : 270532608
          }
        },
        "lat_ns" : {
          "min" : 3081036,
          "max" : 362312769,
          "mean" : 65441391.932331,
          "stddev" : 16905522.136887,
          "N" : 58225,
          "percentile" : {
            "1.000000" : 22151168,
            "5.000000" : 51642368,
            "10.000000" : 54788096,
            "20.000000" : 57933824,
            "30.000000" : 60030976,
            "40.000000" : 61603840,
            "50.000000" : 63176704,
            "60.000000" : 65273856,
            "70.000000" : 66846720,
            "80.000000" : 69730304,
            "90.000000" : 72876032,
            "95.000000" : 91750400,
            "99.000000" : 141557760,
            "99.500000" : 160432128,
            "99.900000" : 200278016,
            "99.950000" : 214958080,
            "99.990000" : 270532608
          }
        },
        "bw_min" : 1055458,
        "bw_max" : 9941208,
        "bw_agg" : 100.000000,
        "bw_mean" : 3990966.912062,
        "bw_dev" : 12512.869874,
        "bw_samples" : 15112,
        "iops_min" : 255,
        "iops_max" : 2419,
        "iops_mean" : 973.727581,
        "iops_stddev" : 3.050800,
        "iops_samples" : 15112
      },
      "job_runtime" : 3841163,
      "usr_cpu" : 0.772240,
      "sys_cpu" : 0.101245,
      "ctx" : 233533,
      "majf" : 0,
      "minf" : 872,
      "iodepth_level" : {
        "1" : 100.000000,
        "2" : 0.000000,
        "4" : 0.000000,
        "8" : 0.000000,
        "16" : 0.000000,
        "32" : 0.000000,
        ">=64" : 0.000000
      },
      "iodepth_submit" : {
        "0" : 0.000000,
        "4" : 100.000000,
        "8" : 0.000000,
        "16" : 0.000000,
        "32" : 0.000000,
        "64" : 0.000000,
        ">=64" : 0.000000
      },
      "iodepth_complete" : {
        "0" : 0.000000,
        "4" : 100.000000,
        "8" : 0.000000,
        "16" : 0.000000,
        "32" : 0.000000,
        "64" : 0.000000,
        ">=64" : 0.000000
      },
      "latency_ns" : {
        "2" : 0.000000,
        "4" : 0.000000,
        "10" : 0.000000,
        "20" : 0.000000,
        "50" : 0.000000,
        "100" : 0.000000,
        "250" : 0.000000,
        "500" : 0.000000,
        "750" : 0.000000,
        "1000" : 0.000000
      },
      "latency_us" : {
        "2" : 0.000000,
        "4" : 0.000000,
        "10" : 0.000000,
        "20" : 0.000000,
        "50" : 0.000000,
        "100" : 0.000000,
        "250" : 0.000000,
        "500" : 0.000000,
        "750" : 0.000000,
        "1000" : 0.000000
      },
      "latency_ms" : {
        "2" : 0.000000,
        "4" : 0.029197,
        "10" : 0.298841,
        "20" : 0.542722,
        "50" : 2.742808,
        "100" : 92.219837,
        "250" : 4.151138,
        "500" : 0.015457,
        "750" : 0.000000,
        "1000" : 0.000000,
        "2000" : 0.000000,
        ">=2000" : 0.000000
      },
      "latency_depth" : 128,
      "latency_target" : 0,
      "latency_percentile" : 100.000000,
      "latency_window" : 0
    }
  ]
}
