{
  "fio version" : "fio-3.23",
  "timestamp" : 1757509032,
  "timestamp_ms" : 1757509032083,
  "time" : "Wed Sep 10 12:57:12 2025",
  "jobs" : [
    {
      "jobname" : "SeqW-4M-128-16",
      "groupid" : 0,
      "error" : 0,
      "eta" : 0,
      "elapsed" : 62,
      "job options" : {
        "name" : "SeqW-4M-128-16",
        "rw" : "write",
        "unified_rw_reporting" : "0",
        "bs" : "4M",
        "numjobs" : "128",
        "iodepth" : "16",
        "runtime" : "60",
        "directory" : "/tmp/e2sar/rgeorge-fio_test-m_SeqW-4M-128-16",
        "direct" : "1",
        "buffered" : "0",
        "randrepeat" : "0",
        "size" : "128M",
        "ioengine" : "pvsync",
        "lat_percentiles" : "1"
      },
      "read" : {
        "io_bytes" : 0,
        "io_kbytes" : 0,
        "bw_bytes" : 0,
        "bw" : 0,
        "iops" : 0.000000,
        "runtime" : 0,
        "total_ios" : 0,
        "short_ios" : 0,
        "drop_ios" : 0,
        "slat_ns" : {
          "min" : 0,
          "max" : 0,
          "mean" : 0.000000,
          "stddev" : 0.000000,
          "N" : 0
        },
        "clat_ns" : {
          "min" : 0,
          "max" : 0,
          "mean" : 0.000000,
          "stddev" : 0.000000,
          "N" : 0
        },
        "lat_ns" : {
          "min" : 0,
          "max" : 0,
          "mean" : 0.000000,
          "stddev" : 0.000000,
          "N" : 0
        },
        "bw_min" : 0,
        "bw_max" : 0,
        "bw_agg" : 0.000000,
        "bw_mean" : 0.000000,
        "bw_dev" : 0.000000,
        "bw_samples" : 0,
        "iops_min" : 0,
        "iops_max" : 0,
        "iops_mean" : 0.000000,
        "iops_stddev" : 0.000000,
        "iops_samples" : 0
      },
      "write" : {
        "io_bytes" : 905722200064,
        "io_kbytes" : 884494336,
        "bw_bytes" : 15073513406,
        "bw" : 14720227,
        "iops" : 3593.805648,
        "runtime" : 60087,
        "total_ios" : 215941,
        "short_ios" : 0,
        "drop_ios" : 0,
        "slat_ns" : {
          "min" : 0,
          "max" : 0,
          "mean" : 0.000000,
          "stddev" : 0.000000,
          "N" : 0
        },
        "clat_ns" : {
          "min" : 4720054,
          "max" : 136238828,
          "mean" : 34041668.379131,
          "stddev" : 7150332.544491,
          "N" : 215941,
          "percentile" : {
            "1.000000" : 22675456,
            "5.000000" : 26607616,
            "10.000000" : 28180480,
            "20.000000" : 30015488,
            "30.000000" : 31326208,
            "40.000000" : 32374784,
            "50.000000" : 33423360,
            "60.000000" : 34865152,
            "70.000000" : 35913728,
            "80.000000" : 37486592,
            "90.000000" : 39583744,
            "95.000000" : 41680896,
            "99.000000" : 45875200,
            "99.500000" : 56360960,
            "99.900000" : 122159104,
            "99.950000" : 125304832,
            "99.990000" : 131596288
          }
        },
        "lat_ns" : {
          "min" : 4720218,
          "max" : 136239166,
          "mean" : 34042257.362293,
          "stddev" : 7150343.985597,
          "N" : 215941,
          "percentile" : {
            "1.000000" : 22675456,
            "5.000000" : 26607616,
            "10.000000" : 28180480,
            "20.000000" : 30015488,
            "30.000000" : 31326208,
            "40.000000" : 32374784,
            "50.000000" : 33423360,
            "60.000000" : 34865152,
            "70.000000" : 35913728,
            "80.000000" : 37486592,
            "90.000000" : 39583744,
            "95.000000" : 41680896,
            "99.000000" : 45875200,
            "99.500000" : 56360960,
            "99.900000" : 122159104,
            "99.950000" : 125304832,
            "99.990000" : 131596288
          }
        },
        "bw_min" : 9855354,
        "bw_max" : 19577539,
        "bw_agg" : 100.000000,
        "bw_mean" : 14775983.177838,
        "bw_dev" : 9897.051613,
        "bw_samples" : 15204,
        "iops_min" : 2362,
        "iops_max" : 4776,
        "iops_mean" : 3589.518029,
        "iops_stddev" : 2.463946,
        "iops_samples" : 15204
      },
      "trim" : {
        "io_bytes" : 0,
        "io_kbytes" : 0,
        "bw_bytes" : 0,
        "bw" : 0,
        "iops" : 0.000000,
        "runtime" : 0,
        "total_ios" : 0,
        "short_ios" : 0,
        "drop_ios" : 0,
        "slat_ns" : {
          "min" : 0,
          "max" : 0,
          "mean" : 0.000000,
          "stddev" : 0.000000,
          "N" : 0
        },
        "clat_ns" : {
          "min" : 0,
          "max" : 0,
          "mean" : 0.000000,
          "stddev" : 0.000000,
          "N" : 0
        },
        "lat_ns" : {
          "min" : 0,
          "max" : 0,
          "mean" : 0.000000,
          "stddev" : 0.000000,
          "N" : 0
        },
        "bw_min" : 0,
        "bw_max" : 0,
        "bw_agg" : 0.000000,
        "bw_mean" : 0.000000,
        "bw_dev" : 0.000000,
        "bw_samples" : 0,
        "iops_min" : 0,
        "iops_max" : 0,
        "iops_mean" : 0.000000,
        "iops_stddev" : 0.000000,
        "iops_samples" : 0
      },
      "sync" : {
        "total_ios" : 0,
        "lat_ns" : {
          "min" : 0,
          "max" : 0,
          "mean" : 0.000000,
          "stddev" : 0.000000,
          "N" : 0
        }
      },
      "job_runtime" : 7681523,
      "usr_cpu" : 3.571453,
      "sys_cpu" : 0.309561,
      "ctx" : 891528,
      "majf" : 0,
      "minf" : 1457,
      "iodepth_level" : {
        "1" : 100.000000,
        "2" : 0.000000,
        "4" : 0.000000,
        "8" : 0.000000,
        "16" : 0.000000,
        "32" : 0.000000,
        ">=64" : 0.000000
      },
      "iodepth_submit" : {
        "0" : 0.000000,
        "4" : 100.000000,
        "8" : 0.000000,
        "16" : 0.000000,
        "32" : 0.000000,
        "64" : 0.000000,
        ">=64" : 0.000000
      },
      "iodepth_complete" : {
        "0" : 0.000000,
        "4" : 100.000000,
        "8" : 0.000000,
        "16" : 0.000000,
        "32" : 0.000000,
        "64" : 0.000000,
        ">=64" : 0.000000
      },
      "latency_ns" : {
        "2" : 0.000000,
        "4" : 0.000000,
        "10" : 0.000000,
        "20" : 0.000000,
        "50" : 0.000000,
        "100" : 0.000000,
        "250" : 0.000000,
        "500" : 0.000000,
        "750" : 0.000000,
        "1000" : 0.000000
      },
      "latency_us" : {
        "2" : 0.000000,
        "4" : 0.000000,
        "10" : 0.000000,
        "20" : 0.000000,
        "50" : 0.000000,
        "100" : 0.000000,
        "250" : 0.000000,
        "500" : 0.000000,
        "750" : 0.000000,
        "1000" : 0.000000
      },
      "latency_ms" : {
        "2" : 0.000000,
        "4" : 0.000000,
        "10" : 0.150041,
        "20" : 0.411687,
        "50" : 98.877008,
        "100" : 0.194961,
        "250" : 0.366304,
        "500" : 0.000000,
        "750" : 0.000000,
        "1000" : 0.000000,
        "2000" : 0.000000,
        ">=2000" : 0.000000
      },
      "latency_depth" : 16,
      "latency_target" : 0,
      "latency_percentile" : 100.000000,
      "latency_window" : 0
    }
  ]
}
