{
  "fio version" : "fio-3.23",
  "timestamp" : 1757512268,
  "timestamp_ms" : 1757512268709,
  "time" : "Wed Sep 10 13:51:08 2025",
  "jobs" : [
    {
      "jobname" : "RandBal-4M-64-64",
      "groupid" : 0,
      "error" : 0,
      "eta" : 0,
      "elapsed" : 62,
      "job options" : {
        "name" : "RandBal-4M-64-64",
        "rw" : "randrw",
        "unified_rw_reporting" : "1",
        "bs" : "4M",
        "numjobs" : "64",
        "iodepth" : "64",
        "runtime" : "60",
        "directory" : "/tmp/e2sar/rgeorge-fio_test-m_RandBal-4M-64-64",
        "direct" : "1",
        "buffered" : "0",
        "randrepeat" : "0",
        "size" : "128M",
        "ioengine" : "pvsync",
        "lat_percentiles" : "1"
      },
      "mixed" : {
        "io_bytes" : 228363075584,
        "io_kbytes" : 223010816,
        "bw_bytes" : 3801932499,
        "bw" : 3712824,
        "iops" : 906.451344,
        "runtime" : 60065,
        "total_ios" : 54446,
        "short_ios" : 0,
        "drop_ios" : 0,
        "slat_ns" : {
          "min" : 0,
          "max" : 0,
          "mean" : 0.000000,
          "stddev" : 0.000000,
          "N" : 0
        },
        "clat_ns" : {
          "min" : 3844825,
          "max" : 371983549,
          "mean" : 70004121.095783,
          "stddev" : 16949138.881813,
          "N" : 54446,
          "percentile" : {
            "1.000000" : 43778048,
            "5.000000" : 55312384,
            "10.000000" : 58458112,
            "20.000000" : 61603840,
            "30.000000" : 63700992,
            "40.000000" : 65798144,
            "50.000000" : 67633152,
            "60.000000" : 69730304,
            "70.000000" : 71827456,
            "80.000000" : 73924608,
            "90.000000" : 78118912,
            "95.000000" : 96993280,
            "99.000000" : 145752064,
            "99.500000" : 164626432,
            "99.900000" : 202375168,
            "99.950000" : 214958080,
            "99.990000" : 274726912
          }
        },
        "lat_ns" : {
          "min" : 3844880,
          "max" : 371983959,
          "mean" : 70004389.298553,
          "stddev" : 16949117.089945,
          "N" : 54446,
          "percentile" : {
            "1.000000" : 43778048,
            "5.000000" : 55312384,
            "10.000000" : 58458112,
            "20.000000" : 61603840,
            "30.000000" : 63700992,
            "40.000000" : 65798144,
            "50.000000" : 67633152,
            "60.000000" : 69730304,
            "70.000000" : 71827456,
            "80.000000" : 73924608,
            "90.000000" : 78118912,
            "95.000000" : 96993280,
            "99.000000" : 145752064,
            "99.500000" : 164626432,
            "99.900000" : 202375168,
            "99.950000" : 214958080,
            "99.990000" : 274726912
          }
        },
        "bw_min" : 1048476,
        "bw_max" : 8134656,
        "bw_agg" : 100.000000,
        "bw_mean" : 3740011.176191,
        "bw_dev" : 11245.170585,
        "bw_samples" : 15130,
        "iops_min" : 253,
        "iops_max" : 1986,
        "iops_mean" : 912.973222,
        "iops_stddev" : 2.745639,
        "iops_samples" : 15130
      },
      "job_runtime" : 3841286,
      "usr_cpu" : 0.714240,
      "sys_cpu" : 0.108453,
      "ctx" : 218451,
      "majf" : 0,
      "minf" : 851,
      "iodepth_level" : {
        "1" : 100.000000,
        "2" : 0.000000,
        "4" : 0.000000,
        "8" : 0.000000,
        "16" : 0.000000,
        "32" : 0.000000,
        ">=64" : 0.000000
      },
      "iodepth_submit" : {
        "0" : 0.000000,
        "4" : 100.000000,
        "8" : 0.000000,
        "16" : 0.000000,
        "32" : 0.000000,
        "64" : 0.000000,
        ">=64" : 0.000000
      },
      "iodepth_complete" : {
        "0" : 0.000000,
        "4" : 100.000000,
        "8" : 0.000000,
        "16" : 0.000000,
        "32" : 0.000000,
        "64" : 0.000000,
        ">=64" : 0.000000
      },
      "latency_ns" : {
        "2" : 0.000000,
        "4" : 0.000000,
        "10" : 0.000000,
        "20" : 0.000000,
        "50" : 0.000000,
        "100" : 0.000000,
        "250" : 0.000000,
        "500" : 0.000000,
        "750" : 0.000000,
        "1000" : 0.000000
      },
      "latency_us" : {
        "2" : 0.000000,
        "4" : 0.000000,
        "10" : 0.000000,
        "20" : 0.000000,
        "50" : 0.000000,
        "100" : 0.000000,
        "250" : 0.000000,
        "500" : 0.000000,
        "750" : 0.000000,
        "1000" : 0.000000
      },
      "latency_ms" : {
        "2" : 0.000000,
        "4" : 0.010000,
        "10" : 0.218565,
        "20" : 0.185505,
        "50" : 1.401389,
        "100" : 93.457738,
        "250" : 4.712927,
        "500" : 0.022040,
        "750" : 0.000000,
        "1000" : 0.000000,
        "2000" : 0.000000,
        ">=2000" : 0.000000
      },
      "latency_depth" : 64,
      "latency_target" : 0,
      "latency_percentile" : 100.000000,
      "latency_window" : 0
    }
  ]
}
