{
  "fio version" : "fio-3.23",
  "timestamp" : 1757514794,
  "timestamp_ms" : 1757514794379,
  "time" : "Wed Sep 10 14:33:14 2025",
  "jobs" : [
    {
      "jobname" : "RandW-4M-128-16",
      "groupid" : 0,
      "error" : 0,
      "eta" : 0,
      "elapsed" : 62,
      "job options" : {
        "name" : "RandW-4M-128-16",
        "rw" : "randwrite",
        "unified_rw_reporting" : "0",
        "bs" : "4M",
        "numjobs" : "128",
        "iodepth" : "16",
        "runtime" : "60",
        "directory" : "/tmp/e2sar/rgeorge-fio_test-m_RandW-4M-128-16",
        "direct" : "1",
        "buffered" : "0",
        "randrepeat" : "0",
        "size" : "128M",
        "ioengine" : "pvsync",
        "lat_percentiles" : "1"
      },
      "read" : {
        "io_bytes" : 0,
        "io_kbytes" : 0,
        "bw_bytes" : 0,
        "bw" : 0,
        "iops" : 0.000000,
        "runtime" : 0,
        "total_ios" : 0,
        "short_ios" : 0,
        "drop_ios" : 0,
        "slat_ns" : {
          "min" : 0,
          "max" : 0,
          "mean" : 0.000000,
          "stddev" : 0.000000,
          "N" : 0
        },
        "clat_ns" : {
          "min" : 0,
          "max" : 0,
          "mean" : 0.000000,
          "stddev" : 0.000000,
          "N" : 0
        },
        "lat_ns" : {
          "min" : 0,
          "max" : 0,
          "mean" : 0.000000,
          "stddev" : 0.000000,
          "N" : 0
        },
        "bw_min" : 0,
        "bw_max" : 0,
        "bw_agg" : 0.000000,
        "bw_mean" : 0.000000,
        "bw_dev" : 0.000000,
        "bw_samples" : 0,
        "iops_min" : 0,
        "iops_max" : 0,
        "iops_mean" : 0.000000,
        "iops_stddev" : 0.000000,
        "iops_samples" : 0
      },
      "write" : {
        "io_bytes" : 915037749248,
        "io_kbytes" : 893591552,
        "bw_bytes" : 15232857487,
        "bw" : 14875837,
        "iops" : 3631.796238,
        "runtime" : 60070,
        "total_ios" : 218162,
        "short_ios" : 0,
        "drop_ios" : 0,
        "slat_ns" : {
          "min" : 0,
          "max" : 0,
          "mean" : 0.000000,
          "stddev" : 0.000000,
          "N" : 0
        },
        "clat_ns" : {
          "min" : 4253780,
          "max" : 498966724,
          "mean" : 33771984.263098,
          "stddev" : 8461622.700308,
          "N" : 218162,
          "percentile" : {
            "1.000000" : 22675456,
            "5.000000" : 26345472,
            "10.000000" : 27918336,
            "20.000000" : 29753344,
            "30.000000" : 31064064,
            "40.000000" : 32112640,
            "50.000000" : 33161216,
            "60.000000" : 34340864,
            "70.000000" : 35389440,
            "80.000000" : 36962304,
            "90.000000" : 39059456,
            "95.000000" : 41156608,
            "99.000000" : 45350912,
            "99.500000" : 80216064,
            "99.900000" : 123207680,
            "99.950000" : 130547712,
            "99.990000" : 320864256
          }
        },
        "lat_ns" : {
          "min" : 4254258,
          "max" : 498967017,
          "mean" : 33772533.793896,
          "stddev" : 8461629.502186,
          "N" : 218162,
          "percentile" : {
            "1.000000" : 22675456,
            "5.000000" : 26345472,
            "10.000000" : 27918336,
            "20.000000" : 29753344,
            "30.000000" : 31064064,
            "40.000000" : 32112640,
            "50.000000" : 33161216,
            "60.000000" : 34340864,
            "70.000000" : 35389440,
            "80.000000" : 36962304,
            "90.000000" : 39059456,
            "95.000000" : 41156608,
            "99.000000" : 45350912,
            "99.500000" : 80216064,
            "99.900000" : 123207680,
            "99.950000" : 130547712,
            "99.990000" : 320864256
          }
        },
        "bw_min" : 8581146,
        "bw_max" : 20558647,
        "bw_agg" : 100.000000,
        "bw_mean" : 14905348.198334,
        "bw_dev" : 10725.475643,
        "bw_samples" : 15226,
        "iops_min" : 2069,
        "iops_max" : 5012,
        "iops_mean" : 3622.450363,
        "iops_stddev" : 2.646548,
        "iops_samples" : 15226
      },
      "trim" : {
        "io_bytes" : 0,
        "io_kbytes" : 0,
        "bw_bytes" : 0,
        "bw" : 0,
        "iops" : 0.000000,
        "runtime" : 0,
        "total_ios" : 0,
        "short_ios" : 0,
        "drop_ios" : 0,
        "slat_ns" : {
          "min" : 0,
          "max" : 0,
          "mean" : 0.000000,
          "stddev" : 0.000000,
          "N" : 0
        },
        "clat_ns" : {
          "min" : 0,
          "max" : 0,
          "mean" : 0.000000,
          "stddev" : 0.000000,
          "N" : 0
        },
        "lat_ns" : {
          "min" : 0,
          "max" : 0,
          "mean" : 0.000000,
          "stddev" : 0.000000,
          "N" : 0
        },
        "bw_min" : 0,
        "bw_max" : 0,
        "bw_agg" : 0.000000,
        "bw_mean" : 0.000000,
        "bw_dev" : 0.000000,
        "bw_samples" : 0,
        "iops_min" : 0,
        "iops_max" : 0,
        "iops_mean" : 0.000000,
        "iops_stddev" : 0.000000,
        "iops_samples" : 0
      },
      "sync" : {
        "total_ios" : 0,
        "lat_ns" : {
          "min" : 0,
          "max" : 0,
          "mean" : 0.000000,
          "stddev" : 0.000000,
          "N" : 0
        }
      },
      "job_runtime" : 7681416,
      "usr_cpu" : 3.605741,
      "sys_cpu" : 0.218046,
      "ctx" : 898658,
      "majf" : 0,
      "minf" : 1344,
      "iodepth_level" : {
        "1" : 100.000000,
        "2" : 0.000000,
        "4" : 0.000000,
        "8" : 0.000000,
        "16" : 0.000000,
        "32" : 0.000000,
        ">=64" : 0.000000
      },
      "iodepth_submit" : {
        "0" : 0.000000,
        "4" : 100.000000,
        "8" : 0.000000,
        "16" : 0.000000,
        "32" : 0.000000,
        "64" : 0.000000,
        ">=64" : 0.000000
      },
      "iodepth_complete" : {
        "0" : 0.000000,
        "4" : 100.000000,
        "8" : 0.000000,
        "16" : 0.000000,
        "32" : 0.000000,
        "64" : 0.000000,
        ">=64" : 0.000000
      },
      "latency_ns" : {
        "2" : 0.000000,
        "4" : 0.000000,
        "10" : 0.000000,
        "20" : 0.000000,
        "50" : 0.000000,
        "100" : 0.000000,
        "250" : 0.000000,
        "500" : 0.000000,
        "750" : 0.000000,
        "1000" : 0.000000
      },
      "latency_us" : {
        "2" : 0.000000,
        "4" : 0.000000,
        "10" : 0.000000,
        "20" : 0.000000,
        "50" : 0.000000,
        "100" : 0.000000,
        "250" : 0.000000,
        "500" : 0.000000,
        "750" : 0.000000,
        "1000" : 0.000000
      },
      "latency_ms" : {
        "2" : 0.000000,
        "4" : 0.000000,
        "10" : 0.151264,
        "20" : 0.366700,
        "50" : 98.911818,
        "100" : 0.198476,
        "250" : 0.352490,
        "500" : 0.019252,
        "750" : 0.000000,
        "1000" : 0.000000,
        "2000" : 0.000000,
        ">=2000" : 0.000000
      },
      "latency_depth" : 16,
      "latency_target" : 0,
      "latency_percentile" : 100.000000,
      "latency_window" : 0
    }
  ]
}
