{
  "fio version" : "fio-3.23",
  "timestamp" : 1757508126,
  "timestamp_ms" : 1757508126042,
  "time" : "Wed Sep 10 12:42:06 2025",
  "jobs" : [
    {
      "jobname" : "SeqWH-4M-32-4",
      "groupid" : 0,
      "error" : 0,
      "eta" : 0,
      "elapsed" : 61,
      "job options" : {
        "name" : "SeqWH-4M-32-4",
        "rw" : "rw",
        "rwmixread" : "20",
        "unified_rw_reporting" : "1",
        "bs" : "4M",
        "numjobs" : "32",
        "iodepth" : "4",
        "runtime" : "60",
        "directory" : "/tmp/e2sar/rgeorge-fio_test-m_SeqWH-4M-32-4",
        "direct" : "1",
        "buffered" : "0",
        "randrepeat" : "0",
        "size" : "128M",
        "ioengine" : "pvsync",
        "lat_percentiles" : "1"
      },
      "mixed" : {
        "io_bytes" : 370805833728,
        "io_kbytes" : 362115072,
        "bw_bytes" : 6177832023,
        "bw" : 6033039,
        "iops" : 1472.909933,
        "runtime" : 60022,
        "total_ios" : 88407,
        "short_ios" : 0,
        "drop_ios" : 0,
        "slat_ns" : {
          "min" : 0,
          "max" : 0,
          "mean" : 0.000000,
          "stddev" : 0.000000,
          "N" : 0
        },
        "clat_ns" : {
          "min" : 3079388,
          "max" : 321326078,
          "mean" : 20919087.139604,
          "stddev" : 8603208.119914,
          "N" : 88407,
          "percentile" : {
            "1.000000" : 10289152,
            "5.000000" : 12386304,
            "10.000000" : 13565952,
            "20.000000" : 15138816,
            "30.000000" : 16449536,
            "40.000000" : 17432576,
            "50.000000" : 18743296,
            "60.000000" : 20054016,
            "70.000000" : 21626880,
            "80.000000" : 24510464,
            "90.000000" : 32112640,
            "95.000000" : 38010880,
            "99.000000" : 50593792,
            "99.500000" : 55836672,
            "99.900000" : 84410368,
            "99.950000" : 93847552,
            "99.990000" : 110624768
          }
        },
        "lat_ns" : {
          "min" : 3079426,
          "max" : 321326178,
          "mean" : 20919307.837977,
          "stddev" : 8603170.217658,
          "N" : 88407,
          "percentile" : {
            "1.000000" : 10289152,
            "5.000000" : 12386304,
            "10.000000" : 13565952,
            "20.000000" : 15138816,
            "30.000000" : 16449536,
            "40.000000" : 17432576,
            "50.000000" : 18743296,
            "60.000000" : 20054016,
            "70.000000" : 21626880,
            "80.000000" : 24510464,
            "90.000000" : 32112640,
            "95.000000" : 38010880,
            "99.000000" : 50593792,
            "99.500000" : 55836672,
            "99.900000" : 84410368,
            "99.950000" : 93847552,
            "99.990000" : 110624768
          }
        },
        "bw_min" : 2785280,
        "bw_max" : 9846277,
        "bw_agg" : 100.000000,
        "bw_mean" : 6041558.932782,
        "bw_dev" : 22890.423587,
        "bw_samples" : 7611,
        "iops_min" : 680,
        "iops_max" : 2403,
        "iops_mean" : 1474.942404,
        "iops_stddev" : 5.587731,
        "iops_samples" : 7611
      },
      "job_runtime" : 1920202,
      "usr_cpu" : 3.594153,
      "sys_cpu" : 0.221852,
      "ctx" : 354069,
      "majf" : 0,
      "minf" : 522,
      "iodepth_level" : {
        "1" : 100.000000,
        "2" : 0.000000,
        "4" : 0.000000,
        "8" : 0.000000,
        "16" : 0.000000,
        "32" : 0.000000,
        ">=64" : 0.000000
      },
      "iodepth_submit" : {
        "0" : 0.000000,
        "4" : 100.000000,
        "8" : 0.000000,
        "16" : 0.000000,
        "32" : 0.000000,
        "64" : 0.000000,
        ">=64" : 0.000000
      },
      "iodepth_complete" : {
        "0" : 0.000000,
        "4" : 100.000000,
        "8" : 0.000000,
        "16" : 0.000000,
        "32" : 0.000000,
        "64" : 0.000000,
        ">=64" : 0.000000
      },
      "latency_ns" : {
        "2" : 0.000000,
        "4" : 0.000000,
        "10" : 0.000000,
        "20" : 0.000000,
        "50" : 0.000000,
        "100" : 0.000000,
        "250" : 0.000000,
        "500" : 0.000000,
        "750" : 0.000000,
        "1000" : 0.000000
      },
      "latency_us" : {
        "2" : 0.000000,
        "4" : 0.000000,
        "10" : 0.000000,
        "20" : 0.000000,
        "50" : 0.000000,
        "100" : 0.000000,
        "250" : 0.000000,
        "500" : 0.000000,
        "750" : 0.000000,
        "1000" : 0.000000
      },
      "latency_ms" : {
        "2" : 0.000000,
        "4" : 0.010000,
        "10" : 0.807628,
        "20" : 58.782676,
        "50" : 39.277433,
        "100" : 1.097198,
        "250" : 0.026016,
        "500" : 0.010000,
        "750" : 0.000000,
        "1000" : 0.000000,
        "2000" : 0.000000,
        ">=2000" : 0.000000
      },
      "latency_depth" : 4,
      "latency_target" : 0,
      "latency_percentile" : 100.000000,
      "latency_window" : 0
    }
  ]
}
