{
  "fio version" : "fio-3.23",
  "timestamp" : 1757513385,
  "timestamp_ms" : 1757513385448,
  "time" : "Wed Sep 10 14:09:45 2025",
  "jobs" : [
    {
      "jobname" : "RandWH-4M-64-32",
      "groupid" : 0,
      "error" : 0,
      "eta" : 0,
      "elapsed" : 62,
      "job options" : {
        "name" : "RandWH-4M-64-32",
        "rw" : "randrw",
        "rwmixread" : "20",
        "unified_rw_reporting" : "1",
        "bs" : "4M",
        "numjobs" : "64",
        "iodepth" : "32",
        "runtime" : "60",
        "directory" : "/tmp/e2sar/rgeorge-fio_test-m_RandWH-4M-64-32",
        "direct" : "1",
        "buffered" : "0",
        "randrepeat" : "0",
        "size" : "128M",
        "ioengine" : "pvsync",
        "lat_percentiles" : "1"
      },
      "mixed" : {
        "io_bytes" : 372131233792,
        "io_kbytes" : 363409408,
        "bw_bytes" : 6194444174,
        "bw" : 6049261,
        "iops" : 1476.870578,
        "runtime" : 60075,
        "total_ios" : 88723,
        "short_ios" : 0,
        "drop_ios" : 0,
        "slat_ns" : {
          "min" : 0,
          "max" : 0,
          "mean" : 0.000000,
          "stddev" : 0.000000,
          "N" : 0
        },
        "clat_ns" : {
          "min" : 3935776,
          "max" : 387618806,
          "mean" : 42346419.004215,
          "stddev" : 15689166.268206,
          "N" : 88723,
          "percentile" : {
            "1.000000" : 25034752,
            "5.000000" : 29229056,
            "10.000000" : 31326208,
            "20.000000" : 33816576,
            "30.000000" : 35913728,
            "40.000000" : 37486592,
            "50.000000" : 39059456,
            "60.000000" : 40632320,
            "70.000000" : 42729472,
            "80.000000" : 45875200,
            "90.000000" : 52166656,
            "95.000000" : 69730304,
            "99.000000" : 113770496,
            "99.500000" : 129499136,
            "99.900000" : 166723584,
            "99.950000" : 181403648,
            "99.990000" : 235929600
          }
        },
        "lat_ns" : {
          "min" : 3935858,
          "max" : 387619120,
          "mean" : 42346772.750719,
          "stddev" : 15689133.820844,
          "N" : 88723,
          "percentile" : {
            "1.000000" : 25034752,
            "5.000000" : 29229056,
            "10.000000" : 31326208,
            "20.000000" : 33816576,
            "30.000000" : 35913728,
            "40.000000" : 37486592,
            "50.000000" : 39059456,
            "60.000000" : 40632320,
            "70.000000" : 42729472,
            "80.000000" : 45875200,
            "90.000000" : 52166656,
            "95.000000" : 69730304,
            "99.000000" : 113770496,
            "99.500000" : 129499136,
            "99.900000" : 166723584,
            "99.950000" : 181403648,
            "99.990000" : 235929600
          }
        },
        "bw_min" : 2537946,
        "bw_max" : 10887069,
        "bw_agg" : 100.000000,
        "bw_mean" : 6139015.242773,
        "bw_dev" : 13773.967363,
        "bw_samples" : 14744,
        "iops_min" : 559,
        "iops_max" : 2657,
        "iops_mean" : 1492.586250,
        "iops_stddev" : 3.378169,
        "iops_samples" : 14744
      },
      "job_runtime" : 3840896,
      "usr_cpu" : 2.017342,
      "sys_cpu" : 0.205681,
      "ctx" : 358667,
      "majf" : 0,
      "minf" : 873,
      "iodepth_level" : {
        "1" : 100.000000,
        "2" : 0.000000,
        "4" : 0.000000,
        "8" : 0.000000,
        "16" : 0.000000,
        "32" : 0.000000,
        ">=64" : 0.000000
      },
      "iodepth_submit" : {
        "0" : 0.000000,
        "4" : 100.000000,
        "8" : 0.000000,
        "16" : 0.000000,
        "32" : 0.000000,
        "64" : 0.000000,
        ">=64" : 0.000000
      },
      "iodepth_complete" : {
        "0" : 0.000000,
        "4" : 100.000000,
        "8" : 0.000000,
        "16" : 0.000000,
        "32" : 0.000000,
        "64" : 0.000000,
        ">=64" : 0.000000
      },
      "latency_ns" : {
        "2" : 0.000000,
        "4" : 0.000000,
        "10" : 0.000000,
        "20" : 0.000000,
        "50" : 0.000000,
        "100" : 0.000000,
        "250" : 0.000000,
        "500" : 0.000000,
        "750" : 0.000000,
        "1000" : 0.000000
      },
      "latency_us" : {
        "2" : 0.000000,
        "4" : 0.000000,
        "10" : 0.000000,
        "20" : 0.000000,
        "50" : 0.000000,
        "100" : 0.000000,
        "250" : 0.000000,
        "500" : 0.000000,
        "750" : 0.000000,
        "1000" : 0.000000
      },
      "latency_ms" : {
        "2" : 0.000000,
        "4" : 0.010000,
        "10" : 0.175828,
        "20" : 0.169066,
        "50" : 87.878002,
        "100" : 9.923019,
        "250" : 1.843941,
        "500" : 0.010000,
        "750" : 0.000000,
        "1000" : 0.000000,
        "2000" : 0.000000,
        ">=2000" : 0.000000
      },
      "latency_depth" : 32,
      "latency_target" : 0,
      "latency_percentile" : 100.000000,
      "latency_window" : 0
    }
  ]
}
