{
  "fio version" : "fio-3.23",
  "timestamp" : 1757510507,
  "timestamp_ms" : 1757510507317,
  "time" : "Wed Sep 10 13:21:47 2025",
  "jobs" : [
    {
      "jobname" : "RandRH-4M-16-4",
      "groupid" : 0,
      "error" : 0,
      "eta" : 0,
      "elapsed" : 61,
      "job options" : {
        "name" : "RandRH-4M-16-4",
        "rw" : "randrw",
        "rwmixread" : "80",
        "unified_rw_reporting" : "1",
        "bs" : "4M",
        "numjobs" : "16",
        "iodepth" : "4",
        "runtime" : "60",
        "directory" : "/tmp/e2sar/rgeorge-fio_test-m_RandRH-4M-16-4",
        "direct" : "1",
        "buffered" : "0",
        "randrepeat" : "0",
        "size" : "128M",
        "ioengine" : "pvsync",
        "lat_percentiles" : "1"
      },
      "mixed" : {
        "io_bytes" : 239842885632,
        "io_kbytes" : 234221568,
        "bw_bytes" : 3996515515,
        "bw" : 3902847,
        "iops" : 952.843551,
        "runtime" : 60013,
        "total_ios" : 57183,
        "short_ios" : 0,
        "drop_ios" : 0,
        "slat_ns" : {
          "min" : 0,
          "max" : 0,
          "mean" : 0.000000,
          "stddev" : 0.000000,
          "N" : 0
        },
        "clat_ns" : {
          "min" : 3491134,
          "max" : 74177158,
          "mean" : 16645037.495217,
          "stddev" : 2239318.776892,
          "N" : 57183,
          "percentile" : {
            "1.000000" : 12255232,
            "5.000000" : 13828096,
            "10.000000" : 14483456,
            "20.000000" : 15400960,
            "30.000000" : 15925248,
            "40.000000" : 16318464,
            "50.000000" : 16711680,
            "60.000000" : 17170432,
            "70.000000" : 17432576,
            "80.000000" : 17956864,
            "90.000000" : 18481152,
            "95.000000" : 18743296,
            "99.000000" : 20316160,
            "99.500000" : 27656192,
            "99.900000" : 44826624,
            "99.950000" : 52690944,
            "99.990000" : 64225280
          }
        },
        "lat_ns" : {
          "min" : 3491206,
          "max" : 74177182,
          "mean" : 16645145.696606,
          "stddev" : 2239291.131417,
          "N" : 57183,
          "percentile" : {
            "1.000000" : 12255232,
            "5.000000" : 13828096,
            "10.000000" : 14483456,
            "20.000000" : 15400960,
            "30.000000" : 15925248,
            "40.000000" : 16318464,
            "50.000000" : 16711680,
            "60.000000" : 17170432,
            "70.000000" : 17432576,
            "80.000000" : 17956864,
            "90.000000" : 18481152,
            "95.000000" : 18743296,
            "99.000000" : 20316160,
            "99.500000" : 27656192,
            "99.900000" : 44826624,
            "99.950000" : 52690944,
            "99.990000" : 64225280
          }
        },
        "bw_min" : 2506752,
        "bw_max" : 5283840,
        "bw_agg" : 100.000000,
        "bw_mean" : 3910565.407349,
        "bw_dev" : 17873.339675,
        "bw_samples" : 3807,
        "iops_min" : 612,
        "iops_max" : 1290,
        "iops_mean" : 954.269335,
        "iops_stddev" : 4.365717,
        "iops_samples" : 3807
      },
      "job_runtime" : 960083,
      "usr_cpu" : 0.811388,
      "sys_cpu" : 0.247583,
      "ctx" : 228845,
      "majf" : 0,
      "minf" : 225,
      "iodepth_level" : {
        "1" : 100.000000,
        "2" : 0.000000,
        "4" : 0.000000,
        "8" : 0.000000,
        "16" : 0.000000,
        "32" : 0.000000,
        ">=64" : 0.000000
      },
      "iodepth_submit" : {
        "0" : 0.000000,
        "4" : 100.000000,
        "8" : 0.000000,
        "16" : 0.000000,
        "32" : 0.000000,
        "64" : 0.000000,
        ">=64" : 0.000000
      },
      "iodepth_complete" : {
        "0" : 0.000000,
        "4" : 100.000000,
        "8" : 0.000000,
        "16" : 0.000000,
        "32" : 0.000000,
        "64" : 0.000000,
        ">=64" : 0.000000
      },
      "latency_ns" : {
        "2" : 0.000000,
        "4" : 0.000000,
        "10" : 0.000000,
        "20" : 0.000000,
        "50" : 0.000000,
        "100" : 0.000000,
        "250" : 0.000000,
        "500" : 0.000000,
        "750" : 0.000000,
        "1000" : 0.000000
      },
      "latency_us" : {
        "2" : 0.000000,
        "4" : 0.000000,
        "10" : 0.000000,
        "20" : 0.000000,
        "50" : 0.000000,
        "100" : 0.000000,
        "250" : 0.000000,
        "500" : 0.000000,
        "750" : 0.000000,
        "1000" : 0.000000
      },
      "latency_ms" : {
        "2" : 0.000000,
        "4" : 0.010000,
        "10" : 0.092685,
        "20" : 98.649948,
        "50" : 1.187416,
        "100" : 0.061207,
        "250" : 0.000000,
        "500" : 0.000000,
        "750" : 0.000000,
        "1000" : 0.000000,
        "2000" : 0.000000,
        ">=2000" : 0.000000
      },
      "latency_depth" : 4,
      "latency_target" : 0,
      "latency_percentile" : 100.000000,
      "latency_window" : 0
    }
  ]
}
