{
  "fio version" : "fio-3.23",
  "timestamp" : 1757509316,
  "timestamp_ms" : 1757509316220,
  "time" : "Wed Sep 10 13:01:56 2025",
  "jobs" : [
    {
      "jobname" : "RandR-4M-16-4",
      "groupid" : 0,
      "error" : 0,
      "eta" : 0,
      "elapsed" : 61,
      "job options" : {
        "name" : "RandR-4M-16-4",
        "rw" : "randread",
        "unified_rw_reporting" : "0",
        "bs" : "4M",
        "numjobs" : "16",
        "iodepth" : "4",
        "runtime" : "60",
        "directory" : "/tmp/e2sar/rgeorge-fio_test-m_RandR-4M-16-4",
        "direct" : "1",
        "buffered" : "0",
        "randrepeat" : "0",
        "size" : "128M",
        "ioengine" : "pvsync",
        "lat_percentiles" : "1"
      },
      "read" : {
        "io_bytes" : 203855757312,
        "io_kbytes" : 199077888,
        "bw_bytes" : 3396973176,
        "bw" : 3317356,
        "iops" : 809.901518,
        "runtime" : 60011,
        "total_ios" : 48603,
        "short_ios" : 0,
        "drop_ios" : 0,
        "slat_ns" : {
          "min" : 0,
          "max" : 0,
          "mean" : 0.000000,
          "stddev" : 0.000000,
          "N" : 0
        },
        "clat_ns" : {
          "min" : 2970536,
          "max" : 55939139,
          "mean" : 19747482.640619,
          "stddev" : 1250935.145099,
          "N" : 48603,
          "percentile" : {
            "1.000000" : 18219008,
            "5.000000" : 18743296,
            "10.000000" : 19005440,
            "20.000000" : 19267584,
            "30.000000" : 19267584,
            "40.000000" : 19529728,
            "50.000000" : 19529728,
            "60.000000" : 19791872,
            "70.000000" : 20054016,
            "80.000000" : 20054016,
            "90.000000" : 20578304,
            "95.000000" : 20840448,
            "99.000000" : 22413312,
            "99.500000" : 25296896,
            "99.900000" : 37486592,
            "99.950000" : 40108032,
            "99.990000" : 48496640
          }
        },
        "lat_ns" : {
          "min" : 2970570,
          "max" : 55939170,
          "mean" : 19747518.560768,
          "stddev" : 1250936.544547,
          "N" : 48603,
          "percentile" : {
            "1.000000" : 18219008,
            "5.000000" : 18743296,
            "10.000000" : 19005440,
            "20.000000" : 19267584,
            "30.000000" : 19267584,
            "40.000000" : 19529728,
            "50.000000" : 19529728,
            "60.000000" : 19791872,
            "70.000000" : 20054016,
            "80.000000" : 20054016,
            "90.000000" : 20578304,
            "95.000000" : 20840448,
            "99.000000" : 22413312,
            "99.500000" : 25296896,
            "99.900000" : 37486592,
            "99.950000" : 40108032,
            "99.990000" : 48496640
          }
        },
        "bw_min" : 2096890,
        "bw_max" : 3432448,
        "bw_agg" : 100.000000,
        "bw_mean" : 3320993.294118,
        "bw_dev" : 8699.003758,
        "bw_samples" : 1904,
        "iops_min" : 511,
        "iops_max" : 838,
        "iops_mean" : 810.781513,
        "iops_stddev" : 2.128230,
        "iops_samples" : 1904
      },
      "write" : {
        "io_bytes" : 0,
        "io_kbytes" : 0,
        "bw_bytes" : 0,
        "bw" : 0,
        "iops" : 0.000000,
        "runtime" : 0,
        "total_ios" : 0,
        "short_ios" : 0,
        "drop_ios" : 0,
        "slat_ns" : {
          "min" : 0,
          "max" : 0,
          "mean" : 0.000000,
          "stddev" : 0.000000,
          "N" : 0
        },
        "clat_ns" : {
          "min" : 0,
          "max" : 0,
          "mean" : 0.000000,
          "stddev" : 0.000000,
          "N" : 0
        },
        "lat_ns" : {
          "min" : 0,
          "max" : 0,
          "mean" : 0.000000,
          "stddev" : 0.000000,
          "N" : 0
        },
        "bw_min" : 0,
        "bw_max" : 0,
        "bw_agg" : 0.000000,
        "bw_mean" : 0.000000,
        "bw_dev" : 0.000000,
        "bw_samples" : 0,
        "iops_min" : 0,
        "iops_max" : 0,
        "iops_mean" : 0.000000,
        "iops_stddev" : 0.000000,
        "iops_samples" : 0
      },
      "trim" : {
        "io_bytes" : 0,
        "io_kbytes" : 0,
        "bw_bytes" : 0,
        "bw" : 0,
        "iops" : 0.000000,
        "runtime" : 0,
        "total_ios" : 0,
        "short_ios" : 0,
        "drop_ios" : 0,
        "slat_ns" : {
          "min" : 0,
          "max" : 0,
          "mean" : 0.000000,
          "stddev" : 0.000000,
          "N" : 0
        },
        "clat_ns" : {
          "min" : 0,
          "max" : 0,
          "mean" : 0.000000,
          "stddev" : 0.000000,
          "N" : 0
        },
        "lat_ns" : {
          "min" : 0,
          "max" : 0,
          "mean" : 0.000000,
          "stddev" : 0.000000,
          "N" : 0
        },
        "bw_min" : 0,
        "bw_max" : 0,
        "bw_agg" : 0.000000,
        "bw_mean" : 0.000000,
        "bw_dev" : 0.000000,
        "bw_samples" : 0,
        "iops_min" : 0,
        "iops_max" : 0,
        "iops_mean" : 0.000000,
        "iops_stddev" : 0.000000,
        "iops_samples" : 0
      },
      "sync" : {
        "total_ios" : 0,
        "lat_ns" : {
          "min" : 0,
          "max" : 0,
          "mean" : 0.000000,
          "stddev" : 0.000000,
          "N" : 0
        }
      },
      "job_runtime" : 960099,
      "usr_cpu" : 0.004791,
      "sys_cpu" : 0.295595,
      "ctx" : 194495,
      "majf" : 0,
      "minf" : 5309,
      "iodepth_level" : {
        "1" : 100.000000,
        "2" : 0.000000,
        "4" : 0.000000,
        "8" : 0.000000,
        "16" : 0.000000,
        "32" : 0.000000,
        ">=64" : 0.000000
      },
      "iodepth_submit" : {
        "0" : 0.000000,
        "4" : 100.000000,
        "8" : 0.000000,
        "16" : 0.000000,
        "32" : 0.000000,
        "64" : 0.000000,
        ">=64" : 0.000000
      },
      "iodepth_complete" : {
        "0" : 0.000000,
        "4" : 100.000000,
        "8" : 0.000000,
        "16" : 0.000000,
        "32" : 0.000000,
        "64" : 0.000000,
        ">=64" : 0.000000
      },
      "latency_ns" : {
        "2" : 0.000000,
        "4" : 0.000000,
        "10" : 0.000000,
        "20" : 0.000000,
        "50" : 0.000000,
        "100" : 0.000000,
        "250" : 0.000000,
        "500" : 0.000000,
        "750" : 0.000000,
        "1000" : 0.000000
      },
      "latency_us" : {
        "2" : 0.000000,
        "4" : 0.000000,
        "10" : 0.000000,
        "20" : 0.000000,
        "50" : 0.000000,
        "100" : 0.000000,
        "250" : 0.000000,
        "500" : 0.000000,
        "750" : 0.000000,
        "1000" : 0.000000
      },
      "latency_ms" : {
        "2" : 0.000000,
        "4" : 0.010000,
        "10" : 0.010000,
        "20" : 73.092196,
        "50" : 26.889287,
        "100" : 0.010000,
        "250" : 0.000000,
        "500" : 0.000000,
        "750" : 0.000000,
        "1000" : 0.000000,
        "2000" : 0.000000,
        ">=2000" : 0.000000
      },
      "latency_depth" : 4,
      "latency_target" : 0,
      "latency_percentile" : 100.000000,
      "latency_window" : 0
    }
  ]
}
