{
  "fio version" : "fio-3.23",
  "timestamp" : 1757511249,
  "timestamp_ms" : 1757511249211,
  "time" : "Wed Sep 10 13:34:09 2025",
  "jobs" : [
    {
      "jobname" : "RandRH-4M-128-4",
      "groupid" : 0,
      "error" : 0,
      "eta" : 0,
      "elapsed" : 62,
      "job options" : {
        "name" : "RandRH-4M-128-4",
        "rw" : "randrw",
        "rwmixread" : "80",
        "unified_rw_reporting" : "1",
        "bs" : "4M",
        "numjobs" : "128",
        "iodepth" : "4",
        "runtime" : "60",
        "directory" : "/tmp/e2sar/rgeorge-fio_test-m_RandRH-4M-128-4",
        "direct" : "1",
        "buffered" : "0",
        "randrepeat" : "0",
        "size" : "128M",
        "ioengine" : "pvsync",
        "lat_percentiles" : "1"
      },
      "mixed" : {
        "io_bytes" : 138667884544,
        "io_kbytes" : 135417856,
        "bw_bytes" : 2303874205,
        "bw" : 2249877,
        "iops" : 549.286414,
        "runtime" : 60189,
        "total_ios" : 33061,
        "short_ios" : 0,
        "drop_ios" : 0,
        "slat_ns" : {
          "min" : 0,
          "max" : 0,
          "mean" : 0.000000,
          "stddev" : 0.000000,
          "N" : 0
        },
        "clat_ns" : {
          "min" : 9554550,
          "max" : 450835983,
          "mean" : 231355629.710656,
          "stddev" : 29110706.574586,
          "N" : 33061,
          "percentile" : {
            "1.000000" : 193986560,
            "5.000000" : 210763776,
            "10.000000" : 214958080,
            "20.000000" : 219152384,
            "30.000000" : 221249536,
            "40.000000" : 225443840,
            "50.000000" : 227540992,
            "60.000000" : 229638144,
            "70.000000" : 231735296,
            "80.000000" : 235929600,
            "90.000000" : 242221056,
            "95.000000" : 291504128,
            "99.000000" : 358612992,
            "99.500000" : 375390208,
            "99.900000" : 408944640,
            "99.950000" : 421527552,
            "99.990000" : 434110464
          }
        },
        "lat_ns" : {
          "min" : 9555800,
          "max" : 450836236,
          "mean" : 231355916.240525,
          "stddev" : 29110693.949442,
          "N" : 33061,
          "percentile" : {
            "1.000000" : 193986560,
            "5.000000" : 210763776,
            "10.000000" : 214958080,
            "20.000000" : 219152384,
            "30.000000" : 221249536,
            "40.000000" : 225443840,
            "50.000000" : 227540992,
            "60.000000" : 229638144,
            "70.000000" : 231735296,
            "80.000000" : 235929600,
            "90.000000" : 242221056,
            "95.000000" : 291504128,
            "99.000000" : 358612992,
            "99.500000" : 375390208,
            "99.900000" : 408944640,
            "99.950000" : 421527552,
            "99.990000" : 434110464
          }
        },
        "bw_min" : 2088900,
        "bw_max" : 5767068,
        "bw_agg" : 100.000000,
        "bw_mean" : 3085778.172212,
        "bw_dev" : 4402.688782,
        "bw_samples" : 20487,
        "iops_min" : 262,
        "iops_max" : 1406,
        "iops_mean" : 731.255189,
        "iops_stddev" : 1.116712,
        "iops_samples" : 20487
      },
      "job_runtime" : 7690200,
      "usr_cpu" : 0.077813,
      "sys_cpu" : 0.030064,
      "ctx" : 133149,
      "majf" : 0,
      "minf" : 1699,
      "iodepth_level" : {
        "1" : 100.000000,
        "2" : 0.000000,
        "4" : 0.000000,
        "8" : 0.000000,
        "16" : 0.000000,
        "32" : 0.000000,
        ">=64" : 0.000000
      },
      "iodepth_submit" : {
        "0" : 0.000000,
        "4" : 100.000000,
        "8" : 0.000000,
        "16" : 0.000000,
        "32" : 0.000000,
        "64" : 0.000000,
        ">=64" : 0.000000
      },
      "iodepth_complete" : {
        "0" : 0.000000,
        "4" : 100.000000,
        "8" : 0.000000,
        "16" : 0.000000,
        "32" : 0.000000,
        "64" : 0.000000,
        ">=64" : 0.000000
      },
      "latency_ns" : {
        "2" : 0.000000,
        "4" : 0.000000,
        "10" : 0.000000,
        "20" : 0.000000,
        "50" : 0.000000,
        "100" : 0.000000,
        "250" : 0.000000,
        "500" : 0.000000,
        "750" : 0.000000,
        "1000" : 0.000000
      },
      "latency_us" : {
        "2" : 0.000000,
        "4" : 0.000000,
        "10" : 0.000000,
        "20" : 0.000000,
        "50" : 0.000000,
        "100" : 0.000000,
        "250" : 0.000000,
        "500" : 0.000000,
        "750" : 0.000000,
        "1000" : 0.000000
      },
      "latency_ms" : {
        "2" : 0.000000,
        "4" : 0.000000,
        "10" : 0.010000,
        "20" : 0.015124,
        "50" : 0.127038,
        "100" : 0.193582,
        "250" : 92.444270,
        "500" : 7.216963,
        "750" : 0.000000,
        "1000" : 0.000000,
        "2000" : 0.000000,
        ">=2000" : 0.000000
      },
      "latency_depth" : 4,
      "latency_target" : 0,
      "latency_percentile" : 100.000000,
      "latency_window" : 0
    }
  ]
}
