{
  "fio version" : "fio-3.23",
  "timestamp" : 1757512907,
  "timestamp_ms" : 1757512907720,
  "time" : "Wed Sep 10 14:01:47 2025",
  "jobs" : [
    {
      "jobname" : "RandWH-4M-16-4",
      "groupid" : 0,
      "error" : 0,
      "eta" : 0,
      "elapsed" : 61,
      "job options" : {
        "name" : "RandWH-4M-16-4",
        "rw" : "randrw",
        "rwmixread" : "20",
        "unified_rw_reporting" : "1",
        "bs" : "4M",
        "numjobs" : "16",
        "iodepth" : "4",
        "runtime" : "60",
        "directory" : "/tmp/e2sar/rgeorge-fio_test-m_RandWH-4M-16-4",
        "direct" : "1",
        "buffered" : "0",
        "randrepeat" : "0",
        "size" : "128M",
        "ioengine" : "pvsync",
        "lat_percentiles" : "1"
      },
      "mixed" : {
        "io_bytes" : 435746242560,
        "io_kbytes" : 425533440,
        "bw_bytes" : 7261227171,
        "bw" : 7091042,
        "iops" : 1731.211465,
        "runtime" : 60010,
        "total_ios" : 103890,
        "short_ios" : 0,
        "drop_ios" : 0,
        "slat_ns" : {
          "min" : 0,
          "max" : 0,
          "mean" : 0.000000,
          "stddev" : 0.000000,
          "N" : 0
        },
        "clat_ns" : {
          "min" : 3091037,
          "max" : 112913021,
          "mean" : 8514067.526576,
          "stddev" : 5157453.103045,
          "N" : 103890,
          "percentile" : {
            "1.000000" : 4620288,
            "5.000000" : 5144576,
            "10.000000" : 5537792,
            "20.000000" : 6062080,
            "30.000000" : 6520832,
            "40.000000" : 6979584,
            "50.000000" : 7372800,
            "60.000000" : 7831552,
            "70.000000" : 8454144,
            "80.000000" : 9240576,
            "90.000000" : 10944512,
            "95.000000" : 15794176,
            "99.000000" : 32636928,
            "99.500000" : 41156608,
            "99.900000" : 59506688,
            "99.950000" : 68681728,
            "99.990000" : 86507520
          }
        },
        "lat_ns" : {
          "min" : 3091088,
          "max" : 112913078,
          "mean" : 8514237.937915,
          "stddev" : 5157429.966784,
          "N" : 103890,
          "percentile" : {
            "1.000000" : 4620288,
            "5.000000" : 5144576,
            "10.000000" : 5537792,
            "20.000000" : 6062080,
            "30.000000" : 6520832,
            "40.000000" : 6979584,
            "50.000000" : 7372800,
            "60.000000" : 7831552,
            "70.000000" : 8454144,
            "80.000000" : 9240576,
            "90.000000" : 10944512,
            "95.000000" : 15794176,
            "99.000000" : 32636928,
            "99.500000" : 41156608,
            "99.900000" : 59506688,
            "99.950000" : 68681728,
            "99.990000" : 86507520
          }
        },
        "bw_min" : 4259758,
        "bw_max" : 10067019,
        "bw_agg" : 100.000000,
        "bw_mean" : 7104385.058824,
        "bw_dev" : 36659.946367,
        "bw_samples" : 3808,
        "iops_min" : 1039,
        "iops_max" : 2457,
        "iops_mean" : 1734.168067,
        "iops_stddev" : 8.952834,
        "iops_samples" : 3808
      },
      "job_runtime" : 960058,
      "usr_cpu" : 7.886815,
      "sys_cpu" : 0.467159,
      "ctx" : 415713,
      "majf" : 0,
      "minf" : 228,
      "iodepth_level" : {
        "1" : 100.000000,
        "2" : 0.000000,
        "4" : 0.000000,
        "8" : 0.000000,
        "16" : 0.000000,
        "32" : 0.000000,
        ">=64" : 0.000000
      },
      "iodepth_submit" : {
        "0" : 0.000000,
        "4" : 100.000000,
        "8" : 0.000000,
        "16" : 0.000000,
        "32" : 0.000000,
        "64" : 0.000000,
        ">=64" : 0.000000
      },
      "iodepth_complete" : {
        "0" : 0.000000,
        "4" : 100.000000,
        "8" : 0.000000,
        "16" : 0.000000,
        "32" : 0.000000,
        "64" : 0.000000,
        ">=64" : 0.000000
      },
      "latency_ns" : {
        "2" : 0.000000,
        "4" : 0.000000,
        "10" : 0.000000,
        "20" : 0.000000,
        "50" : 0.000000,
        "100" : 0.000000,
        "250" : 0.000000,
        "500" : 0.000000,
        "750" : 0.000000,
        "1000" : 0.000000
      },
      "latency_us" : {
        "2" : 0.000000,
        "4" : 0.000000,
        "10" : 0.000000,
        "20" : 0.000000,
        "50" : 0.000000,
        "100" : 0.000000,
        "250" : 0.000000,
        "500" : 0.000000,
        "750" : 0.000000,
        "1000" : 0.000000
      },
      "latency_ms" : {
        "2" : 0.000000,
        "4" : 0.097218,
        "10" : 85.838868,
        "20" : 10.857638,
        "50" : 2.970450,
        "100" : 0.233901,
        "250" : 0.010000,
        "500" : 0.000000,
        "750" : 0.000000,
        "1000" : 0.000000,
        "2000" : 0.000000,
        ">=2000" : 0.000000
      },
      "latency_depth" : 4,
      "latency_target" : 0,
      "latency_percentile" : 100.000000,
      "latency_window" : 0
    }
  ]
}
