{
  "fio version" : "fio-3.23",
  "timestamp" : 1757514655,
  "timestamp_ms" : 1757514655865,
  "time" : "Wed Sep 10 14:30:55 2025",
  "jobs" : [
    {
      "jobname" : "RandW-4M-64-128",
      "groupid" : 0,
      "error" : 0,
      "eta" : 0,
      "elapsed" : 62,
      "job options" : {
        "name" : "RandW-4M-64-128",
        "rw" : "randwrite",
        "unified_rw_reporting" : "0",
        "bs" : "4M",
        "numjobs" : "64",
        "iodepth" : "128",
        "runtime" : "60",
        "directory" : "/tmp/e2sar/rgeorge-fio_test-m_RandW-4M-64-128",
        "direct" : "1",
        "buffered" : "0",
        "randrepeat" : "0",
        "size" : "128M",
        "ioengine" : "pvsync",
        "lat_percentiles" : "1"
      },
      "read" : {
        "io_bytes" : 0,
        "io_kbytes" : 0,
        "bw_bytes" : 0,
        "bw" : 0,
        "iops" : 0.000000,
        "runtime" : 0,
        "total_ios" : 0,
        "short_ios" : 0,
        "drop_ios" : 0,
        "slat_ns" : {
          "min" : 0,
          "max" : 0,
          "mean" : 0.000000,
          "stddev" : 0.000000,
          "N" : 0
        },
        "clat_ns" : {
          "min" : 0,
          "max" : 0,
          "mean" : 0.000000,
          "stddev" : 0.000000,
          "N" : 0
        },
        "lat_ns" : {
          "min" : 0,
          "max" : 0,
          "mean" : 0.000000,
          "stddev" : 0.000000,
          "N" : 0
        },
        "bw_min" : 0,
        "bw_max" : 0,
        "bw_agg" : 0.000000,
        "bw_mean" : 0.000000,
        "bw_dev" : 0.000000,
        "bw_samples" : 0,
        "iops_min" : 0,
        "iops_max" : 0,
        "iops_mean" : 0.000000,
        "iops_stddev" : 0.000000,
        "iops_samples" : 0
      },
      "write" : {
        "io_bytes" : 803653812224,
        "io_kbytes" : 784818176,
        "bw_bytes" : 13375504497,
        "bw" : 13062016,
        "iops" : 3188.968777,
        "runtime" : 60084,
        "total_ios" : 191606,
        "short_ios" : 0,
        "drop_ios" : 0,
        "slat_ns" : {
          "min" : 0,
          "max" : 0,
          "mean" : 0.000000,
          "stddev" : 0.000000,
          "N" : 0
        },
        "clat_ns" : {
          "min" : 3784875,
          "max" : 429935972,
          "mean" : 18849597.049623,
          "stddev" : 5330636.422844,
          "N" : 191606,
          "percentile" : {
            "1.000000" : 7831552,
            "5.000000" : 14483456,
            "10.000000" : 15400960,
            "20.000000" : 16580608,
            "30.000000" : 17432576,
            "40.000000" : 17956864,
            "50.000000" : 18743296,
            "60.000000" : 19267584,
            "70.000000" : 20054016,
            "80.000000" : 20840448,
            "90.000000" : 22151168,
            "95.000000" : 23199744,
            "99.000000" : 25296896,
            "99.500000" : 26607616,
            "99.900000" : 95944704,
            "99.950000" : 105381888,
            "99.990000" : 115867648
          }
        },
        "lat_ns" : {
          "min" : 3785236,
          "max" : 429936332,
          "mean" : 18850035.526106,
          "stddev" : 5330643.504818,
          "N" : 191606,
          "percentile" : {
            "1.000000" : 7831552,
            "5.000000" : 14483456,
            "10.000000" : 15400960,
            "20.000000" : 16580608,
            "30.000000" : 17432576,
            "40.000000" : 17956864,
            "50.000000" : 18743296,
            "60.000000" : 19267584,
            "70.000000" : 20054016,
            "80.000000" : 20840448,
            "90.000000" : 22151168,
            "95.000000" : 23199744,
            "99.000000" : 25296896,
            "99.500000" : 26607616,
            "99.900000" : 95944704,
            "99.950000" : 105381888,
            "99.990000" : 115867648
          }
        },
        "bw_min" : 9605482,
        "bw_max" : 20998569,
        "bw_agg" : 100.000000,
        "bw_mean" : 13062655.285714,
        "bw_dev" : 22326.752338,
        "bw_samples" : 7616,
        "iops_min" : 2333,
        "iops_max" : 5123,
        "iops_mean" : 3184.630252,
        "iops_stddev" : 5.463166,
        "iops_samples" : 7616
      },
      "trim" : {
        "io_bytes" : 0,
        "io_kbytes" : 0,
        "bw_bytes" : 0,
        "bw" : 0,
        "iops" : 0.000000,
        "runtime" : 0,
        "total_ios" : 0,
        "short_ios" : 0,
        "drop_ios" : 0,
        "slat_ns" : {
          "min" : 0,
          "max" : 0,
          "mean" : 0.000000,
          "stddev" : 0.000000,
          "N" : 0
        },
        "clat_ns" : {
          "min" : 0,
          "max" : 0,
          "mean" : 0.000000,
          "stddev" : 0.000000,
          "N" : 0
        },
        "lat_ns" : {
          "min" : 0,
          "max" : 0,
          "mean" : 0.000000,
          "stddev" : 0.000000,
          "N" : 0
        },
        "bw_min" : 0,
        "bw_max" : 0,
        "bw_agg" : 0.000000,
        "bw_mean" : 0.000000,
        "bw_dev" : 0.000000,
        "bw_samples" : 0,
        "iops_min" : 0,
        "iops_max" : 0,
        "iops_mean" : 0.000000,
        "iops_stddev" : 0.000000,
        "iops_samples" : 0
      },
      "sync" : {
        "total_ios" : 0,
        "lat_ns" : {
          "min" : 0,
          "max" : 0,
          "mean" : 0.000000,
          "stddev" : 0.000000,
          "N" : 0
        }
      },
      "job_runtime" : 3840506,
      "usr_cpu" : 5.880944,
      "sys_cpu" : 0.551959,
      "ctx" : 776691,
      "majf" : 0,
      "minf" : 629,
      "iodepth_level" : {
        "1" : 100.000000,
        "2" : 0.000000,
        "4" : 0.000000,
        "8" : 0.000000,
        "16" : 0.000000,
        "32" : 0.000000,
        ">=64" : 0.000000
      },
      "iodepth_submit" : {
        "0" : 0.000000,
        "4" : 100.000000,
        "8" : 0.000000,
        "16" : 0.000000,
        "32" : 0.000000,
        "64" : 0.000000,
        ">=64" : 0.000000
      },
      "iodepth_complete" : {
        "0" : 0.000000,
        "4" : 100.000000,
        "8" : 0.000000,
        "16" : 0.000000,
        "32" : 0.000000,
        "64" : 0.000000,
        ">=64" : 0.000000
      },
      "latency_ns" : {
        "2" : 0.000000,
        "4" : 0.000000,
        "10" : 0.000000,
        "20" : 0.000000,
        "50" : 0.000000,
        "100" : 0.000000,
        "250" : 0.000000,
        "500" : 0.000000,
        "750" : 0.000000,
        "1000" : 0.000000
      },
      "latency_us" : {
        "2" : 0.000000,
        "4" : 0.000000,
        "10" : 0.000000,
        "20" : 0.000000,
        "50" : 0.000000,
        "100" : 0.000000,
        "250" : 0.000000,
        "500" : 0.000000,
        "750" : 0.000000,
        "1000" : 0.000000
      },
      "latency_ms" : {
        "2" : 0.000000,
        "4" : 0.010000,
        "10" : 1.181069,
        "20" : 68.126781,
        "50" : 30.446854,
        "100" : 0.160747,
        "250" : 0.075154,
        "500" : 0.010000,
        "750" : 0.000000,
        "1000" : 0.000000,
        "2000" : 0.000000,
        ">=2000" : 0.000000
      },
      "latency_depth" : 128,
      "latency_target" : 0,
      "latency_percentile" : 100.000000,
      "latency_window" : 0
    }
  ]
}
