{
  "fio version" : "fio-3.23",
  "timestamp" : 1757509712,
  "timestamp_ms" : 1757509712742,
  "time" : "Wed Sep 10 13:08:32 2025",
  "jobs" : [
    {
      "jobname" : "RandR-4M-64-16",
      "groupid" : 0,
      "error" : 0,
      "eta" : 0,
      "elapsed" : 61,
      "job options" : {
        "name" : "RandR-4M-64-16",
        "rw" : "randread",
        "unified_rw_reporting" : "0",
        "bs" : "4M",
        "numjobs" : "64",
        "iodepth" : "16",
        "runtime" : "60",
        "directory" : "/tmp/e2sar/rgeorge-fio_test-m_RandR-4M-64-16",
        "direct" : "1",
        "buffered" : "0",
        "randrepeat" : "0",
        "size" : "128M",
        "ioengine" : "pvsync",
        "lat_percentiles" : "1"
      },
      "read" : {
        "io_bytes" : 111635595264,
        "io_kbytes" : 109019136,
        "bw_bytes" : 1857806544,
        "bw" : 1814264,
        "iops" : 442.935597,
        "runtime" : 60090,
        "total_ios" : 26616,
        "short_ios" : 0,
        "drop_ios" : 0,
        "slat_ns" : {
          "min" : 0,
          "max" : 0,
          "mean" : 0.000000,
          "stddev" : 0.000000,
          "N" : 0
        },
        "clat_ns" : {
          "min" : 88583671,
          "max" : 233506103,
          "mean" : 144316773.484558,
          "stddev" : 5373506.848026,
          "N" : 26616,
          "percentile" : {
            "1.000000" : 141557760,
            "5.000000" : 141557760,
            "10.000000" : 141557760,
            "20.000000" : 141557760,
            "30.000000" : 143654912,
            "40.000000" : 143654912,
            "50.000000" : 143654912,
            "60.000000" : 143654912,
            "70.000000" : 143654912,
            "80.000000" : 145752064,
            "90.000000" : 145752064,
            "95.000000" : 147849216,
            "99.000000" : 156237824,
            "99.500000" : 191889408,
            "99.900000" : 214958080,
            "99.950000" : 219152384,
            "99.990000" : 231735296
          }
        },
        "lat_ns" : {
          "min" : 88583703,
          "max" : 233506182,
          "mean" : 144316861.402352,
          "stddev" : 5373505.529400,
          "N" : 26616,
          "percentile" : {
            "1.000000" : 141557760,
            "5.000000" : 141557760,
            "10.000000" : 141557760,
            "20.000000" : 141557760,
            "30.000000" : 143654912,
            "40.000000" : 143654912,
            "50.000000" : 143654912,
            "60.000000" : 143654912,
            "70.000000" : 143654912,
            "80.000000" : 145752064,
            "90.000000" : 145752064,
            "95.000000" : 147849216,
            "99.000000" : 156237824,
            "99.500000" : 191889408,
            "99.900000" : 214958080,
            "99.950000" : 219152384,
            "99.990000" : 231735296
          }
        },
        "bw_min" : 1531671,
        "bw_max" : 2097152,
        "bw_agg" : 100.000000,
        "bw_mean" : 1814909.826891,
        "bw_dev" : 4094.984925,
        "bw_samples" : 7618,
        "iops_min" : 369,
        "iops_max" : 512,
        "iops_mean" : 443.051681,
        "iops_stddev" : 1.000938,
        "iops_samples" : 7618
      },
      "write" : {
        "io_bytes" : 0,
        "io_kbytes" : 0,
        "bw_bytes" : 0,
        "bw" : 0,
        "iops" : 0.000000,
        "runtime" : 0,
        "total_ios" : 0,
        "short_ios" : 0,
        "drop_ios" : 0,
        "slat_ns" : {
          "min" : 0,
          "max" : 0,
          "mean" : 0.000000,
          "stddev" : 0.000000,
          "N" : 0
        },
        "clat_ns" : {
          "min" : 0,
          "max" : 0,
          "mean" : 0.000000,
          "stddev" : 0.000000,
          "N" : 0
        },
        "lat_ns" : {
          "min" : 0,
          "max" : 0,
          "mean" : 0.000000,
          "stddev" : 0.000000,
          "N" : 0
        },
        "bw_min" : 0,
        "bw_max" : 0,
        "bw_agg" : 0.000000,
        "bw_mean" : 0.000000,
        "bw_dev" : 0.000000,
        "bw_samples" : 0,
        "iops_min" : 0,
        "iops_max" : 0,
        "iops_mean" : 0.000000,
        "iops_stddev" : 0.000000,
        "iops_samples" : 0
      },
      "trim" : {
        "io_bytes" : 0,
        "io_kbytes" : 0,
        "bw_bytes" : 0,
        "bw" : 0,
        "iops" : 0.000000,
        "runtime" : 0,
        "total_ios" : 0,
        "short_ios" : 0,
        "drop_ios" : 0,
        "slat_ns" : {
          "min" : 0,
          "max" : 0,
          "mean" : 0.000000,
          "stddev" : 0.000000,
          "N" : 0
        },
        "clat_ns" : {
          "min" : 0,
          "max" : 0,
          "mean" : 0.000000,
          "stddev" : 0.000000,
          "N" : 0
        },
        "lat_ns" : {
          "min" : 0,
          "max" : 0,
          "mean" : 0.000000,
          "stddev" : 0.000000,
          "N" : 0
        },
        "bw_min" : 0,
        "bw_max" : 0,
        "bw_agg" : 0.000000,
        "bw_mean" : 0.000000,
        "bw_dev" : 0.000000,
        "bw_samples" : 0,
        "iops_min" : 0,
        "iops_max" : 0,
        "iops_mean" : 0.000000,
        "iops_stddev" : 0.000000,
        "iops_samples" : 0
      },
      "sync" : {
        "total_ios" : 0,
        "lat_ns" : {
          "min" : 0,
          "max" : 0,
          "mean" : 0.000000,
          "stddev" : 0.000000,
          "N" : 0
        }
      },
      "job_runtime" : 3843633,
      "usr_cpu" : 0.001925,
      "sys_cpu" : 0.041861,
      "ctx" : 106790,
      "majf" : 0,
      "minf" : 747,
      "iodepth_level" : {
        "1" : 100.000000,
        "2" : 0.000000,
        "4" : 0.000000,
        "8" : 0.000000,
        "16" : 0.000000,
        "32" : 0.000000,
        ">=64" : 0.000000
      },
      "iodepth_submit" : {
        "0" : 0.000000,
        "4" : 100.000000,
        "8" : 0.000000,
        "16" : 0.000000,
        "32" : 0.000000,
        "64" : 0.000000,
        ">=64" : 0.000000
      },
      "iodepth_complete" : {
        "0" : 0.000000,
        "4" : 100.000000,
        "8" : 0.000000,
        "16" : 0.000000,
        "32" : 0.000000,
        "64" : 0.000000,
        ">=64" : 0.000000
      },
      "latency_ns" : {
        "2" : 0.000000,
        "4" : 0.000000,
        "10" : 0.000000,
        "20" : 0.000000,
        "50" : 0.000000,
        "100" : 0.000000,
        "250" : 0.000000,
        "500" : 0.000000,
        "750" : 0.000000,
        "1000" : 0.000000
      },
      "latency_us" : {
        "2" : 0.000000,
        "4" : 0.000000,
        "10" : 0.000000,
        "20" : 0.000000,
        "50" : 0.000000,
        "100" : 0.000000,
        "250" : 0.000000,
        "500" : 0.000000,
        "750" : 0.000000,
        "1000" : 0.000000
      },
      "latency_ms" : {
        "2" : 0.000000,
        "4" : 0.000000,
        "10" : 0.000000,
        "20" : 0.000000,
        "50" : 0.000000,
        "100" : 0.015029,
        "250" : 99.984971,
        "500" : 0.000000,
        "750" : 0.000000,
        "1000" : 0.000000,
        "2000" : 0.000000,
        ">=2000" : 0.000000
      },
      "latency_depth" : 16,
      "latency_target" : 0,
      "latency_percentile" : 100.000000,
      "latency_window" : 0
    }
  ]
}
