{
  "fio version" : "fio-3.23",
  "timestamp" : 1757514447,
  "timestamp_ms" : 1757514447378,
  "time" : "Wed Sep 10 14:27:27 2025",
  "jobs" : [
    {
      "jobname" : "RandW-4M-64-16",
      "groupid" : 0,
      "error" : 0,
      "eta" : 0,
      "elapsed" : 61,
      "job options" : {
        "name" : "RandW-4M-64-16",
        "rw" : "randwrite",
        "unified_rw_reporting" : "0",
        "bs" : "4M",
        "numjobs" : "64",
        "iodepth" : "16",
        "runtime" : "60",
        "directory" : "/tmp/e2sar/rgeorge-fio_test-m_RandW-4M-64-16",
        "direct" : "1",
        "buffered" : "0",
        "randrepeat" : "0",
        "size" : "128M",
        "ioengine" : "pvsync",
        "lat_percentiles" : "1"
      },
      "read" : {
        "io_bytes" : 0,
        "io_kbytes" : 0,
        "bw_bytes" : 0,
        "bw" : 0,
        "iops" : 0.000000,
        "runtime" : 0,
        "total_ios" : 0,
        "short_ios" : 0,
        "drop_ios" : 0,
        "slat_ns" : {
          "min" : 0,
          "max" : 0,
          "mean" : 0.000000,
          "stddev" : 0.000000,
          "N" : 0
        },
        "clat_ns" : {
          "min" : 0,
          "max" : 0,
          "mean" : 0.000000,
          "stddev" : 0.000000,
          "N" : 0
        },
        "lat_ns" : {
          "min" : 0,
          "max" : 0,
          "mean" : 0.000000,
          "stddev" : 0.000000,
          "N" : 0
        },
        "bw_min" : 0,
        "bw_max" : 0,
        "bw_agg" : 0.000000,
        "bw_mean" : 0.000000,
        "bw_dev" : 0.000000,
        "bw_samples" : 0,
        "iops_min" : 0,
        "iops_max" : 0,
        "iops_mean" : 0.000000,
        "iops_stddev" : 0.000000,
        "iops_samples" : 0
      },
      "write" : {
        "io_bytes" : 800143179776,
        "io_kbytes" : 781389824,
        "bw_bytes" : 13331942279,
        "bw" : 13019474,
        "iops" : 3178.582735,
        "runtime" : 60017,
        "total_ios" : 190769,
        "short_ios" : 0,
        "drop_ios" : 0,
        "slat_ns" : {
          "min" : 0,
          "max" : 0,
          "mean" : 0.000000,
          "stddev" : 0.000000,
          "N" : 0
        },
        "clat_ns" : {
          "min" : 4013904,
          "max" : 122066291,
          "mean" : 18871206.734527,
          "stddev" : 4615684.325670,
          "N" : 190769,
          "percentile" : {
            "1.000000" : 12779520,
            "5.000000" : 14614528,
            "10.000000" : 15532032,
            "20.000000" : 16580608,
            "30.000000" : 17170432,
            "40.000000" : 17956864,
            "50.000000" : 18481152,
            "60.000000" : 19267584,
            "70.000000" : 20054016,
            "80.000000" : 20840448,
            "90.000000" : 22151168,
            "95.000000" : 23199744,
            "99.000000" : 25034752,
            "99.500000" : 26345472,
            "99.900000" : 100139008,
            "99.950000" : 105381888,
            "99.990000" : 113770496
          }
        },
        "lat_ns" : {
          "min" : 4014371,
          "max" : 122066856,
          "mean" : 18871663.991560,
          "stddev" : 4615687.563008,
          "N" : 190769,
          "percentile" : {
            "1.000000" : 12779520,
            "5.000000" : 14614528,
            "10.000000" : 15532032,
            "20.000000" : 16580608,
            "30.000000" : 17170432,
            "40.000000" : 17956864,
            "50.000000" : 18481152,
            "60.000000" : 19267584,
            "70.000000" : 20054016,
            "80.000000" : 20840448,
            "90.000000" : 22151168,
            "95.000000" : 23199744,
            "99.000000" : 25034752,
            "99.500000" : 26345472,
            "99.900000" : 100139008,
            "99.950000" : 105381888,
            "99.990000" : 113770496
          }
        },
        "bw_min" : 9757570,
        "bw_max" : 15073280,
        "bw_agg" : 100.000000,
        "bw_mean" : 13037409.915966,
        "bw_dev" : 11227.858739,
        "bw_samples" : 7616,
        "iops_min" : 2362,
        "iops_max" : 3680,
        "iops_mean" : 3179.504202,
        "iops_stddev" : 2.761011,
        "iops_samples" : 7616
      },
      "trim" : {
        "io_bytes" : 0,
        "io_kbytes" : 0,
        "bw_bytes" : 0,
        "bw" : 0,
        "iops" : 0.000000,
        "runtime" : 0,
        "total_ios" : 0,
        "short_ios" : 0,
        "drop_ios" : 0,
        "slat_ns" : {
          "min" : 0,
          "max" : 0,
          "mean" : 0.000000,
          "stddev" : 0.000000,
          "N" : 0
        },
        "clat_ns" : {
          "min" : 0,
          "max" : 0,
          "mean" : 0.000000,
          "stddev" : 0.000000,
          "N" : 0
        },
        "lat_ns" : {
          "min" : 0,
          "max" : 0,
          "mean" : 0.000000,
          "stddev" : 0.000000,
          "N" : 0
        },
        "bw_min" : 0,
        "bw_max" : 0,
        "bw_agg" : 0.000000,
        "bw_mean" : 0.000000,
        "bw_dev" : 0.000000,
        "bw_samples" : 0,
        "iops_min" : 0,
        "iops_max" : 0,
        "iops_mean" : 0.000000,
        "iops_stddev" : 0.000000,
        "iops_samples" : 0
      },
      "sync" : {
        "total_ios" : 0,
        "lat_ns" : {
          "min" : 0,
          "max" : 0,
          "mean" : 0.000000,
          "stddev" : 0.000000,
          "N" : 0
        }
      },
      "job_runtime" : 3840333,
      "usr_cpu" : 6.012552,
      "sys_cpu" : 0.317316,
      "ctx" : 774367,
      "majf" : 0,
      "minf" : 673,
      "iodepth_level" : {
        "1" : 100.000000,
        "2" : 0.000000,
        "4" : 0.000000,
        "8" : 0.000000,
        "16" : 0.000000,
        "32" : 0.000000,
        ">=64" : 0.000000
      },
      "iodepth_submit" : {
        "0" : 0.000000,
        "4" : 100.000000,
        "8" : 0.000000,
        "16" : 0.000000,
        "32" : 0.000000,
        "64" : 0.000000,
        ">=64" : 0.000000
      },
      "iodepth_complete" : {
        "0" : 0.000000,
        "4" : 100.000000,
        "8" : 0.000000,
        "16" : 0.000000,
        "32" : 0.000000,
        "64" : 0.000000,
        ">=64" : 0.000000
      },
      "latency_ns" : {
        "2" : 0.000000,
        "4" : 0.000000,
        "10" : 0.000000,
        "20" : 0.000000,
        "50" : 0.000000,
        "100" : 0.000000,
        "250" : 0.000000,
        "500" : 0.000000,
        "750" : 0.000000,
        "1000" : 0.000000
      },
      "latency_us" : {
        "2" : 0.000000,
        "4" : 0.000000,
        "10" : 0.000000,
        "20" : 0.000000,
        "50" : 0.000000,
        "100" : 0.000000,
        "250" : 0.000000,
        "500" : 0.000000,
        "750" : 0.000000,
        "1000" : 0.000000
      },
      "latency_ms" : {
        "2" : 0.000000,
        "4" : 0.000000,
        "10" : 0.318710,
        "20" : 70.059601,
        "50" : 29.370076,
        "100" : 0.148871,
        "250" : 0.102742,
        "500" : 0.000000,
        "750" : 0.000000,
        "1000" : 0.000000,
        "2000" : 0.000000,
        ">=2000" : 0.000000
      },
      "latency_depth" : 16,
      "latency_target" : 0,
      "latency_percentile" : 100.000000,
      "latency_window" : 0
    }
  ]
}
