{
  "fio version" : "fio-3.23",
  "timestamp" : 1757513550,
  "timestamp_ms" : 1757513550689,
  "time" : "Wed Sep 10 14:12:30 2025",
  "jobs" : [
    {
      "jobname" : "RandWH-4M-64-128",
      "groupid" : 0,
      "error" : 0,
      "eta" : 0,
      "elapsed" : 62,
      "job options" : {
        "name" : "RandWH-4M-64-128",
        "rw" : "randrw",
        "rwmixread" : "20",
        "unified_rw_reporting" : "1",
        "bs" : "4M",
        "numjobs" : "64",
        "iodepth" : "128",
        "runtime" : "60",
        "directory" : "/tmp/e2sar/rgeorge-fio_test-m_RandWH-4M-64-128",
        "direct" : "1",
        "buffered" : "0",
        "randrepeat" : "0",
        "size" : "128M",
        "ioengine" : "pvsync",
        "lat_percentiles" : "1"
      },
      "mixed" : {
        "io_bytes" : 403156500480,
        "io_kbytes" : 393707520,
        "bw_bytes" : 6713233098,
        "bw" : 6555891,
        "iops" : 1600.559496,
        "runtime" : 60054,
        "total_ios" : 96120,
        "short_ios" : 0,
        "drop_ios" : 0,
        "slat_ns" : {
          "min" : 0,
          "max" : 0,
          "mean" : 0.000000,
          "stddev" : 0.000000,
          "N" : 0
        },
        "clat_ns" : {
          "min" : 3252688,
          "max" : 395777424,
          "mean" : 39103656.740210,
          "stddev" : 16746849.647305,
          "N" : 96120,
          "percentile" : {
            "1.000000" : 20578304,
            "5.000000" : 27131904,
            "10.000000" : 28966912,
            "20.000000" : 31064064,
            "30.000000" : 32636928,
            "40.000000" : 34340864,
            "50.000000" : 35389440,
            "60.000000" : 36962304,
            "70.000000" : 38535168,
            "80.000000" : 41156608,
            "90.000000" : 47448064,
            "95.000000" : 68681728,
            "99.000000" : 115867648,
            "99.500000" : 132644864,
            "99.900000" : 181403648,
            "99.950000" : 202375168,
            "99.990000" : 274726912
          }
        },
        "lat_ns" : {
          "min" : 3252790,
          "max" : 395777641,
          "mean" : 39103984.149012,
          "stddev" : 16746817.471955,
          "N" : 96120,
          "percentile" : {
            "1.000000" : 20578304,
            "5.000000" : 27131904,
            "10.000000" : 28966912,
            "20.000000" : 31064064,
            "30.000000" : 32636928,
            "40.000000" : 34340864,
            "50.000000" : 35389440,
            "60.000000" : 36962304,
            "70.000000" : 38535168,
            "80.000000" : 41156608,
            "90.000000" : 47448064,
            "95.000000" : 68681728,
            "99.000000" : 115867648,
            "99.500000" : 132644864,
            "99.900000" : 181403648,
            "99.950000" : 202375168,
            "99.990000" : 274726912
          }
        },
        "bw_min" : 2719625,
        "bw_max" : 13164052,
        "bw_agg" : 100.000000,
        "bw_mean" : 6615102.675476,
        "bw_dev" : 15849.055583,
        "bw_samples" : 14883,
        "iops_min" : 657,
        "iops_max" : 3212,
        "iops_mean" : 1613.921179,
        "iops_stddev" : 3.869962,
        "iops_samples" : 14883
      },
      "job_runtime" : 3840707,
      "usr_cpu" : 2.094172,
      "sys_cpu" : 0.222329,
      "ctx" : 387581,
      "majf" : 0,
      "minf" : 903,
      "iodepth_level" : {
        "1" : 100.000000,
        "2" : 0.000000,
        "4" : 0.000000,
        "8" : 0.000000,
        "16" : 0.000000,
        "32" : 0.000000,
        ">=64" : 0.000000
      },
      "iodepth_submit" : {
        "0" : 0.000000,
        "4" : 100.000000,
        "8" : 0.000000,
        "16" : 0.000000,
        "32" : 0.000000,
        "64" : 0.000000,
        ">=64" : 0.000000
      },
      "iodepth_complete" : {
        "0" : 0.000000,
        "4" : 100.000000,
        "8" : 0.000000,
        "16" : 0.000000,
        "32" : 0.000000,
        "64" : 0.000000,
        ">=64" : 0.000000
      },
      "latency_ns" : {
        "2" : 0.000000,
        "4" : 0.000000,
        "10" : 0.000000,
        "20" : 0.000000,
        "50" : 0.000000,
        "100" : 0.000000,
        "250" : 0.000000,
        "500" : 0.000000,
        "750" : 0.000000,
        "1000" : 0.000000
      },
      "latency_us" : {
        "2" : 0.000000,
        "4" : 0.000000,
        "10" : 0.000000,
        "20" : 0.000000,
        "50" : 0.000000,
        "100" : 0.000000,
        "250" : 0.000000,
        "500" : 0.000000,
        "750" : 0.000000,
        "1000" : 0.000000
      },
      "latency_ms" : {
        "2" : 0.000000,
        "4" : 0.010000,
        "10" : 0.436954,
        "20" : 0.496255,
        "50" : 90.099875,
        "100" : 7.099459,
        "250" : 1.849771,
        "500" : 0.012484,
        "750" : 0.000000,
        "1000" : 0.000000,
        "2000" : 0.000000,
        ">=2000" : 0.000000
      },
      "latency_depth" : 128,
      "latency_target" : 0,
      "latency_percentile" : 100.000000,
      "latency_window" : 0
    }
  ]
}
