{
  "fio version" : "fio-3.23",
  "timestamp" : 1757505716,
  "timestamp_ms" : 1757505716630,
  "time" : "Wed Sep 10 12:01:56 2025",
  "jobs" : [
    {
      "jobname" : "RandW-2M-128-32",
      "groupid" : 0,
      "error" : 0,
      "eta" : 0,
      "elapsed" : 62,
      "job options" : {
        "name" : "RandW-2M-128-32",
        "rw" : "randwrite",
        "unified_rw_reporting" : "0",
        "bs" : "2M",
        "numjobs" : "128",
        "iodepth" : "32",
        "runtime" : "60",
        "directory" : "/tmp/e2sar/rgeorge-fio_test-m_RandW-2M-128-32",
        "direct" : "1",
        "buffered" : "0",
        "randrepeat" : "0",
        "size" : "128M",
        "ioengine" : "pvsync",
        "lat_percentiles" : "1"
      },
      "read" : {
        "io_bytes" : 0,
        "io_kbytes" : 0,
        "bw_bytes" : 0,
        "bw" : 0,
        "iops" : 0.000000,
        "runtime" : 0,
        "total_ios" : 0,
        "short_ios" : 0,
        "drop_ios" : 0,
        "slat_ns" : {
          "min" : 0,
          "max" : 0,
          "mean" : 0.000000,
          "stddev" : 0.000000,
          "N" : 0
        },
        "clat_ns" : {
          "min" : 0,
          "max" : 0,
          "mean" : 0.000000,
          "stddev" : 0.000000,
          "N" : 0
        },
        "lat_ns" : {
          "min" : 0,
          "max" : 0,
          "mean" : 0.000000,
          "stddev" : 0.000000,
          "N" : 0
        },
        "bw_min" : 0,
        "bw_max" : 0,
        "bw_agg" : 0.000000,
        "bw_mean" : 0.000000,
        "bw_dev" : 0.000000,
        "bw_samples" : 0,
        "iops_min" : 0,
        "iops_max" : 0,
        "iops_mean" : 0.000000,
        "iops_stddev" : 0.000000,
        "iops_samples" : 0
      },
      "write" : {
        "io_bytes" : 909257998336,
        "io_kbytes" : 887947264,
        "bw_bytes" : 15149755045,
        "bw" : 14794682,
        "iops" : 7223.966143,
        "runtime" : 60018,
        "total_ios" : 433568,
        "short_ios" : 0,
        "drop_ios" : 0,
        "slat_ns" : {
          "min" : 0,
          "max" : 0,
          "mean" : 0.000000,
          "stddev" : 0.000000,
          "N" : 0
        },
        "clat_ns" : {
          "min" : 2121047,
          "max" : 121564542,
          "mean" : 16993207.597952,
          "stddev" : 5379958.099539,
          "N" : 433568,
          "percentile" : {
            "1.000000" : 9633792,
            "5.000000" : 11206656,
            "10.000000" : 11862016,
            "20.000000" : 13303808,
            "30.000000" : 14614528,
            "40.000000" : 15663104,
            "50.000000" : 16580608,
            "60.000000" : 17694720,
            "70.000000" : 18743296,
            "80.000000" : 20316160,
            "90.000000" : 21889024,
            "95.000000" : 23199744,
            "99.000000" : 25296896,
            "99.500000" : 26345472,
            "99.900000" : 99090432,
            "99.950000" : 104333312,
            "99.990000" : 112721920
          }
        },
        "lat_ns" : {
          "min" : 2121390,
          "max" : 121564876,
          "mean" : 16993676.720561,
          "stddev" : 5379961.277437,
          "N" : 433568,
          "percentile" : {
            "1.000000" : 9633792,
            "5.000000" : 11206656,
            "10.000000" : 11862016,
            "20.000000" : 13303808,
            "30.000000" : 14614528,
            "40.000000" : 15663104,
            "50.000000" : 16580608,
            "60.000000" : 17694720,
            "70.000000" : 18743296,
            "80.000000" : 20316160,
            "90.000000" : 21889024,
            "95.000000" : 23199744,
            "99.000000" : 25296896,
            "99.500000" : 26345472,
            "99.900000" : 99090432,
            "99.950000" : 104333312,
            "99.990000" : 112721920
          }
        },
        "bw_min" : 9257761,
        "bw_max" : 20699039,
        "bw_agg" : 100.000000,
        "bw_mean" : 14799815.340265,
        "bw_dev" : 12388.954939,
        "bw_samples" : 15223,
        "iops_min" : 4502,
        "iops_max" : 10101,
        "iops_mean" : 7214.972155,
        "iops_stddev" : 6.061756,
        "iops_samples" : 15223
      },
      "trim" : {
        "io_bytes" : 0,
        "io_kbytes" : 0,
        "bw_bytes" : 0,
        "bw" : 0,
        "iops" : 0.000000,
        "runtime" : 0,
        "total_ios" : 0,
        "short_ios" : 0,
        "drop_ios" : 0,
        "slat_ns" : {
          "min" : 0,
          "max" : 0,
          "mean" : 0.000000,
          "stddev" : 0.000000,
          "N" : 0
        },
        "clat_ns" : {
          "min" : 0,
          "max" : 0,
          "mean" : 0.000000,
          "stddev" : 0.000000,
          "N" : 0
        },
        "lat_ns" : {
          "min" : 0,
          "max" : 0,
          "mean" : 0.000000,
          "stddev" : 0.000000,
          "N" : 0
        },
        "bw_min" : 0,
        "bw_max" : 0,
        "bw_agg" : 0.000000,
        "bw_mean" : 0.000000,
        "bw_dev" : 0.000000,
        "bw_samples" : 0,
        "iops_min" : 0,
        "iops_max" : 0,
        "iops_mean" : 0.000000,
        "iops_stddev" : 0.000000,
        "iops_samples" : 0
      },
      "sync" : {
        "total_ios" : 0,
        "lat_ns" : {
          "min" : 0,
          "max" : 0,
          "mean" : 0.000000,
          "stddev" : 0.000000,
          "N" : 0
        }
      },
      "job_runtime" : 7680624,
      "usr_cpu" : 3.510548,
      "sys_cpu" : 0.218355,
      "ctx" : 891661,
      "majf" : 0,
      "minf" : 1339,
      "iodepth_level" : {
        "1" : 100.000000,
        "2" : 0.000000,
        "4" : 0.000000,
        "8" : 0.000000,
        "16" : 0.000000,
        "32" : 0.000000,
        ">=64" : 0.000000
      },
      "iodepth_submit" : {
        "0" : 0.000000,
        "4" : 100.000000,
        "8" : 0.000000,
        "16" : 0.000000,
        "32" : 0.000000,
        "64" : 0.000000,
        ">=64" : 0.000000
      },
      "iodepth_complete" : {
        "0" : 0.000000,
        "4" : 100.000000,
        "8" : 0.000000,
        "16" : 0.000000,
        "32" : 0.000000,
        "64" : 0.000000,
        ">=64" : 0.000000
      },
      "latency_ns" : {
        "2" : 0.000000,
        "4" : 0.000000,
        "10" : 0.000000,
        "20" : 0.000000,
        "50" : 0.000000,
        "100" : 0.000000,
        "250" : 0.000000,
        "500" : 0.000000,
        "750" : 0.000000,
        "1000" : 0.000000
      },
      "latency_us" : {
        "2" : 0.000000,
        "4" : 0.000000,
        "10" : 0.000000,
        "20" : 0.000000,
        "50" : 0.000000,
        "100" : 0.000000,
        "250" : 0.000000,
        "500" : 0.000000,
        "750" : 0.000000,
        "1000" : 0.000000
      },
      "latency_ms" : {
        "2" : 0.000000,
        "4" : 0.070347,
        "10" : 1.349731,
        "20" : 76.623967,
        "50" : 21.711704,
        "100" : 0.149227,
        "250" : 0.095025,
        "500" : 0.000000,
        "750" : 0.000000,
        "1000" : 0.000000,
        "2000" : 0.000000,
        ">=2000" : 0.000000
      },
      "latency_depth" : 32,
      "latency_target" : 0,
      "latency_percentile" : 100.000000,
      "latency_window" : 0
    }
  ]
}
