{
  "fio version" : "fio-3.23",
  "timestamp" : 1757511938,
  "timestamp_ms" : 1757511938918,
  "time" : "Wed Sep 10 13:45:38 2025",
  "jobs" : [
    {
      "jobname" : "RandBal-4M-64-4",
      "groupid" : 0,
      "error" : 0,
      "eta" : 0,
      "elapsed" : 61,
      "job options" : {
        "name" : "RandBal-4M-64-4",
        "rw" : "randrw",
        "unified_rw_reporting" : "1",
        "bs" : "4M",
        "numjobs" : "64",
        "iodepth" : "4",
        "runtime" : "60",
        "directory" : "/tmp/e2sar/rgeorge-fio_test-m_RandBal-4M-64-4",
        "direct" : "1",
        "buffered" : "0",
        "randrepeat" : "0",
        "size" : "128M",
        "ioengine" : "pvsync",
        "lat_percentiles" : "1"
      },
      "mixed" : {
        "io_bytes" : 229751390208,
        "io_kbytes" : 224366592,
        "bw_bytes" : 3825173404,
        "bw" : 3735520,
        "iops" : 911.992408,
        "runtime" : 60063,
        "total_ios" : 54777,
        "short_ios" : 0,
        "drop_ios" : 0,
        "slat_ns" : {
          "min" : 0,
          "max" : 0,
          "mean" : 0.000000,
          "stddev" : 0.000000,
          "N" : 0
        },
        "clat_ns" : {
          "min" : 3893798,
          "max" : 383829944,
          "mean" : 69464002.393432,
          "stddev" : 16544357.645958,
          "N" : 54777,
          "percentile" : {
            "1.000000" : 50069504,
            "5.000000" : 55836672,
            "10.000000" : 58458112,
            "20.000000" : 61079552,
            "30.000000" : 63176704,
            "40.000000" : 65273856,
            "50.000000" : 66846720,
            "60.000000" : 68681728,
            "70.000000" : 70778880,
            "80.000000" : 72876032,
            "90.000000" : 77070336,
            "95.000000" : 95944704,
            "99.000000" : 145752064,
            "99.500000" : 164626432,
            "99.900000" : 208666624,
            "99.950000" : 227540992,
            "99.990000" : 278921216
          }
        },
        "lat_ns" : {
          "min" : 3893975,
          "max" : 383830421,
          "mean" : 69464235.882159,
          "stddev" : 16544335.322966,
          "N" : 54777,
          "percentile" : {
            "1.000000" : 50069504,
            "5.000000" : 55836672,
            "10.000000" : 58458112,
            "20.000000" : 61079552,
            "30.000000" : 63176704,
            "40.000000" : 65273856,
            "50.000000" : 66846720,
            "60.000000" : 68681728,
            "70.000000" : 70778880,
            "80.000000" : 72876032,
            "90.000000" : 77070336,
            "95.000000" : 95944704,
            "99.000000" : 145752064,
            "99.500000" : 164626432,
            "99.900000" : 208666624,
            "99.950000" : 227540992,
            "99.990000" : 278921216
          }
        },
        "bw_min" : 1047437,
        "bw_max" : 7380532,
        "bw_agg" : 100.000000,
        "bw_mean" : 3773677.659741,
        "bw_dev" : 11149.995561,
        "bw_samples" : 15099,
        "iops_min" : 189,
        "iops_max" : 1798,
        "iops_mean" : 905.452404,
        "iops_stddev" : 2.740993,
        "iops_samples" : 15099
      },
      "job_runtime" : 3841512,
      "usr_cpu" : 0.706935,
      "sys_cpu" : 0.108161,
      "ctx" : 219793,
      "majf" : 0,
      "minf" : 914,
      "iodepth_level" : {
        "1" : 100.000000,
        "2" : 0.000000,
        "4" : 0.000000,
        "8" : 0.000000,
        "16" : 0.000000,
        "32" : 0.000000,
        ">=64" : 0.000000
      },
      "iodepth_submit" : {
        "0" : 0.000000,
        "4" : 100.000000,
        "8" : 0.000000,
        "16" : 0.000000,
        "32" : 0.000000,
        "64" : 0.000000,
        ">=64" : 0.000000
      },
      "iodepth_complete" : {
        "0" : 0.000000,
        "4" : 100.000000,
        "8" : 0.000000,
        "16" : 0.000000,
        "32" : 0.000000,
        "64" : 0.000000,
        ">=64" : 0.000000
      },
      "latency_ns" : {
        "2" : 0.000000,
        "4" : 0.000000,
        "10" : 0.000000,
        "20" : 0.000000,
        "50" : 0.000000,
        "100" : 0.000000,
        "250" : 0.000000,
        "500" : 0.000000,
        "750" : 0.000000,
        "1000" : 0.000000
      },
      "latency_us" : {
        "2" : 0.000000,
        "4" : 0.000000,
        "10" : 0.000000,
        "20" : 0.000000,
        "50" : 0.000000,
        "100" : 0.000000,
        "250" : 0.000000,
        "500" : 0.000000,
        "750" : 0.000000,
        "1000" : 0.000000
      },
      "latency_ms" : {
        "2" : 0.000000,
        "4" : 0.010000,
        "10" : 0.076675,
        "20" : 0.062070,
        "50" : 0.885408,
        "100" : 94.306004,
        "250" : 4.636983,
        "500" : 0.031035,
        "750" : 0.000000,
        "1000" : 0.000000,
        "2000" : 0.000000,
        ">=2000" : 0.000000
      },
      "latency_depth" : 4,
      "latency_target" : 0,
      "latency_percentile" : 100.000000,
      "latency_window" : 0
    }
  ]
}
