{
  "fio version" : "fio-3.23",
  "timestamp" : 1759452452,
  "timestamp_ms" : 1759452452762,
  "time" : "Fri Oct  3 00:47:32 2025",
  "jobs" : [
    {
      "jobname" : "RandWH-16K-16-16",
      "groupid" : 0,
      "error" : 0,
      "eta" : 0,
      "elapsed" : 61,
      "job options" : {
        "name" : "RandWH-16K-16-16",
        "numjobs" : "16",
        "runtime" : "60",
        "directory" : "/tmp/e2sar/rgeorge-fio_test-st_RandWH-16K-16-16",
        "direct" : "1",
        "buffered" : "0",
        "rw" : "randrw",
        "rwmixread" : "20",
        "unified_rw_reporting" : "0",
        "randrepeat" : "0",
        "bs" : "16K",
        "size" : "128M",
        "ioengine" : "pvsync",
        "iodepth" : "16",
        "lat_percentiles" : "1"
      },
      "read" : {
        "io_bytes" : 9266135040,
        "io_kbytes" : 9048960,
        "bw_bytes" : 154430436,
        "bw" : 150810,
        "iops" : 9425.685810,
        "runtime" : 60002,
        "total_ios" : 565560,
        "short_ios" : 0,
        "drop_ios" : 0,
        "slat_ns" : {
          "min" : 0,
          "max" : 0,
          "mean" : 0.000000,
          "stddev" : 0.000000,
          "N" : 0
        },
        "clat_ns" : {
          "min" : 161973,
          "max" : 68955024,
          "mean" : 448017.132881,
          "stddev" : 293348.048059,
          "N" : 565560,
          "percentile" : {
            "1.000000" : 242688,
            "5.000000" : 288768,
            "10.000000" : 313344,
            "20.000000" : 337920,
            "30.000000" : 362496,
            "40.000000" : 382976,
            "50.000000" : 415744,
            "60.000000" : 448512,
            "70.000000" : 481280,
            "80.000000" : 522240,
            "90.000000" : 618496,
            "95.000000" : 692224,
            "99.000000" : 929792,
            "99.500000" : 1105920,
            "99.900000" : 1777664,
            "99.950000" : 2179072,
            "99.990000" : 13828096
          }
        },
        "lat_ns" : {
          "min" : 162013,
          "max" : 68955063,
          "mean" : 448060.356351,
          "stddev" : 293348.253804,
          "N" : 565560,
          "percentile" : {
            "1.000000" : 242688,
            "5.000000" : 288768,
            "10.000000" : 313344,
            "20.000000" : 337920,
            "30.000000" : 362496,
            "40.000000" : 382976,
            "50.000000" : 415744,
            "60.000000" : 448512,
            "70.000000" : 481280,
            "80.000000" : 522240,
            "90.000000" : 618496,
            "95.000000" : 692224,
            "99.000000" : 929792,
            "99.500000" : 1105920,
            "99.900000" : 1777664,
            "99.950000" : 2179072,
            "99.990000" : 13828096
          }
        },
        "bw_min" : 125856,
        "bw_max" : 173376,
        "bw_agg" : 100.000000,
        "bw_mean" : 151026.554622,
        "bw_dev" : 564.962897,
        "bw_samples" : 1904,
        "iops_min" : 7866,
        "iops_max" : 10836,
        "iops_mean" : 9439.159664,
        "iops_stddev" : 35.310181,
        "iops_samples" : 1904
      },
      "write" : {
        "io_bytes" : 37091557376,
        "io_kbytes" : 36222224,
        "bw_bytes" : 618172017,
        "bw" : 603683,
        "iops" : 37730.225659,
        "runtime" : 60002,
        "total_ios" : 2263889,
        "short_ios" : 0,
        "drop_ios" : 0,
        "slat_ns" : {
          "min" : 0,
          "max" : 0,
          "mean" : 0.000000,
          "stddev" : 0.000000,
          "N" : 0
        },
        "clat_ns" : {
          "min" : 163360,
          "max" : 63866057,
          "mean" : 307640.999670,
          "stddev" : 267674.441217,
          "N" : 2263889,
          "percentile" : {
            "1.000000" : 222208,
            "5.000000" : 240640,
            "10.000000" : 250880,
            "20.000000" : 268288,
            "30.000000" : 280576,
            "40.000000" : 292864,
            "50.000000" : 301056,
            "60.000000" : 309248,
            "70.000000" : 317440,
            "80.000000" : 329728,
            "90.000000" : 346112,
            "95.000000" : 362496,
            "99.000000" : 428032,
            "99.500000" : 667648,
            "99.900000" : 1220608,
            "99.950000" : 1499136,
            "99.990000" : 14614528
          }
        },
        "lat_ns" : {
          "min" : 163406,
          "max" : 63866089,
          "mean" : 307738.768832,
          "stddev" : 267673.230627,
          "N" : 2263889,
          "percentile" : {
            "1.000000" : 222208,
            "5.000000" : 240640,
            "10.000000" : 250880,
            "20.000000" : 268288,
            "30.000000" : 280576,
            "40.000000" : 292864,
            "50.000000" : 301056,
            "60.000000" : 309248,
            "70.000000" : 317440,
            "80.000000" : 329728,
            "90.000000" : 346112,
            "95.000000" : 362496,
            "99.000000" : 428032,
            "99.500000" : 667648,
            "99.900000" : 1220608,
            "99.950000" : 1499136,
            "99.990000" : 14614528
          }
        },
        "bw_min" : 527488,
        "bw_max" : 652928,
        "bw_agg" : 100.000000,
        "bw_mean" : 604573.042017,
        "bw_dev" : 1545.908691,
        "bw_samples" : 1904,
        "iops_min" : 32968,
        "iops_max" : 40808,
        "iops_mean" : 37785.831933,
        "iops_stddev" : 96.619029,
        "iops_samples" : 1904
      },
      "trim" : {
        "io_bytes" : 0,
        "io_kbytes" : 0,
        "bw_bytes" : 0,
        "bw" : 0,
        "iops" : 0.000000,
        "runtime" : 0,
        "total_ios" : 0,
        "short_ios" : 0,
        "drop_ios" : 0,
        "slat_ns" : {
          "min" : 0,
          "max" : 0,
          "mean" : 0.000000,
          "stddev" : 0.000000,
          "N" : 0
        },
        "clat_ns" : {
          "min" : 0,
          "max" : 0,
          "mean" : 0.000000,
          "stddev" : 0.000000,
          "N" : 0
        },
        "lat_ns" : {
          "min" : 0,
          "max" : 0,
          "mean" : 0.000000,
          "stddev" : 0.000000,
          "N" : 0
        },
        "bw_min" : 0,
        "bw_max" : 0,
        "bw_agg" : 0.000000,
        "bw_mean" : 0.000000,
        "bw_dev" : 0.000000,
        "bw_samples" : 0,
        "iops_min" : 0,
        "iops_max" : 0,
        "iops_mean" : 0.000000,
        "iops_stddev" : 0.000000,
        "iops_samples" : 0
      },
      "sync" : {
        "total_ios" : 0,
        "lat_ns" : {
          "min" : 0,
          "max" : 0,
          "mean" : 0.000000,
          "stddev" : 0.000000,
          "N" : 0
        }
      },
      "job_runtime" : 960002,
      "usr_cpu" : 1.359893,
      "sys_cpu" : 1.711038,
      "ctx" : 2829573,
      "majf" : 0,
      "minf" : 288,
      "iodepth_level" : {
        "1" : 100.000000,
        "2" : 0.000000,
        "4" : 0.000000,
        "8" : 0.000000,
        "16" : 0.000000,
        "32" : 0.000000,
        ">=64" : 0.000000
      },
      "iodepth_submit" : {
        "0" : 0.000000,
        "4" : 100.000000,
        "8" : 0.000000,
        "16" : 0.000000,
        "32" : 0.000000,
        "64" : 0.000000,
        ">=64" : 0.000000
      },
      "iodepth_complete" : {
        "0" : 0.000000,
        "4" : 100.000000,
        "8" : 0.000000,
        "16" : 0.000000,
        "32" : 0.000000,
        "64" : 0.000000,
        ">=64" : 0.000000
      },
      "latency_ns" : {
        "2" : 0.000000,
        "4" : 0.000000,
        "10" : 0.000000,
        "20" : 0.000000,
        "50" : 0.000000,
        "100" : 0.000000,
        "250" : 0.000000,
        "500" : 0.000000,
        "750" : 0.000000,
        "1000" : 0.000000
      },
      "latency_us" : {
        "2" : 0.000000,
        "4" : 0.000000,
        "10" : 0.000000,
        "20" : 0.000000,
        "50" : 0.000000,
        "100" : 0.000000,
        "250" : 7.609079,