{
  "fio version" : "fio-3.23",
  "timestamp" : 1759452735,
  "timestamp_ms" : 1759452735570,
  "time" : "Fri Oct  3 00:52:15 2025",
  "jobs" : [
    {
      "jobname" : "SeqWH-16K-16-16",
      "groupid" : 0,
      "error" : 0,
      "eta" : 0,
      "elapsed" : 61,
      "job options" : {
        "name" : "SeqWH-16K-16-16",
        "numjobs" : "16",
        "runtime" : "60",
        "directory" : "/tmp/e2sar/rgeorge-fio_test-st_SeqWH-16K-16-16",
        "direct" : "1",
        "buffered" : "0",
        "rw" : "rw",
        "rwmixread" : "20",
        "unified_rw_reporting" : "0",
        "randrepeat" : "0",
        "bs" : "16K",
        "size" : "128M",
        "ioengine" : "pvsync",
        "iodepth" : "16",
        "lat_percentiles" : "1"
      },
      "read" : {
        "io_bytes" : 9943777280,
        "io_kbytes" : 9710720,
        "bw_bytes" : 165726859,
        "bw" : 161842,
        "iops" : 10115.164747,
        "runtime" : 60001,
        "total_ios" : 606920,
        "short_ios" : 0,
        "drop_ios" : 0,
        "slat_ns" : {
          "min" : 0,
          "max" : 0,
          "mean" : 0.000000,
          "stddev" : 0.000000,
          "N" : 0
        },
        "clat_ns" : {
          "min" : 146594,
          "max" : 33424760,
          "mean" : 438927.397968,
          "stddev" : 232366.788025,
          "N" : 606920,
          "percentile" : {
            "1.000000" : 244736,
            "5.000000" : 280576,
            "10.000000" : 301056,
            "20.000000" : 329728,
            "30.000000" : 362496,
            "40.000000" : 395264,
            "50.000000" : 423936,
            "60.000000" : 452608,
            "70.000000" : 489472,
            "80.000000" : 536576,
            "90.000000" : 593920,
            "95.000000" : 634880,
            "99.000000" : 733184,
            "99.500000" : 765952,
            "99.900000" : 856064,
            "99.950000" : 946176,
            "99.990000" : 11468800
          }
        },
        "lat_ns" : {
          "min" : 146631,
          "max" : 33424801,
          "mean" : 438970.573898,
          "stddev" : 232367.078226,
          "N" : 606920,
          "percentile" : {
            "1.000000" : 244736,
            "5.000000" : 280576,
            "10.000000" : 301056,
            "20.000000" : 329728,
            "30.000000" : 362496,
            "40.000000" : 395264,
            "50.000000" : 423936,
            "60.000000" : 452608,
            "70.000000" : 489472,
            "80.000000" : 536576,
            "90.000000" : 593920,
            "95.000000" : 634880,
            "99.000000" : 733184,
            "99.500000" : 765952,
            "99.900000" : 856064,
            "99.950000" : 946176,
            "99.990000" : 11468800
          }
        },
        "bw_min" : 136160,
        "bw_max" : 188608,
        "bw_agg" : 100.000000,
        "bw_mean" : 162050.000000,
        "bw_dev" : 659.014945,
        "bw_samples" : 1904,
        "iops_min" : 8510,
        "iops_max" : 11788,
        "iops_mean" : 10128.117647,
        "iops_stddev" : 41.189180,
        "iops_samples" : 1904
      },
      "write" : {
        "io_bytes" : 39855046656,
        "io_kbytes" : 38920944,
        "bw_bytes" : 664239706,
        "bw" : 648671,
        "iops" : 40541.974300,
        "runtime" : 60001,
        "total_ios" : 2432559,
        "short_ios" : 0,
        "drop_ios" : 0,
        "slat_ns" : {
          "min" : 0,
          "max" : 0,
          "mean" : 0.000000,
          "stddev" : 0.000000,
          "N" : 0
        },
        "clat_ns" : {
          "min" : 134923,
          "max" : 67588330,
          "mean" : 280770.369360,
          "stddev" : 189016.412046,
          "N" : 2432559,
          "percentile" : {
            "1.000000" : 175104,
            "5.000000" : 201728,
            "10.000000" : 218112,
            "20.000000" : 238592,
            "30.000000" : 252928,
            "40.000000" : 264192,
            "50.000000" : 276480,
            "60.000000" : 284672,
            "70.000000" : 296960,
            "80.000000" : 313344,
            "90.000000" : 342016,
            "95.000000" : 374784,
            "99.000000" : 428032,
            "99.500000" : 444416,
            "99.900000" : 561152,
            "99.950000" : 888832,
            "99.990000" : 7569408
          }
        },
        "lat_ns" : {
          "min" : 134964,
          "max" : 67588362,
          "mean" : 280849.104990,
          "stddev" : 189016.882672,
          "N" : 2432559,
          "percentile" : {
            "1.000000" : 175104,
            "5.000000" : 201728,
            "10.000000" : 218112,
            "20.000000" : 238592,
            "30.000000" : 252928,
            "40.000000" : 264192,
            "50.000000" : 276480,
            "60.000000" : 284672,
            "70.000000" : 296960,
            "80.000000" : 313344,
            "90.000000" : 342016,
            "95.000000" : 374784,
            "99.000000" : 428032,
            "99.500000" : 444416,
            "99.900000" : 561152,
            "99.950000" : 888832,
            "99.990000" : 7569408
          }
        },
        "bw_min" : 563232,
        "bw_max" : 729280,
        "bw_agg" : 100.000000,
        "bw_mean" : 649426.462185,
        "bw_dev" : 2109.824749,
        "bw_samples" : 1904,
        "iops_min" : 35202,
        "iops_max" : 45580,
        "iops_mean" : 40589.151261,
        "iops_stddev" : 131.864271,
        "iops_samples" : 1904
      },
      "trim" : {
        "io_bytes" : 0,
        "io_kbytes" : 0,
        "bw_bytes" : 0,
        "bw" : 0,
        "iops" : 0.000000,
        "runtime" : 0,
        "total_ios" : 0,
        "short_ios" : 0,
        "drop_ios" : 0,
        "slat_ns" : {
          "min" : 0,
          "max" : 0,
          "mean" : 0.000000,
          "stddev" : 0.000000,
          "N" : 0
        },
        "clat_ns" : {
          "min" : 0,
          "max" : 0,
          "mean" : 0.000000,
          "stddev" : 0.000000,
          "N" : 0
        },
        "lat_ns" : {
          "min" : 0,
          "max" : 0,
          "mean" : 0.000000,
          "stddev" : 0.000000,
          "N" : 0
        },
        "bw_min" : 0,
        "bw_max" : 0,
        "bw_agg" : 0.000000,
        "bw_mean" : 0.000000,
        "bw_dev" : 0.000000,
        "bw_samples" : 0,
        "iops_min" : 0,
        "iops_max" : 0,
        "iops_mean" : 0.000000,
        "iops_stddev" : 0.000000,
        "iops_samples" : 0
      },
      "sync" : {
        "total_ios" : 0,
        "lat_ns" : {
          "min" : 0,
          "max" : 0,
          "mean" : 0.000000,
          "stddev" : 0.000000,
          "N" : 0
        }
      },
      "job_runtime" : 960000,
      "usr_cpu" : 1.370313,
      "sys_cpu" : 1.670208,
      "ctx" : 3039601,
      "majf" : 0,
      "minf" : 283,
      "iodepth_level" : {
        "1" : 100.000000,
        "2" : 0.000000,
        "4" : 0.000000,
        "8" : 0.000000,
        "16" : 0.000000,
        "32" : 0.000000,
        ">=64" : 0.000000
      },
      "iodepth_submit" : {
        "0" : 0.000000,
        "4" : 100.000000,
        "8" : 0.000000,
        "16" : 0.000000,
        "32" : 0.000000,
        "64" : 0.000000,
        ">=64" : 0.000000
      },
      "iodepth_complete" : {
        "0" : 0.000000,
        "4" : 100.000000,
        "8" : 0.000000,
        "16" : 0.000000,
        "32" : 0.000000,
        "64" : 0.000000,
        ">=64" : 0.000000
      },
      "latency_ns" : {
        "2" : 0.000000,
        "4" : 0.000000,
        "10" : 0.000000,
        "20" : 0.000000,
        "50" : 0.000000,
        "100" : 0.000000,
        "250" : 0.000000,
        "500" : 0.000000,
        "750" : 0.000000,
        "1000" : 0.000000
      },
      "latency_us" : {
        "2" : 0.000000,
        "4" : 0.000000,
        "10" : 0.000000,
        "20" : 0.000000,
        "50" : 0.000000,
        "100" : 0.000000,
        "250" : 22.344158,
        "500" : 72.027838,