{
  "fio version" : "fio-3.23",
  "timestamp" : 1759452262,
  "timestamp_ms" : 1759452262896,
  "time" : "Fri Oct  3 00:44:22 2025",
  "jobs" : [
    {
      "jobname" : "RandRH-16K-16-16",
      "groupid" : 0,
      "error" : 0,
      "eta" : 0,
      "elapsed" : 61,
      "job options" : {
        "name" : "RandRH-16K-16-16",
        "numjobs" : "16",
        "runtime" : "60",
        "directory" : "/tmp/e2sar/rgeorge-fio_test-st_RandRH-16K-16-16",
        "direct" : "1",
        "buffered" : "0",
        "rw" : "randrw",
        "rwmixread" : "80",
        "unified_rw_reporting" : "0",
        "randrepeat" : "0",
        "bs" : "16K",
        "size" : "128M",
        "ioengine" : "pvsync",
        "iodepth" : "16",
        "lat_percentiles" : "1"
      },
      "read" : {
        "io_bytes" : 38077923328,
        "io_kbytes" : 37185472,
        "bw_bytes" : 634600325,
        "bw" : 619726,
        "iops" : 38732.930020,
        "runtime" : 60003,
        "total_ios" : 2324092,
        "short_ios" : 0,
        "drop_ios" : 0,
        "slat_ns" : {
          "min" : 0,
          "max" : 0,
          "mean" : 0.000000,
          "stddev" : 0.000000,
          "N" : 0
        },
        "clat_ns" : {
          "min" : 139049,
          "max" : 40756102,
          "mean" : 332603.739910,
          "stddev" : 214285.334070,
          "N" : 2324092,
          "percentile" : {
            "1.000000" : 197632,
            "5.000000" : 222208,
            "10.000000" : 240640,
            "20.000000" : 264192,
            "30.000000" : 284672,
            "40.000000" : 305152,
            "50.000000" : 325632,
            "60.000000" : 346112,
            "70.000000" : 366592,
            "80.000000" : 382976,
            "90.000000" : 419840,
            "95.000000" : 456704,
            "99.000000" : 536576,
            "99.500000" : 561152,
            "99.900000" : 692224,
            "99.950000" : 774144,
            "99.990000" : 10027008
          }
        },
        "lat_ns" : {
          "min" : 139093,
          "max" : 40756143,
          "mean" : 332643.984873,
          "stddev" : 214285.863380,
          "N" : 2324092,
          "percentile" : {
            "1.000000" : 197632,
            "5.000000" : 222208,
            "10.000000" : 240640,
            "20.000000" : 264192,
            "30.000000" : 284672,
            "40.000000" : 305152,
            "50.000000" : 325632,
            "60.000000" : 346112,
            "70.000000" : 366592,
            "80.000000" : 382976,
            "90.000000" : 419840,
            "95.000000" : 456704,
            "99.000000" : 536576,
            "99.500000" : 561152,
            "99.900000" : 692224,
            "99.950000" : 774144,
            "99.990000" : 10027008
          }
        },
        "bw_min" : 469248,
        "bw_max" : 762496,
        "bw_agg" : 100.000000,
        "bw_mean" : 621063.798319,
        "bw_dev" : 5234.580714,
        "bw_samples" : 1904,
        "iops_min" : 29328,
        "iops_max" : 47656,
        "iops_mean" : 38816.487395,
        "iops_stddev" : 327.161301,
        "iops_samples" : 1904
      },
      "write" : {
        "io_bytes" : 9521872896,
        "io_kbytes" : 9298704,
        "bw_bytes" : 158689947,
        "bw" : 154970,
        "iops" : 9685.665717,
        "runtime" : 60003,
        "total_ios" : 581169,
        "short_ios" : 0,
        "drop_ios" : 0,
        "slat_ns" : {
          "min" : 0,
          "max" : 0,
          "mean" : 0.000000,
          "stddev" : 0.000000,
          "N" : 0
        },
        "clat_ns" : {
          "min" : 161757,
          "max" : 38787334,
          "mean" : 314971.944249,
          "stddev" : 280733.694946,
          "N" : 581169,
          "percentile" : {
            "1.000000" : 220160,
            "5.000000" : 234496,
            "10.000000" : 246784,
            "20.000000" : 261120,
            "30.000000" : 276480,
            "40.000000" : 288768,
            "50.000000" : 305152,
            "60.000000" : 321536,
            "70.000000" : 333824,
            "80.000000" : 354304,
            "90.000000" : 378880,
            "95.000000" : 407552,
            "99.000000" : 460800,
            "99.500000" : 481280,
            "99.900000" : 536576,
            "99.950000" : 2023424,
            "99.990000" : 15532032
          }
        },
        "lat_ns" : {
          "min" : 161796,
          "max" : 38787445,
          "mean" : 315075.717475,
          "stddev" : 280740.607527,
          "N" : 581169,
          "percentile" : {
            "1.000000" : 220160,
            "5.000000" : 234496,
            "10.000000" : 246784,
            "20.000000" : 261120,
            "30.000000" : 276480,
            "40.000000" : 288768,
            "50.000000" : 305152,
            "60.000000" : 321536,
            "70.000000" : 333824,
            "80.000000" : 354304,
            "90.000000" : 378880,
            "95.000000" : 407552,
            "99.000000" : 460800,
            "99.500000" : 481280,
            "99.900000" : 536576,
            "99.950000" : 2023424,
            "99.990000" : 15532032
          }
        },
        "bw_min" : 111488,
        "bw_max" : 201600,
        "bw_agg" : 100.000000,
        "bw_mean" : 155304.336134,
        "bw_dev" : 1370.710817,
        "bw_samples" : 1904,
        "iops_min" : 6968,
        "iops_max" : 12600,
        "iops_mean" : 9706.521008,
        "iops_stddev" : 85.669426,
        "iops_samples" : 1904
      },
      "trim" : {
        "io_bytes" : 0,
        "io_kbytes" : 0,
        "bw_bytes" : 0,
        "bw" : 0,
        "iops" : 0.000000,
        "runtime" : 0,
        "total_ios" : 0,
        "short_ios" : 0,
        "drop_ios" : 0,
        "slat_ns" : {
          "min" : 0,
          "max" : 0,
          "mean" : 0.000000,
          "stddev" : 0.000000,
          "N" : 0
        },
        "clat_ns" : {
          "min" : 0,
          "max" : 0,
          "mean" : 0.000000,
          "stddev" : 0.000000,
          "N" : 0
        },
        "lat_ns" : {
          "min" : 0,
          "max" : 0,
          "mean" : 0.000000,
          "stddev" : 0.000000,
          "N" : 0
        },
        "bw_min" : 0,
        "bw_max" : 0,
        "bw_agg" : 0.000000,
        "bw_mean" : 0.000000,
        "bw_dev" : 0.000000,
        "bw_samples" : 0,
        "iops_min" : 0,
        "iops_max" : 0,
        "iops_mean" : 0.000000,
        "iops_stddev" : 0.000000,
        "iops_samples" : 0
      },
      "sync" : {
        "total_ios" : 0,
        "lat_ns" : {
          "min" : 0,
          "max" : 0,
          "mean" : 0.000000,
          "stddev" : 0.000000,
          "N" : 0
        }
      },
      "job_runtime" : 960004,
      "usr_cpu" : 0.626977,
      "sys_cpu" : 1.490827,
      "ctx" : 2905385,
      "majf" : 0,
      "minf" : 270,
      "iodepth_level" : {
        "1" : 100.000000,
        "2" : 0.000000,
        "4" : 0.000000,
        "8" : 0.000000,
        "16" : 0.000000,
        "32" : 0.000000,
        ">=64" : 0.000000
      },
      "iodepth_submit" : {
        "0" : 0.000000,
        "4" : 100.000000,
        "8" : 0.000000,
        "16" : 0.000000,
        "32" : 0.000000,
        "64" : 0.000000,
        ">=64" : 0.000000
      },
      "iodepth_complete" : {
        "0" : 0.000000,
        "4" : 100.000000,
        "8" : 0.000000,
        "16" : 0.000000,
        "32" : 0.000000,
        "64" : 0.000000,
        ">=64" : 0.000000
      },
      "latency_ns" : {
        "2" : 0.000000,
        "4" : 0.000000,
        "10" : 0.000000,
        "20" : 0.000000,
        "50" : 0.000000,
        "100" : 0.000000,
        "250" : 0.000000,
        "500" : 0.000000,
        "750" : 0.000000,
        "1000" : 0.000000
      },
      "latency_us" : {
        "2" : 0.000000,
        "4" : 0.000000,
        "10" : 0.000000,
        "20" : 0.000000,
        "50" : 0.000000,
        "100" : 0.000000,
        "250" : 13.377559,
        "500" : 84.761438,