{
  "fio version" : "fio-3.23",
  "timestamp" : 1759446188,
  "timestamp_ms" : 1759446188908,
  "time" : "Thu Oct  2 23:03:08 2025",
  "jobs" : [
    {
      "jobname" : "RandRH-16K-16-4",
      "groupid" : 0,
      "error" : 0,
      "eta" : 0,
      "elapsed" : 61,
      "job options" : {
        "name" : "RandRH-16K-16-4",
        "numjobs" : "16",
        "runtime" : "60",
        "directory" : "/tmp/e2sar/rgeorge-fio_test-st_RandRH-16K-16-4",
        "direct" : "1",
        "buffered" : "0",
        "rw" : "randrw",
        "rwmixread" : "80",
        "unified_rw_reporting" : "0",
        "randrepeat" : "0",
        "bs" : "16K",
        "size" : "128M",
        "ioengine" : "pvsync",
        "iodepth" : "4",
        "lat_percentiles" : "1"
      },
      "read" : {
        "io_bytes" : 40321875968,
        "io_kbytes" : 39376832,
        "bw_bytes" : 672020065,
        "bw" : 656269,
        "iops" : 41016.849719,
        "runtime" : 60001,
        "total_ios" : 2461052,
        "short_ios" : 0,
        "drop_ios" : 0,
        "slat_ns" : {
          "min" : 0,
          "max" : 0,
          "mean" : 0.000000,
          "stddev" : 0.000000,
          "N" : 0
        },
        "clat_ns" : {
          "min" : 136930,
          "max" : 78528118,
          "mean" : 313926.732909,
          "stddev" : 244121.571136,
          "N" : 2461052,
          "percentile" : {
            "1.000000" : 205824,
            "5.000000" : 228352,
            "10.000000" : 242688,
            "20.000000" : 264192,
            "30.000000" : 280576,
            "40.000000" : 292864,
            "50.000000" : 305152,
            "60.000000" : 317440,
            "70.000000" : 329728,
            "80.000000" : 350208,
            "90.000000" : 387072,
            "95.000000" : 415744,
            "99.000000" : 481280,
            "99.500000" : 518144,
            "99.900000" : 626688,
            "99.950000" : 774144,
            "99.990000" : 13041664
          }
        },
        "lat_ns" : {
          "min" : 136967,
          "max" : 78528153,
          "mean" : 313968.210686,
          "stddev" : 244121.694628,
          "N" : 2461052,
          "percentile" : {
            "1.000000" : 205824,
            "5.000000" : 228352,
            "10.000000" : 242688,
            "20.000000" : 264192,
            "30.000000" : 280576,
            "40.000000" : 292864,
            "50.000000" : 305152,
            "60.000000" : 317440,
            "70.000000" : 329728,
            "80.000000" : 350208,
            "90.000000" : 387072,
            "95.000000" : 415744,
            "99.000000" : 481280,
            "99.500000" : 518144,
            "99.900000" : 626688,
            "99.950000" : 774144,
            "99.990000" : 13041664
          }
        },
        "bw_min" : 559040,
        "bw_max" : 699520,
        "bw_agg" : 100.000000,
        "bw_mean" : 657585.647059,
        "bw_dev" : 1539.546568,
        "bw_samples" : 1904,
        "iops_min" : 34940,
        "iops_max" : 43720,
        "iops_mean" : 41099.100840,
        "iops_stddev" : 96.221939,
        "iops_samples" : 1904
      },
      "write" : {
        "io_bytes" : 10063347712,
        "io_kbytes" : 9827488,
        "bw_bytes" : 167719666,
        "bw" : 163788,
        "iops" : 10236.796053,
        "runtime" : 60001,
        "total_ios" : 614218,
        "short_ios" : 0,
        "drop_ios" : 0,
        "slat_ns" : {
          "min" : 0,
          "max" : 0,
          "mean" : 0.000000,
          "stddev" : 0.000000,
          "N" : 0
        },
        "clat_ns" : {
          "min" : 159502,
          "max" : 42318633,
          "mean" : 298770.641209,
          "stddev" : 299435.795331,
          "N" : 614218,
          "percentile" : {
            "1.000000" : 226304,
            "5.000000" : 242688,
            "10.000000" : 250880,
            "20.000000" : 264192,
            "30.000000" : 272384,
            "40.000000" : 280576,
            "50.000000" : 288768,
            "60.000000" : 296960,
            "70.000000" : 309248,
            "80.000000" : 321536,
            "90.000000" : 337920,
            "95.000000" : 358400,
            "99.000000" : 399360,
            "99.500000" : 415744,
            "99.900000" : 493568,
            "99.950000" : 3489792,
            "99.990000" : 16711680
          }
        },
        "lat_ns" : {
          "min" : 159534,
          "max" : 42318678,
          "mean" : 298818.574389,
          "stddev" : 299435.907299,
          "N" : 614218,
          "percentile" : {
            "1.000000" : 226304,
            "5.000000" : 242688,
            "10.000000" : 250880,
            "20.000000" : 264192,
            "30.000000" : 272384,
            "40.000000" : 280576,
            "50.000000" : 288768,
            "60.000000" : 296960,
            "70.000000" : 309248,
            "80.000000" : 321536,
            "90.000000" : 337920,
            "95.000000" : 358400,
            "99.000000" : 399360,
            "99.500000" : 415744,
            "99.900000" : 493568,
            "99.950000" : 3489792,
            "99.990000" : 16711680
          }
        },
        "bw_min" : 135520,
        "bw_max" : 187328,
        "bw_agg" : 100.000000,
        "bw_mean" : 164113.848739,
        "bw_dev" : 620.939556,
        "bw_samples" : 1904,
        "iops_min" : 8470,
        "iops_max" : 11708,
        "iops_mean" : 10257.109244,
        "iops_stddev" : 38.809128,
        "iops_samples" : 1904
      },
      "trim" : {
        "io_bytes" : 0,
        "io_kbytes" : 0,
        "bw_bytes" : 0,
        "bw" : 0,
        "iops" : 0.000000,
        "runtime" : 0,
        "total_ios" : 0,
        "short_ios" : 0,
        "drop_ios" : 0,
        "slat_ns" : {
          "min" : 0,
          "max" : 0,
          "mean" : 0.000000,
          "stddev" : 0.000000,
          "N" : 0
        },
        "clat_ns" : {
          "min" : 0,
          "max" : 0,
          "mean" : 0.000000,
          "stddev" : 0.000000,
          "N" : 0
        },
        "lat_ns" : {
          "min" : 0,
          "max" : 0,
          "mean" : 0.000000,
          "stddev" : 0.000000,
          "N" : 0
        },
        "bw_min" : 0,
        "bw_max" : 0,
        "bw_agg" : 0.000000,
        "bw_mean" : 0.000000,
        "bw_dev" : 0.000000,
        "bw_samples" : 0,
        "iops_min" : 0,
        "iops_max" : 0,
        "iops_mean" : 0.000000,
        "iops_stddev" : 0.000000,
        "iops_samples" : 0
      },
      "sync" : {
        "total_ios" : 0,
        "lat_ns" : {
          "min" : 0,
          "max" : 0,
          "mean" : 0.000000,
          "stddev" : 0.000000,
          "N" : 0
        }
      },
      "job_runtime" : 960000,
      "usr_cpu" : 0.617917,
      "sys_cpu" : 1.295104,
      "ctx" : 3075413,
      "majf" : 0,
      "minf" : 296,
      "iodepth_level" : {
        "1" : 100.000000,
        "2" : 0.000000,
        "4" : 0.000000,
        "8" : 0.000000,
        "16" : 0.000000,
        "32" : 0.000000,
        ">=64" : 0.000000
      },
      "iodepth_submit" : {
        "0" : 0.000000,
        "4" : 100.000000,
        "8" : 0.000000,
        "16" : 0.000000,
        "32" : 0.000000,
        "64" : 0.000000,
        ">=64" : 0.000000
      },
      "iodepth_complete" : {
        "0" : 0.000000,
        "4" : 100.000000,
        "8" : 0.000000,
        "16" : 0.000000,
        "32" : 0.000000,
        "64" : 0.000000,
        ">=64" : 0.000000
      },
      "latency_ns" : {
        "2" : 0.000000,
        "4" : 0.000000,
        "10" : 0.000000,
        "20" : 0.000000,
        "50" : 0.000000,
        "100" : 0.000000,
        "250" : 0.000000,
        "500" : 0.000000,
        "750" : 0.000000,
        "1000" : 0.000000
      },
      "latency_us" : {
        "2" : 0.000000,
        "4" : 0.000000,
        "10" : 0.000000,
        "20" : 0.000000,
        "50" : 0.000000,
        "100" : 0.000000,
        "250" : 12.503975,
        "500" : 86.945764,