{
  "fio version" : "fio-3.23",
  "timestamp" : 1759449906,
  "timestamp_ms" : 1759449906696,
  "time" : "Fri Oct  3 00:05:06 2025",
  "jobs" : [
    {
      "jobname" : "RandBal-1M-16-8",
      "groupid" : 0,
      "error" : 0,
      "eta" : 0,
      "elapsed" : 61,
      "job options" : {
        "name" : "RandBal-1M-16-8",
        "numjobs" : "16",
        "runtime" : "60",
        "directory" : "/tmp/e2sar/rgeorge-fio_test-st_RandBal-1M-16-8",
        "direct" : "1",
        "buffered" : "0",
        "rw" : "randrw",
        "unified_rw_reporting" : "0",
        "randrepeat" : "0",
        "bs" : "1M",
        "size" : "128M",
        "ioengine" : "pvsync",
        "iodepth" : "8",
        "lat_percentiles" : "1"
      },
      "read" : {
        "io_bytes" : 174576369664,
        "io_kbytes" : 170484736,
        "bw_bytes" : 2909460688,
        "bw" : 2841270,
        "iops" : 2774.677933,
        "runtime" : 60003,
        "total_ios" : 166489,
        "short_ios" : 0,
        "drop_ios" : 0,
        "slat_ns" : {
          "min" : 0,
          "max" : 0,
          "mean" : 0.000000,
          "stddev" : 0.000000,
          "N" : 0
        },
        "clat_ns" : {
          "min" : 572273,
          "max" : 55171391,
          "mean" : 3064524.147812,
          "stddev" : 1206216.625660,
          "N" : 166489,
          "percentile" : {
            "1.000000" : 1433600,
            "5.000000" : 1826816,
            "10.000000" : 2039808,
            "20.000000" : 2310144,
            "30.000000" : 2506752,
            "40.000000" : 2703360,
            "50.000000" : 2867200,
            "60.000000" : 3063808,
            "70.000000" : 3293184,
            "80.000000" : 3588096,
            "90.000000" : 4112384,
            "95.000000" : 4947968,
            "99.000000" : 7241728,
            "99.500000" : 8355840,
            "99.900000" : 11337728,
            "99.950000" : 14483456,
            "99.990000" : 36438016
          }
        },
        "lat_ns" : {
          "min" : 572296,
          "max" : 55171425,
          "mean" : 3064573.627987,
          "stddev" : 1206216.287380,
          "N" : 166489,
          "percentile" : {
            "1.000000" : 1433600,
            "5.000000" : 1826816,
            "10.000000" : 2039808,
            "20.000000" : 2310144,
            "30.000000" : 2506752,
            "40.000000" : 2703360,
            "50.000000" : 2867200,
            "60.000000" : 3063808,
            "70.000000" : 3293184,
            "80.000000" : 3588096,
            "90.000000" : 4112384,
            "95.000000" : 4947968,
            "99.000000" : 7241728,
            "99.500000" : 8355840,
            "99.900000" : 11337728,
            "99.950000" : 14483456,
            "99.990000" : 36438016
          }
        },
        "bw_min" : 2220032,
        "bw_max" : 3887104,
        "bw_agg" : 100.000000,
        "bw_mean" : 2846730.016807,
        "bw_dev" : 16844.084785,
        "bw_samples" : 1904,
        "iops_min" : 2168,
        "iops_max" : 3796,
        "iops_mean" : 2780.000000,
        "iops_stddev" : 16.448079,
        "iops_samples" : 1904
      },
      "write" : {
        "io_bytes" : 174752530432,
        "io_kbytes" : 170656768,
        "bw_bytes" : 2912396554,
        "bw" : 2844137,
        "iops" : 2777.477793,
        "runtime" : 60003,
        "total_ios" : 166657,
        "short_ios" : 0,
        "drop_ios" : 0,
        "slat_ns" : {
          "min" : 0,
          "max" : 0,
          "mean" : 0.000000,
          "stddev" : 0.000000,
          "N" : 0
        },
        "clat_ns" : {
          "min" : 818156,
          "max" : 53163975,
          "mean" : 2493020.792964,
          "stddev" : 883951.393095,
          "N" : 166657,
          "percentile" : {
            "1.000000" : 1220608,
            "5.000000" : 1482752,
            "10.000000" : 1679360,
            "20.000000" : 1908736,
            "30.000000" : 2088960,
            "40.000000" : 2277376,
            "50.000000" : 2441216,
            "60.000000" : 2605056,
            "70.000000" : 2801664,
            "80.000000" : 3031040,
            "90.000000" : 3358720,
            "95.000000" : 3620864,
            "99.000000" : 4145152,
            "99.500000" : 4358144,
            "99.900000" : 4882432,
            "99.950000" : 10682368,
            "99.990000" : 35389440
          }
        },
        "lat_ns" : {
          "min" : 818195,
          "max" : 53164010,
          "mean" : 2493086.769809,
          "stddev" : 883951.418388,
          "N" : 166657,
          "percentile" : {
            "1.000000" : 1220608,
            "5.000000" : 1482752,
            "10.000000" : 1679360,
            "20.000000" : 1908736,
            "30.000000" : 2088960,
            "40.000000" : 2277376,
            "50.000000" : 2441216,
            "60.000000" : 2605056,
            "70.000000" : 2801664,
            "80.000000" : 3031040,
            "90.000000" : 3358720,
            "95.000000" : 3620864,
            "99.000000" : 4145152,
            "99.500000" : 4358144,
            "99.900000" : 4882432,
            "99.950000" : 10682368,
            "99.990000" : 35389440
          }
        },
        "bw_min" : 2297856,
        "bw_max" : 3872768,
        "bw_agg" : 100.000000,
        "bw_mean" : 2848227.025210,
        "bw_dev" : 17427.426951,
        "bw_samples" : 1904,
        "iops_min" : 2244,
        "iops_max" : 3782,
        "iops_mean" : 2781.462185,
        "iops_stddev" : 17.017452,
        "iops_samples" : 1904
      },
      "trim" : {
        "io_bytes" : 0,
        "io_kbytes" : 0,
        "bw_bytes" : 0,
        "bw" : 0,
        "iops" : 0.000000,
        "runtime" : 0,
        "total_ios" : 0,
        "short_ios" : 0,
        "drop_ios" : 0,
        "slat_ns" : {
          "min" : 0,
          "max" : 0,
          "mean" : 0.000000,
          "stddev" : 0.000000,
          "N" : 0
        },
        "clat_ns" : {
          "min" : 0,
          "max" : 0,
          "mean" : 0.000000,
          "stddev" : 0.000000,
          "N" : 0
        },
        "lat_ns" : {
          "min" : 0,
          "max" : 0,
          "mean" : 0.000000,
          "stddev" : 0.000000,
          "N" : 0
        },
        "bw_min" : 0,
        "bw_max" : 0,
        "bw_agg" : 0.000000,
        "bw_mean" : 0.000000,
        "bw_dev" : 0.000000,
        "bw_samples" : 0,
        "iops_min" : 0,
        "iops_max" : 0,
        "iops_mean" : 0.000000,
        "iops_stddev" : 0.000000,
        "iops_samples" : 0
      },
      "sync" : {
        "total_ios" : 0,
        "lat_ns" : {
          "min" : 0,
          "max" : 0,
          "mean" : 0.000000,
          "stddev" : 0.000000,
          "N" : 0
        }
      },
      "job_runtime" : 960016,
      "usr_cpu" : 3.565149,
      "sys_cpu" : 0.506137,
      "ctx" : 333282,
      "majf" : 0,
      "minf" : 245,
      "iodepth_level" : {
        "1" : 100.000000,
        "2" : 0.000000,
        "4" : 0.000000,
        "8" : 0.000000,
        "16" : 0.000000,
        "32" : 0.000000,
        ">=64" : 0.000000
      },
      "iodepth_submit" : {
        "0" : 0.000000,
        "4" : 100.000000,
        "8" : 0.000000,
        "16" : 0.000000,
        "32" : 0.000000,
        "64" : 0.000000,
        ">=64" : 0.000000
      },
      "iodepth_complete" : {
        "0" : 0.000000,
        "4" : 100.000000,
        "8" : 0.000000,
        "16" : 0.000000,
        "32" : 0.000000,
        "64" : 0.000000,
        ">=64" : 0.000000
      },
      "latency_ns" : {
        "2" : 0.000000,
        "4" : 0.000000,
        "10" : 0.000000,
        "20" : 0.000000,
        "50" : 0.000000,
        "100" : 0.000000,
        "250" : 0.000000,
        "500" : 0.000000,
        "750" : 0.000000,
        "1000" : 0.000000
      },
      "latency_us" : {
        "2" : 0.000000,
        "4" : 0.000000,
        "10" : 0.000000,
        "20" : 0.000000,
        "50" : 0.000000,
        "100" : 0.000000,