{
  "fio version" : "fio-3.23",
  "timestamp" : 1759452805,
  "timestamp_ms" : 1759452805749,
  "time" : "Fri Oct  3 00:53:25 2025",
  "jobs" : [
    {
      "jobname" : "RandRH-1M-16-16",
      "groupid" : 0,
      "error" : 0,
      "eta" : 0,
      "elapsed" : 61,
      "job options" : {
        "name" : "RandRH-1M-16-16",
        "numjobs" : "16",
        "runtime" : "60",
        "directory" : "/tmp/e2sar/rgeorge-fio_test-st_RandRH-1M-16-16",
        "direct" : "1",
        "buffered" : "0",
        "rw" : "randrw",
        "rwmixread" : "80",
        "unified_rw_reporting" : "0",
        "randrepeat" : "0",
        "bs" : "1M",
        "size" : "128M",
        "ioengine" : "pvsync",
        "iodepth" : "16",
        "lat_percentiles" : "1"
      },
      "read" : {
        "io_bytes" : 184782159872,
        "io_kbytes" : 180451328,
        "bw_bytes" : 3079497364,
        "bw" : 3007321,
        "iops" : 2936.837544,
        "runtime" : 60004,
        "total_ios" : 176222,
        "short_ios" : 0,
        "drop_ios" : 0,
        "slat_ns" : {
          "min" : 0,
          "max" : 0,
          "mean" : 0.000000,
          "stddev" : 0.000000,
          "N" : 0
        },
        "clat_ns" : {
          "min" : 617784,
          "max" : 53955553,
          "mean" : 4421908.297125,
          "stddev" : 970691.831549,
          "N" : 176222,
          "percentile" : {
            "1.000000" : 2932736,
            "5.000000" : 3358720,
            "10.000000" : 3588096,
            "20.000000" : 3850240,
            "30.000000" : 4046848,
            "40.000000" : 4227072,
            "50.000000" : 4358144,
            "60.000000" : 4554752,
            "70.000000" : 4685824,
            "80.000000" : 4947968,
            "90.000000" : 5210112,
            "95.000000" : 5537792,
            "99.000000" : 6258688,
            "99.500000" : 7110656,
            "99.900000" : 10027008,
            "99.950000" : 20578304,
            "99.990000" : 38010880
          }
        },
        "lat_ns" : {
          "min" : 617806,
          "max" : 53955582,
          "mean" : 4421948.395132,
          "stddev" : 970691.305859,
          "N" : 176222,
          "percentile" : {
            "1.000000" : 2932736,
            "5.000000" : 3358720,
            "10.000000" : 3588096,
            "20.000000" : 3850240,
            "30.000000" : 4046848,
            "40.000000" : 4227072,
            "50.000000" : 4358144,
            "60.000000" : 4554752,
            "70.000000" : 4685824,
            "80.000000" : 4947968,
            "90.000000" : 5210112,
            "95.000000" : 5537792,
            "99.000000" : 6258688,
            "99.500000" : 7110656,
            "99.900000" : 10027008,
            "99.950000" : 20578304,
            "99.990000" : 38010880
          }
        },
        "bw_min" : 2418688,
        "bw_max" : 3411968,
        "bw_agg" : 100.000000,
        "bw_mean" : 3013485.714286,
        "bw_dev" : 10768.989465,
        "bw_samples" : 1904,
        "iops_min" : 2362,
        "iops_max" : 3332,
        "iops_mean" : 2942.857143,
        "iops_stddev" : 10.516591,
        "iops_samples" : 1904
      },
      "write" : {
        "io_bytes" : 46201307136,
        "io_kbytes" : 45118464,
        "bw_bytes" : 769970454,
        "bw" : 751924,
        "iops" : 734.301047,
        "runtime" : 60004,
        "total_ios" : 44061,
        "short_ios" : 0,
        "drop_ios" : 0,
        "slat_ns" : {
          "min" : 0,
          "max" : 0,
          "mean" : 0.000000,
          "stddev" : 0.000000,
          "N" : 0
        },
        "clat_ns" : {
          "min" : 967782,
          "max" : 63951580,
          "mean" : 3861395.508091,
          "stddev" : 1145344.569112,
          "N" : 44061,
          "percentile" : {
            "1.000000" : 2007040,
            "5.000000" : 2408448,
            "10.000000" : 2703360,
            "20.000000" : 3096576,
            "30.000000" : 3358720,
            "40.000000" : 3620864,
            "50.000000" : 3850240,
            "60.000000" : 4079616,
            "70.000000" : 4292608,
            "80.000000" : 4620288,
            "90.000000" : 5013504,
            "95.000000" : 5275648,
            "99.000000" : 5865472,
            "99.500000" : 6127616,
            "99.900000" : 7110656,
            "99.950000" : 20840448,
            "99.990000" : 40108032
          }
        },
        "lat_ns" : {
          "min" : 967812,
          "max" : 63951619,
          "mean" : 3861456.342298,
          "stddev" : 1145345.098161,
          "N" : 44061,
          "percentile" : {
            "1.000000" : 2007040,
            "5.000000" : 2408448,
            "10.000000" : 2703360,
            "20.000000" : 3096576,
            "30.000000" : 3358720,
            "40.000000" : 3620864,
            "50.000000" : 3850240,
            "60.000000" : 4079616,
            "70.000000" : 4292608,
            "80.000000" : 4620288,
            "90.000000" : 5013504,
            "95.000000" : 5275648,
            "99.000000" : 5865472,
            "99.500000" : 6127616,
            "99.900000" : 7110656,
            "99.950000" : 20840448,
            "99.990000" : 40108032
          }
        },
        "bw_min" : 407552,
        "bw_max" : 1183744,
        "bw_agg" : 100.000000,
        "bw_mean" : 753612.369748,
        "bw_dev" : 9097.538185,
        "bw_samples" : 1904,
        "iops_min" : 398,
        "iops_max" : 1156,
        "iops_mean" : 735.949580,
        "iops_stddev" : 8.884315,
        "iops_samples" : 1904
      },
      "trim" : {
        "io_bytes" : 0,
        "io_kbytes" : 0,
        "bw_bytes" : 0,
        "bw" : 0,
        "iops" : 0.000000,
        "runtime" : 0,
        "total_ios" : 0,
        "short_ios" : 0,
        "drop_ios" : 0,
        "slat_ns" : {
          "min" : 0,
          "max" : 0,
          "mean" : 0.000000,
          "stddev" : 0.000000,
          "N" : 0
        },
        "clat_ns" : {
          "min" : 0,
          "max" : 0,
          "mean" : 0.000000,
          "stddev" : 0.000000,
          "N" : 0
        },
        "lat_ns" : {
          "min" : 0,
          "max" : 0,
          "mean" : 0.000000,
          "stddev" : 0.000000,
          "N" : 0
        },
        "bw_min" : 0,
        "bw_max" : 0,
        "bw_agg" : 0.000000,
        "bw_mean" : 0.000000,
        "bw_dev" : 0.000000,
        "bw_samples" : 0,
        "iops_min" : 0,
        "iops_max" : 0,
        "iops_mean" : 0.000000,
        "iops_stddev" : 0.000000,
        "iops_samples" : 0
      },
      "sync" : {
        "total_ios" : 0,
        "lat_ns" : {
          "min" : 0,
          "max" : 0,
          "mean" : 0.000000,
          "stddev" : 0.000000,
          "N" : 0
        }
      },
      "job_runtime" : 960009,
      "usr_cpu" : 1.089990,
      "sys_cpu" : 0.362913,
      "ctx" : 220401,
      "majf" : 0,
      "minf" : 240,
      "iodepth_level" : {
        "1" : 100.000000,
        "2" : 0.000000,
        "4" : 0.000000,
        "8" : 0.000000,
        "16" : 0.000000,
        "32" : 0.000000,
        ">=64" : 0.000000
      },
      "iodepth_submit" : {
        "0" : 0.000000,
        "4" : 100.000000,
        "8" : 0.000000,
        "16" : 0.000000,
        "32" : 0.000000,
        "64" : 0.000000,
        ">=64" : 0.000000
      },
      "iodepth_complete" : {
        "0" : 0.000000,
        "4" : 100.000000,
        "8" : 0.000000,
        "16" : 0.000000,
        "32" : 0.000000,
        "64" : 0.000000,
        ">=64" : 0.000000
      },
      "latency_ns" : {
        "2" : 0.000000,
        "4" : 0.000000,
        "10" : 0.000000,
        "20" : 0.000000,
        "50" : 0.000000,
        "100" : 0.000000,
        "250" : 0.000000,
        "500" : 0.000000,
        "750" : 0.000000,
        "1000" : 0.000000
      },
      "latency_us" : {
        "2" : 0.000000,
        "4" : 0.000000,
        "10" : 0.000000,
        "20" : 0.000000,
        "50" : 0.000000,