{
  "fio version" : "fio-3.23",
  "timestamp" : 1759446473,
  "timestamp_ms" : 1759446473753,
  "time" : "Thu Oct  2 23:07:53 2025",
  "jobs" : [
    {
      "jobname" : "SeqRH-16K-16-4",
      "groupid" : 0,
      "error" : 0,
      "eta" : 0,
      "elapsed" : 61,
      "job options" : {
        "name" : "SeqRH-16K-16-4",
        "numjobs" : "16",
        "runtime" : "60",
        "directory" : "/tmp/e2sar/rgeorge-fio_test-st_SeqRH-16K-16-4",
        "direct" : "1",
        "buffered" : "0",
        "rw" : "rw",
        "rwmixread" : "80",
        "unified_rw_reporting" : "0",
        "randrepeat" : "0",
        "bs" : "16K",
        "size" : "128M",
        "ioengine" : "pvsync",
        "iodepth" : "4",
        "lat_percentiles" : "1"
      },
      "read" : {
        "io_bytes" : 37581258752,
        "io_kbytes" : 36700448,
        "bw_bytes" : 626333434,
        "bw" : 611653,
        "iops" : 38228.359055,
        "runtime" : 60002,
        "total_ios" : 2293778,
        "short_ios" : 0,
        "drop_ios" : 0,
        "slat_ns" : {
          "min" : 0,
          "max" : 0,
          "mean" : 0.000000,
          "stddev" : 0.000000,
          "N" : 0
        },
        "clat_ns" : {
          "min" : 129978,
          "max" : 41427556,
          "mean" : 339816.717331,
          "stddev" : 192490.836209,
          "N" : 2293778,
          "percentile" : {
            "1.000000" : 205824,
            "5.000000" : 244736,
            "10.000000" : 268288,
            "20.000000" : 292864,
            "30.000000" : 305152,
            "40.000000" : 321536,
            "50.000000" : 329728,
            "60.000000" : 342016,
            "70.000000" : 358400,
            "80.000000" : 378880,
            "90.000000" : 419840,
            "95.000000" : 452608,
            "99.000000" : 509952,
            "99.500000" : 536576,
            "99.900000" : 651264,
            "99.950000" : 1089536,
            "99.990000" : 8978432
          }
        },
        "lat_ns" : {
          "min" : 130007,
          "max" : 41427596,
          "mean" : 339859.293843,
          "stddev" : 192491.001072,
          "N" : 2293778,
          "percentile" : {
            "1.000000" : 205824,
            "5.000000" : 244736,
            "10.000000" : 268288,
            "20.000000" : 292864,
            "30.000000" : 309248,
            "40.000000" : 321536,
            "50.000000" : 329728,
            "60.000000" : 342016,
            "70.000000" : 358400,
            "80.000000" : 378880,
            "90.000000" : 419840,
            "95.000000" : 452608,
            "99.000000" : 509952,
            "99.500000" : 536576,
            "99.900000" : 651264,
            "99.950000" : 1089536,
            "99.990000" : 8978432
          }
        },
        "bw_min" : 545216,
        "bw_max" : 672576,
        "bw_agg" : 100.000000,
        "bw_mean" : 612303.210084,
        "bw_dev" : 1587.089032,
        "bw_samples" : 1904,
        "iops_min" : 34076,
        "iops_max" : 42036,
        "iops_mean" : 38268.949580,
        "iops_stddev" : 99.193039,
        "iops_samples" : 1904
      },
      "write" : {
        "io_bytes" : 9381167104,
        "io_kbytes" : 9161296,
        "bw_bytes" : 156347573,
        "bw" : 152683,
        "iops" : 9542.698577,
        "runtime" : 60002,
        "total_ios" : 572581,
        "short_ios" : 0,
        "drop_ios" : 0,
        "slat_ns" : {
          "min" : 0,
          "max" : 0,
          "mean" : 0.000000,
          "stddev" : 0.000000,
          "N" : 0
        },
        "clat_ns" : {
          "min" : 146640,
          "max" : 40376841,
          "mean" : 308638.175717,
          "stddev" : 261714.888163,
          "N" : 572581,
          "percentile" : {
            "1.000000" : 189440,
            "5.000000" : 222208,
            "10.000000" : 240640,
            "20.000000" : 261120,
            "30.000000" : 276480,
            "40.000000" : 288768,
            "50.000000" : 296960,
            "60.000000" : 309248,
            "70.000000" : 325632,
            "80.000000" : 342016,
            "90.000000" : 378880,
            "95.000000" : 411648,
            "99.000000" : 468992,
            "99.500000" : 489472,
            "99.900000" : 790528,
            "99.950000" : 1044480,
            "99.990000" : 15007744
          }
        },
        "lat_ns" : {
          "min" : 146672,
          "max" : 40376888,
          "mean" : 308700.168086,
          "stddev" : 261714.923671,
          "N" : 572581,
          "percentile" : {
            "1.000000" : 191488,
            "5.000000" : 222208,
            "10.000000" : 240640,
            "20.000000" : 261120,
            "30.000000" : 276480,
            "40.000000" : 288768,
            "50.000000" : 296960,
            "60.000000" : 309248,
            "70.000000" : 325632,
            "80.000000" : 342016,
            "90.000000" : 378880,
            "95.000000" : 411648,
            "99.000000" : 468992,
            "99.500000" : 489472,
            "99.900000" : 790528,
            "99.950000" : 1044480,
            "99.990000" : 15007744
          }
        },
        "bw_min" : 128192,
        "bw_max" : 177728,
        "bw_agg" : 100.000000,
        "bw_mean" : 152850.899160,
        "bw_dev" : 611.796577,
        "bw_samples" : 1904,
        "iops_min" : 8012,
        "iops_max" : 11108,
        "iops_mean" : 9553.176471,
        "iops_stddev" : 38.236400,
        "iops_samples" : 1904
      },
      "trim" : {
        "io_bytes" : 0,
        "io_kbytes" : 0,
        "bw_bytes" : 0,
        "bw" : 0,
        "iops" : 0.000000,
        "runtime" : 0,
        "total_ios" : 0,
        "short_ios" : 0,
        "drop_ios" : 0,
        "slat_ns" : {
          "min" : 0,
          "max" : 0,
          "mean" : 0.000000,
          "stddev" : 0.000000,
          "N" : 0
        },
        "clat_ns" : {
          "min" : 0,
          "max" : 0,
          "mean" : 0.000000,
          "stddev" : 0.000000,
          "N" : 0
        },
        "lat_ns" : {
          "min" : 0,
          "max" : 0,
          "mean" : 0.000000,
          "stddev" : 0.000000,
          "N" : 0
        },
        "bw_min" : 0,
        "bw_max" : 0,
        "bw_agg" : 0.000000,
        "bw_mean" : 0.000000,
        "bw_dev" : 0.000000,
        "bw_samples" : 0,
        "iops_min" : 0,
        "iops_max" : 0,
        "iops_mean" : 0.000000,
        "iops_stddev" : 0.000000,
        "iops_samples" : 0
      },
      "sync" : {
        "total_ios" : 0,
        "lat_ns" : {
          "min" : 0,
          "max" : 0,
          "mean" : 0.000000,
          "stddev" : 0.000000,
          "N" : 0
        }
      },
      "job_runtime" : 960001,
      "usr_cpu" : 0.596041,
      "sys_cpu" : 1.415832,
      "ctx" : 2866478,
      "majf" : 0,
      "minf" : 300,
      "iodepth_level" : {
        "1" : 100.000000,
        "2" : 0.000000,
        "4" : 0.000000,
        "8" : 0.000000,
        "16" : 0.000000,
        "32" : 0.000000,
        ">=64" : 0.000000
      },
      "iodepth_submit" : {
        "0" : 0.000000,
        "4" : 100.000000,
        "8" : 0.000000,
        "16" : 0.000000,
        "32" : 0.000000,
        "64" : 0.000000,
        ">=64" : 0.000000
      },
      "iodepth_complete" : {
        "0" : 0.000000,
        "4" : 100.000000,
        "8" : 0.000000,
        "16" : 0.000000,
        "32" : 0.000000,
        "64" : 0.000000,
        ">=64" : 0.000000
      },
      "latency_ns" : {
        "2" : 0.000000,
        "4" : 0.000000,
        "10" : 0.000000,
        "20" : 0.000000,
        "50" : 0.000000,
        "100" : 0.000000,
        "250" : 0.000000,
        "500" : 0.000000,
        "750" : 0.000000,
        "1000" : 0.000000
      },
      "latency_us" : {
        "2" : 0.000000,
        "4" : 0.000000,
        "10" : 0.000000,
        "20" : 0.000000,
        "50" : 0.000000,
        "100" : 0.000000,
        "250" : 7.504678,
        "500" : 91.360922,