{
  "fio version" : "fio-3.23",
  "timestamp" : 1759452945,
  "timestamp_ms" : 1759452945496,
  "time" : "Fri Oct  3 00:55:45 2025",
  "jobs" : [
    {
      "jobname" : "RandWH-1M-16-16",
      "groupid" : 0,
      "error" : 0,
      "eta" : 0,
      "elapsed" : 61,
      "job options" : {
        "name" : "RandWH-1M-16-16",
        "numjobs" : "16",
        "runtime" : "60",
        "directory" : "/tmp/e2sar/rgeorge-fio_test-st_RandWH-1M-16-16",
        "direct" : "1",
        "buffered" : "0",
        "rw" : "randrw",
        "rwmixread" : "20",
        "unified_rw_reporting" : "0",
        "randrepeat" : "0",
        "bs" : "1M",
        "size" : "128M",
        "ioengine" : "pvsync",
        "iodepth" : "16",
        "lat_percentiles" : "1"
      },
      "read" : {
        "io_bytes" : 88653955072,
        "io_kbytes" : 86576128,
        "bw_bytes" : 1477516667,
        "bw" : 1442887,
        "iops" : 1409.069698,
        "runtime" : 60002,
        "total_ios" : 84547,
        "short_ios" : 0,
        "drop_ios" : 0,
        "slat_ns" : {
          "min" : 0,
          "max" : 0,
          "mean" : 0.000000,
          "stddev" : 0.000000,
          "N" : 0
        },
        "clat_ns" : {
          "min" : 582514,
          "max" : 130003422,
          "mean" : 3280817.332194,
          "stddev" : 2479629.481594,
          "N" : 84547,
          "percentile" : {
            "1.000000" : 929792,
            "5.000000" : 1236992,
            "10.000000" : 1433600,
            "20.000000" : 1712128,
            "30.000000" : 1957888,
            "40.000000" : 2211840,
            "50.000000" : 2473984,
            "60.000000" : 2867200,
            "70.000000" : 3424256,
            "80.000000" : 4358144,
            "90.000000" : 6062080,
            "95.000000" : 8028160,
            "99.000000" : 12910592,
            "99.500000" : 15138816,
            "99.900000" : 20840448,
            "99.950000" : 23986176,
            "99.990000" : 34865152
          }
        },
        "lat_ns" : {
          "min" : 582544,
          "max" : 130003536,
          "mean" : 3280880.324991,
          "stddev" : 2479628.868970,
          "N" : 84547,
          "percentile" : {
            "1.000000" : 929792,
            "5.000000" : 1236992,
            "10.000000" : 1433600,
            "20.000000" : 1712128,
            "30.000000" : 1957888,
            "40.000000" : 2211840,
            "50.000000" : 2473984,
            "60.000000" : 2867200,
            "70.000000" : 3424256,
            "80.000000" : 4358144,
            "90.000000" : 6062080,
            "95.000000" : 8028160,
            "99.000000" : 12910592,
            "99.500000" : 15138816,
            "99.900000" : 20840448,
            "99.950000" : 23986176,
            "99.990000" : 34865152
          }
        },
        "bw_min" : 961608,
        "bw_max" : 2088960,
        "bw_agg" : 100.000000,
        "bw_mean" : 1444345.420168,
        "bw_dev" : 12645.075367,
        "bw_samples" : 1904,
        "iops_min" : 932,
        "iops_max" : 2040,
        "iops_mean" : 1405.226891,
        "iops_stddev" : 12.383854,
        "iops_samples" : 1904
      },
      "write" : {
        "io_bytes" : 356739186688,
        "io_kbytes" : 348378112,
        "bw_bytes" : 5945454929,
        "bw" : 5806108,
        "iops" : 5670.027666,
        "runtime" : 60002,
        "total_ios" : 340213,
        "short_ios" : 0,
        "drop_ios" : 0,
        "slat_ns" : {
          "min" : 0,
          "max" : 0,
          "mean" : 0.000000,
          "stddev" : 0.000000,
          "N" : 0
        },
        "clat_ns" : {
          "min" : 755594,
          "max" : 73865237,
          "mean" : 1782816.862210,
          "stddev" : 715745.889764,
          "N" : 340213,
          "percentile" : {
            "1.000000" : 995328,
            "5.000000" : 1138688,
            "10.000000" : 1236992,
            "20.000000" : 1384448,
            "30.000000" : 1499136,
            "40.000000" : 1613824,
            "50.000000" : 1712128,
            "60.000000" : 1826816,
            "70.000000" : 1957888,
            "80.000000" : 2113536,
            "90.000000" : 2375680,
            "95.000000" : 2572288,
            "99.000000" : 3031040,
            "99.500000" : 3227648,
            "99.900000" : 3751936,
            "99.950000" : 4947968,
            "99.990000" : 34340864
          }
        },
        "lat_ns" : {
          "min" : 755633,
          "max" : 73865304,
          "mean" : 1782902.661539,
          "stddev" : 715745.785134,
          "N" : 340213,
          "percentile" : {
            "1.000000" : 995328,
            "5.000000" : 1138688,
            "10.000000" : 1236992,
            "20.000000" : 1384448,
            "30.000000" : 1499136,
            "40.000000" : 1613824,
            "50.000000" : 1712128,
            "60.000000" : 1826816,
            "70.000000" : 1957888,
            "80.000000" : 2113536,
            "90.000000" : 2375680,
            "95.000000" : 2572288,
            "99.000000" : 3031040,
            "99.500000" : 3227648,
            "99.900000" : 3751936,
            "99.950000" : 4947968,
            "99.990000" : 34340864
          }
        },
        "bw_min" : 4706912,
        "bw_max" : 8237056,
        "bw_agg" : 100.000000,
        "bw_mean" : 5815066.613445,
        "bw_dev" : 29610.746811,
        "bw_samples" : 1904,
        "iops_min" : 4591,
        "iops_max" : 8044,
        "iops_mean" : 5676.873950,
        "iops_stddev" : 28.951749,
        "iops_samples" : 1904
      },
      "trim" : {
        "io_bytes" : 0,
        "io_kbytes" : 0,
        "bw_bytes" : 0,
        "bw" : 0,
        "iops" : 0.000000,
        "runtime" : 0,
        "total_ios" : 0,
        "short_ios" : 0,
        "drop_ios" : 0,
        "slat_ns" : {
          "min" : 0,
          "max" : 0,
          "mean" : 0.000000,
          "stddev" : 0.000000,
          "N" : 0
        },
        "clat_ns" : {
          "min" : 0,
          "max" : 0,
          "mean" : 0.000000,
          "stddev" : 0.000000,
          "N" : 0
        },
        "lat_ns" : {
          "min" : 0,
          "max" : 0,
          "mean" : 0.000000,
          "stddev" : 0.000000,
          "N" : 0
        },
        "bw_min" : 0,
        "bw_max" : 0,
        "bw_agg" : 0.000000,
        "bw_mean" : 0.000000,
        "bw_dev" : 0.000000,
        "bw_samples" : 0,
        "iops_min" : 0,
        "iops_max" : 0,
        "iops_mean" : 0.000000,
        "iops_stddev" : 0.000000,
        "iops_samples" : 0
      },
      "sync" : {
        "total_ios" : 0,
        "lat_ns" : {
          "min" : 0,
          "max" : 0,
          "mean" : 0.000000,
          "stddev" : 0.000000,
          "N" : 0
        }
      },
      "job_runtime" : 960010,
      "usr_cpu" : 7.917209,
      "sys_cpu" : 0.676139,
      "ctx" : 424933,
      "majf" : 0,
      "minf" : 256,
      "iodepth_level" : {
        "1" : 100.000000,
        "2" : 0.000000,
        "4" : 0.000000,
        "8" : 0.000000,
        "16" : 0.000000,
        "32" : 0.000000,
        ">=64" : 0.000000
      },
      "iodepth_submit" : {
        "0" : 0.000000,
        "4" : 100.000000,
        "8" : 0.000000,
        "16" : 0.000000,
        "32" : 0.000000,
        "64" : 0.000000,
        ">=64" : 0.000000
      },
      "iodepth_complete" : {
        "0" : 0.000000,
        "4" : 100.000000,
        "8" : 0.000000,
        "16" : 0.000000,
        "32" : 0.000000,
        "64" : 0.000000,
        ">=64" : 0.000000
      },
      "latency_ns" : {
        "2" : 0.000000,
        "4" : 0.000000,
        "10" : 0.000000,
        "20" : 0.000000,
        "50" : 0.000000,
        "100" : 0.000000,
        "250" : 0.000000,
        "500" : 0.000000,
        "750" : 0.000000,
        "1000" : 0.000000
      },
      "latency_us" : {
        "2" : 0.000000,
        "4" : 0.000000,
        "10" : 0.000000,
        "20" : 0.000000,
        "50" : 0.000000,