{
  "fio version" : "fio-3.23",
  "timestamp" : 1759446377,
  "timestamp_ms" : 1759446377018,
  "time" : "Thu Oct  2 23:06:17 2025",
  "jobs" : [
    {
      "jobname" : "RandWH-16K-16-4",
      "groupid" : 0,
      "error" : 0,
      "eta" : 0,
      "elapsed" : 61,
      "job options" : {
        "name" : "RandWH-16K-16-4",
        "numjobs" : "16",
        "runtime" : "60",
        "directory" : "/tmp/e2sar/rgeorge-fio_test-st_RandWH-16K-16-4",
        "direct" : "1",
        "buffered" : "0",
        "rw" : "randrw",
        "rwmixread" : "20",
        "unified_rw_reporting" : "0",
        "randrepeat" : "0",
        "bs" : "16K",
        "size" : "128M",
        "ioengine" : "pvsync",
        "iodepth" : "4",
        "lat_percentiles" : "1"
      },
      "read" : {
        "io_bytes" : 10507485184,
        "io_kbytes" : 10261216,
        "bw_bytes" : 175121834,
        "bw" : 171017,
        "iops" : 10688.588524,
        "runtime" : 60001,
        "total_ios" : 641326,
        "short_ios" : 0,
        "drop_ios" : 0,
        "slat_ns" : {
          "min" : 0,
          "max" : 0,
          "mean" : 0.000000,
          "stddev" : 0.000000,
          "N" : 0
        },
        "clat_ns" : {
          "min" : 150392,
          "max" : 36506756,
          "mean" : 412645.951112,
          "stddev" : 271993.395124,
          "N" : 641326,
          "percentile" : {
            "1.000000" : 222208,
            "5.000000" : 254976,
            "10.000000" : 276480,
            "20.000000" : 301056,
            "30.000000" : 325632,
            "40.000000" : 354304,
            "50.000000" : 382976,
            "60.000000" : 407552,
            "70.000000" : 440320,
            "80.000000" : 485376,
            "90.000000" : 569344,
            "95.000000" : 651264,
            "99.000000" : 954368,
            "99.500000" : 1187840,
            "99.900000" : 1925120,
            "99.950000" : 2277376,
            "99.990000" : 11993088
          }
        },
        "lat_ns" : {
          "min" : 150436,
          "max" : 36506799,
          "mean" : 412692.008069,
          "stddev" : 271993.448555,
          "N" : 641326,
          "percentile" : {
            "1.000000" : 222208,
            "5.000000" : 254976,
            "10.000000" : 276480,
            "20.000000" : 301056,
            "30.000000" : 325632,
            "40.000000" : 354304,
            "50.000000" : 382976,
            "60.000000" : 407552,
            "70.000000" : 440320,
            "80.000000" : 485376,
            "90.000000" : 569344,
            "95.000000" : 651264,
            "99.000000" : 954368,
            "99.500000" : 1187840,
            "99.900000" : 1925120,
            "99.950000" : 2277376,
            "99.990000" : 11993088
          }
        },
        "bw_min" : 142880,
        "bw_max" : 194656,
        "bw_agg" : 100.000000,
        "bw_mean" : 171327.462185,
        "bw_dev" : 627.013068,
        "bw_samples" : 1904,
        "iops_min" : 8930,
        "iops_max" : 12166,
        "iops_mean" : 10707.949580,
        "iops_stddev" : 39.187648,
        "iops_samples" : 1904
      },
      "write" : {
        "io_bytes" : 42029416448,
        "io_kbytes" : 41044352,
        "bw_bytes" : 700478599,
        "bw" : 684061,
        "iops" : 42753.820770,
        "runtime" : 60001,
        "total_ios" : 2565272,
        "short_ios" : 0,
        "drop_ios" : 0,
        "slat_ns" : {
          "min" : 0,
          "max" : 0,
          "mean" : 0.000000,
          "stddev" : 0.000000,
          "N" : 0
        },
        "clat_ns" : {
          "min" : 150812,
          "max" : 72263293,
          "mean" : 266675.500400,
          "stddev" : 254344.512352,
          "N" : 2565272,
          "percentile" : {
            "1.000000" : 201728,
            "5.000000" : 216064,
            "10.000000" : 222208,
            "20.000000" : 232448,
            "30.000000" : 240640,
            "40.000000" : 246784,
            "50.000000" : 254976,
            "60.000000" : 261120,
            "70.000000" : 272384,
            "80.000000" : 280576,
            "90.000000" : 296960,
            "95.000000" : 313344,
            "99.000000" : 473088,
            "99.500000" : 815104,
            "99.900000" : 1220608,
            "99.950000" : 1449984,
            "99.990000" : 12386304
          }
        },
        "lat_ns" : {
          "min" : 150863,
          "max" : 72263362,
          "mean" : 266737.210557,
          "stddev" : 254344.579589,
          "N" : 2565272,
          "percentile" : {
            "1.000000" : 201728,
            "5.000000" : 216064,
            "10.000000" : 222208,
            "20.000000" : 232448,
            "30.000000" : 240640,
            "40.000000" : 246784,
            "50.000000" : 254976,
            "60.000000" : 261120,
            "70.000000" : 272384,
            "80.000000" : 280576,
            "90.000000" : 296960,
            "95.000000" : 313344,
            "99.000000" : 473088,
            "99.500000" : 815104,
            "99.900000" : 1220608,
            "99.950000" : 1449984,
            "99.990000" : 12386304
          }
        },
        "bw_min" : 595648,
        "bw_max" : 743040,
        "bw_agg" : 100.000000,
        "bw_mean" : 685244.773109,
        "bw_dev" : 1741.896142,
        "bw_samples" : 1904,
        "iops_min" : 37228,
        "iops_max" : 46440,
        "iops_mean" : 42827.798319,
        "iops_stddev" : 108.868509,
        "iops_samples" : 1904
      },
      "trim" : {
        "io_bytes" : 0,
        "io_kbytes" : 0,
        "bw_bytes" : 0,
        "bw" : 0,
        "iops" : 0.000000,
        "runtime" : 0,
        "total_ios" : 0,
        "short_ios" : 0,
        "drop_ios" : 0,
        "slat_ns" : {
          "min" : 0,
          "max" : 0,
          "mean" : 0.000000,
          "stddev" : 0.000000,
          "N" : 0
        },
        "clat_ns" : {
          "min" : 0,
          "max" : 0,
          "mean" : 0.000000,
          "stddev" : 0.000000,
          "N" : 0
        },
        "lat_ns" : {
          "min" : 0,
          "max" : 0,
          "mean" : 0.000000,
          "stddev" : 0.000000,
          "N" : 0
        },
        "bw_min" : 0,
        "bw_max" : 0,
        "bw_agg" : 0.000000,
        "bw_mean" : 0.000000,
        "bw_dev" : 0.000000,
        "bw_samples" : 0,
        "iops_min" : 0,
        "iops_max" : 0,
        "iops_mean" : 0.000000,
        "iops_stddev" : 0.000000,
        "iops_samples" : 0
      },
      "sync" : {
        "total_ios" : 0,
        "lat_ns" : {
          "min" : 0,
          "max" : 0,
          "mean" : 0.000000,
          "stddev" : 0.000000,
          "N" : 0
        }
      },
      "job_runtime" : 960000,
      "usr_cpu" : 1.412604,
      "sys_cpu" : 1.424583,
      "ctx" : 3206721,
      "majf" : 0,
      "minf" : 268,
      "iodepth_level" : {
        "1" : 100.000000,
        "2" : 0.000000,
        "4" : 0.000000,
        "8" : 0.000000,
        "16" : 0.000000,
        "32" : 0.000000,
        ">=64" : 0.000000
      },
      "iodepth_submit" : {
        "0" : 0.000000,
        "4" : 100.000000,
        "8" : 0.000000,
        "16" : 0.000000,
        "32" : 0.000000,
        "64" : 0.000000,
        ">=64" : 0.000000
      },
      "iodepth_complete" : {
        "0" : 0.000000,
        "4" : 100.000000,
        "8" : 0.000000,
        "16" : 0.000000,
        "32" : 0.000000,
        "64" : 0.000000,
        ">=64" : 0.000000
      },
      "latency_ns" : {
        "2" : 0.000000,
        "4" : 0.000000,
        "10" : 0.000000,
        "20" : 0.000000,
        "50" : 0.000000,
        "100" : 0.000000,
        "250" : 0.000000,
        "500" : 0.000000,
        "750" : 0.000000,
        "1000" : 0.000000
      },
      "latency_us" : {
        "2" : 0.000000,
        "4" : 0.000000,
        "10" : 0.000000,
        "20" : 0.000000,
        "50" : 0.000000,
        "100" : 0.000000,
        "250" : 35.683300,