{
  "fio version" : "fio-3.23",
  "timestamp" : 1759453155,
  "timestamp_ms" : 1759453155366,
  "time" : "Fri Oct  3 00:59:15 2025",
  "jobs" : [
    {
      "jobname" : "SeqWH-1M-16-16",
      "groupid" : 0,
      "error" : 0,
      "eta" : 0,
      "elapsed" : 61,
      "job options" : {
        "name" : "SeqWH-1M-16-16",
        "numjobs" : "16",
        "runtime" : "60",
        "directory" : "/tmp/e2sar/rgeorge-fio_test-st_SeqWH-1M-16-16",
        "direct" : "1",
        "buffered" : "0",
        "rw" : "rw",
        "rwmixread" : "20",
        "unified_rw_reporting" : "0",
        "randrepeat" : "0",
        "bs" : "1M",
        "size" : "128M",
        "ioengine" : "pvsync",
        "iodepth" : "16",
        "lat_percentiles" : "1"
      },
      "read" : {
        "io_bytes" : 91182071808,
        "io_kbytes" : 89044992,
        "bw_bytes" : 1519625215,
        "bw" : 1484008,
        "iops" : 1449.227539,
        "runtime" : 60003,
        "total_ios" : 86958,
        "short_ios" : 0,
        "drop_ios" : 0,
        "slat_ns" : {
          "min" : 0,
          "max" : 0,
          "mean" : 0.000000,
          "stddev" : 0.000000,
          "N" : 0
        },
        "clat_ns" : {
          "min" : 621375,
          "max" : 68481128,
          "mean" : 3099358.354884,
          "stddev" : 1235610.167576,
          "N" : 86958,
          "percentile" : {
            "1.000000" : 1105920,
            "5.000000" : 1515520,
            "10.000000" : 1794048,
            "20.000000" : 2179072,
            "30.000000" : 2441216,
            "40.000000" : 2703360,
            "50.000000" : 2965504,
            "60.000000" : 3227648,
            "70.000000" : 3555328,
            "80.000000" : 3915776,
            "90.000000" : 4554752,
            "95.000000" : 5079040,
            "99.000000" : 6324224,
            "99.500000" : 6782976,
            "99.900000" : 8159232,
            "99.950000" : 9371648,
            "99.990000" : 36438016
          }
        },
        "lat_ns" : {
          "min" : 621406,
          "max" : 68481180,
          "mean" : 3099410.644829,
          "stddev" : 1235608.991498,
          "N" : 86958,
          "percentile" : {
            "1.000000" : 1105920,
            "5.000000" : 1515520,
            "10.000000" : 1794048,
            "20.000000" : 2179072,
            "30.000000" : 2441216,
            "40.000000" : 2703360,
            "50.000000" : 2965504,
            "60.000000" : 3227648,
            "70.000000" : 3555328,
            "80.000000" : 3915776,
            "90.000000" : 4554752,
            "95.000000" : 5079040,
            "99.000000" : 6324224,
            "99.500000" : 6782976,
            "99.900000" : 8159232,
            "99.950000" : 9371648,
            "99.990000" : 36438016
          }
        },
        "bw_min" : 899072,
        "bw_max" : 2390016,
        "bw_agg" : 100.000000,
        "bw_mean" : 1487226.621849,
        "bw_dev" : 16729.093704,
        "bw_samples" : 1904,
        "iops_min" : 878,
        "iops_max" : 2334,
        "iops_mean" : 1452.369748,
        "iops_stddev" : 16.337006,
        "iops_samples" : 1904
      },
      "write" : {
        "io_bytes" : 365121503232,
        "io_kbytes" : 356563968,
        "bw_bytes" : 6085054134,
        "bw" : 5942435,
        "iops" : 5803.159842,
        "runtime" : 60003,
        "total_ios" : 348207,
        "short_ios" : 0,
        "drop_ios" : 0,
        "slat_ns" : {
          "min" : 0,
          "max" : 0,
          "mean" : 0.000000,
          "stddev" : 0.000000,
          "N" : 0
        },
        "clat_ns" : {
          "min" : 709980,
          "max" : 52880222,
          "mean" : 1773367.893437,
          "stddev" : 697840.663401,
          "N" : 348207,
          "percentile" : {
            "1.000000" : 970752,
            "5.000000" : 1105920,
            "10.000000" : 1204224,
            "20.000000" : 1351680,
            "30.000000" : 1466368,
            "40.000000" : 1581056,
            "50.000000" : 1679360,
            "60.000000" : 1810432,
            "70.000000" : 1941504,
            "80.000000" : 2146304,
            "90.000000" : 2408448,
            "95.000000" : 2703360,
            "99.000000" : 3293184,
            "99.500000" : 3588096,
            "99.900000" : 4358144,
            "99.950000" : 8093696,
            "99.990000" : 32112640
          }
        },
        "lat_ns" : {
          "min" : 710055,
          "max" : 52880272,
          "mean" : 1773441.907839,
          "stddev" : 697840.523970,
          "N" : 348207,
          "percentile" : {
            "1.000000" : 970752,
            "5.000000" : 1105920,
            "10.000000" : 1204224,
            "20.000000" : 1351680,
            "30.000000" : 1466368,
            "40.000000" : 1581056,
            "50.000000" : 1679360,
            "60.000000" : 1810432,
            "70.000000" : 1941504,
            "80.000000" : 2146304,
            "90.000000" : 2408448,
            "95.000000" : 2703360,
            "99.000000" : 3293184,
            "99.500000" : 3588096,
            "99.900000" : 4358144,
            "99.950000" : 8093696,
            "99.990000" : 32112640
          }
        },
        "bw_min" : 4421632,
        "bw_max" : 8542208,
        "bw_agg" : 100.000000,
        "bw_mean" : 5951952.672269,
        "bw_dev" : 50294.506178,
        "bw_samples" : 1904,
        "iops_min" : 4318,
        "iops_max" : 8342,
        "iops_mean" : 5812.453782,
        "iops_stddev" : 49.115729,
        "iops_samples" : 1904
      },
      "trim" : {
        "io_bytes" : 0,
        "io_kbytes" : 0,
        "bw_bytes" : 0,
        "bw" : 0,
        "iops" : 0.000000,
        "runtime" : 0,
        "total_ios" : 0,
        "short_ios" : 0,
        "drop_ios" : 0,
        "slat_ns" : {
          "min" : 0,
          "max" : 0,
          "mean" : 0.000000,
          "stddev" : 0.000000,
          "N" : 0
        },
        "clat_ns" : {
          "min" : 0,
          "max" : 0,
          "mean" : 0.000000,
          "stddev" : 0.000000,
          "N" : 0
        },
        "lat_ns" : {
          "min" : 0,
          "max" : 0,
          "mean" : 0.000000,
          "stddev" : 0.000000,
          "N" : 0
        },
        "bw_min" : 0,
        "bw_max" : 0,
        "bw_agg" : 0.000000,
        "bw_mean" : 0.000000,
        "bw_dev" : 0.000000,
        "bw_samples" : 0,
        "iops_min" : 0,
        "iops_max" : 0,
        "iops_mean" : 0.000000,
        "iops_stddev" : 0.000000,
        "iops_samples" : 0
      },
      "sync" : {
        "total_ios" : 0,
        "lat_ns" : {
          "min" : 0,
          "max" : 0,
          "mean" : 0.000000,
          "stddev" : 0.000000,
          "N" : 0
        }
      },
      "job_runtime" : 960012,
      "usr_cpu" : 7.648759,
      "sys_cpu" : 0.561972,
      "ctx" : 435348,
      "majf" : 0,
      "minf" : 258,
      "iodepth_level" : {
        "1" : 100.000000,
        "2" : 0.000000,
        "4" : 0.000000,
        "8" : 0.000000,
        "16" : 0.000000,
        "32" : 0.000000,
        ">=64" : 0.000000
      },
      "iodepth_submit" : {
        "0" : 0.000000,
        "4" : 100.000000,
        "8" : 0.000000,
        "16" : 0.000000,
        "32" : 0.000000,
        "64" : 0.000000,
        ">=64" : 0.000000
      },
      "iodepth_complete" : {
        "0" : 0.000000,
        "4" : 100.000000,
        "8" : 0.000000,
        "16" : 0.000000,
        "32" : 0.000000,
        "64" : 0.000000,
        ">=64" : 0.000000
      },
      "latency_ns" : {
        "2" : 0.000000,
        "4" : 0.000000,
        "10" : 0.000000,
        "20" : 0.000000,
        "50" : 0.000000,
        "100" : 0.000000,
        "250" : 0.000000,
        "500" : 0.000000,
        "750" : 0.000000,
        "1000" : 0.000000
      },
      "latency_us" : {
        "2" : 0.000000,
        "4" : 0.000000,
        "10" : 0.000000,
        "20" : 0.000000,
        "50" : 0.000000,
        "100" : 0.000000,