{
  "fio version" : "fio-3.23",
  "timestamp" : 1757013987,
  "timestamp_ms" : 1757013987104,
  "time" : "Thu Sep  4 19:26:27 2025",
  "jobs" : [
    {
      "jobname" : "SeqR-2M-32-8",
      "groupid" : 0,
      "error" : 0,
      "eta" : 0,
      "elapsed" : 61,
      "job options" : {
        "name" : "SeqR-2M-32-8",
        "numjobs" : "32",
        "runtime" : "60",
        "directory" : "/tmp/e2sar/rgeorge-fio_test-p2s_SeqR-2M-32-8",
        "direct" : "1",
        "buffered" : "0",
        "rw" : "read",
        "unified_rw_reporting" : "0",
        "randrepeat" : "0",
        "bs" : "2M",
        "size" : "128M",
        "ioengine" : "pvsync",
        "iodepth" : "8",
        "lat_percentiles" : "1"
      },
      "read" : {
        "io_bytes" : 194326298624,
        "io_kbytes" : 189771776,
        "bw_bytes" : 3237908201,
        "bw" : 3162019,
        "iops" : 1543.954945,
        "runtime" : 60016,
        "total_ios" : 92662,
        "short_ios" : 0,
        "drop_ios" : 0,
        "slat_ns" : {
          "min" : 0,
          "max" : 0,
          "mean" : 0.000000,
          "stddev" : 0.000000,
          "N" : 0
        },
        "clat_ns" : {
          "min" : 1084845,
          "max" : 574812585,
          "mean" : 20713413.819084,
          "stddev" : 13775719.428865,
          "N" : 92662,
          "percentile" : {
            "1.000000" : 3489792,
            "5.000000" : 16187392,
            "10.000000" : 17956864,
            "20.000000" : 18481152,
            "30.000000" : 19005440,
            "40.000000" : 19005440,
            "50.000000" : 19267584,
            "60.000000" : 19529728,
            "70.000000" : 19791872,
            "80.000000" : 20054016,
            "90.000000" : 20316160,
            "95.000000" : 21102592,
            "99.000000" : 85458944,
            "99.500000" : 112721920,
            "99.900000" : 193986560,
            "99.950000" : 250609664,
            "99.990000" : 312475648
          }
        },
        "lat_ns" : {
          "min" : 1084876,
          "max" : 574812620,
          "mean" : 20713471.404189,
          "stddev" : 13775724.606495,
          "N" : 92662,
          "percentile" : {
            "1.000000" : 3489792,
            "5.000000" : 16187392,
            "10.000000" : 17956864,
            "20.000000" : 18481152,
            "30.000000" : 19005440,
            "40.000000" : 19005440,
            "50.000000" : 19267584,
            "60.000000" : 19529728,
            "70.000000" : 19791872,
            "80.000000" : 20054016,
            "90.000000" : 20316160,
            "95.000000" : 21102592,
            "99.000000" : 85458944,
            "99.500000" : 112721920,
            "99.900000" : 193986560,
            "99.950000" : 250609664,
            "99.990000" : 312475648
          }
        },
        "bw_min" : 802816,
        "bw_max" : 3842048,
        "bw_agg" : 100.000000,
        "bw_mean" : 3163247.865546,
        "bw_dev" : 18125.109255,
        "bw_samples" : 3808,
        "iops_min" : 392,
        "iops_max" : 1876,
        "iops_mean" : 1544.554622,
        "iops_stddev" : 8.850151,
        "iops_samples" : 3808
      },
      "write" : {
        "io_bytes" : 0,
        "io_kbytes" : 0,
        "bw_bytes" : 0,
        "bw" : 0,
        "iops" : 0.000000,
        "runtime" : 0,
        "total_ios" : 0,
        "short_ios" : 0,
        "drop_ios" : 0,
        "slat_ns" : {
          "min" : 0,
          "max" : 0,
          "mean" : 0.000000,
          "stddev" : 0.000000,
          "N" : 0
        },
        "clat_ns" : {
          "min" : 0,
          "max" : 0,
          "mean" : 0.000000,
          "stddev" : 0.000000,
          "N" : 0
        },
        "lat_ns" : {
          "min" : 0,
          "max" : 0,
          "mean" : 0.000000,
          "stddev" : 0.000000,
          "N" : 0
        },
        "bw_min" : 0,
        "bw_max" : 0,
        "bw_agg" : 0.000000,
        "bw_mean" : 0.000000,
        "bw_dev" : 0.000000,
        "bw_samples" : 0,
        "iops_min" : 0,
        "iops_max" : 0,
        "iops_mean" : 0.000000,
        "iops_stddev" : 0.000000,
        "iops_samples" : 0
      },
      "trim" : {
        "io_bytes" : 0,
        "io_kbytes" : 0,
        "bw_bytes" : 0,
        "bw" : 0,
        "iops" : 0.000000,
        "runtime" : 0,
        "total_ios" : 0,
        "short_ios" : 0,
        "drop_ios" : 0,
        "slat_ns" : {
          "min" : 0,
          "max" : 0,
          "mean" : 0.000000,
          "stddev" : 0.000000,
          "N" : 0
        },
        "clat_ns" : {
          "min" : 0,
          "max" : 0,
          "mean" : 0.000000,
          "stddev" : 0.000000,
          "N" : 0
        },
        "lat_ns" : {
          "min" : 0,
          "max" : 0,
          "mean" : 0.000000,
          "stddev" : 0.000000,
          "N" : 0
        },
        "bw_min" : 0,
        "bw_max" : 0,
        "bw_agg" : 0.000000,
        "bw_mean" : 0.000000,
        "bw_dev" : 0.000000,
        "bw_samples" : 0,
        "iops_min" : 0,
        "iops_max" : 0,
        "iops_mean" : 0.000000,
        "iops_stddev" : 0.000000,
        "iops_samples" : 0
      },
      "sync" : {
        "total_ios" : 0,
        "lat_ns" : {
          "min" : 0,
          "max" : 0,
          "mean" : 0.000000,
          "stddev" : 0.000000,
          "N" : 0
        }
      },
      "job_runtime" : 1920298,
      "usr_cpu" : 0.004114,
      "sys_cpu" : 0.109098,
      "ctx" : 185484,
      "majf" : 0,
      "minf" : 1188,
      "iodepth_level" : {
        "1" : 100.000000,
        "2" : 0.000000,
        "4" : 0.000000,
        "8" : 0.000000,
        "16" : 0.000000,
        "32" : 0.000000,
        ">=64" : 0.000000
      },
      "iodepth_submit" : {
        "0" : 0.000000,
        "4" : 100.000000,
        "8" : 0.000000,
        "16" : 0.000000,
        "32" : 0.000000,
        "64" : 0.000000,
        ">=64" : 0.000000
      },
      "iodepth_complete" : {
        "0" : 0.000000,
        "4" : 100.000000,
        "8" : 0.000000,
        "16" : 0.000000,
        "32" : 0.000000,
        "64" : 0.000000,
        ">=64" : 0.000000
      },
      "latency_ns" : {
        "2" : 0.000000,
        "4" : 0.000000,
        "10" : 0.000000,
        "20" : 0.000000,
        "50" : 0.000000,
        "100" : 0.000000,
        "250" : 0.000000,
        "500" : 0.000000,
        "750" : 0.000000,
        "1000" : 0.000000
      },
      "latency_us" : {
        "2" : 0.000000,
        "4" : 0.000000,
        "10" : 0.000000,
        "20" : 0.000000,
        "50" : 0.000000,
        "100" : 0.000000,
        "250" : 0.000000,
        "500" : 0.000000,
        "750" : 0.000000,
        "1000" : 0.000000
      },
      "latency_ms" : {
        "2" : 0.553625,
        "4" : 0.597872,
        "10" : 1.598282,
        "20" : 79.345363,
        "50" : 15.741080,
        "100" : 1.495759,
        "250" : 0.618376,
        "500" : 0.048564,
        "750" : 0.010000,
        "1000" : 0.000000,
        "2000" : 0.000000,
        ">=2000" : 0.000000
      },
      "latency_depth" : 8,
      "latency_target" : 0,
      "latency_percentile" : 100.000000,
      "latency_window" : 0
    }
  ]
}
