{
  "fio version" : "fio-3.23",
  "timestamp" : 1757463777,
  "timestamp_ms" : 1757463777602,
  "time" : "Wed Sep 10 00:22:57 2025",
  "jobs" : [
    {
      "jobname" : "RandR-2M-32-4",
      "groupid" : 0,
      "error" : 0,
      "eta" : 0,
      "elapsed" : 61,
      "job options" : {
        "name" : "RandR-2M-32-4",
        "rw" : "randread",
        "unified_rw_reporting" : "0",
        "bs" : "2M",
        "numjobs" : "32",
        "iodepth" : "4",
        "runtime" : "60",
        "directory" : "/tmp/e2sar/rgeorge-fio_test-m_RandR-2M-32-4",
        "direct" : "1",
        "buffered" : "0",
        "randrepeat" : "0",
        "size" : "128M",
        "ioengine" : "pvsync",
        "lat_percentiles" : "1"
      },
      "read" : {
        "io_bytes" : 194923986944,
        "io_kbytes" : 190355456,
        "bw_bytes" : 3247812902,
        "bw" : 3171692,
        "iops" : 1548.677875,
        "runtime" : 60017,
        "total_ios" : 92947,
        "short_ios" : 0,
        "drop_ios" : 0,
        "slat_ns" : {
          "min" : 0,
          "max" : 0,
          "mean" : 0.000000,
          "stddev" : 0.000000,
          "N" : 0
        },
        "clat_ns" : {
          "min" : 7443657,
          "max" : 83362964,
          "mean" : 20649723.876693,
          "stddev" : 1566917.374115,
          "N" : 92947,
          "percentile" : {
            "1.000000" : 18743296,
            "5.000000" : 19267584,
            "10.000000" : 19529728,
            "20.000000" : 20054016,
            "30.000000" : 20316160,
            "40.000000" : 20316160,
            "50.000000" : 20578304,
            "60.000000" : 20840448,
            "70.000000" : 21102592,
            "80.000000" : 21102592,
            "90.000000" : 21626880,
            "95.000000" : 21889024,
            "99.000000" : 22937600,
            "99.500000" : 23986176,
            "99.900000" : 37486592,
            "99.950000" : 60030976,
            "99.990000" : 73924608
          }
        },
        "lat_ns" : {
          "min" : 7443688,
          "max" : 83363250,
          "mean" : 20649786.166396,
          "stddev" : 1566916.944553,
          "N" : 92947,
          "percentile" : {
            "1.000000" : 18743296,
            "5.000000" : 19267584,
            "10.000000" : 19529728,
            "20.000000" : 20054016,
            "30.000000" : 20316160,
            "40.000000" : 20316160,
            "50.000000" : 20578304,
            "60.000000" : 20840448,
            "70.000000" : 21102592,
            "80.000000" : 21102592,
            "90.000000" : 21626880,
            "95.000000" : 21889024,
            "99.000000" : 22937600,
            "99.500000" : 23986176,
            "99.900000" : 37486592,
            "99.950000" : 60030976,
            "99.990000" : 73924608
          }
        },
        "bw_min" : 2498248,
        "bw_max" : 3325952,
        "bw_agg" : 100.000000,
        "bw_mean" : 3175429.983193,
        "bw_dev" : 3265.410248,
        "bw_samples" : 3808,
        "iops_min" : 1218,
        "iops_max" : 1624,
        "iops_mean" : 1550.487395,
        "iops_stddev" : 1.597777,
        "iops_samples" : 3808
      },
      "write" : {
        "io_bytes" : 0,
        "io_kbytes" : 0,
        "bw_bytes" : 0,
        "bw" : 0,
        "iops" : 0.000000,
        "runtime" : 0,
        "total_ios" : 0,
        "short_ios" : 0,
        "drop_ios" : 0,
        "slat_ns" : {
          "min" : 0,
          "max" : 0,
          "mean" : 0.000000,
          "stddev" : 0.000000,
          "N" : 0
        },
        "clat_ns" : {
          "min" : 0,
          "max" : 0,
          "mean" : 0.000000,
          "stddev" : 0.000000,
          "N" : 0
        },
        "lat_ns" : {
          "min" : 0,
          "max" : 0,
          "mean" : 0.000000,
          "stddev" : 0.000000,
          "N" : 0
        },
        "bw_min" : 0,
        "bw_max" : 0,
        "bw_agg" : 0.000000,
        "bw_mean" : 0.000000,
        "bw_dev" : 0.000000,
        "bw_samples" : 0,
        "iops_min" : 0,
        "iops_max" : 0,
        "iops_mean" : 0.000000,
        "iops_stddev" : 0.000000,
        "iops_samples" : 0
      },
      "trim" : {
        "io_bytes" : 0,
        "io_kbytes" : 0,
        "bw_bytes" : 0,
        "bw" : 0,
        "iops" : 0.000000,
        "runtime" : 0,
        "total_ios" : 0,
        "short_ios" : 0,
        "drop_ios" : 0,
        "slat_ns" : {
          "min" : 0,
          "max" : 0,
          "mean" : 0.000000,
          "stddev" : 0.000000,
          "N" : 0
        },
        "clat_ns" : {
          "min" : 0,
          "max" : 0,
          "mean" : 0.000000,
          "stddev" : 0.000000,
          "N" : 0
        },
        "lat_ns" : {
          "min" : 0,
          "max" : 0,
          "mean" : 0.000000,
          "stddev" : 0.000000,
          "N" : 0
        },
        "bw_min" : 0,
        "bw_max" : 0,
        "bw_agg" : 0.000000,
        "bw_mean" : 0.000000,
        "bw_dev" : 0.000000,
        "bw_samples" : 0,
        "iops_min" : 0,
        "iops_max" : 0,
        "iops_mean" : 0.000000,
        "iops_stddev" : 0.000000,
        "iops_samples" : 0
      },
      "sync" : {
        "total_ios" : 0,
        "lat_ns" : {
          "min" : 0,
          "max" : 0,
          "mean" : 0.000000,
          "stddev" : 0.000000,
          "N" : 0
        }
      },
      "job_runtime" : 1920308,
      "usr_cpu" : 0.006093,
      "sys_cpu" : 0.107379,
      "ctx" : 186060,
      "majf" : 0,
      "minf" : 3488,
      "iodepth_level" : {
        "1" : 100.000000,
        "2" : 0.000000,
        "4" : 0.000000,
        "8" : 0.000000,
        "16" : 0.000000,
        "32" : 0.000000,
        ">=64" : 0.000000
      },
      "iodepth_submit" : {
        "0" : 0.000000,
        "4" : 100.000000,
        "8" : 0.000000,
        "16" : 0.000000,
        "32" : 0.000000,
        "64" : 0.000000,
        ">=64" : 0.000000
      },
      "iodepth_complete" : {
        "0" : 0.000000,
        "4" : 100.000000,
        "8" : 0.000000,
        "16" : 0.000000,
        "32" : 0.000000,
        "64" : 0.000000,
        ">=64" : 0.000000
      },
      "latency_ns" : {
        "2" : 0.000000,
        "4" : 0.000000,
        "10" : 0.000000,
        "20" : 0.000000,
        "50" : 0.000000,
        "100" : 0.000000,
        "250" : 0.000000,
        "500" : 0.000000,
        "750" : 0.000000,
        "1000" : 0.000000
      },
      "latency_us" : {
        "2" : 0.000000,
        "4" : 0.000000,
        "10" : 0.000000,
        "20" : 0.000000,
        "50" : 0.000000,
        "100" : 0.000000,
        "250" : 0.000000,
        "500" : 0.000000,
        "750" : 0.000000,
        "1000" : 0.000000
      },
      "latency_ms" : {
        "2" : 0.000000,
        "4" : 0.000000,
        "10" : 0.031201,
        "20" : 22.084629,
        "50" : 77.813162,
        "100" : 0.071008,
        "250" : 0.000000,
        "500" : 0.000000,
        "750" : 0.000000,
        "1000" : 0.000000,
        "2000" : 0.000000,
        ">=2000" : 0.000000
      },
      "latency_depth" : 4,
      "latency_target" : 0,
      "latency_percentile" : 100.000000,
      "latency_window" : 0
    }
  ]
}
