{
  "fio version" : "fio-3.23",
  "timestamp" : 1757466271,
  "timestamp_ms" : 1757466271816,
  "time" : "Wed Sep 10 01:04:31 2025",
  "jobs" : [
    {
      "jobname" : "RandBal-2M-64-128",
      "groupid" : 0,
      "error" : 0,
      "eta" : 0,
      "elapsed" : 62,
      "job options" : {
        "name" : "RandBal-2M-64-128",
        "rw" : "randrw",
        "unified_rw_reporting" : "1",
        "bs" : "2M",
        "numjobs" : "64",
        "iodepth" : "128",
        "runtime" : "60",
        "directory" : "/tmp/e2sar/rgeorge-fio_test-m_RandBal-2M-64-128",
        "direct" : "1",
        "buffered" : "0",
        "randrepeat" : "0",
        "size" : "128M",
        "ioengine" : "pvsync",
        "lat_percentiles" : "1"
      },
      "mixed" : {
        "io_bytes" : 233933111296,
        "io_kbytes" : 228450304,
        "bw_bytes" : 3895768573,
        "bw" : 3804461,
        "iops" : 1857.647216,
        "runtime" : 60048,
        "total_ios" : 111548,
        "short_ios" : 0,
        "drop_ios" : 0,
        "slat_ns" : {
          "min" : 0,
          "max" : 0,
          "mean" : 0.000000,
          "stddev" : 0.000000,
          "N" : 0
        },
        "clat_ns" : {
          "min" : 1449652,
          "max" : 249098041,
          "mean" : 34167976.263877,
          "stddev" : 9549357.057066,
          "N" : 111548,
          "percentile" : {
            "1.000000" : 20316160,
            "5.000000" : 26607616,
            "10.000000" : 28180480,
            "20.000000" : 30015488,
            "30.000000" : 31064064,
            "40.000000" : 32112640,
            "50.000000" : 33161216,
            "60.000000" : 33816576,
            "70.000000" : 34865152,
            "80.000000" : 35913728,
            "90.000000" : 38010880,
            "95.000000" : 43778048,
            "99.000000" : 72876032,
            "99.500000" : 94896128,
            "99.900000" : 139460608,
            "99.950000" : 152043520,
            "99.990000" : 179306496
          }
        },
        "lat_ns" : {
          "min" : 1449767,
          "max" : 249098221,
          "mean" : 34168153.492066,
          "stddev" : 9549342.551339,
          "N" : 111548,
          "percentile" : {
            "1.000000" : 20316160,
            "5.000000" : 26607616,
            "10.000000" : 28180480,
            "20.000000" : 30015488,
            "30.000000" : 31064064,
            "40.000000" : 32112640,
            "50.000000" : 33161216,
            "60.000000" : 33816576,
            "70.000000" : 34865152,
            "80.000000" : 35913728,
            "90.000000" : 38010880,
            "95.000000" : 43778048,
            "99.000000" : 72876032,
            "99.500000" : 94896128,
            "99.900000" : 139460608,
            "99.950000" : 152043520,
            "99.990000" : 179306496
          }
        },
        "bw_min" : 1204224,
        "bw_max" : 7708278,
        "bw_agg" : 99.894926,
        "bw_mean" : 3800464.460574,
        "bw_dev" : 8683.699126,
        "bw_samples" : 15234,
        "iops_min" : 588,
        "iops_max" : 3762,
        "iops_mean" : 1855.601120,
        "iops_stddev" : 4.239345,
        "iops_samples" : 15234
      },
      "job_runtime" : 3840596,
      "usr_cpu" : 0.723065,
      "sys_cpu" : 0.119356,
      "ctx" : 223838,
      "majf" : 0,
      "minf" : 966,
      "iodepth_level" : {
        "1" : 100.000000,
        "2" : 0.000000,
        "4" : 0.000000,
        "8" : 0.000000,
        "16" : 0.000000,
        "32" : 0.000000,
        ">=64" : 0.000000
      },
      "iodepth_submit" : {
        "0" : 0.000000,
        "4" : 100.000000,
        "8" : 0.000000,
        "16" : 0.000000,
        "32" : 0.000000,
        "64" : 0.000000,
        ">=64" : 0.000000
      },
      "iodepth_complete" : {
        "0" : 0.000000,
        "4" : 100.000000,
        "8" : 0.000000,
        "16" : 0.000000,
        "32" : 0.000000,
        "64" : 0.000000,
        ">=64" : 0.000000
      },
      "latency_ns" : {
        "2" : 0.000000,
        "4" : 0.000000,
        "10" : 0.000000,
        "20" : 0.000000,
        "50" : 0.000000,
        "100" : 0.000000,
        "250" : 0.000000,
        "500" : 0.000000,
        "750" : 0.000000,
        "1000" : 0.000000
      },
      "latency_us" : {
        "2" : 0.000000,
        "4" : 0.000000,
        "10" : 0.000000,
        "20" : 0.000000,
        "50" : 0.000000,
        "100" : 0.000000,
        "250" : 0.000000,
        "500" : 0.000000,
        "750" : 0.000000,
        "1000" : 0.000000
      },
      "latency_ms" : {
        "2" : 0.024205,
        "4" : 0.174813,
        "10" : 0.257288,
        "20" : 0.522645,
        "50" : 95.154552,
        "100" : 3.442464,
        "250" : 0.424033,
        "500" : 0.000000,
        "750" : 0.000000,
        "1000" : 0.000000,
        "2000" : 0.000000,
        ">=2000" : 0.000000
      },
      "latency_depth" : 128,
      "latency_target" : 0,
      "latency_percentile" : 100.000000,
      "latency_window" : 0
    }
  ]
}
