{
  "fio version" : "fio-3.23",
  "timestamp" : 1757465518,
  "timestamp_ms" : 1757465518833,
  "time" : "Wed Sep 10 00:51:58 2025",
  "jobs" : [
    {
      "jobname" : "RandRH-2M-128-32",
      "groupid" : 0,
      "error" : 0,
      "eta" : 0,
      "elapsed" : 62,
      "job options" : {
        "name" : "RandRH-2M-128-32",
        "rw" : "randrw",
        "rwmixread" : "80",
        "unified_rw_reporting" : "1",
        "bs" : "2M",
        "numjobs" : "128",
        "iodepth" : "32",
        "runtime" : "60",
        "directory" : "/tmp/e2sar/rgeorge-fio_test-m_RandRH-2M-128-32",
        "direct" : "1",
        "buffered" : "0",
        "randrepeat" : "0",
        "size" : "128M",
        "ioengine" : "pvsync",
        "lat_percentiles" : "1"
      },
      "mixed" : {
        "io_bytes" : 130694512640,
        "io_kbytes" : 127631360,
        "bw_bytes" : 2174002572,
        "bw" : 2123049,
        "iops" : 1036.645209,
        "runtime" : 60117,
        "total_ios" : 62320,
        "short_ios" : 0,
        "drop_ios" : 0,
        "slat_ns" : {
          "min" : 0,
          "max" : 0,
          "mean" : 0.000000,
          "stddev" : 0.000000,
          "N" : 0
        },
        "clat_ns" : {
          "min" : 1325480,
          "max" : 430701428,
          "mean" : 122862620.222882,
          "stddev" : 19622168.149999,
          "N" : 62320,
          "percentile" : {
            "1.000000" : 101187584,
            "5.000000" : 110624768,
            "10.000000" : 112721920,
            "20.000000" : 115867648,
            "30.000000" : 117964800,
            "40.000000" : 119013376,
            "50.000000" : 121110528,
            "60.000000" : 122159104,
            "70.000000" : 123207680,
            "80.000000" : 125304832,
            "90.000000" : 127401984,
            "95.000000" : 131596288,
            "99.000000" : 223346688,
            "99.500000" : 246415360,
            "99.900000" : 278921216,
            "99.950000" : 295698432,
            "99.990000" : 337641472
          }
        },
        "lat_ns" : {
          "min" : 1325544,
          "max" : 430701590,
          "mean" : 122862854.934451,
          "stddev" : 19622157.532702,
          "N" : 62320,
          "percentile" : {
            "1.000000" : 101187584,
            "5.000000" : 110624768,
            "10.000000" : 112721920,
            "20.000000" : 115867648,
            "30.000000" : 117964800,
            "40.000000" : 119013376,
            "50.000000" : 121110528,
            "60.000000" : 122159104,
            "70.000000" : 123207680,
            "80.000000" : 125304832,
            "90.000000" : 127401984,
            "95.000000" : 131596288,
            "99.000000" : 223346688,
            "99.500000" : 246415360,
            "99.900000" : 278921216,
            "99.950000" : 295698432,
            "99.990000" : 337641472
          }
        },
        "bw_min" : 1052085,
        "bw_max" : 4849491,
        "bw_agg" : 100.000000,
        "bw_mean" : 2430932.597441,
        "bw_dev" : 3321.153154,
        "bw_samples" : 24166,
        "iops_min" : 455,
        "iops_max" : 2365,
        "iops_mean" : 1184.428080,
        "iops_stddev" : 1.624110,
        "iops_samples" : 24166
      },
      "job_runtime" : 7684775,
      "usr_cpu" : 0.073457,
      "sys_cpu" : 0.045349,
      "ctx" : 125541,
      "majf" : 0,
      "minf" : 1699,
      "iodepth_level" : {
        "1" : 100.000000,
        "2" : 0.000000,
        "4" : 0.000000,
        "8" : 0.000000,
        "16" : 0.000000,
        "32" : 0.000000,
        ">=64" : 0.000000
      },
      "iodepth_submit" : {
        "0" : 0.000000,
        "4" : 100.000000,
        "8" : 0.000000,
        "16" : 0.000000,
        "32" : 0.000000,
        "64" : 0.000000,
        ">=64" : 0.000000
      },
      "iodepth_complete" : {
        "0" : 0.000000,
        "4" : 100.000000,
        "8" : 0.000000,
        "16" : 0.000000,
        "32" : 0.000000,
        "64" : 0.000000,
        ">=64" : 0.000000
      },
      "latency_ns" : {
        "2" : 0.000000,
        "4" : 0.000000,
        "10" : 0.000000,
        "20" : 0.000000,
        "50" : 0.000000,
        "100" : 0.000000,
        "250" : 0.000000,
        "500" : 0.000000,
        "750" : 0.000000,
        "1000" : 0.000000
      },
      "latency_us" : {
        "2" : 0.000000,
        "4" : 0.000000,
        "10" : 0.000000,
        "20" : 0.000000,
        "50" : 0.000000,
        "100" : 0.000000,
        "250" : 0.000000,
        "500" : 0.000000,
        "750" : 0.000000,
        "1000" : 0.000000
      },
      "latency_ms" : {
        "2" : 0.010000,
        "4" : 0.022465,
        "10" : 0.041720,
        "20" : 0.096277,
        "50" : 0.200578,
        "100" : 0.596919,
        "250" : 98.600770,
        "500" : 0.431643,
        "750" : 0.000000,
        "1000" : 0.000000,
        "2000" : 0.000000,
        ">=2000" : 0.000000
      },
      "latency_depth" : 32,
      "latency_target" : 0,
      "latency_percentile" : 100.000000,
      "latency_window" : 0
    }
  ]
}
