{
  "fio version" : "fio-3.23",
  "timestamp" : 1757465715,
  "timestamp_ms" : 1757465715531,
  "time" : "Wed Sep 10 00:55:15 2025",
  "jobs" : [
    {
      "jobname" : "RandRH-2M-128-128",
      "groupid" : 0,
      "error" : 0,
      "eta" : 0,
      "elapsed" : 63,
      "job options" : {
        "name" : "RandRH-2M-128-128",
        "rw" : "randrw",
        "rwmixread" : "80",
        "unified_rw_reporting" : "1",
        "bs" : "2M",
        "numjobs" : "128",
        "iodepth" : "128",
        "runtime" : "60",
        "directory" : "/tmp/e2sar/rgeorge-fio_test-m_RandRH-2M-128-128",
        "direct" : "1",
        "buffered" : "0",
        "randrepeat" : "0",
        "size" : "128M",
        "ioengine" : "pvsync",
        "lat_percentiles" : "1"
      },
      "mixed" : {
        "io_bytes" : 155845656576,
        "io_kbytes" : 152193024,
        "bw_bytes" : 2592846913,
        "bw" : 2532077,
        "iops" : 1236.365754,
        "runtime" : 60106,
        "total_ios" : 74313,
        "short_ios" : 0,
        "drop_ios" : 0,
        "slat_ns" : {
          "min" : 0,
          "max" : 0,
          "mean" : 0.000000,
          "stddev" : 0.000000,
          "N" : 0
        },
        "clat_ns" : {
          "min" : 1668849,
          "max" : 596798306,
          "mean" : 103195144.257923,
          "stddev" : 21983332.673394,
          "N" : 74313,
          "percentile" : {
            "1.000000" : 27656192,
            "5.000000" : 91750400,
            "10.000000" : 94896128,
            "20.000000" : 98041856,
            "30.000000" : 99090432,
            "40.000000" : 101187584,
            "50.000000" : 102236160,
            "60.000000" : 103284736,
            "70.000000" : 104333312,
            "80.000000" : 105381888,
            "90.000000" : 107479040,
            "95.000000" : 110624768,
            "99.000000" : 212860928,
            "99.500000" : 242221056,
            "99.900000" : 270532608,
            "99.950000" : 287309824,
            "99.990000" : 320864256
          }
        },
        "lat_ns" : {
          "min" : 1668944,
          "max" : 596798529,
          "mean" : 103195420.660423,
          "stddev" : 21983330.313528,
          "N" : 74313,
          "percentile" : {
            "1.000000" : 27656192,
            "5.000000" : 91750400,
            "10.000000" : 94896128,
            "20.000000" : 98041856,
            "30.000000" : 99090432,
            "40.000000" : 101187584,
            "50.000000" : 102236160,
            "60.000000" : 103284736,
            "70.000000" : 104333312,
            "80.000000" : 105381888,
            "90.000000" : 107479040,
            "95.000000" : 110624768,
            "99.000000" : 212860928,
            "99.500000" : 242221056,
            "99.900000" : 270532608,
            "99.950000" : 287309824,
            "99.990000" : 320864256
          }
        },
        "bw_min" : 1167571,
        "bw_max" : 7142272,
        "bw_agg" : 100.000000,
        "bw_mean" : 2799661.483566,
        "bw_dev" : 4732.254950,
        "bw_samples" : 25207,
        "iops_min" : 436,
        "iops_max" : 3470,
        "iops_mean" : 1355.595582,
        "iops_stddev" : 2.315401,
        "iops_samples" : 25207
      },
      "job_runtime" : 7683174,
      "usr_cpu" : 0.089130,
      "sys_cpu" : 0.049680,
      "ctx" : 149508,
      "majf" : 0,
      "minf" : 1845,
      "iodepth_level" : {
        "1" : 100.000000,
        "2" : 0.000000,
        "4" : 0.000000,
        "8" : 0.000000,
        "16" : 0.000000,
        "32" : 0.000000,
        ">=64" : 0.000000
      },
      "iodepth_submit" : {
        "0" : 0.000000,
        "4" : 100.000000,
        "8" : 0.000000,
        "16" : 0.000000,
        "32" : 0.000000,
        "64" : 0.000000,
        ">=64" : 0.000000
      },
      "iodepth_complete" : {
        "0" : 0.000000,
        "4" : 100.000000,
        "8" : 0.000000,
        "16" : 0.000000,
        "32" : 0.000000,
        "64" : 0.000000,
        ">=64" : 0.000000
      },
      "latency_ns" : {
        "2" : 0.000000,
        "4" : 0.000000,
        "10" : 0.000000,
        "20" : 0.000000,
        "50" : 0.000000,
        "100" : 0.000000,
        "250" : 0.000000,
        "500" : 0.000000,
        "750" : 0.000000,
        "1000" : 0.000000
      },
      "latency_us" : {
        "2" : 0.000000,
        "4" : 0.000000,
        "10" : 0.000000,
        "20" : 0.000000,
        "50" : 0.000000,
        "100" : 0.000000,
        "250" : 0.000000,
        "500" : 0.000000,
        "750" : 0.000000,
        "1000" : 0.000000
      },
      "latency_ms" : {
        "2" : 0.022876,
        "4" : 0.137257,
        "10" : 0.232799,
        "20" : 0.341798,
        "50" : 0.816815,
        "100" : 31.419805,
        "250" : 66.662630,
        "500" : 0.364674,
        "750" : 0.010000,
        "1000" : 0.000000,
        "2000" : 0.000000,
        ">=2000" : 0.000000
      },
      "latency_depth" : 128,
      "latency_target" : 0,
      "latency_percentile" : 100.000000,
      "latency_window" : 0
    }
  ]
}
