{
  "fio version" : "fio-3.23",
  "timestamp" : 1757467064,
  "timestamp_ms" : 1757467064314,
  "time" : "Wed Sep 10 01:17:44 2025",
  "jobs" : [
    {
      "jobname" : "RandWH-2M-64-16",
      "groupid" : 0,
      "error" : 0,
      "eta" : 0,
      "elapsed" : 61,
      "job options" : {
        "name" : "RandWH-2M-64-16",
        "rw" : "randrw",
        "rwmixread" : "20",
        "unified_rw_reporting" : "1",
        "bs" : "2M",
        "numjobs" : "64",
        "iodepth" : "16",
        "runtime" : "60",
        "directory" : "/tmp/e2sar/rgeorge-fio_test-m_RandWH-2M-64-16",
        "direct" : "1",
        "buffered" : "0",
        "randrepeat" : "0",
        "size" : "128M",
        "ioengine" : "pvsync",
        "lat_percentiles" : "1"
      },
      "mixed" : {
        "io_bytes" : 436895481856,
        "io_kbytes" : 426655744,
        "bw_bytes" : 7277346245,
        "bw" : 7106783,
        "iops" : 3470.109103,
        "runtime" : 60035,
        "total_ios" : 208328,
        "short_ios" : 0,
        "drop_ios" : 0,
        "slat_ns" : {
          "min" : 0,
          "max" : 0,
          "mean" : 0.000000,
          "stddev" : 0.000000,
          "N" : 0
        },
        "clat_ns" : {
          "min" : 1464855,
          "max" : 412555195,
          "mean" : 17982623.398775,
          "stddev" : 8942715.724827,
          "N" : 208328,
          "percentile" : {
            "1.000000" : 10420224,
            "5.000000" : 12255232,
            "10.000000" : 13172736,
            "20.000000" : 14221312,
            "30.000000" : 14876672,
            "40.000000" : 15532032,
            "50.000000" : 16187392,
            "60.000000" : 16908288,
            "70.000000" : 17694720,
            "80.000000" : 18743296,
            "90.000000" : 21364736,
            "95.000000" : 30801920,
            "99.000000" : 58458112,
            "99.500000" : 72876032,
            "99.900000" : 102236160,
            "99.950000" : 115867648,
            "99.990000" : 162529280
          }
        },
        "lat_ns" : {
          "min" : 1465119,
          "max" : 412555495,
          "mean" : 17982875.648151,
          "stddev" : 8942691.372015,
          "N" : 208328,
          "percentile" : {
            "1.000000" : 10420224,
            "5.000000" : 12255232,
            "10.000000" : 13172736,
            "20.000000" : 14221312,
            "30.000000" : 14876672,
            "40.000000" : 15532032,
            "50.000000" : 16187392,
            "60.000000" : 16908288,
            "70.000000" : 17694720,
            "80.000000" : 18743296,
            "90.000000" : 21364736,
            "95.000000" : 30801920,
            "99.000000" : 58458112,
            "99.500000" : 72876032,
            "99.900000" : 102236160,
            "99.950000" : 115867648,
            "99.990000" : 162529280
          }
        },
        "bw_min" : 3464787,
        "bw_max" : 11164425,
        "bw_agg" : 100.000000,
        "bw_mean" : 7116825.097066,
        "bw_dev" : 11531.328153,
        "bw_samples" : 15223,
        "iops_min" : 1685,
        "iops_max" : 5446,
        "iops_mean" : 3470.368039,
        "iops_stddev" : 5.624721,
        "iops_samples" : 15223
      },
      "job_runtime" : 3840317,
      "usr_cpu" : 2.217629,
      "sys_cpu" : 0.139832,
      "ctx" : 419028,
      "majf" : 0,
      "minf" : 941,
      "iodepth_level" : {
        "1" : 100.000000,
        "2" : 0.000000,
        "4" : 0.000000,
        "8" : 0.000000,
        "16" : 0.000000,
        "32" : 0.000000,
        ">=64" : 0.000000
      },
      "iodepth_submit" : {
        "0" : 0.000000,
        "4" : 100.000000,
        "8" : 0.000000,
        "16" : 0.000000,
        "32" : 0.000000,
        "64" : 0.000000,
        ">=64" : 0.000000
      },
      "iodepth_complete" : {
        "0" : 0.000000,
        "4" : 100.000000,
        "8" : 0.000000,
        "16" : 0.000000,
        "32" : 0.000000,
        "64" : 0.000000,
        ">=64" : 0.000000
      },
      "latency_ns" : {
        "2" : 0.000000,
        "4" : 0.000000,
        "10" : 0.000000,
        "20" : 0.000000,
        "50" : 0.000000,
        "100" : 0.000000,
        "250" : 0.000000,
        "500" : 0.000000,
        "750" : 0.000000,
        "1000" : 0.000000
      },
      "latency_us" : {
        "2" : 0.000000,
        "4" : 0.000000,
        "10" : 0.000000,
        "20" : 0.000000,
        "50" : 0.000000,
        "100" : 0.000000,
        "250" : 0.000000,
        "500" : 0.000000,
        "750" : 0.000000,
        "1000" : 0.000000
      },
      "latency_ms" : {
        "2" : 0.010000,
        "4" : 0.129603,
        "10" : 0.583695,
        "20" : 85.991801,
        "50" : 11.705100,
        "100" : 1.464998,
        "250" : 0.114243,
        "500" : 0.010000,
        "750" : 0.000000,
        "1000" : 0.000000,
        "2000" : 0.000000,
        ">=2000" : 0.000000
      },
      "latency_depth" : 16,
      "latency_target" : 0,
      "latency_percentile" : 100.000000,
      "latency_window" : 0
    }
  ]
}
