{
  "fio version" : "fio-3.23",
  "timestamp" : 1757466465,
  "timestamp_ms" : 1757466465721,
  "time" : "Wed Sep 10 01:07:45 2025",
  "jobs" : [
    {
      "jobname" : "RandBal-2M-128-16",
      "groupid" : 0,
      "error" : 0,
      "eta" : 0,
      "elapsed" : 62,
      "job options" : {
        "name" : "RandBal-2M-128-16",
        "rw" : "randrw",
        "unified_rw_reporting" : "1",
        "bs" : "2M",
        "numjobs" : "128",
        "iodepth" : "16",
        "runtime" : "60",
        "directory" : "/tmp/e2sar/rgeorge-fio_test-m_RandBal-2M-128-16",
        "direct" : "1",
        "buffered" : "0",
        "randrepeat" : "0",
        "size" : "128M",
        "ioengine" : "pvsync",
        "lat_percentiles" : "1"
      },
      "mixed" : {
        "io_bytes" : 234188963840,
        "io_kbytes" : 228700160,
        "bw_bytes" : 3894710857,
        "bw" : 3803428,
        "iops" : 1857.142857,
        "runtime" : 60130,
        "total_ios" : 111670,
        "short_ios" : 0,
        "drop_ios" : 0,
        "slat_ns" : {
          "min" : 0,
          "max" : 0,
          "mean" : 0.000000,
          "stddev" : 0.000000,
          "N" : 0
        },
        "clat_ns" : {
          "min" : 2270122,
          "max" : 619933654,
          "mean" : 68220935.278123,
          "stddev" : 21255165.080931,
          "N" : 111670,
          "percentile" : {
            "1.000000" : 50069504,
            "5.000000" : 56360960,
            "10.000000" : 58458112,
            "20.000000" : 60555264,
            "30.000000" : 62128128,
            "40.000000" : 63700992,
            "50.000000" : 64749568,
            "60.000000" : 66322432,
            "70.000000" : 67633152,
            "80.000000" : 69730304,
            "90.000000" : 72876032,
            "95.000000" : 88604672,
            "99.000000" : 183500800,
            "99.500000" : 225443840,
            "99.900000" : 267386880,
            "99.950000" : 278921216,
            "99.990000" : 320864256
          }
        },
        "lat_ns" : {
          "min" : 2270197,
          "max" : 619933926,
          "mean" : 68221203.379726,
          "stddev" : 21255163.193590,
          "N" : 111670,
          "percentile" : {
            "1.000000" : 50069504,
            "5.000000" : 56360960,
            "10.000000" : 58458112,
            "20.000000" : 60555264,
            "30.000000" : 62128128,
            "40.000000" : 63700992,
            "50.000000" : 64749568,
            "60.000000" : 66322432,
            "70.000000" : 67633152,
            "80.000000" : 69730304,
            "90.000000" : 72876032,
            "95.000000" : 88604672,
            "99.000000" : 183500800,
            "99.500000" : 225443840,
            "99.900000" : 267386880,
            "99.950000" : 278921216,
            "99.990000" : 320864256
          }
        },
        "bw_min" : 1051863,
        "bw_max" : 8068525,
        "bw_agg" : 100.000000,
        "bw_mean" : 3852622.644874,
        "bw_dev" : 5756.755202,
        "bw_samples" : 30138,
        "iops_min" : 449,
        "iops_max" : 3931,
        "iops_mean" : 1871.855567,
        "iops_stddev" : 2.816843,
        "iops_samples" : 30138
      },
      "job_runtime" : 7684579,
      "usr_cpu" : 0.382155,
      "sys_cpu" : 0.076504,
      "ctx" : 224705,
      "majf" : 0,
      "minf" : 1873,
      "iodepth_level" : {
        "1" : 100.000000,
        "2" : 0.000000,
        "4" : 0.000000,
        "8" : 0.000000,
        "16" : 0.000000,
        "32" : 0.000000,
        ">=64" : 0.000000
      },
      "iodepth_submit" : {
        "0" : 0.000000,
        "4" : 100.000000,
        "8" : 0.000000,
        "16" : 0.000000,
        "32" : 0.000000,
        "64" : 0.000000,
        ">=64" : 0.000000
      },
      "iodepth_complete" : {
        "0" : 0.000000,
        "4" : 100.000000,
        "8" : 0.000000,
        "16" : 0.000000,
        "32" : 0.000000,
        "64" : 0.000000,
        ">=64" : 0.000000
      },
      "latency_ns" : {
        "2" : 0.000000,
        "4" : 0.000000,
        "10" : 0.000000,
        "20" : 0.000000,
        "50" : 0.000000,
        "100" : 0.000000,
        "250" : 0.000000,
        "500" : 0.000000,
        "750" : 0.000000,
        "1000" : 0.000000
      },
      "latency_us" : {
        "2" : 0.000000,
        "4" : 0.000000,
        "10" : 0.000000,
        "20" : 0.000000,
        "50" : 0.000000,
        "100" : 0.000000,
        "250" : 0.000000,
        "500" : 0.000000,
        "750" : 0.000000,
        "1000" : 0.000000
      },
      "latency_ms" : {
        "2" : 0.000000,
        "4" : 0.046566,
        "10" : 0.143279,
        "20" : 0.147757,
        "50" : 0.674308,
        "100" : 95.143727,
        "250" : 3.632130,
        "500" : 0.211337,
        "750" : 0.010000,
        "1000" : 0.000000,
        "2000" : 0.000000,
        ">=2000" : 0.000000
      },
      "latency_depth" : 16,
      "latency_target" : 0,
      "latency_percentile" : 100.000000,
      "latency_window" : 0
    }
  ]
}
