{
  "fio version" : "fio-3.23",
  "timestamp" : 1757466982,
  "timestamp_ms" : 1757466982542,
  "time" : "Wed Sep 10 01:16:22 2025",
  "jobs" : [
    {
      "jobname" : "RandWH-2M-64-4",
      "groupid" : 0,
      "error" : 0,
      "eta" : 0,
      "elapsed" : 61,
      "job options" : {
        "name" : "RandWH-2M-64-4",
        "rw" : "randrw",
        "rwmixread" : "20",
        "unified_rw_reporting" : "1",
        "bs" : "2M",
        "numjobs" : "64",
        "iodepth" : "4",
        "runtime" : "60",
        "directory" : "/tmp/e2sar/rgeorge-fio_test-m_RandWH-2M-64-4",
        "direct" : "1",
        "buffered" : "0",
        "randrepeat" : "0",
        "size" : "128M",
        "ioengine" : "pvsync",
        "lat_percentiles" : "1"
      },
      "mixed" : {
        "io_bytes" : 359346995200,
        "io_kbytes" : 350924800,
        "bw_bytes" : 5985325880,
        "bw" : 5845044,
        "iops" : 2854.025784,
        "runtime" : 60038,
        "total_ios" : 171350,
        "short_ios" : 0,
        "drop_ios" : 0,
        "slat_ns" : {
          "min" : 0,
          "max" : 0,
          "mean" : 0.000000,
          "stddev" : 0.000000,
          "N" : 0
        },
        "clat_ns" : {
          "min" : 1969082,
          "max" : 446983324,
          "mean" : 21944564.438687,
          "stddev" : 9526945.583098,
          "N" : 171350,
          "percentile" : {
            "1.000000" : 12124160,
            "5.000000" : 14614528,
            "10.000000" : 15794176,
            "20.000000" : 17432576,
            "30.000000" : 18481152,
            "40.000000" : 19267584,
            "50.000000" : 20316160,
            "60.000000" : 21364736,
            "70.000000" : 22413312,
            "80.000000" : 23986176,
            "90.000000" : 27131904,
            "95.000000" : 34865152,
            "99.000000" : 63176704,
            "99.500000" : 79167488,
            "99.900000" : 108527616,
            "99.950000" : 122159104,
            "99.990000" : 212860928
          }
        },
        "lat_ns" : {
          "min" : 1969238,
          "max" : 446984039,
          "mean" : 21944837.526484,
          "stddev" : 9526923.244035,
          "N" : 171350,
          "percentile" : {
            "1.000000" : 12124160,
            "5.000000" : 14614528,
            "10.000000" : 15794176,
            "20.000000" : 17432576,
            "30.000000" : 18481152,
            "40.000000" : 19267584,
            "50.000000" : 20316160,
            "60.000000" : 21364736,
            "70.000000" : 22413312,
            "80.000000" : 23986176,
            "90.000000" : 27131904,
            "95.000000" : 34865152,
            "99.000000" : 63176704,
            "99.500000" : 79167488,
            "99.900000" : 108527616,
            "99.950000" : 122159104,
            "99.990000" : 212860928
          }
        },
        "bw_min" : 2813812,
        "bw_max" : 9404105,
        "bw_agg" : 100.000000,
        "bw_mean" : 5857466.837863,
        "bw_dev" : 10176.342366,
        "bw_samples" : 15189,
        "iops_min" : 1372,
        "iops_max" : 4591,
        "iops_mean" : 2859.978389,
        "iops_stddev" : 4.969107,
        "iops_samples" : 15189
      },
      "job_runtime" : 3840491,
      "usr_cpu" : 1.868980,
      "sys_cpu" : 0.188179,
      "ctx" : 345255,
      "majf" : 0,
      "minf" : 980,
      "iodepth_level" : {
        "1" : 100.000000,
        "2" : 0.000000,
        "4" : 0.000000,
        "8" : 0.000000,
        "16" : 0.000000,
        "32" : 0.000000,
        ">=64" : 0.000000
      },
      "iodepth_submit" : {
        "0" : 0.000000,
        "4" : 100.000000,
        "8" : 0.000000,
        "16" : 0.000000,
        "32" : 0.000000,
        "64" : 0.000000,
        ">=64" : 0.000000
      },
      "iodepth_complete" : {
        "0" : 0.000000,
        "4" : 100.000000,
        "8" : 0.000000,
        "16" : 0.000000,
        "32" : 0.000000,
        "64" : 0.000000,
        ">=64" : 0.000000
      },
      "latency_ns" : {
        "2" : 0.000000,
        "4" : 0.000000,
        "10" : 0.000000,
        "20" : 0.000000,
        "50" : 0.000000,
        "100" : 0.000000,
        "250" : 0.000000,
        "500" : 0.000000,
        "750" : 0.000000,
        "1000" : 0.000000
      },
      "latency_us" : {
        "2" : 0.000000,
        "4" : 0.000000,
        "10" : 0.000000,
        "20" : 0.000000,
        "50" : 0.000000,
        "100" : 0.000000,
        "250" : 0.000000,
        "500" : 0.000000,
        "750" : 0.000000,
        "1000" : 0.000000
      },
      "latency_ms" : {
        "2" : 0.010000,
        "4" : 0.089875,
        "10" : 0.313394,
        "20" : 46.755179,
        "50" : 50.823461,
        "100" : 1.850015,
        "250" : 0.159323,
        "500" : 0.010000,
        "750" : 0.000000,
        "1000" : 0.000000,
        "2000" : 0.000000,
        ">=2000" : 0.000000
      },
      "latency_depth" : 4,
      "latency_target" : 0,
      "latency_percentile" : 100.000000,
      "latency_window" : 0
    }
  ]
}
