{
  "fio version" : "fio-3.23",
  "timestamp" : 1759447575,
  "timestamp_ms" : 1759447575363,
  "time" : "Thu Oct  2 23:26:15 2025",
  "jobs" : [
    {
      "jobname" : "RandRH-4M-16-4",
      "groupid" : 0,
      "error" : 0,
      "eta" : 0,
      "elapsed" : 61,
      "job options" : {
        "name" : "RandRH-4M-16-4",
        "numjobs" : "16",
        "runtime" : "60",
        "directory" : "/tmp/e2sar/rgeorge-fio_test-st_RandRH-4M-16-4",
        "direct" : "1",
        "buffered" : "0",
        "rw" : "randrw",
        "rwmixread" : "80",
        "unified_rw_reporting" : "0",
        "randrepeat" : "0",
        "bs" : "4M",
        "size" : "128M",
        "ioengine" : "pvsync",
        "iodepth" : "4",
        "lat_percentiles" : "1"
      },
      "read" : {
        "io_bytes" : 155994554368,
        "io_kbytes" : 152338432,
        "bw_bytes" : 2599042891,
        "bw" : 2538127,
        "iops" : 619.660113,
        "runtime" : 60020,
        "total_ios" : 37192,
        "short_ios" : 0,
        "drop_ios" : 0,
        "slat_ns" : {
          "min" : 0,
          "max" : 0,
          "mean" : 0.000000,
          "stddev" : 0.000000,
          "N" : 0
        },
        "clat_ns" : {
          "min" : 3408212,
          "max" : 81566805,
          "mean" : 21031041.248360,
          "stddev" : 2932425.171151,
          "N" : 37192,
          "percentile" : {
            "1.000000" : 15400960,
            "5.000000" : 17170432,
            "10.000000" : 17956864,
            "20.000000" : 19005440,
            "30.000000" : 19791872,
            "40.000000" : 20316160,
            "50.000000" : 20840448,
            "60.000000" : 21626880,
            "70.000000" : 22151168,
            "80.000000" : 22675456,
            "90.000000" : 23724032,
            "95.000000" : 24510464,
            "99.000000" : 30015488,
            "99.500000" : 34865152,
            "99.900000" : 49020928,
            "99.950000" : 56885248,
            "99.990000" : 71827456
          }
        },
        "lat_ns" : {
          "min" : 3408350,
          "max" : 81566870,
          "mean" : 21031089.399333,
          "stddev" : 2932422.266117,
          "N" : 37192,
          "percentile" : {
            "1.000000" : 15400960,
            "5.000000" : 17170432,
            "10.000000" : 17956864,
            "20.000000" : 19005440,
            "30.000000" : 19791872,
            "40.000000" : 20316160,
            "50.000000" : 20840448,
            "60.000000" : 21626880,
            "70.000000" : 22151168,
            "80.000000" : 22675456,
            "90.000000" : 23724032,
            "95.000000" : 24510464,
            "99.000000" : 30015488,
            "99.500000" : 34865152,
            "99.900000" : 49020928,
            "99.950000" : 56885248,
            "99.990000" : 71827456
          }
        },
        "bw_min" : 1711899,
        "bw_max" : 3096576,
        "bw_agg" : 100.000000,
        "bw_mean" : 2541925.285714,
        "bw_dev" : 16553.191872,
        "bw_samples" : 1904,
        "iops_min" : 417,
        "iops_max" : 756,
        "iops_mean" : 620.571429,
        "iops_stddev" : 4.043618,
        "iops_samples" : 1904
      },
      "write" : {
        "io_bytes" : 39426457600,
        "io_kbytes" : 38502400,
        "bw_bytes" : 656888663,
        "bw" : 641492,
        "iops" : 156.614462,
        "runtime" : 60020,
        "total_ios" : 9400,
        "short_ios" : 0,
        "drop_ios" : 0,
        "slat_ns" : {
          "min" : 0,
          "max" : 0,
          "mean" : 0.000000,
          "stddev" : 0.000000,
          "N" : 0
        },
        "clat_ns" : {
          "min" : 4393694,
          "max" : 55150597,
          "mean" : 18053092.664149,
          "stddev" : 2554821.258378,
          "N" : 9400,
          "percentile" : {
            "1.000000" : 12910592,
            "5.000000" : 14221312,
            "10.000000" : 15007744,
            "20.000000" : 16056320,
            "30.000000" : 16711680,
            "40.000000" : 17432576,
            "50.000000" : 17956864,
            "60.000000" : 18743296,
            "70.000000" : 19267584,
            "80.000000" : 20054016,
            "90.000000" : 21102592,
            "95.000000" : 21889024,
            "99.000000" : 23986176,
            "99.500000" : 24510464,
            "99.900000" : 37486592,
            "99.950000" : 44826624,
            "99.990000" : 55312384
          }
        },
        "lat_ns" : {
          "min" : 4394668,
          "max" : 55150743,
          "mean" : 18053234.489468,
          "stddev" : 2554821.693195,
          "N" : 9400,
          "percentile" : {
            "1.000000" : 12910592,
            "5.000000" : 14221312,
            "10.000000" : 15007744,
            "20.000000" : 16056320,
            "30.000000" : 16711680,
            "40.000000" : 17432576,
            "50.000000" : 17956864,
            "60.000000" : 18743296,
            "70.000000" : 19267584,
            "80.000000" : 20054016,
            "90.000000" : 21102592,
            "95.000000" : 21889024,
            "99.000000" : 23986176,
            "99.500000" : 24510464,
            "99.900000" : 37486592,
            "99.950000" : 44826624,
            "99.990000" : 55312384
          }
        },
        "bw_min" : 147456,
        "bw_max" : 1409024,
        "bw_agg" : 100.000000,
        "bw_mean" : 645474.745905,
        "bw_dev" : 16177.376531,
        "bw_samples" : 1896,
        "iops_min" : 36,
        "iops_max" : 344,
        "iops_mean" : 157.570004,
        "iops_stddev" : 3.950665,
        "iops_samples" : 1896
      },
      "trim" : {
        "io_bytes" : 0,
        "io_kbytes" : 0,
        "bw_bytes" : 0,
        "bw" : 0,
        "iops" : 0.000000,
        "runtime" : 0,
        "total_ios" : 0,
        "short_ios" : 0,
        "drop_ios" : 0,
        "slat_ns" : {
          "min" : 0,
          "max" : 0,
          "mean" : 0.000000,
          "stddev" : 0.000000,
          "N" : 0
        },
        "clat_ns" : {
          "min" : 0,
          "max" : 0,
          "mean" : 0.000000,
          "stddev" : 0.000000,
          "N" : 0
        },
        "lat_ns" : {
          "min" : 0,
          "max" : 0,
          "mean" : 0.000000,
          "stddev" : 0.000000,
          "N" : 0
        },
        "bw_min" : 0,
        "bw_max" : 0,
        "bw_agg" : 0.000000,
        "bw_mean" : 0.000000,
        "bw_dev" : 0.000000,
        "bw_samples" : 0,
        "iops_min" : 0,
        "iops_max" : 0,
        "iops_mean" : 0.000000,
        "iops_stddev" : 0.000000,
        "iops_samples" : 0
      },
      "sync" : {
        "total_ios" : 0,
        "lat_ns" : {
          "min" : 0,
          "max" : 0,
          "mean" : 0.000000,
          "stddev" : 0.000000,
          "N" : 0
        }
      },
      "job_runtime" : 960170,
      "usr_cpu" : 0.802045,
      "sys_cpu" : 0.276305,
      "ctx" : 186485,
      "majf" : 0,
      "minf" : 241,
      "iodepth_level" : {
        "1" : 100.000000,
        "2" : 0.000000,
        "4" : 0.000000,
        "8" : 0.000000,
        "16" : 0.000000,
        "32" : 0.000000,
        ">=64" : 0.000000
      },
      "iodepth_submit" : {
        "0" : 0.000000,
        "4" : 100.000000,
        "8" : 0.000000,
        "16" : 0.000000,
        "32" : 0.000000,
        "64" : 0.000000,
        ">=64" : 0.000000
      },
      "iodepth_complete" : {
        "0" : 0.000000,
        "4" : 100.000000,
        "8" : 0.000000,
        "16" : 0.000000,
        "32" : 0.000000,
        "64" : 0.000000,
        ">=64" : 0.000000
      },
      "latency_ns" : {
        "2" : 0.000000,
        "4" : 0.000000,
        "10" : 0.000000,
        "20" : 0.000000,
        "50" : 0.000000,
        "100" : 0.000000,
        "250" : 0.000000,
        "500" : 0.000000,
        "750" : 0.000000,
        "1000" : 0.000000
      },
      "latency_us" : {
        "2" : 0.000000,
        "4" : 0.000000,
        "10" : 0.000000,