{
  "fio version" : "fio-3.23",
  "timestamp" : 1759452546,
  "timestamp_ms" : 1759452546216,
  "time" : "Fri Oct  3 00:49:06 2025",
  "jobs" : [
    {
      "jobname" : "SeqRH-16K-16-16",
      "groupid" : 0,
      "error" : 0,
      "eta" : 0,
      "elapsed" : 61,
      "job options" : {
        "name" : "SeqRH-16K-16-16",
        "numjobs" : "16",
        "runtime" : "60",
        "directory" : "/tmp/e2sar/rgeorge-fio_test-st_SeqRH-16K-16-16",
        "direct" : "1",
        "buffered" : "0",
        "rw" : "rw",
        "rwmixread" : "80",
        "unified_rw_reporting" : "0",
        "randrepeat" : "0",
        "bs" : "16K",
        "size" : "128M",
        "ioengine" : "pvsync",
        "iodepth" : "16",
        "lat_percentiles" : "1"
      },
      "read" : {
        "io_bytes" : 43907334144,
        "io_kbytes" : 42878256,
        "bw_bytes" : 731764510,
        "bw" : 714613,
        "iops" : 44663.361221,
        "runtime" : 60002,
        "total_ios" : 2679891,
        "short_ios" : 0,
        "drop_ios" : 0,
        "slat_ns" : {
          "min" : 0,
          "max" : 0,
          "mean" : 0.000000,
          "stddev" : 0.000000,
          "N" : 0
        },
        "clat_ns" : {
          "min" : 125626,
          "max" : 60088959,
          "mean" : 290246.314570,
          "stddev" : 163668.045513,
          "N" : 2679891,
          "percentile" : {
            "1.000000" : 179200,
            "5.000000" : 207872,
            "10.000000" : 226304,
            "20.000000" : 244736,
            "30.000000" : 259072,
            "40.000000" : 268288,
            "50.000000" : 280576,
            "60.000000" : 292864,
            "70.000000" : 309248,
            "80.000000" : 329728,
            "90.000000" : 366592,
            "95.000000" : 391168,
            "99.000000" : 444416,
            "99.500000" : 468992,
            "99.900000" : 528384,
            "99.950000" : 643072,
            "99.990000" : 4489216
          }
        },
        "lat_ns" : {
          "min" : 125693,
          "max" : 60089003,
          "mean" : 290292.985560,
          "stddev" : 163668.399001,
          "N" : 2679891,
          "percentile" : {
            "1.000000" : 179200,
            "5.000000" : 209920,
            "10.000000" : 226304,
            "20.000000" : 244736,
            "30.000000" : 259072,
            "40.000000" : 268288,
            "50.000000" : 280576,
            "60.000000" : 292864,
            "70.000000" : 309248,
            "80.000000" : 329728,
            "90.000000" : 366592,
            "95.000000" : 391168,
            "99.000000" : 444416,
            "99.500000" : 468992,
            "99.900000" : 528384,
            "99.950000" : 643072,
            "99.990000" : 4489216
          }
        },
        "bw_min" : 639840,
        "bw_max" : 798720,
        "bw_agg" : 100.000000,
        "bw_mean" : 715640.739496,
        "bw_dev" : 1825.478464,
        "bw_samples" : 1904,
        "iops_min" : 39990,
        "iops_max" : 49920,
        "iops_mean" : 44727.546218,
        "iops_stddev" : 114.092404,
        "iops_samples" : 1904
      },
      "write" : {
        "io_bytes" : 10985979904,
        "io_kbytes" : 10728496,
        "bw_bytes" : 183093561,
        "bw" : 178802,
        "iops" : 11175.144162,
        "runtime" : 60002,
        "total_ios" : 670531,
        "short_ios" : 0,
        "drop_ios" : 0,
        "slat_ns" : {
          "min" : 0,
          "max" : 0,
          "mean" : 0.000000,
          "stddev" : 0.000000,
          "N" : 0
        },
        "clat_ns" : {
          "min" : 139995,
          "max" : 40638216,
          "mean" : 264835.282160,
          "stddev" : 249712.016715,
          "N" : 670531,
          "percentile" : {
            "1.000000" : 173056,
            "5.000000" : 189440,
            "10.000000" : 201728,
            "20.000000" : 218112,
            "30.000000" : 230400,
            "40.000000" : 242688,
            "50.000000" : 252928,
            "60.000000" : 264192,
            "70.000000" : 280576,
            "80.000000" : 301056,
            "90.000000" : 333824,
            "95.000000" : 358400,
            "99.000000" : 403456,
            "99.500000" : 419840,
            "99.900000" : 481280,
            "99.950000" : 888832,
            "99.990000" : 14745600
          }
        },
        "lat_ns" : {
          "min" : 140042,
          "max" : 40638278,
          "mean" : 264891.763529,
          "stddev" : 249712.079138,
          "N" : 670531,
          "percentile" : {
            "1.000000" : 173056,
            "5.000000" : 189440,
            "10.000000" : 201728,
            "20.000000" : 218112,
            "30.000000" : 230400,
            "40.000000" : 242688,
            "50.000000" : 252928,
            "60.000000" : 264192,
            "70.000000" : 280576,
            "80.000000" : 301056,
            "90.000000" : 333824,
            "95.000000" : 358400,
            "99.000000" : 403456,
            "99.500000" : 419840,
            "99.900000" : 481280,
            "99.950000" : 888832,
            "99.990000" : 14745600
          }
        },
        "bw_min" : 149248,
        "bw_max" : 206816,
        "bw_agg" : 100.000000,
        "bw_mean" : 179072.268908,
        "bw_dev" : 685.257089,
        "bw_samples" : 1904,
        "iops_min" : 9328,
        "iops_max" : 12926,
        "iops_mean" : 11192.016807,
        "iops_stddev" : 42.828568,
        "iops_samples" : 1904
      },
      "trim" : {
        "io_bytes" : 0,
        "io_kbytes" : 0,
        "bw_bytes" : 0,
        "bw" : 0,
        "iops" : 0.000000,
        "runtime" : 0,
        "total_ios" : 0,
        "short_ios" : 0,
        "drop_ios" : 0,
        "slat_ns" : {
          "min" : 0,
          "max" : 0,
          "mean" : 0.000000,
          "stddev" : 0.000000,
          "N" : 0
        },
        "clat_ns" : {
          "min" : 0,
          "max" : 0,
          "mean" : 0.000000,
          "stddev" : 0.000000,
          "N" : 0
        },
        "lat_ns" : {
          "min" : 0,
          "max" : 0,
          "mean" : 0.000000,
          "stddev" : 0.000000,
          "N" : 0
        },
        "bw_min" : 0,
        "bw_max" : 0,
        "bw_agg" : 0.000000,
        "bw_mean" : 0.000000,
        "bw_dev" : 0.000000,
        "bw_samples" : 0,
        "iops_min" : 0,
        "iops_max" : 0,
        "iops_mean" : 0.000000,
        "iops_stddev" : 0.000000,
        "iops_samples" : 0
      },
      "sync" : {
        "total_ios" : 0,
        "lat_ns" : {
          "min" : 0,
          "max" : 0,
          "mean" : 0.000000,
          "stddev" : 0.000000,
          "N" : 0
        }
      },
      "job_runtime" : 960001,
      "usr_cpu" : 0.732083,
      "sys_cpu" : 1.470415,
      "ctx" : 3350541,
      "majf" : 0,
      "minf" : 292,
      "iodepth_level" : {
        "1" : 100.000000,
        "2" : 0.000000,
        "4" : 0.000000,
        "8" : 0.000000,
        "16" : 0.000000,
        "32" : 0.000000,
        ">=64" : 0.000000
      },
      "iodepth_submit" : {
        "0" : 0.000000,
        "4" : 100.000000,
        "8" : 0.000000,
        "16" : 0.000000,
        "32" : 0.000000,
        "64" : 0.000000,
        ">=64" : 0.000000
      },
      "iodepth_complete" : {
        "0" : 0.000000,
        "4" : 100.000000,
        "8" : 0.000000,
        "16" : 0.000000,
        "32" : 0.000000,
        "64" : 0.000000,
        ">=64" : 0.000000
      },
      "latency_ns" : {
        "2" : 0.000000,
        "4" : 0.000000,
        "10" : 0.000000,
        "20" : 0.000000,
        "50" : 0.000000,
        "100" : 0.000000,
        "250" : 0.000000,
        "500" : 0.000000,
        "750" : 0.000000,
        "1000" : 0.000000
      },
      "latency_us" : {
        "2" : 0.000000,
        "4" : 0.000000,
        "10" : 0.000000,
        "20" : 0.000000,
        "50" : 0.000000,
        "100" : 0.000000,
        "250" : 27.987101,
        "500" : 71.841070,