{
  "fio version" : "fio-3.23",
  "timestamp" : 1759447154,
  "timestamp_ms" : 1759447154975,
  "time" : "Thu Oct  2 23:19:14 2025",
  "jobs" : [
    {
      "jobname" : "RandRH-2M-16-4",
      "groupid" : 0,
      "error" : 0,
      "eta" : 0,
      "elapsed" : 61,
      "job options" : {
        "name" : "RandRH-2M-16-4",
        "numjobs" : "16",
        "runtime" : "60",
        "directory" : "/tmp/e2sar/rgeorge-fio_test-st_RandRH-2M-16-4",
        "direct" : "1",
        "buffered" : "0",
        "rw" : "randrw",
        "rwmixread" : "80",
        "unified_rw_reporting" : "0",
        "randrepeat" : "0",
        "bs" : "2M",
        "size" : "128M",
        "ioengine" : "pvsync",
        "iodepth" : "4",
        "lat_percentiles" : "1"
      },
      "read" : {
        "io_bytes" : 231638827008,
        "io_kbytes" : 226209792,
        "bw_bytes" : 3860132432,
        "bw" : 3769660,
        "iops" : 1840.654579,
        "runtime" : 60008,
        "total_ios" : 110454,
        "short_ios" : 0,
        "drop_ios" : 0,
        "slat_ns" : {
          "min" : 0,
          "max" : 0,
          "mean" : 0.000000,
          "stddev" : 0.000000,
          "N" : 0
        },
        "clat_ns" : {
          "min" : 1163435,
          "max" : 58724363,
          "mean" : 6989323.485994,
          "stddev" : 1125840.363095,
          "N" : 110454,
          "percentile" : {
            "1.000000" : 5210112,
            "5.000000" : 5799936,
            "10.000000" : 6062080,
            "20.000000" : 6389760,
            "30.000000" : 6586368,
            "40.000000" : 6782976,
            "50.000000" : 6979584,
            "60.000000" : 7110656,
            "70.000000" : 7307264,
            "80.000000" : 7569408,
            "90.000000" : 7831552,
            "95.000000" : 8093696,
            "99.000000" : 8978432,
            "99.500000" : 11468800,
            "99.900000" : 16056320,
            "99.950000" : 28704768,
            "99.990000" : 42205184
          }
        },
        "lat_ns" : {
          "min" : 1163470,
          "max" : 58724393,
          "mean" : 6989375.994378,
          "stddev" : 1125839.071989,
          "N" : 110454,
          "percentile" : {
            "1.000000" : 5210112,
            "5.000000" : 5799936,
            "10.000000" : 6062080,
            "20.000000" : 6389760,
            "30.000000" : 6586368,
            "40.000000" : 6782976,
            "50.000000" : 6979584,
            "60.000000" : 7110656,
            "70.000000" : 7307264,
            "80.000000" : 7569408,
            "90.000000" : 7831552,
            "95.000000" : 8093696,
            "99.000000" : 8978432,
            "99.500000" : 11468800,
            "99.900000" : 16056320,
            "99.950000" : 28704768,
            "99.990000" : 42205184
          }
        },
        "bw_min" : 3112960,
        "bw_max" : 4325376,
        "bw_agg" : 100.000000,
        "bw_mean" : 3774859.831933,
        "bw_dev" : 14566.063762,
        "bw_samples" : 1904,
        "iops_min" : 1520,
        "iops_max" : 2112,
        "iops_mean" : 1843.193277,
        "iops_stddev" : 7.112336,
        "iops_samples" : 1904
      },
      "write" : {
        "io_bytes" : 57793314816,
        "io_kbytes" : 56438784,
        "bw_bytes" : 963093501,
        "bw" : 940520,
        "iops" : 459.238768,
        "runtime" : 60008,
        "total_ios" : 27558,
        "short_ios" : 0,
        "drop_ios" : 0,
        "slat_ns" : {
          "min" : 0,
          "max" : 0,
          "mean" : 0.000000,
          "stddev" : 0.000000,
          "N" : 0
        },
        "clat_ns" : {
          "min" : 1824375,
          "max" : 82829867,
          "mean" : 6466128.445206,
          "stddev" : 1491173.748058,
          "N" : 27558,
          "percentile" : {
            "1.000000" : 4423680,
            "5.000000" : 4947968,
            "10.000000" : 5275648,
            "20.000000" : 5668864,
            "30.000000" : 5931008,
            "40.000000" : 6193152,
            "50.000000" : 6455296,
            "60.000000" : 6651904,
            "70.000000" : 6914048,
            "80.000000" : 7176192,
            "90.000000" : 7569408,
            "95.000000" : 7962624,
            "99.000000" : 8585216,
            "99.500000" : 8847360,
            "99.900000" : 20840448,
            "99.950000" : 34340864,
            "99.990000" : 62128128
          }
        },
        "lat_ns" : {
          "min" : 1824414,
          "max" : 82829996,
          "mean" : 6466233.888998,
          "stddev" : 1491172.329672,
          "N" : 27558,
          "percentile" : {
            "1.000000" : 4423680,
            "5.000000" : 4947968,
            "10.000000" : 5275648,
            "20.000000" : 5668864,
            "30.000000" : 5931008,
            "40.000000" : 6193152,
            "50.000000" : 6455296,
            "60.000000" : 6651904,
            "70.000000" : 6914048,
            "80.000000" : 7176192,
            "90.000000" : 7569408,
            "95.000000" : 7962624,
            "99.000000" : 8585216,
            "99.500000" : 8847360,
            "99.900000" : 20840448,
            "99.950000" : 34340864,
            "99.990000" : 62128128
          }
        },
        "bw_min" : 430080,
        "bw_max" : 1576960,
        "bw_agg" : 100.000000,
        "bw_mean" : 942320.941176,
        "bw_dev" : 13679.303127,
        "bw_samples" : 1904,
        "iops_min" : 210,
        "iops_max" : 770,
        "iops_mean" : 460.117647,
        "iops_stddev" : 6.679347,
        "iops_samples" : 1904
      },
      "trim" : {
        "io_bytes" : 0,
        "io_kbytes" : 0,
        "bw_bytes" : 0,
        "bw" : 0,
        "iops" : 0.000000,
        "runtime" : 0,
        "total_ios" : 0,
        "short_ios" : 0,
        "drop_ios" : 0,
        "slat_ns" : {
          "min" : 0,
          "max" : 0,
          "mean" : 0.000000,
          "stddev" : 0.000000,
          "N" : 0
        },
        "clat_ns" : {
          "min" : 0,
          "max" : 0,
          "mean" : 0.000000,
          "stddev" : 0.000000,
          "N" : 0
        },
        "lat_ns" : {
          "min" : 0,
          "max" : 0,
          "mean" : 0.000000,
          "stddev" : 0.000000,
          "N" : 0
        },
        "bw_min" : 0,
        "bw_max" : 0,
        "bw_agg" : 0.000000,
        "bw_mean" : 0.000000,
        "bw_dev" : 0.000000,
        "bw_samples" : 0,
        "iops_min" : 0,
        "iops_max" : 0,
        "iops_mean" : 0.000000,
        "iops_stddev" : 0.000000,
        "iops_samples" : 0
      },
      "sync" : {
        "total_ios" : 0,
        "lat_ns" : {
          "min" : 0,
          "max" : 0,
          "mean" : 0.000000,
          "stddev" : 0.000000,
          "N" : 0
        }
      },
      "job_runtime" : 960047,
      "usr_cpu" : 0.960786,
      "sys_cpu" : 0.383106,
      "ctx" : 276140,
      "majf" : 0,
      "minf" : 242,
      "iodepth_level" : {
        "1" : 100.000000,
        "2" : 0.000000,
        "4" : 0.000000,
        "8" : 0.000000,
        "16" : 0.000000,
        "32" : 0.000000,
        ">=64" : 0.000000
      },
      "iodepth_submit" : {
        "0" : 0.000000,
        "4" : 100.000000,
        "8" : 0.000000,
        "16" : 0.000000,
        "32" : 0.000000,
        "64" : 0.000000,
        ">=64" : 0.000000
      },
      "iodepth_complete" : {
        "0" : 0.000000,
        "4" : 100.000000,
        "8" : 0.000000,
        "16" : 0.000000,
        "32" : 0.000000,
        "64" : 0.000000,
        ">=64" : 0.000000
      },
      "latency_ns" : {
        "2" : 0.000000,
        "4" : 0.000000,
        "10" : 0.000000,
        "20" : 0.000000,
        "50" : 0.000000,
        "100" : 0.000000,
        "250" : 0.000000,
        "500" : 0.000000,
        "750" : 0.000000,
        "1000" : 0.000000
      },
      "latency_us" : {
        "2" : 0.000000,
        "4" : 0.000000,
        "10" : 0.000000,
        "20" : 0.000000,
        "50" : 0.000000,