{
  "fio version" : "fio-3.23",
  "timestamp" : 1759973710,
  "timestamp_ms" : 1759973710136,
  "time" : "Thu Oct  9 01:35:10 2025",
  "jobs" : [
    {
      "jobname" : "SeqBal-1M-16-16",
      "groupid" : 0,
      "error" : 0,
      "eta" : 0,
      "elapsed" : 61,
      "job options" : {
        "name" : "SeqBal-1M-16-16",
        "numjobs" : "16",
        "runtime" : "60",
        "directory" : "/tmp/e2sar/rgeorge-fio_test-st_SeqBal-1M-16-16",
        "direct" : "0",
        "buffered" : "1",
        "rw" : "rw",
        "unified_rw_reporting" : "0",
        "randrepeat" : "0",
        "bs" : "1M",
        "size" : "128M",
        "ioengine" : "pvsync",
        "iodepth" : "16",
        "lat_percentiles" : "1"
      },
      "read" : {
        "io_bytes" : 139172249600,
        "io_kbytes" : 135910400,
        "bw_bytes" : 2319382867,
        "bw" : 2265022,
        "iops" : 2211.935871,
        "runtime" : 60004,
        "total_ios" : 132725,
        "short_ios" : 0,
        "drop_ios" : 0,
        "slat_ns" : {
          "min" : 0,
          "max" : 0,
          "mean" : 0.000000,
          "stddev" : 0.000000,
          "N" : 0
        },
        "clat_ns" : {
          "min" : 763038,
          "max" : 60390426,
          "mean" : 3819188.052017,
          "stddev" : 1120541.109248,
          "N" : 132725,
          "percentile" : {
            "1.000000" : 1810432,
            "5.000000" : 2375680,
            "10.000000" : 2670592,
            "20.000000" : 3063808,
            "30.000000" : 3358720,
            "40.000000" : 3588096,
            "50.000000" : 3817472,
            "60.000000" : 4014080,
            "70.000000" : 4292608,
            "80.000000" : 4554752,
            "90.000000" : 4882432,
            "95.000000" : 5210112,
            "99.000000" : 5865472,
            "99.500000" : 6127616,
            "99.900000" : 7897088,
            "99.950000" : 18743296,
            "99.990000" : 42205184
          }
        },
        "lat_ns" : {
          "min" : 763068,
          "max" : 60390451,
          "mean" : 3819238.557009,
          "stddev" : 1120541.201190,
          "N" : 132725,
          "percentile" : {
            "1.000000" : 1810432,
            "5.000000" : 2375680,
            "10.000000" : 2670592,
            "20.000000" : 3063808,
            "30.000000" : 3358720,
            "40.000000" : 3588096,
            "50.000000" : 3817472,
            "60.000000" : 4014080,
            "70.000000" : 4292608,
            "80.000000" : 4554752,
            "90.000000" : 4882432,
            "95.000000" : 5210112,
            "99.000000" : 5865472,
            "99.500000" : 6127616,
            "99.900000" : 7897088,
            "99.950000" : 18743296,
            "99.990000" : 42205184
          }
        },
        "bw_min" : 1730560,
        "bw_max" : 2785280,
        "bw_agg" : 100.000000,
        "bw_mean" : 2270525.630252,
        "bw_dev" : 12920.951636,
        "bw_samples" : 1904,
        "iops_min" : 1690,
        "iops_max" : 2720,
        "iops_mean" : 2217.268908,
        "iops_stddev" : 12.616232,
        "iops_samples" : 1904
      },
      "write" : {
        "io_bytes" : 140691636224,
        "io_kbytes" : 137394176,
        "bw_bytes" : 2344704290,
        "bw" : 2289750,
        "iops" : 2236.084261,
        "runtime" : 60004,
        "total_ios" : 134174,
        "short_ios" : 0,
        "drop_ios" : 0,
        "slat_ns" : {
          "min" : 0,
          "max" : 0,
          "mean" : 0.000000,
          "stddev" : 0.000000,
          "N" : 0
        },
        "clat_ns" : {
          "min" : 965438,
          "max" : 60262114,
          "mean" : 3167605.293909,
          "stddev" : 1028842.749031,
          "N" : 134174,
          "percentile" : {
            "1.000000" : 1482752,
            "5.000000" : 1908736,
            "10.000000" : 2146304,
            "20.000000" : 2441216,
            "30.000000" : 2670592,
            "40.000000" : 2899968,
            "50.000000" : 3129344,
            "60.000000" : 3358720,
            "70.000000" : 3588096,
            "80.000000" : 3850240,
            "90.000000" : 4227072,
            "95.000000" : 4489216,
            "99.000000" : 5079040,
            "99.500000" : 5341184,
            "99.900000" : 6717440,
            "99.950000" : 17170432,
            "99.990000" : 36438016
          }
        },
        "lat_ns" : {
          "min" : 965477,
          "max" : 60262219,
          "mean" : 3167680.992547,
          "stddev" : 1028843.947576,
          "N" : 134174,
          "percentile" : {
            "1.000000" : 1482752,
            "5.000000" : 1908736,
            "10.000000" : 2146304,
            "20.000000" : 2441216,
            "30.000000" : 2670592,
            "40.000000" : 2899968,
            "50.000000" : 3129344,
            "60.000000" : 3358720,
            "70.000000" : 3588096,
            "80.000000" : 3850240,
            "90.000000" : 4227072,
            "95.000000" : 4489216,
            "99.000000" : 5079040,
            "99.500000" : 5341184,
            "99.900000" : 6717440,
            "99.950000" : 17170432,
            "99.990000" : 36438016
          }
        },
        "bw_min" : 1753088,
        "bw_max" : 2863104,
        "bw_agg" : 100.000000,
        "bw_mean" : 2294791.983193,
        "bw_dev" : 13409.544837,
        "bw_samples" : 1904,
        "iops_min" : 1712,
        "iops_max" : 2796,
        "iops_mean" : 2240.966387,
        "iops_stddev" : 13.093854,
        "iops_samples" : 1904
      },
      "trim" : {
        "io_bytes" : 0,
        "io_kbytes" : 0,
        "bw_bytes" : 0,
        "bw" : 0,
        "iops" : 0.000000,
        "runtime" : 0,
        "total_ios" : 0,
        "short_ios" : 0,
        "drop_ios" : 0,
        "slat_ns" : {
          "min" : 0,
          "max" : 0,
          "mean" : 0.000000,
          "stddev" : 0.000000,
          "N" : 0
        },
        "clat_ns" : {
          "min" : 0,
          "max" : 0,
          "mean" : 0.000000,
          "stddev" : 0.000000,
          "N" : 0
        },
        "lat_ns" : {
          "min" : 0,
          "max" : 0,
          "mean" : 0.000000,
          "stddev" : 0.000000,
          "N" : 0
        },
        "bw_min" : 0,
        "bw_max" : 0,
        "bw_agg" : 0.000000,
        "bw_mean" : 0.000000,
        "bw_dev" : 0.000000,
        "bw_samples" : 0,
        "iops_min" : 0,
        "iops_max" : 0,
        "iops_mean" : 0.000000,
        "iops_stddev" : 0.000000,
        "iops_samples" : 0
      },
      "sync" : {
        "total_ios" : 0,
        "lat_ns" : {
          "min" : 0,
          "max" : 0,
          "mean" : 0.000000,
          "stddev" : 0.000000,
          "N" : 0
        }
      },
      "job_runtime" : 960015,
      "usr_cpu" : 2.946204,
      "sys_cpu" : 0.472493,
      "ctx" : 533927,
      "majf" : 0,
      "minf" : 276,
      "iodepth_level" : {
        "1" : 100.000000,
        "2" : 0.000000,
        "4" : 0.000000,
        "8" : 0.000000,
        "16" : 0.000000,
        "32" : 0.000000,
        ">=64" : 0.000000
      },
      "iodepth_submit" : {
        "0" : 0.000000,
        "4" : 100.000000,
        "8" : 0.000000,
        "16" : 0.000000,
        "32" : 0.000000,
        "64" : 0.000000,
        ">=64" : 0.000000
      },
      "iodepth_complete" : {
        "0" : 0.000000,
        "4" : 100.000000,
        "8" : 0.000000,
        "16" : 0.000000,
        "32" : 0.000000,
        "64" : 0.000000,
        ">=64" : 0.000000
      },
      "latency_ns" : {
        "2" : 0.000000,
        "4" : 0.000000,
        "10" : 0.000000,
        "20" : 0.000000,
        "50" : 0.000000,
        "100" : 0.000000,
        "250" : 0.000000,
        "500" : 0.000000,
        "750" : 0.000000,
        "1000" : 0.000000
      },
      "latency_us" : {
        "2" : 0.000000,
        "4" : 0.000000,
        "10" : 0.000000,
        "20" : 0.000000,
        "50" : 0.000000,
        "100" : 0.000000,